ebird_code,scientific_name,common_name,alpha
ostric2,Struthio camelus,Common Ostrich,
grerhe1,Rhea americana,Greater Rhea,
lesrhe2,Rhea pennata,Lesser Rhea,
sobkiw1,Apteryx australis,Southern Brown Kiwi,
nibkiw1,Apteryx mantelli,North Island Brown Kiwi,
okbkiw1,Apteryx rowi,Okarito Kiwi,
liskiw1,Apteryx owenii,Little Spotted Kiwi,
grskiw1,Apteryx maxima,Great Spotted Kiwi,
soucas1,Casuarius casuarius,Southern Cassowary,
dwacas1,Casuarius bennetti,Dwarf Cassowary,
norcas1,Casuarius unappendiculatus,Northern Cassowary,
emu1,Dromaius novaehollandiae,Emu,
grytin1,Tinamus tao,Grey Tinamou,
soltin1,Tinamus solitarius,Solitary Tinamou,
blatin1,Tinamus osgoodi,Black Tinamou,
gretin1,Tinamus major,Great Tinamou,GRTI
whttin1,Tinamus guttatus,White-throated Tinamou,
higtin1,Nothocercus bonapartei,Highland Tinamou,HITI
tabtin1,Nothocercus julius,Tawny-breasted Tinamou,
hootin1,Nothocercus nigrocapillus,Hooded Tinamou,
bertin1,Crypturellus berlepschi,Berlepsch's Tinamou,
cintin1,Crypturellus cinereus,Cinereous Tinamou,
littin1,Crypturellus soui,Little Tinamou,LITI
teptin1,Crypturellus ptaritepui,Tepui Tinamou,
brotin1,Crypturellus obsoletus,Brown Tinamou,
undtin1,Crypturellus undulatus,Undulated Tinamou,
pabtin1,Crypturellus transfasciatus,Pale-browed Tinamou,
bratin1,Crypturellus strigulosus,Brazilian Tinamou,
gyltin1,Crypturellus duidae,Grey-legged Tinamou,
reltin1,Crypturellus erythropus,Red-legged Tinamou,
yeltin1,Crypturellus noctivagus,Yellow-legged Tinamou,
blctin1,Crypturellus atrocapillus,Black-capped Tinamou,
thitin1,Crypturellus cinnamomeus,Thicket Tinamou,THTI
slbtin1,Crypturellus boucardi,Slaty-breasted Tinamou,SBTI
chotin1,Crypturellus kerriae,Choco Tinamou,CHTI
vartin1,Crypturellus variegatus,Variegated Tinamou,
rustin1,Crypturellus brevirostris,Rusty Tinamou,
bartin2,Crypturellus bartletti,Bartlett's Tinamou,
smbtin1,Crypturellus parvirostris,Small-billed Tinamou,
bartin1,Crypturellus casiquiare,Barred Tinamou,
tattin1,Crypturellus tataupa,Tataupa Tinamou,
rewtin1,Rhynchotus rufescens,Red-winged Tinamou,
huatin1,Rhynchotus maculicollis,Huayco Tinamou,
tactin1,Nothoprocta taczanowskii,Taczanowski's Tinamou,
orntin1,Nothoprocta ornata,Ornate Tinamou,
chitin1,Nothoprocta perdicaria,Chilean Tinamou,
brutin1,Nothoprocta cinerascens,Brushland Tinamou,
andtin1,Nothoprocta pentlandii,Andean Tinamou,
cubtin1,Nothoprocta curvirostris,Curve-billed Tinamou,
whbnot1,Nothura boraquira,White-bellied Nothura,
lesnot1,Nothura minor,Lesser Nothura,
darnot1,Nothura darwinii,Darwin's Nothura,
sponot1,Nothura maculosa,Spotted Nothura,
dwatin1,Taoniscus nanus,Dwarf Tinamou,
elctin1,Eudromia elegans,Elegant Crested Tinamou,
quctin1,Eudromia formosa,Quebracho Crested Tinamou,
puntin1,Tinamotis pentlandii,Puna Tinamou,
pattin1,Tinamotis ingoufi,Patagonian Tinamou,
horscr1,Anhima cornuta,Horned Screamer,
norscr1,Chauna chavaria,Northern Screamer,
souscr1,Chauna torquata,Southern Screamer,
maggoo1,Anseranas semipalmata,Magpie Goose,
wfwduc1,Dendrocygna viduata,White-faced Whistling Duck,WFWD
bbwduc,Dendrocygna autumnalis,Black-bellied Whistling Duck,BBWD
spwduc1,Dendrocygna guttata,Spotted Whistling Duck,
wiwduc1,Dendrocygna arborea,West Indian Whistling Duck,WIWD
fuwduc,Dendrocygna bicolor,Fulvous Whistling Duck,FUWD
plwduc1,Dendrocygna eytoni,Plumed Whistling Duck,
wawduc1,Dendrocygna arcuata,Wandering Whistling Duck,
lewduc1,Dendrocygna javanica,Lesser Whistling Duck,
whbduc1,Thalassornis leuconotus,White-backed Duck,
cabgoo1,Cereopsis novaehollandiae,Cape Barren Goose,
brant,Branta bernicla,Brant Goose,BRAN
rebgoo1,Branta ruficollis,Red-breasted Goose,
hawgoo,Branta sandvicensis,Nene,HAGO
cangoo,Branta canadensis,Canada Goose,CANG
bargoo,Branta leucopsis,Barnacle Goose,BARG
cacgoo1,Branta hutchinsii,Cackling Goose,CACG
bahgoo,Anser indicus,Bar-headed Goose,
empgoo,Anser canagicus,Emperor Goose,EMGO
rosgoo,Anser rossii,Ross's Goose,ROGO
snogoo,Anser caerulescens,Snow Goose,SNGO
gragoo,Anser anser,Greylag Goose,GRGO
swagoo1,Anser cygnoides,Swan Goose,
taibeg1,Anser fabalis,Taiga Bean Goose,TABG
pifgoo,Anser brachyrhynchus,Pink-footed Goose,PFGO
tunbeg1,Anser serrirostris,Tundra Bean Goose,TUBG
gwfgoo,Anser albifrons,Greater White-fronted Goose,GWFG
lwfgoo,Anser erythropus,Lesser White-fronted Goose,LWFG
cosswa1,Coscoroba coscoroba,Coscoroba Swan,
blkswa,Cygnus atratus,Black Swan,
blnswa2,Cygnus melancoryphus,Black-necked Swan,
mutswa,Cygnus olor,Mute Swan,MUSW
truswa,Cygnus buccinator,Trumpeter Swan,TRUS
tunswa,Cygnus columbianus,Tundra Swan,TUSW
whoswa,Cygnus cygnus,Whooper Swan,WHOS
freduc1,Stictonetta naevosa,Freckled Duck,
flystd1,Tachyeres patachonicus,Flying Steamer Duck,
flistd1,Tachyeres pteneres,Fuegian Steamer Duck,
falstd1,Tachyeres brachypterus,Falkland Steamer Duck,
whhstd1,Tachyeres leucocephalus,Chubut Steamer Duck,
torduc1,Merganetta armata,Torrent Duck,
spwgoo1,Plectropterus gambensis,Spur-winged Goose,
comduc3,Sarkidiornis sylvicola,Comb Duck,CODU
comduc2,Sarkidiornis melanotos,Knob-billed Duck,
buwgoo1,Cyanochen cyanoptera,Blue-winged Goose,
egygoo,Alopochen aegyptiaca,Egyptian Goose,EGGO
origoo1,Oressochen jubatus,,
andgoo1,Oressochen melanopterus,,
uplgoo1,Chloephaga picta,Upland Goose,
kelgoo1,Chloephaga hybrida,Kelp Goose,
ashgoo1,Chloephaga poliocephala,Ashy-headed Goose,
ruhgoo1,Chloephaga rubidiceps,Ruddy-headed Goose,
radshe1,Radjah radjah,Radjah Shelduck,
comshe,Tadorna tadorna,Common Shelduck,COMS
rudshe,Tadorna ferruginea,Ruddy Shelduck,RUSH
soashe1,Tadorna cana,South African Shelduck,
ausshe1,Tadorna tadornoides,Australian Shelduck,
parshe1,Tadorna variegata,Paradise Shelduck,
pieduc1,Malacorhynchus membranaceus,Pink-eared Duck,
musduc,Cairina moschata,Muscovy Duck,MUDU
whwduc1,Asarcornis scutulata,White-winged Duck,
harduc1,Pteronetta hartlaubii,Hartlaub's Duck,
wooduc,Aix sponsa,Wood Duck,WODU
manduc,Aix galericulata,Mandarin Duck,
manduc1,Chenonetta jubata,Maned Duck,
afrpyg1,Nettapus auritus,African Pygmy Goose,
copgoo1,Nettapus coromandelianus,Cotton Pygmy Goose,
grnpyg1,Nettapus pulchellus,Green Pygmy Goose,
bratea1,Amazonetta brasiliensis,Brazilian Teal,
rintea1,Callonetta leucophrys,Ringed Teal,
creduc1,Lophonetta specularioides,Crested Duck,
speduc2,Speculanas specularis,Bronze-winged Duck,
baitea,Sibirionetta formosa,Baikal Teal,BATE
gargan,Spatula querquedula,Garganey,GARG
hottea1,Spatula hottentota,Blue-billed Teal,
puntea1,Spatula puna,Puna Teal,
siltea1,Spatula versicolor,Silver Teal,
redsho1,Spatula platalea,Red Shoveler,
cintea,Spatula cyanoptera,Cinnamon Teal,CITE
buwtea,Spatula discors,Blue-winged Teal,BWTE
capsho1,Spatula smithii,Cape Shoveler,
norsho,Spatula clypeata,Northern Shoveler,NSHO
gadwal,Mareca strepera,Gadwall,GADW
falduc,Mareca falcata,Falcated Duck,FADU
eurwig,Mareca penelope,Eurasian Wigeon,EUWI
chiwig1,Mareca sibilatrix,Chiloe Wigeon,
amewig,Mareca americana,American Wigeon,AMWI
afbduc1,Anas sparsa,African Black Duck,
yebduc1,Anas undulata,Yellow-billed Duck,
melduc1,Anas melleri,Meller's Duck,
pabduc1,Anas superciliosa,Pacific Black Duck,
hawduc,Anas wyvilliana,Hawaiian Duck,HAWD
phiduc1,Anas luzonica,Philippine Duck,
isbduc1,Anas poecilorhyncha,Indian Spot-billed Duck,
spbduc,Anas zonorhyncha,Eastern Spot-billed Duck,ESBD
mallar3,Anas platyrhynchos,Mallard,MALL
motduc,Anas fulvigula,Mottled Duck,MODU
ambduc,Anas rubripes,American Black Duck,ABDU
mexduc,Anas diazi,Mexican Duck,MEDU
captea1,Anas capensis,Cape Teal,
whcpin,Anas bahamensis,White-cheeked Pintail,WCHP
rebduc1,Anas erythrorhyncha,Red-billed Teal,
yebpin1,Anas georgica,Yellow-billed Pintail,
eatpin1,Anas eatoni,Eaton's Pintail,
norpin,Anas acuta,Northern Pintail,NOPI
gnwtea,Anas crecca,Green-winged Teal,GWTE
yebtea1,Anas flavirostris,Yellow-billed Teal,
spetea3,Anas andium,Andean Teal,
suntea1,Anas gibberifrons,Sunda Teal,
andtea1,Anas albogularis,Andaman Teal,
gretea1,Anas gracilis,Grey Teal,
chetea1,Anas castanea,Chestnut Teal,
bertea1,Anas bernieri,Bernier's Teal,
brotea1,Anas chlorotis,Brown Teal,
caitea1,Anas nesiotis,Campbell Teal,
martea1,Marmaronetta angustirostris,Marbled Duck,
recpoc,Netta rufina,Red-crested Pochard,
robpoc1,Netta peposaca,Rosy-billed Pochard,
canvas,Aythya valisineria,Canvasback,CANV
redhea,Aythya americana,Redhead,REDH
compoc,Aythya ferina,Common Pochard,COMP
ferduc,Aythya nyroca,Ferruginous Duck,
nezsca1,Aythya novaeseelandiae,New Zealand Scaup,
rinduc,Aythya collaris,Ring-necked Duck,RNDU
tufduc,Aythya fuligula,Tufted Duck,TUDU
gresca,Aythya marila,Greater Scaup,GRSC
lessca,Aythya affinis,Lesser Scaup,LESC
steeid,Polysticta stelleri,Steller's Eider,STEI
speeid,Somateria fischeri,Spectacled Eider,SPEI
kineid,Somateria spectabilis,King Eider,KIEI
comeid,Somateria mollissima,Common Eider,COEI
harduc,Histrionicus histrionicus,Harlequin Duck,HADU
sursco,Melanitta perspicillata,Surf Scoter,SUSC
whwsco3,Melanitta fusca,Velvet Scoter,VESC
whwsco2,Melanitta deglandi,White-winged Scoter,WWSC
whwsco1,Melanitta stejnegeri,Stejneger's Scoter,STSC
blksco1,Melanitta nigra,Common Scoter,COSC
blksco2,Melanitta americana,Black Scoter,BLSC
lotduc,Clangula hyemalis,Long-tailed Duck,LTDU
buffle,Bucephala albeola,Bufflehead,BUFF
comgol,Bucephala clangula,Common Goldeneye,COGO
bargol,Bucephala islandica,Barrow's Goldeneye,BAGO
smew,Mergellus albellus,Smew,SMEW
hoomer,Lophodytes cucullatus,Hooded Merganser,HOME
bramer1,Mergus octosetaceus,Brazilian Merganser,
commer,Mergus merganser,Common Merganser,COME
rebmer,Mergus serrator,Red-breasted Merganser,RBME
scsmer1,Mergus squamatus,Scaly-sided Merganser,
blhduc1,Heteronetta atricapilla,Black-headed Duck,
masduc,Nomonyx dominicus,Masked Duck,MADU
rudduc,Oxyura jamaicensis,Ruddy Duck,RUDU
andduc1,Oxyura ferruginea,,
lakduc1,Oxyura vittata,Lake Duck,
blbduc1,Oxyura australis,Blue-billed Duck,
macduc1,Oxyura maccoa,Maccoa Duck,
whhduc1,Oxyura leucocephala,White-headed Duck,
musduc1,Biziura lobata,Musk Duck,
ausbrt1,Alectura lathami,Australian Brushturkey,
watbrt1,Aepypodius arfakianus,Wattled Brushturkey,
rebbrt1,Talegalla cuvieri,Red-billed Brushturkey,
bkbbrt1,Talegalla fuscirostris,Black-billed Brushturkey,
bncbrt1,Talegalla jobiensis,Collared Brushturkey,
micscr1,Megapodius laperouse,Micronesian Megapode,
tabscr1,Megapodius cumingii,Philippine Megapode,
tanscr1,Megapodius tenimberensis,Tanimbar Megapode,
dusscr1,Megapodius freycinet,Dusky Megapode,
dusscr3,Megapodius geelvinkianus,Biak Scrubfowl,
melscr1,Megapodius eremita,Melanesian Megapode,
vanscr1,Megapodius layardi,Vanuatu Megapode,
negscr1,Megapodius decollatus,New Guinea Scrubfowl,
orfscr1,Megapodius reinwardt,Orange-footed Scrubfowl,
placha,Ortalis vetula,Plain Chachalaca,PLCH
grhcha1,Ortalis cinereiceps,Grey-headed Chachalaca,GHEC
chwcha1,Ortalis garrula,Chestnut-winged Chachalaca,
ruvcha1,Ortalis ruficauda,Rufous-vented Chachalaca,RVCH
ruhcha1,Ortalis erythroptera,Rufous-headed Chachalaca,
rubcha1,Ortalis wagleri,Rufous-bellied Chachalaca,RBEC
wemcha1,Ortalis poliocephala,West Mexican Chachalaca,WMCH
chacha1,Ortalis canicollis,Chaco Chachalaca,
whbcha1,Ortalis leucogastra,White-bellied Chachalaca,WBCH
specha3,Ortalis guttata,Speckled Chachalaca,
specha2,Ortalis araucuan,East Brazilian Chachalaca,
specha4,Ortalis squamata,Scaled Chachalaca,
colcha1,Ortalis columbiana,Colombian Chachalaca,
varcha1,Ortalis motmot,Little Chachalaca,
varcha3,Ortalis ruficeps,Chestnut-headed Chachalaca,
bubcha1,Ortalis superciliaris,Buff-browed Chachalaca,
batgua1,Penelope argyrotis,Band-tailed Guan,
beagua1,Penelope barbata,Bearded Guan,
baugua1,Penelope ortoni,Baudo Guan,
andgua1,Penelope montagnii,Andean Guan,
margua1,Penelope marail,Marail Guan,
rumgua1,Penelope superciliaris,Rusty-margined Guan,
refgua1,Penelope dabbenei,Red-faced Guan,
cregua1,Penelope purpurascens,Crested Guan,CRGU
caugua1,Penelope perspicax,Cauca Guan,
whwgua1,Penelope albipennis,White-winged Guan,
spigua1,Penelope jacquacu,Spix's Guan,
dulgua1,Penelope obscura,Dusky-legged Guan,
dulgua3,Penelope bridgesi,Yungas Guan,
whcgua1,Penelope pileata,White-crested Guan,
chbgua1,Penelope ochrogaster,Chestnut-bellied Guan,
whbgua1,Penelope jacucaca,White-browed Guan,
butpig1,Pipile cumanensis,Blue-throated Piping Guan,
rtpgua1,Pipile cujubi,Red-throated Piping Guan,
bfpgua1,Pipile jacutinga,Black-fronted Piping Guan,
watgua1,Aburria aburri,Wattled Guan,
blagua1,Chamaepetes unicolor,Black Guan,BLAG
siwgua1,Chamaepetes goudotii,Sickle-winged Guan,
higgua1,Penelopina nigra,Highland Guan,HIGU
horgua1,Oreophasis derbianus,Horned Guan,HOGU
noccur1,Nothocrax urumutum,Nocturnal Curassow,
crecur2,Mitu tomentosum,Crestless Curassow,
salcur1,Mitu salvini,Salvin's Curassow,
rabcur2,Mitu tuberosum,Razor-billed Curassow,
helcur1,Pauxi pauxi,Helmeted Curassow,
horcur2,Pauxi koepckeae,Sira Curassow,
grecur1,Crax rubra,Great Curassow,GRCU
bubcur1,Crax alberti,Blue-billed Curassow,
yekcur1,Crax daubentoni,Yellow-knobbed Curassow,
blacur1,Crax alector,Black Curassow,
watcur1,Crax globulosa,Wattled Curassow,
bafcur1,Crax fasciolata,Bare-faced Curassow,
rebcur1,Crax blumenbachii,Red-billed Curassow,
whbgui1,Agelastes meleagrides,White-breasted Guineafowl,
helgui,Numida meleagris,Helmeted Guineafowl,HELG
plugui1,Guttera plumifera,Plumed Guineafowl,
cregui3,Guttera pucherani,Eastern Crested Guineafowl,
vulgui1,Acryllium vulturinum,Vulturine Guineafowl,
stopar1,Ptilopachus petrosus,Stone Partridge,
nahfra2,Ptilopachus nahani,Nahan's Partridge,
bcwpar1,Dendrortyx leucophrys,Buffy-crowned Wood Partridge,BCWP
ltwpar1,Dendrortyx macroura,Long-tailed Wood Partridge,LTWP
bewpar1,Dendrortyx barbatus,Bearded Wood Partridge,BEWP
mouqua,Oreortyx pictus,Mountain Quail,MOUQ
scaqua,Callipepla squamata,Scaled Quail,SCQU
elequa,Callipepla douglasii,Elegant Quail,ELQU
calqua,Callipepla californica,California Quail,CAQU
gamqua,Callipepla gambelii,Gambel's Quail,GAQU
banqua1,Philortyx fasciatus,Banded Quail,BAQU
norbob,Colinus virginianus,Northern Bobwhite,NOBO
bltbob1,Colinus nigrogularis,Yucatan Bobwhite,BTBO
crebob2,Colinus leucopogon,Spot-bellied Bobwhite,SPBO
crebob1,Colinus cristatus,Crested Bobwhite,CRBO
mawqua1,Odontophorus gujanensis,Marbled Wood Quail,MAWQ
swwqua1,Odontophorus capueira,Spot-winged Wood Quail,
bewqua1,Odontophorus melanotis,Black-eared Wood Quail,BEWQ
rfwqua1,Odontophorus erythrops,Rufous-fronted Wood Quail,
bfwqua1,Odontophorus atrifrons,Black-fronted Wood Quail,
chwqua1,Odontophorus hyperythrus,Chestnut Wood Quail,
dbwqua1,Odontophorus melanonotus,Dark-backed Wood Quail,
rbwqua1,Odontophorus speciosus,Rufous-breasted Wood Quail,
tawqua1,Odontophorus dialeucos,Tacarcuna Wood Quail,TAWQ
gowqua1,Odontophorus strophium,Gorgeted Wood Quail,
venwoq1,Odontophorus columbianus,Venezuelan Wood Quail,
bbwqua1,Odontophorus leucolaemus,Black-breasted Wood Quail,BBWQ
sfwqua1,Odontophorus balliviani,Stripe-faced Wood Quail,
stwqua1,Odontophorus stellatus,Starred Wood Quail,
spwqua1,Odontophorus guttatus,Spotted Wood Quail,SPWQ
sinqua1,Dactylortyx thoracicus,Singing Quail,SIQU
monqua,Cyrtonyx montezumae,Montezuma Quail,MONQ
ocequa1,Cyrtonyx ocellatus,Ocellated Quail,OCQU
tafqua1,Rhynchortyx cinctus,Tawny-faced Quail,TFQU
ferpar2,Caloperdix oculeus,Ferruginous Partridge,
crepar1,Rollulus rouloul,Crested Partridge,
hilpar1,Arborophila torqueola,Hill Partridge,
sicpar1,Arborophila rufipectus,Sichuan Partridge,
chbpar2,Arborophila mandellii,Chestnut-breasted Partridge,
whnpar2,Arborophila gingica,White-necklaced Partridge,
rutpar1,Arborophila rufogularis,Rufous-throated Partridge,
chhpar3,,,
haipar1,Arborophila ardens,Hainan Partridge,
taipar1,Arborophila crudigularis,Taiwan Partridge,
whcpar1,Arborophila atrogularis,White-cheeked Partridge,
babpar1,Arborophila brunneopectus,Bar-backed Partridge,
ornpar1,Arborophila davidi,Orange-necked Partridge,
rebpar5,Arborophila hyperythra,Red-breasted Partridge,
gybpar3,Arborophila campbelli,Malayan Partridge,
chbpar1,Arborophila javanica,Chestnut-bellied Partridge,
snopar1,Lerwa lerwa,Snow Partridge,
blophe1,Ithaginis cruentus,Blood Pheasant,
westra1,Tragopan melanocephalus,Western Tragopan,
sattra1,Tragopan satyra,Satyr Tragopan,
blytra1,Tragopan blythii,Blyth's Tragopan,
temtra1,Tragopan temminckii,Temminck's Tragopan,
verpar1,Tetraophasis obscurus,Chestnut-throated Monal-Partridge,
szepar1,Tetraophasis szechenyii,Buff-throated Monal-Partridge,
himmon1,Lophophorus impejanus,Himalayan Monal,
chimon1,Lophophorus lhuysii,Chinese Monal,
kokphe1,Pucrasia macrolopha,Koklass Pheasant,
wiltur,Meleagris gallopavo,Wild Turkey,WITU
ocetur1,Meleagris ocellata,Ocellated Turkey,OCTU
rufgro,Bonasa umbellus,Ruffed Grouse,RUGR
hazgro1,Tetrastes bonasia,Hazel Grouse,
saggro,Centrocercus urophasianus,Sage Grouse,GRSG
gusgro,Centrocercus minimus,Gunnison Grouse,GUSG
dusgro,Dendragapus obscurus,Dusky Grouse,DUGR
soogro1,Dendragapus fuliginosus,Sooty Grouse,SOGR
shtgro,Tympanuchus phasianellus,Sharp-tailed Grouse,STGR
grpchi,Tympanuchus cupido,Greater Prairie Chicken,GRPC
lepchi,Tympanuchus pallidicinctus,Lesser Prairie Chicken,LEPC
whtpta1,Lagopus leucura,White-tailed Ptarmigan,WTPT
wilpta,Lagopus lagopus,Willow Ptarmigan,WIPT
rocpta1,Lagopus muta,Rock Ptarmigan,ROPT
sprgro,Canachites canadensis,Spruce Grouse,SPGR
wescap1,Tetrao urogallus,Western Capercaillie,
blbcap1,Tetrao urogalloides,Black-billed Capercaillie,
blagro1,Lyrurus tetrix,Black Grouse,
caugro1,Lyrurus mlokosiewiczi,Caucasian Grouse,
tibpar1,Perdix hodgsoniae,Tibetan Partridge,
grypar,Perdix perdix,Grey Partridge,GRAP
daupar1,Perdix dauurica,Daurian Partridge,
reephe1,Syrmaticus reevesii,Reeves's Pheasant,
mikphe1,Syrmaticus mikado,Mikado Pheasant,
humphe1,Syrmaticus humiae,Mrs. Hume's Pheasant,
golphe,Chrysolophus pictus,Golden Pheasant,
laaphe1,Chrysolophus amherstiae,Lady Amherst's Pheasant,
rinphe1,Phasianus colchicus,Common Pheasant,RNEP
rinphe2,Phasianus versicolor,Green Pheasant,
chephe1,Catreus wallichii,Cheer Pheasant,
whieap2,Crossoptilon harmani,Tibetan Eared Pheasant,
whieap1,Crossoptilon crossoptilon,White Eared Pheasant,
brephe1,Crossoptilon mantchuricum,Brown Eared Pheasant,
blephe1,Crossoptilon auritum,Blue Eared Pheasant,
swiphe1,Lophura swinhoii,Swinhoe's Pheasant,
bulphe1,Lophura bulweri,Bulwer's Pheasant,
kalphe,Lophura leucomelanos,Kalij Pheasant,KAPH
silphe,Lophura nycthemera,Silver Pheasant,
compea,Pavo cristatus,Indian Peafowl,INPE
grepea1,Pavo muticus,Green Peafowl,
scbpar1,Tropicoperdix chloropus,Green-legged Partridge,
crhpar1,Haematortyx sanguiniceps,Crimson-headed Partridge,
redspu1,Galloperdix spadicea,Red Spurfowl,
paispu1,Galloperdix lunulata,Painted Spurfowl,
ceyspu1,Galloperdix bicalcarata,Sri Lanka Spurfowl,
palpep1,Polyplectron napoleonis,Palawan Peacock-Pheasant,
bopphe1,Polyplectron schleiermacheri,Bornean Peacock-Pheasant,
mapphe1,Polyplectron malacense,Malayan Peacock-Pheasant,
gepphe1,Polyplectron germaini,Germain's Peacock-Pheasant,
grypep3,Polyplectron katsumatae,Hainan Peacock-Pheasant,
grypep2,Polyplectron bicalcaratum,Grey Peacock-Pheasant,
mopphe1,Polyplectron inopinatum,Mountain Peacock-Pheasant,
btpphe1,Polyplectron chalcurum,Sumatran Peacock-Pheasant,
mobpar1,Bambusicola fytchii,Mountain Bamboo Partridge,
chbpar3,Bambusicola thoracicus,Chinese Bamboo Partridge,
taibap1,Bambusicola sonorivox,Taiwan Bamboo Partridge,
grejun1,Gallus varius,Green Junglefowl,
redjun,Gallus gallus,Red Junglefowl,REJU
grejun2,Gallus sonneratii,Grey Junglefowl,
ceyjun1,Gallus lafayettii,Sri Lanka Junglefowl,
forfra2,Peliperdix lathami,Latham's Francolin,
crefra2,Ortygornis sephaena,Crested Francolin,
gryfra,Ortygornis pondicerianus,Grey Francolin,GRAF
swafra1,Ortygornis gularis,Swamp Francolin,
chifra1,Francolinus pintadeanus,Chinese Francolin,
blkfra,Francolinus francolinus,Black Francolin,BLFR
paifra1,Francolinus pictus,Painted Francolin,
coqfra2,Campocolinus coqui,Coqui Francolin,
whtfra2,Campocolinus albogularis,White-throated Francolin,
rewfra2,Scleroptila levaillantii,Red-winged Francolin,
finfra2,Scleroptila finschi,Finsch's Francolin,
moofra2,Scleroptila psilolaema,Moorland Francolin,
gywfra1,Scleroptila afra,Grey-winged Francolin,
orrfra2,Scleroptila gutturalis,Orange River Francolin,
shefra1,Scleroptila shelleyi,Shelley's Francolin,
tibsno1,Tetraogallus tibetanus,Tibetan Snowcock,
altsno1,Tetraogallus altaicus,Altai Snowcock,
causno1,Tetraogallus caucasicus,Caucasian Snowcock,
cassno1,Tetraogallus caspius,Caspian Snowcock,
himsno,Tetraogallus himalayensis,Himalayan Snowcock,HISN
sespar1,Ammoperdix griseogularis,See-see Partridge,
sanpar1,Ammoperdix heyi,Sand Partridge,
broqua1,Synoicus ypsilophorus,Brown Quail,
snmqua2,Synoicus monorthonyx,Snow Mountain Quail,
blbqua1,Synoicus chinensis,King Quail,
comqua1,Coturnix coturnix,Common Quail,
japqua,Coturnix japonica,Japanese Quail,JAQU
harqua1,Coturnix delegorguei,Harlequin Quail,
raiqua1,Coturnix coromandelica,Rain Quail,
stuqua1,Coturnix pectoralis,Stubble Quail,
barpar2,Alectoris barbara,Barbary Partridge,
arapar1,Alectoris melanocephala,Arabian Partridge,
relpar1,Alectoris rufa,Red-legged Partridge,
chukar,Alectoris chukar,Chukar Partridge,CHUK
rocpar2,Alectoris graeca,Rock Partridge,
phipar1,Alectoris philbyi,Philby's Partridge,
przpar1,Alectoris magna,Przevalski's Partridge,
jubqua1,Perdicula asiatica,Jungle Bush Quail,
robqua1,Perdicula argoondah,Rock Bush Quail,
pabqua1,Perdicula erythrorhyncha,Painted Bush Quail,
harfra3,Pternistis hartlaubi,Hartlaub's Spurfowl,
camfra2,Pternistis camerunensis,Mount Cameroon Spurfowl,
hanfra2,Pternistis nobilis,Handsome Spurfowl,
chnfra2,Pternistis castaneicollis,Chestnut-naped Spurfowl,
chnfra3,,,
ercfra,Pternistis erckelii,Erckel's Spurfowl,ERFR
djifra1,Pternistis ochropectus,Djibouti Spurfowl,
swifra2,Pternistis swierstrai,Swierstra's Spurfowl,
ahafra2,Pternistis ahantensis,Ahanta Spurfowl,
gysfra1,Pternistis griseostriatus,Grey-striped Spurfowl,
jacfra2,Pternistis jacksoni,Jackson's Spurfowl,
rebfra1,Pternistis adspersus,Red-billed Spurfowl,
capfra2,Pternistis capensis,Cape Spurfowl,
natfra2,Pternistis natalensis,Natal Spurfowl,
hilfra2,Pternistis hildebrandti,Hildebrandt's Spurfowl,
dosfra2,Pternistis bicalcaratus,Double-spurred Spurfowl,
scafra2,Pternistis squamatus,Scaly Spurfowl,
heufra1,Pternistis icterorhynchus,Heuglin's Spurfowl,
clafra1,Pternistis clappertoni,Clapperton's Spurfowl,
harfra4,Pternistis harwoodi,Harwood's Spurfowl,
swafra2,Pternistis swainsonii,Swainson's Spurfowl,
yenspu1,Pternistis leucoscepus,Yellow-necked Spurfowl,
gybfra1,Pternistis rufopictus,Grey-breasted Spurfowl,
renfra1,Pternistis afer,Red-necked Spurfowl,
sponig1,Eurostopodus argus,Spotted Nightjar,
whtnig3,Eurostopodus mystacalis,White-throated Nightjar,
dianig1,Eurostopodus diabolicus,Satanic Nightjar,
papnig1,Eurostopodus papuensis,Papuan Nightjar,
malnig1,Lyncornis temminckii,Malaysian Eared Nightjar,
grenig1,Lyncornis macrotis,Great Eared Nightjar,
nacnig1,Chordeiles nacunda,Nacunda Nighthawk,
leanig1,Chordeiles pusillus,Least Nighthawk,
sacnig1,Chordeiles rupestris,Sand-colored Nighthawk,
lesnig,Chordeiles acutipennis,Lesser Nighthawk,LENI
comnig,Chordeiles minor,Common Nighthawk,CONI
antnig,Chordeiles gundlachii,Antillean Nighthawk,ANNI
shtnig1,Lurocalis semitorquatus,Short-tailed Nighthawk,SHTN
rubnig1,Lurocalis rufiventris,Rufous-bellied Nighthawk,
batnig1,Nyctiprogne leucopyga,Band-tailed Nighthawk,
bahnig1,Nyctiprogne vielliardi,Plain-tailed Nighthawk,
blanig1,Nyctipolus nigrescens,Blackish Nightjar,
pygnig1,Nyctipolus hirundinaceus,Pygmy Nightjar,
compau,Nyctidromus albicollis,Pauraque,COPA
scrnig1,Nyctidromus anthonyi,Anthony's Nightjar,
samnig1,Setopagis heterura,Todd's Nightjar,
litnig1,Setopagis parvula,Little Nightjar,
siwnig1,Eleothreptus anomalus,Sickle-winged Nightjar,
whwnig1,Eleothreptus candicans,White-winged Nightjar,
bawnig1,Systellura longirostris,Band-winged Nightjar,
bawnig3,Quechuavis decussata,Tschudi's Nightjar,
swtnig1,Uropsalis segmentata,Swallow-tailed Nightjar,
lytnig1,Uropsalis lyra,Lyre-tailed Nightjar,
whtnig1,Hydropsalis cayennensis,White-tailed Nightjar,WTNI
sptnig1,Antiurus maculicaudus,Spot-tailed Nightjar,
latnig1,Hydropsalis climacocerca,Ladder-tailed Nightjar,
sctnig2,Hydropsalis torquata,Scissor-tailed Nightjar,
lotnig2,Macropsalis forcipata,,
leapau1,Siphonorhis brewsteri,Least Poorwill,LEPA
chopoo1,Nyctiphrynus rosenbergi,Choco Poorwill,
earpoo1,Nyctiphrynus mcleodii,Eared Poorwill,EAPO
yucpoo1,Nyctiphrynus yucatanicus,Yucatan Poorwill,YUPO
ocepoo1,Nyctiphrynus ocellatus,Ocellated Poorwill,OCPO
compoo,Phalaenoptilus nuttallii,Common Poorwill,COPO
chwwid,Antrostomus carolinensis,Chuck-will's-widow,CWWI
rufnig1,Antrostomus rufus,Rufous Nightjar,RUNI
granig3,Antrostomus ekmani,Hispaniolan Nightjar,HINI
tacnig1,Antrostomus salvini,Tawny-collared Nightjar,TCNI
yucnig1,Antrostomus badius,Yucatan Nightjar,YUNI
sitnig1,Antrostomus sericocaudatus,Silky-tailed Nightjar,
bucnig,Antrostomus ridgwayi,Buff-collared Nightjar,BCNI
easwpw1,Antrostomus vociferus,Eastern Whip-poor-will,EWPW
souwpw1,Antrostomus arizonae,Mexican Whip-poor-will,MWPW
purnig1,Antrostomus noctitherus,Puerto Rican Nightjar,PRNI
dusnig1,Antrostomus saturatus,Dusky Nightjar,DUNI
bronig1,Veles binotatus,Brown Nightjar,
rennig1,Caprimulgus ruficollis,Red-necked Nightjar,
grynig2,Caprimulgus indicus,Jungle Nightjar,
grynig1,Caprimulgus jotaka,Grey Nightjar,GRNI
palnig1,Caprimulgus phalaena,Palau Nightjar,
eurnig1,Caprimulgus europaeus,European Nightjar,
somnig1,Caprimulgus fraenatus,Sombre Nightjar,
rucnig1,Caprimulgus rufigena,Rufous-cheeked Nightjar,
egynig1,Caprimulgus aegyptius,Egyptian Nightjar,
syknig1,Caprimulgus mahrattensis,Sykes's Nightjar,
nubnig1,Caprimulgus nubicus,Nubian Nightjar,
golnig1,Caprimulgus eximius,Golden Nightjar,
jernig1,Caprimulgus atripennis,Jerdon's Nightjar,
latnig2,Caprimulgus macrurus,Large-tailed Nightjar,
meenig1,Caprimulgus meesi,Mees's Nightjar,
andnig1,Caprimulgus andamanicus,Andaman Nightjar,
phinig1,Caprimulgus manillensis,Philippine Nightjar,
sulnig1,Caprimulgus celebensis,Sulawesi Nightjar,
dosnig1,Caprimulgus donaldsoni,Donaldson Smith's Nightjar,
bksnig1,,,
finnig1,Caprimulgus pectoralis,Fiery-necked Nightjar,
monnig1,Caprimulgus poliocephalus,Montane Nightjar,
indnig1,Caprimulgus asiaticus,Indian Nightjar,
madnig1,Caprimulgus madagascariensis,Madagascar Nightjar,
swanig1,Caprimulgus natalensis,Swamp Nightjar,
planig1,Caprimulgus inornatus,Plain Nightjar,
stsnig1,Caprimulgus stellatus,Star-spotted Nightjar,
savnig1,Caprimulgus affinis,Savanna Nightjar,
frenig1,Caprimulgus tristigma,Freckled Nightjar,
bonnig1,Caprimulgus concretus,Bonaparte's Nightjar,
salnig1,Caprimulgus pulchellus,Salvadori's Nightjar,
batnig2,Caprimulgus batesi,Bates's Nightjar,
lotnig1,Caprimulgus climacurus,Long-tailed Nightjar,
sltnig1,Caprimulgus clarus,Slender-tailed Nightjar,
sqtnig1,Caprimulgus fossii,Square-tailed Nightjar,
stwnig1,Caprimulgus longipennis,Standard-winged Nightjar,
pewnig1,Caprimulgus vexillarius,Pennant-winged Nightjar,
oilbir1,Steatornis caripensis,Oilbird,OILB
grepot1,Nyctibius grandis,Great Potoo,GRPO
lotpot1,Nyctibius aethereus,Long-tailed Potoo,
norpot1,Nyctibius jamaicensis,Northern Potoo,NORP
compot1,Nyctibius griseus,Common Potoo,CPOT
andpot1,Nyctibius maculosus,Andean Potoo,
whwpot1,Nyctibius leucopterus,White-winged Potoo,
rufpot1,Phyllaemulor bracteatus,Rufous Potoo,
marfro1,Podargus ocellatus,Marbled Frogmouth,
papfro1,Podargus papuensis,Papuan Frogmouth,
tawfro1,Podargus strigoides,Tawny Frogmouth,
soifro1,Rigidipenna inexpectata,Solomons Frogmouth,
larfro1,Batrachostomus auritus,Large Frogmouth,
dulfro1,Batrachostomus harterti,Dulit Frogmouth,
phifro1,Batrachostomus septimus,Philippine Frogmouth,
goufro1,Batrachostomus stellatus,Gould's Frogmouth,
ceyfro1,Batrachostomus moniliger,Sri Lanka Frogmouth,
hodfro1,Batrachostomus hodgsoni,Hodgson's Frogmouth,
shtfro3,Batrachostomus poliolophus,Sumatran Frogmouth,
shtfro2,Batrachostomus mixtus,Bornean Frogmouth,
javfro3,Batrachostomus javensis,Javan Frogmouth,
javfro2,Batrachostomus affinis,Blyth's Frogmouth,
palfro1,Batrachostomus chaseni,Palawan Frogmouth,
sunfro1,Batrachostomus cornutus,Sunda Frogmouth,
feonig1,Aegotheles insignis,Feline Owlet-nightjar,
spaown1,Aegotheles tatei,Starry Owlet-nightjar,
molown1,Aegotheles crinifrons,Moluccan Owlet-nightjar,
waonig1,Aegotheles wallacii,Wallace's Owlet-nightjar,
moonig1,Aegotheles albertisi,Mountain Owlet-nightjar,
barown1,Aegotheles bennettii,Barred Owlet-nightjar,
auonig1,Aegotheles cristatus,Australian Owlet-nightjar,
cretre1,Hemiprocne coronata,Crested Treeswift,
gyrtre1,Hemiprocne longipennis,Grey-rumped Treeswift,
whitre1,Hemiprocne comata,Whiskered Treeswift,
moutre1,Hemiprocne mystacea,Moustached Treeswift,
spfswi1,Cypseloides cherriei,Spot-fronted Swift,SFSW
whcswi1,Cypseloides cryptus,White-chinned Swift,WCHS
whfswi1,Cypseloides storeri,White-fronted Swift,WFSW
sooswi1,Cypseloides fumigatus,Sooty Swift,
rotswi1,Cypseloides rothschildi,Rothschild's Swift,
blkswi,Cypseloides niger,American Black Swift,BLSW
whcswi2,Cypseloides lemosi,White-chested Swift,
grdswi1,Cypseloides senex,Great Dusky Swift,
tepswi1,Streptoprocne phelpsi,Tepui Swift,
chcswi1,Streptoprocne rutila,Chestnut-collared Swift,CCSW
whcswi,Streptoprocne zonaris,White-collared Swift,WCSW
bisswi1,Streptoprocne biscutata,Biscutate Swift,
whnswi1,Streptoprocne semicollaris,White-naped Swift,WNSW
pltswi1,Collocalia affinis,Plume-toed Swiftlet,
tenswi1,Collocalia sumbawae,Tenggara Swiftlet,
draswi1,Collocalia neglecta,Drab Swiftlet,
gloswi1,Collocalia esculenta,Glossy Swiftlet,
satswi1,Collocalia uropygialis,Satin Swiftlet,
cavswi3,Collocalia dodgei,Bornean Swiftlet,
cavswi2,Collocalia linchi,Linchi Swiftlet,
pygswi2,Collocalia troglodytes,Pygmy Swiftlet,
seyswi1,Aerodramus elaphrus,Seychelles Swiftlet,
masswi1,Aerodramus francicus,Mascarene Swiftlet,
indswi1,Aerodramus unicolor,Indian Swiftlet,
phiswi1,Aerodramus mearnsi,Philippine Swiftlet,
molswi3,,,
mouswi2,Aerodramus hirundinaceus,Mountain Swiftlet,
whrswi2,Aerodramus spodiopygius,White-rumped Swiftlet,
ausswi1,Aerodramus terraereginae,Australian Swiftlet,
himswi2,Aerodramus brevirostris,Himalayan Swiftlet,
monswi2,Aerodramus salangana,Mossy-nest Swiftlet,
uniswi1,Aerodramus vanikorensis,Uniform Swiftlet,
palswi2,Aerodramus amelis,Ameline Swiftlet,
palswi1,Aerodramus pelewensis,Palau Swiftlet,
caiswi1,Aerodramus inquietus,Caroline Swiftlet,
atiswi1,Aerodramus sawtelli,Atiu Swiftlet,
marswi2,Aerodramus ocistus,,
ednswi1,,,
gerswi1,,,
scaswi1,Schoutedenapus myoptilus,Scarce Swift,
papnee1,Mearnsia novaeguineae,Papuan Spinetail,
whrnee1,Zoonavena sylvatica,White-rumped Spinetail,
motspi1,Telacanthura ussheri,Mottled Spinetail,
sirnee1,Rhaphidura leucopygialis,Silver-rumped Spinetail,
sabspi1,Rhaphidura sabini,Sabine's Spinetail,
whtnee,Hirundapus caudacutus,White-throated Needletail,WTNE
sibnee1,Hirundapus cochinchinensis,Silver-backed Needletail,
grrswi1,Chaetura cinereiventris,Grey-rumped Swift,GRSW
barswi,Chaetura spinicaudus,Band-rumped Swift,BRSW
leaswi1,Chaetura martinica,Lesser Antillean Swift,LASW
corswi,Chaetura fumosa,Costa Rican Swift,CRSW
parswi1,Chaetura egregia,Pale-rumped Swift,
chiswi,Chaetura pelagica,Chimney Swift,CHSW
vauswi,Chaetura vauxi,Vaux's Swift,VASW
chaswi2,Chaetura chapmani,Chapman's Swift,CHAS
sicswi1,Chaetura meridionalis,Sick's Swift,SISW
shtswi1,Chaetura brachyura,Short-tailed Swift,STSW
whtswi,Aeronautes saxatalis,White-throated Swift,WTSW
whtswi1,Aeronautes montivagus,White-tipped Swift,
andswi1,Aeronautes andecolus,Andean Swift,
anpswi,Tachornis phoenicobia,Antillean Palm Swift,ANPS
ftpswi1,Tachornis squamata,Fork-tailed Palm Swift,
gstswi1,Panyptila sanctihieronymi,Great Swallow-tailed Swift,GSTS
lstswi1,Panyptila cayennensis,Lesser Swallow-tailed Swift,LSTS
afpswi1,Cypsiurus parvus,African Palm Swift,
malpas1,Cypsiurus gracilis,Malagasy Palm Swift,
aspswi1,Cypsiurus balasiensis,Asian Palm Swift,
alpswi1,Tachymarptis melba,Alpine Swift,
motswi2,Tachymarptis aequatorialis,Mottled Swift,
aleswi1,Apus alexandri,Cape Verde Swift,
comswi,Apus apus,Common Swift,COSW
plaswi1,Apus unicolor,Plain Swift,
nyaswi1,Apus niansae,Nyanza Swift,
palswi3,Apus pallidus,Pallid Swift,
afrswi1,Apus barbatus,African Black Swift,
madswi1,Apus balstoni,Malagasy Black Swift,
fowswi1,Apus berliozi,Forbes-Watson's Swift,
braswi1,Apus bradfieldi,Bradfield's Swift,
fotswi,Apus pacificus,Fork-tailed Swift,FTSW
saaswi1,Apus salimalii,,
blyswi1,Apus leuconyx,,
cooswi1,Apus cooki,,
darswi1,Apus acuticauda,Dark-rumped Swift,
litswi1,Apus affinis,Little Swift,
houswi1,Apus nipalensis,House Swift,
horswi1,Apus horus,Horus Swift,
whrswi1,Apus caffer,White-rumped Swift,
critop1,Topaza pella,Crimson Topaz,
fietop1,Topaza pyra,Fiery Topaz,
whnjac1,Florisuga mellivora,White-necked Jacobin,WNJA
blkjac1,Florisuga fusca,Black Jacobin,
whtsic1,Eutoxeres aquila,White-tipped Sicklebill,WTSI
butsic1,Eutoxeres condamini,Buff-tailed Sicklebill,
sabher1,Ramphodon naevius,Saw-billed Hermit,
hobher2,Glaucis dohrnii,Hook-billed Hermit,
broher,Glaucis aeneus,Bronzy Hermit,BRHE
rubher,Glaucis hirsutus,Rufous-breasted Hermit,RBHE
batbar1,Threnetes ruckeri,Band-tailed Barbthroat,BTBA
patbar1,Threnetes leucurus,Pale-tailed Barbthroat,
brther2,Anopetia gounellei,Broad-tipped Hermit,
duther1,Phaethornis squalidus,Dusky-throated Hermit,
stther1,Phaethornis rupurumii,Streak-throated Hermit,
lither2,Phaethornis longuemareus,Little Hermit,
lither3,Phaethornis aethopygus,Tapajos Hermit,
minher1,Phaethornis idaliae,Minute Hermit,
cither1,Phaethornis nattereri,Cinnamon-throated Hermit,
bkther1,Phaethornis atrimentalis,Black-throated Hermit,
stther2,Phaethornis striigularis,Stripe-throated Hermit,STHR
gycher1,Phaethornis griseogularis,Grey-chinned Hermit,
redher1,Phaethornis ruber,Reddish Hermit,
bubher1,Phaethornis subochraceus,Buff-bellied Hermit,
socher1,Phaethornis augusti,Sooty-capped Hermit,
plaher1,Phaethornis pretrei,Planalto Hermit,
scther1,Phaethornis eurynome,Scale-throated Hermit,
pabher1,Phaethornis anthophilus,Pale-bellied Hermit,PBHE
whbher1,Phaethornis hispidus,White-bearded Hermit,
whwher1,Phaethornis yaruqui,White-whiskered Hermit,
greher1,Phaethornis guy,Green Hermit,GREH
tabher1,Phaethornis syrmatophorus,Tawny-bellied Hermit,
koeher1,Phaethornis koepckeae,Koepcke's Hermit,
nebher1,Phaethornis philippii,Needle-billed Hermit,
stbher1,Phaethornis bourcieri,Straight-billed Hermit,
mexher1,Phaethornis mexicanus,Mexican Hermit,MEHE
lobher,Phaethornis longirostris,Long-billed Hermit,LBIH
lother1,Phaethornis superciliosus,Long-tailed Hermit,
grbher1,Phaethornis malaris,Great-billed Hermit,
grflan1,Doryfera ludovicae,Green-fronted Lancebill,GFRL
blflan1,Doryfera johannae,Blue-fronted Lancebill,
webhum3,Schistes albogularis,White-throated Daggerbill,
webhum1,Schistes geoffroyi,Geoffroy's Daggerbill,
hyavis1,Augastes scutatus,Hyacinth Visorbearer,
hoovis2,Augastes lumachella,Hooded Visorbearer,
brvear1,Colibri delphinae,Brown Violetear,BRVI
grnvie1,Colibri thalassinus,Mexican Violetear,MEVI
lesvio1,Colibri cyanotus,Lesser Violetear,LEVI
spvear1,Colibri coruscans,Sparkling Violetear,
wvvear1,Colibri serrirostris,White-vented Violetear,
tobhum1,Androdon aequatorialis,Tooth-billed Hummingbird,TBHU
horsun2,Heliactin bilophus,Horned Sungem,
pucfai1,Heliothryx barroti,Purple-crowned Fairy,PCFA
bkefai1,Heliothryx auritus,Black-eared Fairy,
whtgol1,Polytmus guainumbi,White-tailed Goldenthroat,
tepgol1,Polytmus milleri,Tepui Goldenthroat,
grtgol1,Polytmus theresiae,Green-tailed Goldenthroat,
fitawl1,Avocettula recurvirostris,Fiery-tailed Awlbill,
ruthum1,Chrysolampis mosquitus,Ruby-topaz Hummingbird,RTOH
jamman1,Anthracothorax mango,Jamaican Mango,JAMA
bltman1,Anthracothorax nigricollis,Black-throated Mango,BTMA
grtman1,Anthracothorax viridigula,Green-throated Mango,
gnbman,Anthracothorax prevostii,Green-breasted Mango,GNBM
verman1,Anthracothorax veraguensis,Veraguan Mango,VERM
antman2,Anthracothorax dominicus,Hispaniolan Mango,HIMA
greman1,Anthracothorax viridis,Green Mango,GMAG
grtcar1,Eulampis holosericeus,Green-throated Carib,GTCA
putcar1,Eulampis jugularis,Purple-throated Carib,PTCA
ortsun1,Heliangelus mavors,Orange-throated Sunangel,
amtsun3,Heliangelus amethysticollis,Amethyst-throated Sunangel,
amtsun2,Heliangelus clarisse,Longuemare's Sunangel,
amtsun4,Heliangelus spencei,Merida Sunangel,
gorsun1,Heliangelus strophianus,Gorgeted Sunangel,
tousun1,Heliangelus exortis,Tourmaline Sunangel,
litsun1,Heliangelus micraster,Flame-throated Sunangel,
putsun1,Heliangelus viola,Purple-throated Sunangel,
roysun1,Heliangelus regalis,Royal Sunangel,
grbfir1,Sephanoides sephaniodes,Green-backed Firecrown,
juffir1,Sephanoides fernandensis,Juan Fernandez Firecrown,
gretho1,Discosura conversii,Green Thorntail,GRET
wictho2,Discosura popelairii,Wire-crested Thorntail,
bkbtho1,Discosura langsdorffi,Black-bellied Thorntail,
ratcoq2,Discosura longicaudus,Racket-tipped Thorntail,
tufcoq1,Lophornis ornatus,Tufted Coquette,
doecoq1,Lophornis gouldii,Dot-eared Coquette,
fricoq1,Lophornis magnificus,Frilled Coquette,
ruccoq1,Lophornis delattrei,Rufous-crested Coquette,RCRC
fescoq3,Lophornis chalybeus,Festive Coquette,
blccoq1,Lophornis helenae,Black-crested Coquette,BCCO
whccoq1,Lophornis adorabilis,White-crested Coquette,WCCO
ecupie1,Phlogophilus hemileucurus,Ecuadorian Piedtail,
spehum1,Adelomyia melanogenys,Speckled Hummingbird,
lotsyl1,Aglaiocercus kingii,Long-tailed Sylph,
vitsyl1,Aglaiocercus coelestis,Violet-tailed Sylph,
vensyl1,Aglaiocercus berlepschi,Venezuelan Sylph,
retcom1,Sappho sparganurus,Red-tailed Comet,
brtcom1,Polyonymus caroli,Bronze-tailed Comet,
gybcom1,Taphrolesbia griseiventris,Grey-bellied Comet,
andhil3,Oreotrochilus estella,Andean Hillstar,
whshil1,Oreotrochilus leucopleurus,White-sided Hillstar,
ecuhil1,Oreotrochilus chimborazo,Ecuadorian Hillstar,
buthil1,Oreotrochilus cyanolaemus,Blue-throated Hillstar,
andhil2,Oreotrochilus stolzmanni,Green-headed Hillstar,
blbhil1,Oreotrochilus melanogaster,Black-breasted Hillstar,
wethil1,Oreotrochilus adela,Wedge-tailed Hillstar,
mouavo1,Opisthoprora euryptera,Mountain Avocetbill,
blttra1,Lesbia victoriae,Black-tailed Trainbearer,
grttra1,Lesbia nuna,Green-tailed Trainbearer,
blbtho1,Ramphomicron dorsale,Black-backed Thornbill,
pubtho1,Ramphomicron microrhynchum,Purple-backed Thornbill,
brttho1,Chalcostigma heteropogon,Bronze-tailed Thornbill,
rabtho1,Chalcostigma herrani,Rainbow-bearded Thornbill,
ructho1,Chalcostigma ruficeps,Rufous-capped Thornbill,
blmtho1,Chalcostigma stanleyi,Blue-mantled Thornbill,
bufhel1,Oxypogon stuebelii,Buffy Helmetcrest,
bubhel1,Oxypogon cyanolaemus,Blue-bearded Helmetcrest,
gnbhel1,Oxypogon guerinii,Green-bearded Helmetcrest,
tyrmet1,Metallura tyrianthina,Tyrian Metaltail,
permet1,Metallura iracunda,Perija Metaltail,
virmet1,Metallura williami,Viridian Metaltail,
vitmet1,Metallura baroni,Violet-throated Metaltail,
nebmet1,Metallura odomae,Neblina Metaltail,
fitmet1,Metallura eupogon,Fiery-throated Metaltail,
scamet1,Metallura aeneocauda,Scaled Metaltail,
blamet1,Metallura phoebe,Black Metaltail,
grepuf1,Haplophaedia aureliae,Greenish Puffleg,GRPU
butpuf1,Haplophaedia assimilis,Buff-thighed Puffleg,
hoapuf1,Haplophaedia lugens,Hoary Puffleg,
blbpuf3,Eriocnemis nigrivestis,Black-breasted Puffleg,
glopuf2,Eriocnemis vestita,Glowing Puffleg,
bltpuf1,Eriocnemis derbyi,Black-thighed Puffleg,
cobpuf1,Eriocnemis cupreoventris,Coppery-bellied Puffleg,
savpuf1,Eriocnemis luciani,Sapphire-vented Puffleg,
gobpuf1,Eriocnemis mosquera,Golden-breasted Puffleg,
blcpuf1,Eriocnemis glaucopoides,Blue-capped Puffleg,
embpuf1,Eriocnemis aline,Emerald-bellied Puffleg,
marspa1,Loddigesia mirabilis,Marvelous Spatuletail,
shisun1,Aglaeactis cupripennis,Shining Sunbeam,
pubsun1,Aglaeactis aliciae,Purple-backed Sunbeam,
blhsun1,Aglaeactis pamela,Black-hooded Sunbeam,
broinc1,Coeligena coeligena,Bronzy Inca,
broinc2,Coeligena wilsoni,Brown Inca,
blainc1,Coeligena prunellei,Black Inca,
colinc1,Coeligena torquata,Collared Inca,
vitsta1,Coeligena violifer,Violet-throated Starfrontlet,
raista1,Coeligena iris,Rainbow Starfrontlet,
whtsta1,Coeligena phalerata,White-tailed Starfrontlet,
dussta1,Coeligena orina,Dusky Starfrontlet,
buwsta1,Coeligena lutetiae,Buff-winged Starfrontlet,
gobsta1,Coeligena bonapartei,Golden-bellied Starfrontlet,
mouvel1,Lafresnaya lafresnayi,Mountain Velvetbreast,
swbhum1,Ensifera ensifera,Sword-billed Hummingbird,
gresap1,Pterophanes cyanopterus,Great Sapphirewing,
butcor1,Boissonneaua flavescens,Buff-tailed Coronet,
chbcor1,Boissonneaua matthewsii,Chestnut-breasted Coronet,
vepcor1,Boissonneaua jardini,Velvet-purple Coronet,
boorat1,Ocreatus underwoodii,White-booted Racket-tail,
boorat2,Ocreatus peruanus,Peruvian Racket-tail,
rubrat1,Ocreatus addae,Rufous-booted Racket-tail,
whthil2,Urochroa bougueri,Rufous-gaped Hillstar,
whthil3,Urochroa leucura,Green-backed Hillstar,
pubwhi1,Urosticte benjamini,Purple-bibbed Whitetip,
ruvwhi1,Urosticte ruficrissa,Rufous-vented Whitetip,
vebbri1,Heliodoxa xanthogonys,Velvet-browed Brilliant,
pitbri1,Heliodoxa gularis,Pink-throated Brilliant,
ruwbri1,Heliodoxa branickii,Rufous-webbed Brilliant,
bltbri1,Heliodoxa schreibersii,Black-throated Brilliant,
goujew1,Heliodoxa aurescens,Gould's Jewelfront,
fabbri1,Heliodoxa rubinoides,Fawn-breasted Brilliant,
grcbri1,Heliodoxa jacula,Green-crowned Brilliant,GCBR
empbri1,Heliodoxa imperatrix,Empress Brilliant,
vifbri1,Heliodoxa leadbeateri,Violet-fronted Brilliant,
brarub1,Heliodoxa rubricauda,Brazilian Ruby,
giahum1,Patagona gigas,Giant Hummingbird,
maghum1,Eugenes fulgens,Rivoli's Hummingbird,RIHU
maghum2,Eugenes spectabilis,Talamanca Hummingbird,TAHU
fithum1,Panterpe insignis,Fiery-throated Hummingbird,FTHU
lobsta1,Heliomaster longirostris,Long-billed Starthroat,LBST
plcsta,Heliomaster constantii,Plain-capped Starthroat,PCST
stbsta1,Heliomaster squamosus,Stripe-breasted Starthroat,
bltsta2,Heliomaster furcifer,Blue-tufted Starthroat,
wbmgem1,Lampornis hemileucus,White-bellied Mountaingem,WBMG
buthum,Lampornis clemenciae,Blue-throated Mountaingem,BTMG
amthum1,Lampornis amethystinus,Amethyst-throated Mountaingem,ATMG
gtmgem1,Lampornis viridipallens,Green-throated Mountaingem,GTMG
gbmgem1,Lampornis sybillae,Green-breasted Mountaingem,GBMG
ptmgem,Lampornis calolaemus,Purple-throated Mountaingem,PTMG
whtmog2,,,
gathum1,Lamprolaima rhami,Garnet-throated Hummingbird,GATH
amewoo1,Calliphlox amethystina,Amethyst Woodstar,
pucwoo1,Myrtis fanny,Purple-collared Woodstar,
oashum1,Rhodopis vesper,Oasis Hummingbird,
shtwoo1,Myrmia micrura,Short-tailed Woodstar,
pershe2,Thaumastura cora,Peruvian Sheartail,
matwoo1,Philodice bryantae,Magenta-throated Woodstar,MTWO
putwoo1,Philodice mitchellii,Purple-throated Woodstar,PTWO
chiwoo1,Eulidia yarrellii,Chilean Woodstar,
sltwoo1,Microstilbon burmeisteri,Slender-tailed Woodstar,
whbwoo6,Chaetocercus mulsant,White-bellied Woodstar,
litwoo5,Chaetocercus bombus,Little Woodstar,
gorwoo2,Chaetocercus heliodor,Gorgeted Woodstar,
samwoo2,Chaetocercus astreans,Santa Marta Woodstar,
spthum1,Tilmatura dupontii,Sparkling-tailed Woodstar,SKTH
sleshe1,Doricha enicura,Slender Sheartail,SLSH
mexshe1,Doricha eliza,Mexican Sheartail,MESH
luchum,Calothorax lucifer,Lucifer Sheartail,LUHU
beahum1,Calothorax pulcher,Beautiful Sheartail,BEAH
bkchum,Archilochus alexandri,Black-chinned Hummingbird,BCHU
rthhum,Archilochus colubris,Ruby-throated Hummingbird,RTHU
verhum1,Mellisuga minima,Vervain Hummingbird,VEHU
beehum1,Mellisuga helenae,Bee Hummingbird,BEEH
annhum,Calypte anna,Anna's Hummingbird,ANHU
coshum,Calypte costae,Costa's Hummingbird,COHU
calhum,Selasphorus calliope,Calliope Hummingbird,CAHU
rufhum,Selasphorus rufus,Rufous Hummingbird,RUHU
allhum,Selasphorus sasin,Allen's Hummingbird,ALHU
brthum,Selasphorus platycercus,Broad-tailed Hummingbird,BTHU
bumhum,Selasphorus heloisa,Bumblebee Hummingbird,BUHU
withum1,Selasphorus ellioti,Wine-throated Hummingbird,WTHH
scihum1,Selasphorus scintilla,Scintillant Hummingbird,SCHU
dushum1,Phaeoptila sordida,Dusky Hummingbird,DUHU
cubeme1,Riccordia ricordii,Cuban Emerald,CUEM
pureme1,Riccordia maugaeus,Puerto Rican Emerald,PREM
blhhum1,Riccordia bicolor,Blue-headed Hummingbird,BHHU
brbhum,Cynanthus latirostris,Broad-billed Hummingbird,BBIH
brbhum2,Cynanthus doubledayi,Turquoise-crowned Hummingbird,TCHU
goceme1,Cynanthus auriceps,Golden-crowned Emerald,GCEM
caneme1,Cynanthus canivetii,Canivet's Emerald,CAEM
weseme1,Chlorostilbon melanorhynchus,Western Emerald,
rebeme1,Chlorostilbon gibsoni,Red-billed Emerald,
blteme1,Chlorostilbon mellisugus,Blue-tailed Emerald,
chieme1,Chlorostilbon olivaresi,Chiribiquete Emerald,
glbeme1,Chlorostilbon lucidus,Glittering-bellied Emerald,
shteme1,Chlorostilbon poortmani,Short-tailed Emerald,
whehum,Basilinna leucotis,White-eared Hummingbird,WEHU
xanhum,Basilinna xantusii,Xantus's Hummingbird,XAHU
wetsab1,Pampa curvipennis,Wedge-tailed Sabrewing,WTSA
lotsab1,,,
rufsab1,Pampa rufa,Rufous Sabrewing,RUSA
emchum1,Abeillia abeillei,Emerald-chinned Hummingbird,ECHU
vihhum1,Klais guimeti,Violet-headed Hummingbird,VHHU
anchum1,Orthorhyncus cristatus,Antillean Crested Hummingbird,ANCH
samblo1,Anthocephala floriceps,Santa Marta Blossomcrown,
tolblo1,Anthocephala berlepschi,Tolima Blossomcrown,
plover3,Stephanoxis lalandi,Green-crowned Plovercrest,
plover4,Stephanoxis loddigesii,Purple-crowned Plovercrest,
gybsab1,Campylopterus largipennis,Grey-breasted Sabrewing,
gybsab4,Campylopterus calcirupicola,Outcrop Sabrewing,
gybsab5,Campylopterus diamantinensis,Diamantina Sabrewing,
rubsab1,Campylopterus hyperythrus,Rufous-breasted Sabrewing,
whtsab1,Campylopterus ensipennis,White-tailed Sabrewing,
lazsab1,Campylopterus falcatus,Lazuline Sabrewing,
viosab1,Campylopterus hemileucurus,Violet Sabrewing,VISA
bubsab1,Campylopterus duidae,Buff-breasted Sabrewing,
napsab1,Campylopterus villaviscensio,Napo Sabrewing,
brtplu1,Chalybura urochrysia,Bronze-tailed Plumeleteer,BTPL
whvplu1,Chalybura buffonii,White-vented Plumeleteer,WVPL
crowoo1,Thalurania colombica,Crowned Woodnymph,CRWO
fotwoo1,Thalurania furcata,Fork-tailed Woodnymph,
lotwoo2,Thalurania watertonii,Long-tailed Woodnymph,
vicwoo2,Thalurania glaucopis,Violet-capped Woodnymph,
snowca1,Microchera albocoronata,Snowcap,SNOC
whteme1,Microchera chionura,White-tailed Emerald,WTEM
mexwoo1,Eupherusa ridgwayi,Mexican Woodnymph,MEWO
stthum1,Eupherusa eximia,Stripe-tailed Hummingbird,STHM
blbhum1,Eupherusa nigriventris,Black-bellied Hummingbird,BLBH
scbhum1,Phaeochroa cuvierii,Scaly-breasted Hummingbird,SBRH
bufhum1,Leucippus fallax,Buffy Hummingbird,
tumhum1,Thaumasius baeri,Tumbes Hummingbird,
spthum2,Thaumasius taczanowskii,Spot-throated Hummingbird,
mashum1,Taphrospilus hypostictus,Many-spotted Hummingbird,
swthum1,Eupetomena macroura,Swallow-tailed Hummingbird,
somhum1,Eupetomena cirrochloris,Sombre Hummingbird,
olshum1,Talaphorus chlorocercus,Olive-spotted Hummingbird,
stream2,Trochilus polytmus,Red-billed Streamertail,RBST
stream3,Trochilus scitulus,Black-billed Streamertail,BBST
vichum,Ramosomyia violiceps,Violet-crowned Hummingbird,VCHU
grfhum1,Ramosomyia viridifrons,Green-fronted Hummingbird,GFHU
azchum1,Saucerottia cyanocephala,Azure-crowned Hummingbird,AZCH
buvhum1,Saucerottia hoffmanni,Blue-vented Hummingbird,BVHU
berhum,Saucerottia beryllina,Berylline Hummingbird,BEHU
blthum1,Saucerottia cyanura,Blue-tailed Hummingbird,BTAH
snbhum1,Saucerottia edward,Snowy-bellied Hummingbird,SBEH
stvhum2,Saucerottia saucerottei,Steely-vented Hummingbird,
inchum1,Saucerottia cyanifrons,Indigo-capped Hummingbird,
chbhum1,Saucerottia castaneiventris,Chestnut-bellied Hummingbird,
grbhum1,Saucerottia viridigaster,Green-bellied Hummingbird,
corhum1,Saucerottia tobaci,Copper-rumped Hummingbird,
cinhum1,Amazilia rutila,Cinnamon Hummingbird,CIHU
bubhum,Amazilia yucatanensis,Buff-bellied Hummingbird,BBEH
rtlhum,Amazilia tzacatl,Rufous-tailed Hummingbird,RTAH
honeme1,Amazilia luciae,Honduran Emerald,HOEM
manhum1,Chrysuronia boucardi,Mangrove Hummingbird,MAHU
amahum1,Amazilis amazilia,Amazilia Hummingbird,AMHU
andeme1,Uranomitra franciae,Andean Emerald,
shghum1,Chrysuronia goudoti,Shining-green Hummingbird,
gotsap1,Chrysuronia oenone,Golden-tailed Sapphire,
vereme1,Chrysuronia versicolor,Versicolored Emerald,
sathum1,Chrysuronia coeruleogularis,Sapphire-throated Hummingbird,SHTH
sabhum1,Chrysuronia lilliae,Sapphire-bellied Hummingbird,
humsap2,Chrysuronia humboldtii,Humboldt's Sapphire,HUSA
blhsap1,Chrysuronia grayi,Blue-headed Sapphire,
whceme1,Chrysuronia brevirostris,White-chested Emerald,
plbeme1,Chrysuronia leucogaster,Plain-bellied Emerald,
whthum2,Leucochloris albicollis,White-throated Hummingbird,
glteme1,Chionomesa fimbriata,Glittering-throated Emerald,
saseme1,Chionomesa lactea,Sapphire-spangled Emerald,
rutsap1,Hylocharis sapphirina,Rufous-throated Sapphire,
gilhum1,Hylocharis chrysura,Gilded Sapphire,
whbhum1,Elliotomyia chionogaster,White-bellied Hummingbird,
gawhum1,Elliotomyia viridicauda,Green-and-white Hummingbird,
blchum1,Polyerata amabilis,Blue-chested Hummingbird,BCHH
chahum1,Polyerata decora,Charming Hummingbird,CHHU
puchum1,Polyerata rosenbergi,Purple-chested Hummingbird,
whbeme1,Chlorestes candida,White-bellied Emerald,WBEM
bltgol1,Chlorestes eliciae,Blue-throated Sapphire,BTRG
whcsap1,Chlorestes cyanus,White-chinned Sapphire,
vibhum1,Chlorestes julie,Violet-bellied Hummingbird,VBHU
bucsap1,Chlorestes notata,Blue-chinned Sapphire,
grbtur1,Corythaeola cristata,Great Blue Turaco,
bfgbir1,Crinifer personatus,Bare-faced Go-away-bird,
grygab1,Crinifer concolor,Grey Go-away-bird,
wbgbir1,Crinifer leucogaster,White-bellied Go-away-bird,
wesple1,Crinifer piscator,Western Plantain-eater,
easple1,Crinifer zonurus,Eastern Plantain-eater,
puctur2,Gallirex porphyreolophus,Purple-crested Turaco,
ruwtur2,Gallirex johnstoni,Rwenzori Turaco,
prrtur1,Menelikornis ruspolii,Ruspoli's Turaco,
whctur1,Menelikornis leucotis,White-cheeked Turaco,
viotur1,Tauraco violaceus,Violet Turaco,
rostur1,Tauraco rossae,Ross's Turaco,
yebtur1,Tauraco macrorhynchus,Yellow-billed Turaco,
whctur2,Tauraco leucolophus,White-crested Turaco,
rectur1,Tauraco erythrolophus,Red-crested Turaco,
guitur1,Tauraco persa,Guinea Turaco,
livtur1,Tauraco livingstonii,Livingstone's Turaco,
schtur1,Tauraco schalowi,Schalow's Turaco,
knytur1,Tauraco corythaix,Knysna Turaco,
blbtur1,Tauraco schuettii,Black-billed Turaco,
fistur1,Tauraco fischeri,Fischer's Turaco,
hartur1,Tauraco hartlaubi,Hartlaub's Turaco,
grebus1,Otis tarda,Great Bustard,
arabus1,Ardeotis arabs,Arabian Bustard,
korbus1,Ardeotis kori,Kori Bustard,
houbus1,Chlamydotis undulata,African Houbara,
ludbus1,Neotis ludwigii,Ludwig's Bustard,
whbbus2,Eupodotis senegalensis,White-bellied Bustard,
blubus1,Eupodotis caerulescens,Blue Korhaan,
karbus1,Heterotetrax vigorsii,Karoo Korhaan,
ruebus1,Heterotetrax rueppelii,Rüppell's Korhaan,
savbus1,Lophotis savilei,Savile's Bustard,
bucbus1,Lophotis gindiana,Buff-crested Bustard,
recbus1,Lophotis ruficrista,Red-crested Korhaan,
blabus3,Afrotis afra,Southern Black Korhaan,
whqbus1,Afrotis afraoides,Northern Black Korhaan,
bkbbus1,Lissotis melanogaster,Black-bellied Bustard,
lesflo2,Sypheotides indicus,Lesser Florican,
litbus1,Tetrax tetrax,Little Bustard,
guicuc1,Guira guira,Guira Cuckoo,
greani1,Crotophaga major,Greater Ani,GRTA
smbani,Crotophaga ani,Smooth-billed Ani,SBAN
grbani,Crotophaga sulcirostris,Groove-billed Ani,GBAN
strcuc1,Tapera naevia,Striped Cuckoo,STCU
phecuc1,Dromococcyx phasianellus,Pheasant Cuckoo,PHCU
pavcuc1,Dromococcyx pavoninus,Pavonine Cuckoo,
legcuc1,Morococcyx erythropygus,Lesser Ground Cuckoo,LEGC
greroa,Geococcyx californianus,Greater Roadrunner,GRRO
lesroa1,Geococcyx velox,Lesser Roadrunner,LERO
rvgcuc1,Neomorphus geoffroyi,Rufous-vented Ground Cuckoo,RVGC
scgcuc1,Neomorphus squamiger,Scaled Ground Cuckoo,
bagcuc1,Neomorphus radiolosus,Banded Ground Cuckoo,
rwgcuc1,Neomorphus rufipennis,Rufous-winged Ground Cuckoo,
rbgcuc1,Neomorphus pucheranii,Red-billed Ground Cuckoo,
buhcou1,Centropus milo,Buff-headed Coucal,
piecou1,Centropus ateralbus,White-necked Coucal,
grbcou1,Centropus menbeki,Ivory-billed Coucal,
biacou1,Centropus chalybeus,Biak Coucal,
rufcou1,Centropus unirufus,Rufous Coucal,
grbcou2,Centropus chlororhynchos,Green-billed Coucal,
blfcou1,Centropus melanops,Black-faced Coucal,
blhcou1,Centropus steerii,Black-hooded Coucal,
shtcou1,Centropus rectunguis,Short-toed Coucal,
baycou1,Centropus celebensis,Bay Coucal,
gabcou1,Centropus anselli,Gabon Coucal,
bltcou1,Centropus leucogaster,Black-throated Coucal,
sencou1,Centropus senegalensis,Senegal Coucal,
blhcou2,Centropus monachus,Blue-headed Coucal,
cotcou1,Centropus cupreicaudus,Coppery-tailed Coucal,
whbcou1,,,
whbcou3,Centropus burchellii,Burchell's Coucal,
grecou1,Centropus sinensis,Greater Coucal,
madcou1,Centropus toulou,Malagasy Coucal,
golcou1,Centropus goliath,Goliath Coucal,
blacou1,Centropus grillii,Black Coucal,
phicou1,Centropus viridis,Philippine Coucal,
lescou1,Centropus bengalensis,Lesser Coucal,
viocou1,Centropus violaceus,Violaceous Coucal,
lebcou1,Centropus bernsteini,Black-billed Coucal,
phecou2,Centropus phasianinus,Pheasant Coucal,
andcou1,Centropus andamanensis,Andaman Coucal,
bogcuc1,Carpococcyx radiceus,Bornean Ground Cuckoo,
sugcuc1,Carpococcyx viridis,Sumatran Ground Cuckoo,
cbgcuc1,Carpococcyx renauldi,Coral-billed Ground Cuckoo,
crecou1,Coua cristata,Crested Coua,
blucou1,Coua caerulea,Blue Coua,
reccou1,,,
refcou1,Coua reynaudii,Red-fronted Coua,
coqcou1,Coua coquereli,Coquerel's Coua,
runcou1,Coua cursor,Running Coua,
giacou1,Coua gigas,Giant Coua,
rebcou1,Coua serriana,Red-breasted Coua,
rafmal1,Rhinortha chlorophaea,Raffles's Malkoha,
yellow5,Ceuthmochares aereus,Blue Malkoha,
yellow6,Ceuthmochares australis,Green Malkoha,
sirmal1,Taccocua leschenaultii,Sirkeer Malkoha,
rebmal2,Zanclostomus javanicus,Red-billed Malkoha,
yebmal1,Rhamphococcyx calyorhynchus,Yellow-billed Malkoha,
chbmal2,Phaenicophaeus curvirostris,Chestnut-breasted Malkoha,
chbmal1,Phaenicophaeus sumatranus,Chestnut-bellied Malkoha,
blfmal1,Phaenicophaeus viridirostris,Blue-faced Malkoha,
blbmal1,Phaenicophaeus diardi,Black-bellied Malkoha,
grbmal1,Phaenicophaeus tristis,Green-billed Malkoha,
recmal1,Dasylophus superciliosus,Rough-crested Malkoha,
scfmal1,Dasylophus cumingi,Scale-feathered Malkoha,
chwcuc1,Clamator coromandus,Chestnut-winged Cuckoo,
grscuc1,Clamator glandarius,Great Spotted Cuckoo,
levcuc1,Clamator levaillantii,Levaillant's Cuckoo,
piecuc1,Clamator jacobinus,Jacobin Cuckoo,
litcuc2,Coccycua minuta,Little Cuckoo,LITC
dwacuc1,Coccycua pumila,Dwarf Cuckoo,DWCU
asccuc1,Coccycua cinerea,Ash-colored Cuckoo,
squcuc1,Piaya cayana,Common Squirrel Cuckoo,SQCU
blbcuc1,Piaya melanogaster,Black-bellied Cuckoo,
dabcuc1,Coccyzus melacoryphus,Dark-billed Cuckoo,DBCU
yebcuc,Coccyzus americanus,Yellow-billed Cuckoo,YBCU
pebcuc1,Coccyzus euleri,Pearly-breasted Cuckoo,PBCU
mancuc,Coccyzus minor,Mangrove Cuckoo,MACU
bkbcuc,Coccyzus erythropthalmus,Black-billed Cuckoo,BBCU
gyccuc,Coccyzus lansbergi,Grey-capped Cuckoo,GCCU
chbcuc4,Coccyzus pluvialis,Chestnut-bellied Cuckoo,CBCU
babcuc4,Coccyzus rufigularis,Bay-breasted Cuckoo,BBRC
grelic1,Coccyzus merlini,Great Lizard Cuckoo,GRLC
purlic1,Coccyzus vieilloti,Puerto Rican Lizard Cuckoo,PRLC
hislic1,Coccyzus longirostris,Hispaniolan Lizard Cuckoo,HILC
thbcuc1,Pachycoccyx audeberti,Thick-billed Cuckoo,
dwakoe1,Microdynamis parva,Dwarf Koel,
asikoe2,Eudynamys scolopaceus,Asian Koel,
bkbkoe1,Eudynamys melanorhynchus,Black-billed Koel,
asikoe3,Eudynamys orientalis,Pacific Koel,
lotkoe1,Urodynamis taitensis,Long-tailed Koel,
chbcuc2,Scythrops novaehollandiae,Channel-billed Cuckoo,
asecuc1,Chrysococcyx maculatus,Asian Emerald Cuckoo,
viocuc1,Chrysococcyx xanthorhynchus,Violet Cuckoo,
didcuc1,Chrysococcyx caprius,Diederik Cuckoo,
klacuc1,Chrysococcyx klaas,Klaas's Cuckoo,
yetcuc1,Chrysococcyx flavigularis,Yellow-throated Cuckoo,
afecuc1,Chrysococcyx cupreus,African Emerald Cuckoo,
lobcuc1,Chalcites megarhynchus,Long-billed Cuckoo,
hobcuc1,Chalcites basalis,Horsfield's Bronze Cuckoo,
blecuc1,Chalcites osculans,Black-eared Cuckoo,
rtbcuc1,Chalcites ruficollis,Rufous-throated Bronze Cuckoo,
shbcuc1,Chalcites lucidus,Shining Bronze Cuckoo,
webcuc1,Chalcites meyerii,White-eared Bronze Cuckoo,
libcuc1,Chalcites minutillus,Little Bronze Cuckoo,
palcuc1,Heteroscenes pallidus,Pallid Cuckoo,
whckoe1,Caliechthrus leucolophus,White-crowned Cuckoo,
chbcuc3,Cacomantis castaneiventris,Chestnut-breasted Cuckoo,
fatcuc1,Cacomantis flabelliformis,Fan-tailed Cuckoo,
babcuc2,Cacomantis sonneratii,Banded Bay Cuckoo,
placuc1,Cacomantis merulinus,Plaintive Cuckoo,
placuc3,Cacomantis passerinus,Grey-bellied Cuckoo,
brucuc1,,,
brucuc2,Cacomantis sepulcralis,Sunda Brush Cuckoo,
molcuc1,Cacomantis aeruginosus,Moluccan Brush Cuckoo,
dltcuc1,Cercococcyx mechowi,Dusky Long-tailed Cuckoo,
oltcuc1,Cercococcyx olivinus,Olive Long-tailed Cuckoo,
bltcuc1,Cercococcyx montanus,Barred Long-tailed Cuckoo,
phidrc1,Surniculus velutinus,Philippine Drongo-Cuckoo,
asidrc3,Surniculus lugubris,Square-tailed Drongo-Cuckoo,
asidrc2,Surniculus dicruroides,Fork-tailed Drongo-Cuckoo,
asidrc4,Surniculus musschenbroeki,Moluccan Drongo-Cuckoo,
mohcuc1,Hierococcyx vagans,Moustached Hawk-Cuckoo,
larhac2,Hierococcyx sparverioides,Large Hawk-Cuckoo,
larhac1,Hierococcyx bocki,Dark Hawk-Cuckoo,
cohcuc1,Hierococcyx varius,Common Hawk-Cuckoo,
nohcuc1,Hierococcyx hyperythrus,Northern Hawk-Cuckoo,
phhcuc1,Hierococcyx pectoralis,Philippine Hawk-Cuckoo,
malhac1,Hierococcyx fugax,Malaysian Hawk-Cuckoo,
hodhac1,Hierococcyx nisicolor,Hodgson's Hawk-Cuckoo,
blacuc1,Cuculus clamosus,Black Cuckoo,
reccuc1,Cuculus solitarius,Red-chested Cuckoo,
lescuc1,Cuculus poliocephalus,Lesser Cuckoo,
suhcuc1,Cuculus crassirostris,Sulawesi Cuckoo,
indcuc1,Cuculus micropterus,Indian Cuckoo,
madcuc1,Cuculus rochii,Madagascar Cuckoo,
afrcuc1,Cuculus gularis,African Cuckoo,
himcuc1,Cuculus saturatus,Himalayan Cuckoo,
oricuc2,Cuculus optatus,Oriental Cuckoo,ORCU
suncuc2,Cuculus lepidus,Sunda Cuckoo,
comcuc,Cuculus canorus,Common Cuckoo,COCU
whbmes2,Mesitornis variegatus,White-breasted Mesite,
bromes1,Mesitornis unicolor,Brown Mesite,
tibsan1,Syrrhaptes tibetanus,Tibetan Sandgrouse,
palsan1,Syrrhaptes paradoxus,Pallas's Sandgrouse,
pitsan1,Pterocles alchata,Pin-tailed Sandgrouse,
namsan1,Pterocles namaqua,Namaqua Sandgrouse,
chbsan,Pterocles exustus,Chestnut-bellied Sandgrouse,CBSA
sposan1,Pterocles senegallus,Spotted Sandgrouse,
blbsan1,Pterocles orientalis,Black-bellied Sandgrouse,
yetsan1,Pterocles gutturalis,Yellow-throated Sandgrouse,
crosan1,Pterocles coronatus,Crowned Sandgrouse,
blfsan1,Pterocles decoratus,Black-faced Sandgrouse,
madsan1,Pterocles personatus,Madagascar Sandgrouse,
licsan1,Pterocles lichtensteinii,Lichtenstein's Sandgrouse,
paisan1,Pterocles indicus,Painted Sandgrouse,
fobsan1,Pterocles quadricinctus,Four-banded Sandgrouse,
dobsan1,Pterocles bicinctus,Double-banded Sandgrouse,
bursan1,Pterocles burchelli,Burchell's Sandgrouse,
rocpig,Columba livia,Rock Dove,ROPI
hilpig1,Columba rupestris,Hill Pigeon,
snopig1,Columba leuconota,Snow Pigeon,
spepig1,Columba guinea,Speckled Pigeon,
whcpig1,Columba albitorques,White-collared Pigeon,
stodov1,Columba oenas,Stock Dove,
pabpig1,Columba eversmanni,Yellow-eyed Pigeon,
cowpig1,Columba palumbus,Common Wood Pigeon,CWPI
tropig1,Columba trocaz,Trocaz Pigeon,
bolpig1,Columba bollii,Bolle's Pigeon,
laupig1,Columba junoniae,Laurel Pigeon,
afepig1,Columba unicincta,Afep Pigeon,
rampig1,Columba arquatrix,African Olive Pigeon,
compig1,Columba pollenii,Comoro Olive Pigeon,
spwpig1,Columba hodgsonii,Speckled Wood Pigeon,
aswpig1,Columba pulchricollis,Ashy Wood Pigeon,
niwpig1,Columba elphinstonii,Nilgiri Wood Pigeon,
siwpig1,Columba argentina,Silvery Pigeon,
jawpig1,Columba janthina,Black Wood Pigeon,
metpig1,Columba vitiensis,Metallic Pigeon,
whhpig1,Columba leucomela,White-headed Pigeon,
yelpig1,Columba pallidiceps,Yellow-legged Pigeon,
delpig1,Columba delegorguei,Eastern Bronze-naped Pigeon,
brnpig1,Columba iriditorques,Western Bronze-naped Pigeon,
satpig1,Columba malherbii,Island Bronze-naped Pigeon,
lemdov2,Aplopelia larvata,Lemon Dove,
whcpig2,Patagioenas leucocephala,White-crowned Pigeon,WCPI
scnpig1,Patagioenas squamosa,Scaly-naped Pigeon,SNPI
scapig2,Patagioenas speciosa,Scaled Pigeon,SCPI
picpig2,Patagioenas picazuro,Picazuro Pigeon,
baepig2,Patagioenas corensis,Bare-eyed Pigeon,
spwpig3,Patagioenas maculosa,Spot-winged Pigeon,
batpig1,Patagioenas fasciata,Band-tailed Pigeon,BTPI
pavpig2,Patagioenas cayennensis,Pale-vented Pigeon,PVPI
rebpig1,Patagioenas flavirostris,Red-billed Pigeon,RBPI
perpig2,Patagioenas oenops,Maranon Pigeon,
plapig,Patagioenas inornata,Plain Pigeon,PLAP
plupig2,Patagioenas plumbea,Plumbeous Pigeon,PLUP
rudpig,Patagioenas subvinacea,Ruddy Pigeon,RUDP
shbpig,Patagioenas nigrirostris,Short-billed Pigeon,SBPI
duspig2,Patagioenas goodsoni,Dusky Pigeon,DUPI
matdov1,Nesoenas picturatus,Malagasy Turtle Dove,
pinpig2,Nesoenas mayeri,Pink Pigeon,
eutdov,Streptopelia turtur,European Turtle Dove,EUTD
dutdov1,Streptopelia lugens,Dusky Turtle Dove,
adtdov1,Streptopelia hypopyrrha,Adamawa Turtle Dove,
ortdov,Streptopelia orientalis,Oriental Turtle Dove,ORTD
eucdov,Streptopelia decaocto,Eurasian Collared Dove,EUCD
eurcod2,Streptopelia xanthocycla,Burmese Collared Dove,
afcdov1,Streptopelia roseogrisea,African Collared Dove,AFCD
wwcdov1,Streptopelia reichenowi,White-winged Collared Dove,
afmdov1,Streptopelia decipiens,Mourning Collared Dove,
reedov1,Streptopelia semitorquata,Red-eyed Dove,
rindov,Streptopelia capicola,Ring-necked Dove,
vindov1,Streptopelia vinacea,Vinaceous Dove,
recdov1,Streptopelia tranquebarica,Red Collared Dove,
spodov,Spilopelia chinensis,Spotted Dove,
laudov1,Spilopelia senegalensis,Laughing Dove,
bacdov1,Macropygia unchall,Barred Cuckoo-Dove,
sbcdov1,Macropygia amboinensis,Amboyna Cuckoo-Dove,
sulcud1,Macropygia doreya,Sultan's Cuckoo-Dove,
rucdov1,Macropygia emiliana,Ruddy Cuckoo-Dove,
engcud1,Macropygia cinnamomea,Enggano Cuckoo-Dove,
barcud1,Macropygia modiglianii,Barusan Cuckoo-Dove,
timcud1,Macropygia magna,Timor Cuckoo-Dove,
tancud1,Macropygia timorlaoensis,Tanimbar Cuckoo-Dove,
ducdov1,Macropygia macassariensis,Flores Sea Cuckoo-Dove,
phcdov1,Macropygia tenuirostris,Philippine Cuckoo-Dove,
brcdov1,Macropygia phasianella,Brown Cuckoo-Dove,
ancdov1,Macropygia rufipennis,Andaman Cuckoo-Dove,
bbcdov1,Macropygia nigrirostris,Bar-tailed Cuckoo-Dove,
macdov1,Macropygia mackinlayi,Spot-breasted Cuckoo-Dove,
licdov1,Macropygia ruficeps,Little Cuckoo-Dove,
grcdov2,Reinwardtoena reinwardti,Great Cuckoo-Dove,
picdov1,Reinwardtoena browni,Pied Cuckoo-Dove,
crcdov1,Reinwardtoena crassirostris,Crested Cuckoo-Dove,
wfcdov1,Turacoena manadensis,White-faced Cuckoo-Dove,
slacud1,Turacoena modesta,Black Cuckoo-Dove,
eswdov1,Turtur chalcospilos,Emerald-spotted Wood Dove,
bbwdov1,Turtur abyssinicus,Black-billed Wood Dove,
bswdov1,Turtur afer,Blue-spotted Wood Dove,
tamdov1,Turtur tympanistria,Tambourine Dove,
bhwdov1,Turtur brehmeri,Blue-headed Wood Dove,
namdov1,Oena capensis,Namaqua Dove,
emedov2,Chalcophaps indica,Common Emerald Dove,
emedov3,Chalcophaps longirostris,Pacific Emerald Dove,
stedov1,Chalcophaps stephani,Stephan's Emerald Dove,
negbro1,Henicophaps albifrons,New Guinea Bronzewing,
combro1,Phaps chalcoptera,Common Bronzewing,
brubro1,Phaps elegans,Brush Bronzewing,
crepig1,Ocyphaps lophotes,Crested Pigeon,
spipig2,Geophaps plumifera,Spinifex Pigeon,
squpig1,Geophaps scripta,Squatter Pigeon,
parpig1,Geophaps smithii,Partridge Pigeon,
tbgpig2,Trugon terrestris,Thick-billed Ground Pigeon,
wonpig1,Leucosarcia melanoleuca,Wonga Pigeon,
diadov1,Geopelia cuneata,Diamond Dove,
zebdov,Geopelia striata,Zebra Dove,ZEBD
peadov1,Geopelia placida,Peaceful Dove,
bardov2,Geopelia maugeus,Barred Dove,
basdov1,Geopelia humeralis,Bar-shouldered Dove,
incdov,Columbina inca,Inca Dove,INDO
scadov1,Columbina squammata,Scaled Dove,
cogdov,Columbina passerina,Common Ground Dove,CGDO
pbgdov1,Columbina minuta,Plain-breasted Ground Dove,PBGD
ecgdov1,Columbina buckleyi,Ecuadorian Ground Dove,
rugdov,Columbina talpacoti,Ruddy Ground Dove,RGDO
pigdov1,Columbina picui,Picui Ground Dove,
crgdov1,Columbina cruziana,Croaking Ground Dove,
blgdov1,Claravis pretiosa,Blue Ground Dove,BGDO
mcgdov1,Paraclaravis mondetoura,Maroon-chested Ground Dove,MCGD
begdov1,Metriopelia morenoi,Moreno's Ground Dove,
bwgdov1,Metriopelia melanoptera,Black-winged Ground Dove,
gsgdov1,Metriopelia aymara,Golden-spotted Ground Dove,
ltgdov1,Uropelia campestris,Long-tailed Ground Dove,
bhqdov1,Starnoenas cyanocephala,Blue-headed Quail-Dove,BHQD
sapqud1,Geotrygon purpurata,Purple Quail-Dove,
sapqud2,Geotrygon saphirina,Sapphire Quail-Dove,
ruqdov,Geotrygon montana,Ruddy Quail-Dove,RUQD
viqdov1,Geotrygon violacea,Violaceous Quail-Dove,VIQD
wfqdov,Geotrygon leucometopia,White-fronted Quail-Dove,WFRQ
kwqdov,Geotrygon chrysia,Key West Quail-Dove,KWQD
brqdov1,Geotrygon mystacea,Bridled Quail-Dove,BRQD
obqdov1,Leptotrygon veraguensis,Olive-backed Quail-Dove,OBQD
whtdov,Leptotila verreauxi,White-tipped Dove,WTDO
latdov1,Leptotila megalura,Yungas Dove,
grfdov1,Leptotila rufaxilla,Grey-fronted Dove,
gyhdov1,Leptotila plumbeiceps,Grey-headed Dove,GHDO
paldov1,Leptotila pallida,Pallid Dove,
gredov1,Leptotila wellsi,Grenada Dove,GRDO
cardov1,Leptotila jamaicensis,Caribbean Dove,CADO
grcdov1,Leptotila cassinii,Grey-chested Dove,GCDO
ocbdov1,Leptotila ochraceiventris,Ochre-bellied Dove,
toldov1,Leptotila conoveri,Tolima Dove,
tuqdov1,Zentrygon carrikeri,Tuxtla Quail-Dove,TUQD
bfqdov1,Zentrygon costaricensis,Buff-fronted Quail-Dove,BFQD
pbqdov1,Zentrygon lawrencii,Purplish-backed Quail-Dove,PBQD
wfqdov1,Zentrygon albifacies,White-faced Quail-Dove,WFAQ
wtqdov1,Zentrygon frenata,White-throated Quail-Dove,
liqdov1,Zentrygon linearis,Lined Quail-Dove,
chqdov1,Zentrygon chiriquensis,Chiriqui Quail-Dove,CHQD
rcqdov1,Zentrygon goldmani,Russet-crowned Quail-Dove,RCQD
moudov,Zenaida macroura,Mourning Dove,MODO
eardov1,Zenaida auriculata,Eared Dove,EADO
zendov,Zenaida aurita,Zenaida Dove,ZEND
whwdov,Zenaida asiatica,White-winged Dove,WWDO
wepdov1,Zenaida meloda,West Peruvian Dove,
nicpig1,Caloenas nicobarica,Nicobar Pigeon,
sugdov1,Gallicolumba tristigmata,Sulawesi Ground Dove,
mantho1,,,
minblh1,Gallicolumba crinigera,Mindanao Bleeding-heart,
nebhea1,Gallicolumba keayi,Negros Bleeding-heart,
wbgdov1,Pampusana jobiensis,White-breasted Ground Dove,
wtgdov1,Pampusana xanthonura,White-throated Ground Dove,
frgdov1,Pampusana stairi,Shy Ground Dove,
scgdov1,Pampusana sanctaecrucis,Santa Cruz Ground Dove,
phepig1,Otidiphaps nobilis,Pheasant Pigeon,
vicpig1,Goura victoria,Victoria Crowned Pigeon,
whedov1,Phapitreron leucotis,White-eared Brown Dove,
amedov1,Phapitreron amethystinus,Amethyst Brown Dove,
daedov2,Phapitreron brunneiceps,Mindanao Brown Dove,
cihpig1,Treron fulvicollis,Cinnamon-headed Green Pigeon,
ligpig1,Treron olax,Little Green Pigeon,
pinpig3,Treron vernans,Pink-necked Green Pigeon,
orbpig1,Treron bicinctus,Orange-breasted Green Pigeon,
pomgrp2,Treron affinis,Grey-fronted Green Pigeon,
pomgrp5,Treron phayrei,Ashy-headed Green Pigeon,
pomgrp4,Treron chloropterus,Andaman Green Pigeon,
pomgrp1,Treron axillaris,Philippine Green Pigeon,
thbpig1,Treron curvirostra,Thick-billed Green Pigeon,
gycpig1,Treron griseicauda,Grey-cheeked Green Pigeon,
sugpig2,Treron teysmannii,Sumba Green Pigeon,
flgpig1,Treron floris,Flores Green Pigeon,
timgrp1,Treron psittaceus,Timor Green Pigeon,
lagpig1,Treron capellei,Large Green Pigeon,
yefpig1,Treron phoenicopterus,Yellow-footed Green Pigeon,
brgpig1,Treron waalia,Bruce's Green Pigeon,
madgrp1,Treron australis,Madagascar Green Pigeon,
madgrp2,Treron griveaudi,Comoro Green Pigeon,
afrgrp1,Treron calvus,African Green Pigeon,
gnspig1,Treron oxyurus,Sumatran Green Pigeon,
yevpig1,Treron seimundi,Yellow-vented Green Pigeon,
wetpig1,Treron sphenurus,Wedge-tailed Green Pigeon,
whbpig1,Treron sieboldii,White-bellied Green Pigeon,
whigrp1,,,
whgpig1,Treron formosae,Whistling Green Pigeon,
bbfdov1,Ptilinopus cinctus,Banded Fruit Dove,
shbtre1,Heliobletus contaminatus,Sharp-billed Treehunter,
rnfdov1,Ptilinopus dohertyi,Red-naped Fruit Dove,
phfdov1,Ptilinopus porphyreus,Pink-headed Fruit Dove,
fbfdov1,Ptilinopus marchei,,
ybfdov2,Ptilinopus occipitalis,,
refdov1,Ptilinopus fischeri,,
jafdov1,Ptilinopus jambu,,
macfrd3,Ptilinopus subgularis,,
bcfdov1,Ptilinopus leclancheri,,
sbfdov1,Ptilinopus bernsteinii,,
wofdov1,Ptilinopus magnificus,,
psfdov1,Ptilinopus perlatus,Pink-spotted Fruit Dove,
tafdov1,Ptilinopus tannensis,Tanna Fruit Dove,
offdov1,Ptilinopus aurantiifrons,Orange-fronted Fruit Dove,
wafdov1,Ptilinopus wallacii,Wallace's Fruit Dove,
sufdov1,Ptilinopus superbus,Superb Fruit Dove,
mcfdov1,Ptilinopus perousii,Many-colored Fruit Dove,
pucfrd1,Ptilinopus ponapensis,Purple-capped Fruit Dove,
kosfrd1,Ptilinopus hernsheimi,Kosrae Fruit Dove,
pafdov1,Ptilinopus pelewensis,Palau Fruit Dove,
cifdov1,Ptilinopus rarotongensis,Lilac-crowned Fruit Dove,
mafdov2,Ptilinopus roseicapilla,Mariana Fruit Dove,
rcfdov1,Ptilinopus regina,Rose-crowned Fruit Dove,
gygfrd1,Ptilinopus purpuratus,Grey-green Fruit Dove,
mafdov1,Ptilinopus chalcurus,Makatea Fruit Dove,
atfdov1,Ptilinopus coralensis,Atoll Fruit Dove,
rbfdov1,Ptilinopus greyi,Red-bellied Fruit Dove,
wcfdov1,Ptilinopus dupetithouarsii,White-capped Fruit Dove,
cofdov1,Ptilinopus coronulatus,Coroneted Fruit Dove,
befdov1,Ptilinopus pulchellus,Beautiful Fruit Dove,
bcfdov2,Ptilinopus monacha,Blue-capped Fruit Dove,
whbfrd1,Ptilinopus rivoli,White-bibbed Fruit Dove,
yebfrd1,Ptilinopus speciosus,Geelvink Fruit Dove,
yebfrd2,Ptilinopus solomonensis,Yellow-bibbed Fruit Dove,
cbfdov1,Ptilinopus viridis,Claret-breasted Fruit Dove,
whfdov2,Ptilinopus eugeniae,White-headed Fruit Dove,
obfdov1,Ptilinopus iozonus,Orange-bellied Fruit Dove,
gyhfrd1,Ptilinopus hyogastrus,Grey-headed Fruit Dove,
cafdov1,Ptilinopus granulifrons,Carunculated Fruit Dove,
bknfrd1,Ptilinopus melanospilus,Black-naped Fruit Dove,
dwafrd1,Ptilinopus nainus,Dwarf Fruit Dove,
oradov1,Ptilinopus victor,Orange Dove,
goldov1,Ptilinopus luteovirens,Golden Dove,
veldov1,Ptilinopus layardi,Whistling Dove,
mabpig1,Alectroenas madagascariensis,Madagascar Blue Pigeon,
cobpig1,Alectroenas sganzini,Comoro Blue Pigeon,
sebpig1,Alectroenas pulcherrimus,Seychelles Blue Pigeon,
pbipig1,Ducula poliocephala,Pink-bellied Imperial Pigeon,
wbipig1,Ducula forsteni,White-bellied Imperial Pigeon,
gripig1,Ducula aenea,Green Imperial Pigeon,
grnimp2,Ducula nicobarica,Nicobar Imperial Pigeon,
wheimp2,Ducula perspicillata,Spectacled Imperial Pigeon,
wheimp1,Ducula neglecta,Seram Imperial Pigeon,
elipig1,Ducula concinna,Elegant Imperial Pigeon,
paipig1,Ducula pacifica,Pacific Imperial Pigeon,
miipig1,Ducula oceanica,Micronesian Imperial Pigeon,
marimp1,Ducula galeata,Nuku Hiva Imperial Pigeon,
rkipig1,Ducula rubricera,Red-knobbed Imperial Pigeon,
spipig1,Ducula myristicivora,Spice Imperial Pigeon,
spiimp2,Ducula geelvinkiana,Geelvink Imperial Pigeon,
ptipig1,Ducula rufigaster,Purple-tailed Imperial Pigeon,
cbipig2,Ducula basilica,Cinnamon-bellied Imperial Pigeon,
fiipig1,Ducula finschii,Finsch's Imperial Pigeon,
isipig1,Ducula pistrinaria,Island Imperial Pigeon,
phipig1,Ducula rosacea,Pink-headed Imperial Pigeon,
ciipig1,Ducula whartoni,Christmas Imperial Pigeon,
gryimp1,Ducula pickeringii,Grey Imperial Pigeon,
peipig1,Ducula latrans,Barking Imperial Pigeon,
cbipig1,Ducula brenchleyi,Chestnut-bellied Imperial Pigeon,
baipig1,Ducula bakeri,Vanuatu Imperial Pigeon,
ncipig1,Ducula goliath,Goliath Imperial Pigeon,
piipig2,Ducula pinon,Pinon's Imperial Pigeon,
zoeimp1,Ducula zoeae,Zoe's Imperial Pigeon,
mouimp1,Ducula cuprea,Malabar Imperial Pigeon,
moipig1,Ducula badia,Mountain Imperial Pigeon,
dbipig1,Ducula lacernulata,Dark-backed Imperial Pigeon,
tiipig1,Ducula cineracea,Timor Imperial Pigeon,
piipig1,Ducula bicolor,Pied Imperial Pigeon,
whiimp1,Ducula luctuosa,Silver-tipped Imperial Pigeon,
torimp1,Ducula spilorrhoa,Torresian Imperial Pigeon,
torimp2,Ducula subflavescens,Yellowish Imperial Pigeon,
nezpig2,Hemiphaga novaeseelandiae,New Zealand Pigeon,
nezpig3,Hemiphaga chathamensis,Chatham Islands Pigeon,
sompig2,Cryptophaps poecilorrhoa,Sombre Pigeon,
afrfin1,Podica senegalensis,African Finfoot,
masfin3,Heliopais personatus,Masked Finfoot,
sungre1,Heliornis fulica,Sungrebe,SUNG
madwor1,Mentocrex kioloides,Madagascar Forest Rail,
tsiwor1,Mentocrex beankaensis,Tsingy Forest Rail,
whsflu1,Sarothrura pulchra,White-spotted Flufftail,
busflu1,Sarothrura elegans,Buff-spotted Flufftail,
recflu1,Sarothrura rufa,Red-chested Flufftail,
chhflu1,Sarothrura lugens,Chestnut-headed Flufftail,
stbflu1,Sarothrura boehmi,Streaky-breasted Flufftail,
strflu1,Sarothrura affinis,Striped Flufftail,
madflu1,Sarothrura insularis,Madagascar Flufftail,
slbflu1,Sarothrura watersi,Slender-billed Flufftail,
wsfrai1,Rallicula leucospila,White-striped Forest Rail,
chfrai1,Rallicula rubra,Chestnut Forest Rail,
forrai1,Rallicula forbesi,Forbes's Forest Rail,
astcra1,Mustelirallus albicollis,Ash-throated Crake,
pabcra,Mustelirallus erythrops,Paint-billed Crake,PBCR
colcra2,Mustelirallus colombianus,Colombian Crake,COLC
sporai,Pardirallus maculatus,Spotted Rail,SPRA
blarai1,Pardirallus nigricans,Blackish Rail,
plurai1,Pardirallus sanguinolentus,Plumbeous Rail,
unicra1,Amaurolimnas concolor,Uniform Crake,UNIC
rnwrai1,Aramides axillaris,Rufous-necked Wood Rail,RNWR
liwrai1,Aramides mangle,Little Wood Rail,
runwor1,Aramides albiventris,Russet-naped Wood Rail,RSWR
gycwor1,Aramides cajaneus,Grey-cowled Wood Rail,GCWR
brwrai1,Aramides wolfi,Brown Wood Rail,
giwrai1,Aramides ypecaha,Giant Wood Rail,
rwwrai1,Aramides calopterus,Red-winged Wood Rail,
sbwrai1,Aramides saracura,Slaty-breasted Wood Rail,
ridrai1,Rallus obsoletus,Ridgway's Rail,RIRA
clarai11,Rallus crepitans,Clapper Rail,CLRA
kinrai2,Rallus tenuirostris,Aztec Rail,AZRA
manrai1,Rallus longirostris,Mangrove Rail,MARA
kinrai4,Rallus elegans,King Rail,KIRA
virrai,Rallus limicola,Virginia Rail,VIRA
bograi1,Rallus semiplumbeus,Bogota Rail,
virrai1,Rallus aequatorialis,Ecuadorian Rail,
ausrai1,Rallus antarcticus,Austral Rail,
watrai1,Rallus aquaticus,Water Rail,WEWR
bncrai1,Rallus indicus,Brown-cheeked Rail,
afrrai1,Rallus caerulescens,African Rail,
madrai1,Rallus madagascariensis,Madagascar Rail,
afrcra1,Crecopsis egregia,African Crake,
whtrai1,Dryolimnas cuvieri,White-throated Rail,
corcra,Crex crex,Corn Crake,CORC
slbrai1,Lewinia striata,Slaty-breasted Rail,
lewrai1,Lewinia pectoralis,Lewin's Rail,
invrai1,Gallirallus wallacii,Invisible Rail,
weka1,Gallirallus australis,Weka,
cherai1,Gallirallus castaneoventris,Chestnut Rail,
okirai1,Gallirallus okinawae,Okinawa Rail,
barrai1,Gallirallus torquatus,Barred Rail,
bubrai1,Gallirallus philippensis,Buff-banded Rail,
lohrai1,Gallirallus sylvestris,Lord Howe Woodhen,
spfgal1,Porphyriops melanops,Spot-flanked Gallinule,
sora,Porzana carolina,Sora,SORA
spocra1,Porzana porzana,Spotted Crake,SPCR
auscra1,Porzana fluminea,Australian Crake,
tanhen1,Tribonyx mortierii,Tasmanian Nativehen,
lesmoo1,Paragallinula angulata,Lesser Moorhen,
dusmoo1,Gallinula tenebrosa,Dusky Moorhen,
comgal1,Gallinula galeata,Common Gallinule,COGA
commoo3,Gallinula chloropus,Common Moorhen,COMO
trimoo3,Gallinula comeri,Gough Moorhen,
refcoo1,Fulica rufifrons,Red-fronted Coot,
giacoo1,Fulica gigantea,Giant Coot,
regcoo1,Fulica armillata,Red-gartered Coot,
eurcoo,Fulica atra,Eurasian Coot,EUCO
rekcoo1,Fulica cristata,Red-knobbed Coot,
hawcoo,Fulica alai,Hawaiian Coot,HACO
y00475,Fulica americana,American Coot,AMCO
slccoo1,Fulica ardesiaca,Andean Coot,
whwcoo1,Fulica leucoptera,White-winged Coot,
allgal1,Porphyrio alleni,Allen's Gallinule,
purgal2,Porphyrio martinica,Purple Gallinule,
fusfly1,Cnemotriccus fuscatus,Fuscous Flycatcher,
azugal1,Porphyrio flavirostris,Azure Gallinule,AZGA
purswa1,Porphyrio porphyrio,Purple Swamphen,PUSW
purswa2,Porphyrio madagascariensis,,
purswa3,Porphyrio poliocephalus,,
purswa6,Porphyrio melanotus,,
takahe3,Porphyrio hochstetteri,South Island Takahe,
ocecra1,Rufirallus schomburgkii,Ocellated Crake,OCCR
ruccra1,Rufirallus viridis,Russet-crowned Crake,
chhcra1,Anurolimnas castaneiceps,Chestnut-headed Crake,
swirai1,Coturnicops exquisitus,Swinhoe's Rail,
yelrai,Coturnicops noveboracensis,Yellow Rail,YERA
yebcra1,Laterallus flaviventer,Yellow-breasted Crake,
blkrai,Laterallus jamaicensis,Black Rail,BLRA
mappyt1,,,
galrai1,Laterallus spilonota,Galapagos Crake,
dowcra1,Laterallus spilopterus,,
rudcra1,Laterallus ruber,Ruddy Crake,RUCR
ruscra1,Laterallus melanophaius,Rufous-sided Crake,
rufcra2,Laterallus levraudi,Rusty-flanked Crake,
rufcra1,Rufirallus xenopterus,Rufous-faced Crake,
rawcra1,Rufirallus leucopyrrhus,Red-and-white Crake,
grbcra1,Laterallus exilis,Grey-breasted Crake,GBCR
whtcra1,Laterallus albigularis,White-throated Crake,WTCR
blbcra1,Rufirallus fasciatus,Black-banded Crake,
blacra1,Zapornia flavirostra,Black Crake,
sakrai1,Zapornia olivieri,Sakalava Rail,
rubcra1,Zapornia fusca,Ruddy-breasted Crake,
babcra1,Zapornia paykullii,Band-bellied Crake,
bltcra1,Zapornia bicolor,Black-tailed Crake,
brocra1,Zapornia akool,Brown Crake,
baicra1,Zapornia pusilla,Baillon's Crake,
litcra1,Zapornia parva,Little Crake,
spocra2,Zapornia tabuensis,Spotless Crake,
sllcra1,Rallina eurizonoides,Slaty-legged Crake,
andcra1,Rallina canningi,Andaman Crake,
relcra1,Rallina fasciata,Red-legged Crake,
rencra1,Rallina tricolor,Red-necked Crake,
nkurai1,Himantornis haematopus,Nkulengu Rail,
whbcra1,Poliolimnas cinereus,White-browed Crake,
strcra1,Aenigmatolimnas marginalis,Striped Crake,
waterc1,Gallicrex cinerea,Watercock,
whbwat1,Amaurornis phoenicurus,White-breasted Waterhen,
plabuh1,Amaurornis olivacea,Plain Bush-hen,
isabuh1,Amaurornis isabellina,Isabelline Bush-hen,
rutbuh1,Amaurornis moluccana,Pale-vented Bush-hen,
gywtru1,Psophia crepitans,Grey-winged Trumpeter,
pawtru2,Psophia leucoptera,Pale-winged Trumpeter,
dawtru1,Psophia viridis,Dark-winged Trumpeter,
grccra1,Balearica regulorum,Grey Crowned Crane,
blccra1,Balearica pavonina,Black Crowned Crane,
sibcra1,Leucogeranus leucogeranus,Siberian Crane,
sancra,Antigone canadensis,Sandhill Crane,SACR
whncra1,Antigone vipio,White-naped Crane,
sarcra1,Antigone antigone,Sarus Crane,
brolga1,Antigone rubicunda,Brolga,
watcra2,Bugeranus carunculatus,,
blucra2,Anthropoides paradiseus,,
demcra1,Anthropoides virgo,,
reccra1,Grus japonensis,Red-crowned Crane,
whocra,Grus americana,Whooping Crane,WHCR
comcra,Grus grus,Common Crane,CCRA
hoocra1,Grus monacha,Hooded Crane,HOCR
blncra1,Grus nigricollis,Black-necked Crane,
limpki,Aramus guarauna,Limpkin,LIMP
litgre1,Tachybaptus ruficollis,Little Grebe,
litgre4,,,
ausgre1,Tachybaptus novaehollandiae,Australasian Grebe,
madgre1,Tachybaptus pelzelnii,Madagascar Grebe,
leagre,Tachybaptus dominicus,Least Grebe,LEGR
pibgre,Podilymbus podiceps,Pied-billed Grebe,PBGR
whtgre3,Rollandia rolland,White-tufted Grebe,
titgre1,Rollandia microptera,Titicaca Grebe,
gregre1,Podiceps major,Great Grebe,
rengre,Podiceps grisegena,Red-necked Grebe,RNGR
grcgre1,Podiceps cristatus,Great Crested Grebe,
horgre,Podiceps auritus,Horned Grebe,HOGR
eargre,Podiceps nigricollis,Black-necked Grebe,EAGR
silgre1,Podiceps occipitalis,Silvery Grebe,
jungre1,Podiceps taczanowskii,Junin Grebe,
hoogre1,Podiceps gallardoi,Hooded Grebe,
wesgre,Aechmophorus occidentalis,Western Grebe,WEGR
clagre,Aechmophorus clarkii,Clark's Grebe,CLGR
grefla3,Phoenicopterus roseus,Greater Flamingo,
grefla2,Phoenicopterus ruber,American Flamingo,AMFL
chifla1,Phoenicopterus chilensis,Chilean Flamingo,
lesfla1,Phoeniconaias minor,Lesser Flamingo,
andfla2,Phoenicoparrus andinus,Andean Flamingo,
jamfla1,Phoenicoparrus jamesi,James's Flamingo,
smabut2,Turnix sylvaticus,Common Buttonquail,
rebbut2,Turnix maculosus,Red-backed Buttonquail,
hotbut1,Turnix hottentottus,Fynbos Buttonquail,
hotbut3,Turnix nanus,Black-rumped Buttonquail,
yelbut1,Turnix tanki,Yellow-legged Buttonquail,
barbut1,Turnix suscitator,Barred Buttonquail,
chbbut2,Turnix castanotus,Chestnut-backed Buttonquail,
paibut,Turnix varius,Painted Buttonquail,
eutkne1,Burhinus oedicnemus,Eurasian Stone-curlew,
indthk1,Burhinus indicus,Indian Stone-curlew,
setkne1,Burhinus senegalensis,Senegal Thick-knee,
watkne1,Burhinus vermiculatus,Water Thick-knee,
sptkne1,Burhinus capensis,Spotted Thick-knee,
dstkne,Hesperoburhinus bistriatus,Double-striped Thick-knee,DSTK
petkne1,Hesperoburhinus superciliaris,Peruvian Thick-knee,
butkne1,Burhinus grallarius,Bush Stone-curlew,
grtkne1,Esacus recurvirostris,Great Stone-curlew,
beathk1,Esacus magnirostris,Beach Stone-curlew,
blfshe1,Chionis minor,Black-faced Sheathbill,
magplo1,Pluvianellus socialis,Magellanic Plover,
magoys1,Haematopus leucopodus,Magellanic Oystercatcher,
blaoys1,Haematopus ater,Blackish Oystercatcher,
blkoys,Haematopus bachmani,Black Oystercatcher,BLOY
ameoys,Haematopus palliatus,American Oystercatcher,AMOY
afroys1,Haematopus moquini,African Oystercatcher,
euroys1,Haematopus ostralegus,Eurasian Oystercatcher,EUOY
soioys1,Haematopus finschi,South Island Oystercatcher,
pieoys1,Haematopus longirostris,Pied Oystercatcher,
varoys1,Haematopus unicolor,Variable Oystercatcher,
chaoys1,Haematopus chathamensis,Chatham Islands Oystercatcher,
soooys1,Haematopus fuliginosus,Sooty Oystercatcher,
ibisbi1,Ibidorhyncha struthersii,Ibisbill,
bkwsti,Himantopus himantopus,Black-winged Stilt,BWST
piesti1,Himantopus leucocephalus,Pied Stilt,
bknsti,Himantopus mexicanus,Black-necked Stilt,BNST
bknsti2,,,
blasti1,Himantopus novaezelandiae,Black Stilt,
pieavo1,Recurvirostra avosetta,Pied Avocet,
ameavo,Recurvirostra americana,American Avocet,AMAV
renavo1,Recurvirostra novaehollandiae,Red-necked Avocet,
andavo1,Recurvirostra andina,Andean Avocet,
norlap,Vanellus vanellus,Northern Lapwing,NOLA
lotlap1,Vanellus crassirostris,Long-toed Lapwing,
blaplo1,Vanellus armatus,Blacksmith Lapwing,
spwlap1,Vanellus spinosus,Spur-winged Lapwing,
rivlap1,Vanellus duvaucelii,River Lapwing,
blhlap1,Vanellus tectus,Black-headed Lapwing,
yewlap2,Vanellus malabaricus,Yellow-wattled Lapwing,
whhlap1,Vanellus albiceps,White-crowned Lapwing,
senlap1,Vanellus lugubris,Senegal Lapwing,
blwlap1,Vanellus melanopterus,Black-winged Lapwing,
crolap1,Vanellus coronatus,Crowned Lapwing,
watlap1,Vanellus senegallus,African Wattled Lapwing,
spblap1,Vanellus melanocephalus,Spot-breasted Lapwing,
brclap1,Vanellus superciliosus,Brown-chested Lapwing,
gyhlap1,Vanellus cinereus,Grey-headed Lapwing,
rewlap1,Vanellus indicus,Red-wattled Lapwing,
banlap1,Vanellus tricolor,Banded Lapwing,
maslap1,Vanellus miles,Masked Lapwing,
soclap1,Vanellus gregarius,Sociable Lapwing,
whtlap1,Vanellus leucurus,White-tailed Lapwing,
soulap1,Vanellus chilensis,Southern Lapwing,SOLA
andlap1,Vanellus resplendens,Andean Lapwing,
rekdot1,Erythrogonys cinctus,Red-kneed Dotterel,
inldot2,Peltohyas australis,Inland Dotterel,
wrybil1,Anarhynchus frontalis,Wrybill,
eugplo,Pluvialis apricaria,European Golden Plover,EUGP
pagplo,Pluvialis fulva,Pacific Golden Plover,PAGP
amgplo,Pluvialis dominica,American Golden Plover,AMGP
bkbplo,Pluvialis squatarola,Grey Plover,BBPL
rebdot1,Anarhynchus obscurus,New Zealand Plover,
corplo,Charadrius hiaticula,Common Ringed Plover,CRPL
semplo,Charadrius semipalmatus,Semipalmated Plover,SEPL
lobplo1,Thinornis placidus,Long-billed Plover,
lirplo,Thinornis dubius,Little Ringed Plover,
wilplo,Anarhynchus wilsonia,Wilson's Plover,WIPL
killde,Charadrius vociferus,Killdeer,KILL
pipplo,Charadrius melodus,Piping Plover,PIPL
madplo1,Anarhynchus thoracicus,Madagascar Plover,
kitplo1,Anarhynchus pecuarius,Kittlitz's Plover,
sthplo1,Anarhynchus sanctaehelenae,St. Helena Plover,
thbplo1,Thinornis tricollaris,Three-banded Plover,
forplo1,Thinornis forbesi,Forbes's Plover,
whfplo1,Anarhynchus marginatus,White-fronted Plover,
kenplo1,Anarhynchus alexandrinus,Kentish Plover,
whfplo2,Anarhynchus dealbatus,White-faced Plover,
snoplo5,Anarhynchus nivosus,Snowy Plover,SNPL
javplo1,Anarhynchus javanicus,Javan Plover,
recplo1,Anarhynchus ruficapillus,Red-capped Plover,
chbplo1,Anarhynchus pallidus,Chestnut-banded Plover,
colplo1,Anarhynchus collaris,Collared Plover,COPL
punplo1,Anarhynchus alticola,Puna Plover,
twbplo1,Anarhynchus falklandicus,Two-banded Plover,
dobplo1,Anarhynchus bicinctus,Double-banded Plover,
lesplo,,,
grsplo,Anarhynchus leschenaultii,Greater Sand Plover,GSAP
casplo1,Anarhynchus asiaticus,Caspian Plover,
oriplo1,Anarhynchus veredus,Oriental Plover,ORPL
eurdot,Eudromias morinellus,Eurasian Dotterel,EUDO
rucdot1,Zonibyx modestus,Rufous-chested Dotterel,
mouplo,Anarhynchus montanus,Mountain Plover,MOPL
shoplo1,Thinornis novaeseelandiae,Shore Plover,
blfdot1,Thinornis melanops,Black-fronted Dotterel,
tatdot1,Oreopholus ruficollis,Tawny-throated Dotterel,
diaplo1,Phegornis mitchellii,Diademed Sandpiper-Plover,
pielap1,Hoploxypterus cayanus,Pied Plover,
egyplo1,Pluvianus aegyptius,Egyptian Plover,
grpsni1,Rostratula benghalensis,Greater Painted-snipe,
soapas1,Nycticryphes semicollaris,South American Painted-snipe,
lesjac1,Microparra capensis,Lesser Jacana,
afrjac1,Actophilornis africanus,African Jacana,
madjac1,Actophilornis albinucha,Madagascar Jacana,
cocjac1,Irediparra gallinacea,Comb-crested Jacana,
phtjac1,Hydrophasianus chirurgus,Pheasant-tailed Jacana,
brwjac1,Metopidius indicus,Bronze-winged Jacana,
norjac,Jacana spinosa,Northern Jacana,NOJA
watjac1,Jacana jacana,Wattled Jacana,WAJA
rubsee2,Attagis gayi,Rufous-bellied Seedsnipe,
whbsee2,Attagis malouinus,White-bellied Seedsnipe,
gybsee1,Thinocorus orbignyianus,Grey-breasted Seedsnipe,
leasee1,Thinocorus rumicivorus,Least Seedsnipe,
uplsan,Bartramia longicauda,Upland Sandpiper,UPSA
brtcur,Numenius tahitiensis,Bristle-thighed Curlew,BTCU
whimbr,Numenius phaeopus,Eurasian Whimbrel,WHIM
whimbr3,,,
litcur,Numenius minutus,Little Curlew,LICU
lobcur,Numenius americanus,Long-billed Curlew,LBCU
faecur,Numenius madagascariensis,Far Eastern Curlew,FECU
slbcur,Numenius tenuirostris,Slender-billed Curlew,SBCU
eurcur,Numenius arquata,Eurasian Curlew,EUCU
batgod,Limosa lapponica,Bar-tailed Godwit,BTGO
bktgod,Limosa limosa,Black-tailed Godwit,BLTG
hudgod,Limosa haemastica,Hudsonian Godwit,HUGO
margod,Limosa fedoa,Marbled Godwit,MAGO
rudtur,Arenaria interpres,Ruddy Turnstone,RUTU
blktur,Arenaria melanocephala,Black Turnstone,BLTU
tuasan1,Prosobonia parvirostris,Tuamotu Sandpiper,
grekno,Calidris tenuirostris,Great Knot,GRKN
redkno,Calidris canutus,Red Knot,REKN
surfbi,Calidris virgata,Surfbird,SURF
ruff,Calidris pugnax,Ruff,RUFF
brbsan,Calidris falcinellus,Broad-billed Sandpiper,BBIS
shtsan,Calidris acuminata,Sharp-tailed Sandpiper,SPTS
stisan,Calidris himantopus,Stilt Sandpiper,STSA
cursan,Calidris ferruginea,Curlew Sandpiper,CUSA
temsti,Calidris temminckii,Temminck's Stint,TEST
lotsti,Calidris subminuta,Long-toed Stint,LTST
spbsan1,Calidris pygmaea,Spoon-billed Sandpiper,
rensti,Calidris ruficollis,Red-necked Stint,RNST
sander,Calidris alba,Sanderling,SAND
dunlin,Calidris alpina,Dunlin,DUNL
rocsan,Calidris ptilocnemis,Rock Sandpiper,ROSA
pursan,Calidris maritima,Purple Sandpiper,PUSA
baisan,Calidris bairdii,Baird's Sandpiper,BASA
litsti,Calidris minuta,Little Stint,LIST
leasan,Calidris minutilla,Least Sandpiper,LESA
whrsan,Calidris fuscicollis,White-rumped Sandpiper,WRSA
bubsan,Calidris subruficollis,Buff-breasted Sandpiper,BBSA
pecsan,Calidris melanotos,Pectoral Sandpiper,PESA
semsan,Calidris pusilla,Semipalmated Sandpiper,SESA
wessan,Calidris mauri,Western Sandpiper,WESA
asidow1,Limnodromus semipalmatus,Asian Dowitcher,
lobdow,Limnodromus scolopaceus,Long-billed Dowitcher,LBDO
shbdow,Limnodromus griseus,Short-billed Dowitcher,SBDO
eurwoo,Scolopax rusticola,Eurasian Woodcock,EUWO
amawoo1,Scolopax mira,Amami Woodcock,
duswoo4,Scolopax saturata,Javan Woodcock,
duswoo3,Scolopax rosenbergii,New Guinea Woodcock,
bukwoo1,Scolopax bukidnonensis,Bukidnon Woodcock,
molwoo1,Scolopax rochussenii,Moluccan Woodcock,
amewoo,Scolopax minor,American Woodcock,AMWO
chisni1,Coenocorypha pusilla,Chatham Islands Snipe,
snisni1,Coenocorypha huegeli,Snares Snipe,
jacsni,Lymnocryptes minimus,Jack Snipe,JASN
solsni1,Gallinago solitaria,Solitary Snipe,SOSN
latsni1,Gallinago hardwickii,Latham's Snipe,
woosni1,Gallinago nemoricola,Wood Snipe,
pitsni,Gallinago stenura,Pin-tailed Snipe,PTSN
swisni1,Gallinago megala,Swinhoe's Snipe,
afrsni1,Gallinago nigripennis,African Snipe,
madsni1,Gallinago macrodactyla,Madagascar Snipe,
gresni1,Gallinago media,Great Snipe,
comsni,Gallinago gallinago,Common Snipe,COSN
wilsni1,Gallinago delicata,Wilson's Snipe,WISN
soasni2,Gallinago paraguaiae,Pantanal Snipe,
soasni3,Gallinago magellanica,Magellanic Snipe,
punsni1,Gallinago andina,Puna Snipe,
nobsni1,Gallinago nobilis,Noble Snipe,
giasni1,Gallinago undulata,Giant Snipe,
fuesni1,Gallinago stricklandii,Fuegian Snipe,
andsni1,Gallinago jamesoni,Jameson's Snipe,
impsni1,Gallinago imperialis,Imperial Snipe,
tersan,Xenus cinereus,Terek Sandpiper,TESA
wilpha,Phalaropus tricolor,Wilson's Phalarope,WIPH
renpha,Phalaropus lobatus,Red-necked Phalarope,RNPH
redpha1,Phalaropus fulicarius,Red Phalarope,REPH
comsan,Actitis hypoleucos,Common Sandpiper,COSA
sposan,Actitis macularius,Spotted Sandpiper,SPSA
grnsan,Tringa ochropus,Green Sandpiper,GRSA
solsan,Tringa solitaria,Solitary Sandpiper,SOSA
wantat1,Tringa incana,Wandering Tattler,WATA
gyttat1,Tringa brevipes,Grey-tailed Tattler,GTTA
lesyel,Tringa flavipes,Lesser Yellowlegs,LEYE
willet1,Tringa semipalmata,Willet,WILL
comred1,Tringa totanus,Common Redshank,CREH
marsan,Tringa stagnatilis,Marsh Sandpiper,MASA
woosan,Tringa glareola,Wood Sandpiper,WOSA
spored,Tringa erythropus,Spotted Redshank,SPRE
comgre,Tringa nebularia,Common Greenshank,COMG
norgre1,Tringa guttifer,Nordmann's Greenshank,
greyel,Tringa melanoleuca,Greater Yellowlegs,GRYE
craplo1,Dromas ardeola,Crab-plover,
crccou1,Cursorius cursor,Cream-colored Courser,
somcou1,Cursorius somalensis,Somali Courser,
burcou2,Cursorius rufus,Burchell's Courser,
temcou1,Cursorius temminckii,Temminck's Courser,
dobcou2,Smutsornis africanus,Double-banded Courser,
thbcou1,Rhinoptilus cinctus,Three-banded Courser,
brwcou1,Rhinoptilus chalcopterus,Bronze-winged Courser,
jercou1,Rhinoptilus bitorquatus,Jerdon's Courser,
auspra1,Glareola isabella,Australian Pratincole,
colpra,Glareola pratincola,Collared Pratincole,COPR
oripra,Glareola maldivarum,Oriental Pratincole,ORPR
blwpra1,Glareola nordmanni,Black-winged Pratincole,
madpra1,Glareola ocularis,Madagascar Pratincole,
rocpra1,Glareola nuchalis,Rock Pratincole,
smapra1,Glareola lactea,Small Pratincole,
brnnod,Anous stolidus,Brown Noddy,BRNO
lesnod1,Anous tenuirostris,Lesser Noddy,
blknod,Anous minutus,Black Noddy,BLNO
bugnod,Anous ceruleus,Blue Noddy,BGNO
whiter,Gygis alba,Atlantic White Tern,WHTT
blkski,Rynchops niger,Black Skimmer,BLSK
afrski1,Rynchops flavirostris,African Skimmer,
indski1,Rynchops albicollis,Indian Skimmer,
swtgul1,Creagrus furcatus,Swallow-tailed Gull,STGU
bklkit,Rissa tridactyla,Black-legged Kittiwake,BLKI
relkit,Rissa brevirostris,Red-legged Kittiwake,RLKI
ivogul,Pagophila eburnea,Ivory Gull,IVGU
sabgul,Xema sabini,Sabine's Gull,SAGU
slbgul1,Chroicocephalus genei,Slender-billed Gull,
bongul,Chroicocephalus philadelphia,Bonaparte's Gull,BOGU
silgul2,Chroicocephalus novaehollandiae,Silver Gull,
blbgul1,Chroicocephalus bulleri,Black-billed Gull,
andgul1,Chroicocephalus serranus,Andean Gull,
bnhgul1,Chroicocephalus brunnicephalus,Brown-headed Gull,
brhgul2,Chroicocephalus maculipennis,Brown-hooded Gull,
bkhgul,Chroicocephalus ridibundus,Black-headed Gull,BHGU
grhgul,Chroicocephalus cirrocephalus,Grey-headed Gull,GHGU
hargul1,Chroicocephalus hartlaubii,Hartlaub's Gull,
saugul2,Saundersilarus saundersi,Saunders's Gull,
litgul,Hydrocoloeus minutus,Little Gull,LIGU
rosgul,Rhodostethia rosea,Ross's Gull,ROGU
dolgul2,Leucophaeus scoresbii,Dolphin Gull,
lavgul1,Leucophaeus fuliginosus,Lava Gull,
laugul,Leucophaeus atricilla,Laughing Gull,LAGU
fragul,Leucophaeus pipixcan,Franklin's Gull,FRGU
grygul,Leucophaeus modestus,Grey Gull,GRGU
audgul1,Ichthyaetus audouinii,Audouin's Gull,
medgul1,Ichthyaetus melanocephalus,Mediterranean Gull,
gbhgul2,Ichthyaetus ichthyaetus,Pallas's Gull,PAGU
whegul2,Ichthyaetus leucophthalmus,White-eyed Gull,
soogul2,Ichthyaetus hemprichii,Sooty Gull,
pacgul1,Larus pacificus,Pacific Gull,
belgul,Larus belcheri,Belcher's Gull,BEGU
olrgul1,Larus atlanticus,Olrog's Gull,
bktgul,Larus crassirostris,Black-tailed Gull,BTGU
heegul,Larus heermanni,Heermann's Gull,HEEG
mewgul,Larus canus,Common Gull,COGU
mewgul2,Larus brachyrhynchus,Short-billed Gull,SBIG
ribgul,Larus delawarensis,Ring-billed Gull,RBGU
calgul,Larus californicus,California Gull,CAGU
gbbgul,Larus marinus,Great Black-backed Gull,GBBG
kelgul,Larus dominicanus,Kelp Gull,KEGU
glwgul,Larus glaucescens,Glaucous-winged Gull,GWGU
wesgul,Larus occidentalis,Western Gull,WEGU
yefgul,Larus livens,Yellow-footed Gull,YFGU
glagul,Larus hyperboreus,Glaucous Gull,GLGU
y00478,Larus glaucoides,Iceland Gull,ICGU
hergul,,,
amhgul1,Larus smithsonianus,American Herring Gull,
veggul1,Larus vegae,Vega Gull,
casgul2,Larus cachinnans,Caspian Gull,
yelgul1,Larus michahellis,Yellow-legged Gull,YLGU
armgul1,Larus armenicus,Armenian Gull,
slbgul,Larus schistisagus,Slaty-backed Gull,SBAG
lbbgul,Larus fuscus,Lesser Black-backed Gull,LBBG
gubter1,,,
caster1,Hydroprogne caspia,Caspian Tern,CATE
royter1,Thalasseus maximus,Royal Tern,ROYT
grcter1,Thalasseus bergii,Greater Crested Tern,GCTE
lecter2,Thalasseus bengalensis,Lesser Crested Tern,
royter2,Thalasseus albididorsalis,West African Crested Tern,
chcter2,Thalasseus bernsteini,Chinese Crested Tern,
santer1,Thalasseus sandvicensis,Sandwich Tern,SATE
santer2,,,
eleter1,Thalasseus elegans,Elegant Tern,ELTE
litter1,Sternula albifrons,Little Tern,LITE
sauter2,Sternula saundersi,Saunders's Tern,
leater1,Sternula antillarum,Least Tern,LETE
yebter2,Sternula superciliaris,Yellow-billed Tern,YBTE
faiter2,Sternula nereis,Fairy Tern,
damter2,Sternula balaenarum,Damara Tern,
aleter1,Onychoprion aleuticus,Aleutian Tern,ALTE
gybter1,Onychoprion lunatus,Spectacled Tern,GBAT
briter1,Onychoprion anaethetus,Bridled Tern,BRTE
sooter1,Onychoprion fuscatus,Sooty Tern,SOTE
rivter1,Sterna aurantia,River Tern,
roster,Sterna dougallii,Roseate Tern,ROST
whfter1,Sterna striata,White-fronted Tern,
blnter1,Sterna sumatrana,Black-naped Tern,
soater1,Sterna hirundinacea,South American Tern,
comter,Sterna hirundo,Common Tern,COTE
whcter1,Sterna repressa,White-cheeked Tern,
arcter,Sterna paradisaea,Arctic Tern,ARTE
antter1,Sterna vittata,Antarctic Tern,
kerter1,Sterna virgata,Kerguelen Tern,
forter,Sterna forsteri,Forster's Tern,FOTE
truter,Sterna trudeaui,Snowy-crowned Tern,
blbter1,Sterna acuticauda,Black-bellied Tern,
blfter1,Chlidonias albostriatus,Black-fronted Tern,
whiter2,Chlidonias hybrida,Whiskered Tern,WHST
whwter,Chlidonias leucopterus,White-winged Tern,WWTE
blkter,Chlidonias niger,Black Tern,BLTE
labter1,Phaetusa simplex,Large-billed Tern,LBTE
incter1,Larosterna inca,Inca Tern,INTE
chisku1,Stercorarius chilensis,Chilean Skua,
brnsku3,Stercorarius antarcticus,Brown Skua,
gresku1,Stercorarius skua,Great Skua,GRSK
pomjae,Stercorarius pomarinus,Pomarine Jaeger,POJA
parjae,Stercorarius parasiticus,Parasitic Jaeger,PAJA
lotjae,Stercorarius longicaudus,Long-tailed Jaeger,LTJA
doveki,Alle alle,Little Auk,DOVE
thbmur,Uria lomvia,Thick-billed Murre,TBMU
commur,Uria aalge,Common Murre,COMU
razorb,Alca torda,Razorbill,RAZO
blkgui,Cepphus grylle,Black Guillemot,BLGU
piggui,Cepphus columba,Pigeon Guillemot,PIGU
marmur,Brachyramphus marmoratus,Marbled Murrelet,MAMU
xanmur2,Synthliboramphus scrippsi,Scripps's Murrelet,SCMU
cramur,Synthliboramphus craveri,Craveri's Murrelet,CRMU
ancmur,Synthliboramphus antiquus,Ancient Murrelet,ANMU
japmur1,Synthliboramphus wumizusume,Japanese Murrelet,
casauk,Ptychoramphus aleuticus,Cassin's Auklet,CAAU
leaauk,Aethia pusilla,Least Auklet,LEAU
whiauk,Aethia pygmaea,Whiskered Auklet,WHAU
atlpuf,Fratercula arctica,Atlantic Puffin,ATPU
horpuf,Fratercula corniculata,Horned Puffin,HOPU
kagu1,Rhynochetos jubatus,Kagu,
sunbit1,Eurypyga helias,Sunbittern,SUNB
rebtro,Phaethon aethereus,Red-billed Tropicbird,RBTR
rettro,Phaethon rubricauda,Red-tailed Tropicbird,RTTR
whttro,Phaethon lepturus,White-tailed Tropicbird,WTTR
retloo,Gavia stellata,Red-throated Loon,RTLO
arcloo,Gavia arctica,Black-throated Loon,ARLO
pacloo,Gavia pacifica,Pacific Loon,PALO
comloo,Gavia immer,Common Loon,COLO
yebloo,Gavia adamsii,Yellow-billed Loon,YBLO
kinpen1,Aptenodytes patagonicus,King Penguin,
genpen1,Pygoscelis papua,Gentoo Penguin,
litpen1,Eudyptula minor,Little Penguin,
galpen1,Spheniscus mendiculus,Galapagos Penguin,
humpen1,Spheniscus humboldti,Humboldt Penguin,
magpen1,Spheniscus magellanicus,Magellanic Penguin,
jacpen1,Spheniscus demersus,African Penguin,
roypen1,Eudyptes schlegeli,Royal Penguin,
rocpen4,Eudyptes moseleyi,Northern Rockhopper Penguin,
rocpen1,Eudyptes chrysocome,Western Rockhopper Penguin,
fiopen1,Eudyptes pachyrhynchus,Fiordland Penguin,
snapen1,Eudyptes robustus,Snares Penguin,
wispet,Oceanites oceanicus,Wilson's Storm Petrel,WISP
wvspet1,Oceanites gracilis,Elliot's Storm Petrel,
wfspet,Pelagodroma marina,White-faced Storm Petrel,WFSP
bbspet1,Fregetta tropica,Black-bellied Storm Petrel,BBSP
layalb,Phoebastria immutabilis,Laysan Albatross,LAAL
bkfalb,Phoebastria nigripes,Black-footed Albatross,BFAL
wavalb,Phoebastria irrorata,Waved Albatross,WAVA
wanalb,,,
wanalb2,,,
wanalb3,Diomedea dabbenena,Tristan Albatross,
royalb1,,,
royalb3,Diomedea sanfordi,Northern Royal Albatross,
limalb1,Phoebetria palpebrata,Light-mantled Albatross,LMAL
bkbalb,Thalassarche melanophris,Black-browed Albatross,BBAL
whcalb1,Thalassarche cauta,Shy Albatross,WCAL
salalb1,Thalassarche salvini,Salvin's Albatross,SAAL
bulalb2,Thalassarche bulleri,Buller's Albatross,
bripet,Hydrobates pelagicus,European Storm Petrel,EUSP
ftspet,Hydrobates furcatus,Fork-tailed Storm Petrel,FTSP
rispet1,Hydrobates hornbyi,Ringed Storm Petrel,RISP
swspet,Hydrobates monorhis,Swinhoe's Storm Petrel,SSTP
lcspet,Hydrobates leucorhous,Leach's Storm Petrel,LESP
barpet,Hydrobates castro,Band-rumped Storm Petrel,BSTP
monstp1,Hydrobates monteiroi,Monteiro's Storm Petrel,
cavstp1,Hydrobates jabejabe,Cape Verde Storm Petrel,
maspet,Hydrobates markhami,Markham's Storm Petrel,MASP
trspet,Hydrobates tristrami,Tristram's Storm Petrel,TRSP
norgip1,Macronectes halli,Northern Giant Petrel,NOGP
norful,Fulmarus glacialis,Northern Fulmar,NOFU
cappet,Daption capense,Pintado Petrel,
blupet1,Halobaena caerulea,Blue Petrel,
brbpri1,Pachyptila vittata,Broad-billed Prion,
dovpri1,Pachyptila desolata,Antarctic Prion,
slbpri1,Pachyptila belcheri,Slender-billed Prion,
faipri1,Pachyptila turtur,Fairy Prion,
fulpri1,Pachyptila crassirostris,Fulmar Prion,
kerpet2,Aphrodroma brevirostris,Kerguelen Petrel,
whhpet1,Pterodroma lessonii,White-headed Petrel,
grwpet2,Pterodroma gouldi,Grey-faced Petrel,GFPE
atlpet1,Pterodroma incerta,Atlantic Petrel,
solpet1,Pterodroma solandri,Providence Petrel,PRPE
magpet1,Pterodroma magentae,Magenta Petrel,
soppet1,Pterodroma mollis,Soft-plumaged Petrel,
madpet,Pterodroma madeira,Zino's Petrel,ZIPE
feapet1,Pterodroma feae,Cape Verde Petrel,FEPE
feapet2,,,
berpet,Pterodroma cahow,Bermuda Petrel,BEPE
jufpet,Pterodroma externa,Juan Fernandez Petrel,JFPE
kerpet,Pterodroma neglecta,Kermadec Petrel,KEPE
herpet2,Pterodroma heraldica,Herald Petrel,HEPE
tripet1,Pterodroma arminjoniana,Trindade Petrel,TRPE
phopet1,Pterodroma alba,Phoenix Petrel,
barpet1,Pterodroma baraui,Barau's Petrel,
hawpet1,Pterodroma sandwichensis,Hawaiian Petrel,HAPE
galpet,Pterodroma phaeopygia,Galapagos Petrel,GAPE
motpet,Pterodroma inexpectata,Mottled Petrel,MOPE
bkwpet,Pterodroma nigripennis,Black-winged Petrel,BWPE
chapet1,Pterodroma axillaris,Chatham Islands Petrel,
coopet,Pterodroma cookii,Cook's Petrel,COPE
grapet,Procellaria cinerea,Grey Petrel,
whcpet1,Procellaria aequinoctialis,White-chinned Petrel,WCPE
parpet1,Procellaria parkinsoni,Black Petrel,PAPE
wespet1,Procellaria westlandica,Westland Petrel,
strshe,Calonectris leucomelas,Streaked Shearwater,STRS
corshe,,,
cavshe1,Calonectris edwardsii,Cape Verde Shearwater,CVSH
wetshe,Ardenna pacifica,Wedge-tailed Shearwater,WTSH
sooshe,Ardenna grisea,Sooty Shearwater,SOSH
shtshe,Ardenna tenuirostris,Short-tailed Shearwater,STTS
pifshe,Ardenna creatopus,Pink-footed Shearwater,PFSH
flfshe,Ardenna carneipes,Flesh-footed Shearwater,FFSH
greshe,Ardenna gravis,Great Shearwater,GRSH
chrshe,Puffinus nativitatis,Christmas Shearwater,CHSH
manshe,Puffinus puffinus,Manx Shearwater,MASH
levshe1,Puffinus yelkouan,Mediterranean Shearwater,
balshe1,Puffinus mauretanicus,,
bkvshe,Puffinus opisthomelas,Black-vented Shearwater,BVSH
towshe1,Puffinus auricularis,Townsend's Shearwater,TOSH
flushe1,Puffinus gavia,Fluttering Shearwater,
hutshe1,Puffinus huttoni,Hutton's Shearwater,
audshe,Puffinus lherminieri,Sargasso Shearwater,SASH
pershe1,Puffinus persicus,Persian Shearwater,
troshe5,Puffinus bailloni,Tropical Shearwater,
audshe3,Puffinus subalaris,Galapagos Shearwater,GASH
litshe8,Puffinus assimilis,Little Shearwater,
litshe1,Puffinus baroli,Barolo Shearwater,BASH
litshe2,Puffinus boydi,Boyd's Shearwater,
sgdpet1,Pelecanoides georgicus,South Georgia Diving Petrel,
codpet1,Pelecanoides urinatrix,Common Diving Petrel,
bulpet,Bulweria bulwerii,Bulwer's Petrel,BUPE
woosto,Mycteria americana,Wood Stork,WOST
milsto1,Mycteria cinerea,Milky Stork,
yebsto1,Mycteria ibis,Yellow-billed Stork,
paisto1,Mycteria leucocephala,Painted Stork,
asiope1,Anastomus oscitans,Asian Openbill,
blasto1,Ciconia nigra,Black Stork,
whisto1,Ciconia ciconia,White Stork,
oristo1,Ciconia boyciana,Oriental Stork,
jabiru,Jabiru mycteria,Jabiru,JABI
lesadj1,Leptoptilos javanicus,Lesser Adjutant,
marsto1,Leptoptilos crumenifer,Marabou Stork,
magfri,Fregata magnificens,Magnificent Frigatebird,MAFR
grefri,Fregata minor,Great Frigatebird,GREF
norgan,Morus bassanus,Northern Gannet,NOGA
capgan1,Morus capensis,Cape Gannet,
ausgan1,Morus serrator,Australasian Gannet,
abbboo2,Papasula abbotti,Abbott's Booby,
bfoboo,Sula nebouxii,Blue-footed Booby,BFBO
perboo1,Sula variegata,Peruvian Booby,PEBO
masboo,Sula dactylatra,Masked Booby,MABO
nazboo1,Sula granti,Nazca Booby,NABO
refboo,Sula sula,Red-footed Booby,RFBO
brnboo,Sula leucogaster,Brown Booby,BRBO
darter2,Anhinga melanogaster,Oriental Darter,
darter3,Anhinga rufa,African Darter,
darter4,Anhinga novaehollandiae,Australasian Darter,
anhing,Anhinga anhinga,Anhinga,ANHI
pygcor2,Microcarbo pygmaeus,Pygmy Cormorant,
lotcor1,Microcarbo africanus,Reed Cormorant,
litcor1,Microcarbo niger,Little Cormorant,
lipcor1,Microcarbo melanoleucos,Little Pied Cormorant,
relcor1,Poikilocarbo gaimardi,Red-legged Cormorant,
bracor,Urile penicillatus,Brandt's Cormorant,BRAC
refcor,Urile urile,Red-faced Cormorant,RFCO
pelcor,Urile pelagicus,Pelagic Cormorant,PECO
soccor1,Phalacrocorax nigrogularis,Socotra Cormorant,
piisha1,Phalacrocorax featherstoni,Pitt Shag,
sposha1,Phalacrocorax punctatus,Spotted Shag,
blfcor1,Phalacrocorax fuscescens,Black-faced Cormorant,
piecor1,Phalacrocorax varius,Australian Pied Cormorant,
libcor1,Phalacrocorax sulcirostris,Little Black Cormorant,
indcor1,Phalacrocorax fuscicollis,Indian Cormorant,
grecor4,,,
grecor,Phalacrocorax carbo,Great Cormorant,GRCO
eursha1,Gulosus aristotelis,European Shag,
flicor1,Nannopterum harrisi,Flightless Cormorant,
neocor,Nannopterum brasilianum,Neotropic Cormorant,NECO
doccor,Nannopterum auritum,Double-crested Cormorant,DCCO
magcor1,Leucocarbo magellanicus,Rock Shag,
rofsha1,Leucocarbo carunculatus,New Zealand King Shag,
chisha1,Leucocarbo onslowi,Chatham Shag,
impcor1,Leucocarbo atriceps,Imperial Shag,
kersha1,Leucocarbo verrucosus,,
sacibi2,Threskiornis aethiopicus,African Sacred Ibis,
blhibi1,Threskiornis melanocephalus,Black-headed Ibis,
ausibi1,Threskiornis molucca,Australian White Ibis,
stnibi1,Threskiornis spinicollis,Straw-necked Ibis,
renibi1,Pseudibis papillosa,Red-naped Ibis,
whsibi1,Pseudibis davisoni,White-shouldered Ibis,
giaibi1,Pseudibis gigantea,Giant Ibis,
waldra1,Geronticus eremita,Northern Bald Ibis,
balibi1,Geronticus calvus,Southern Bald Ibis,
creibi1,Nipponia nippon,Crested Ibis,
oliibi2,Bostrychia olivacea,Olive Ibis,
spbibi1,Bostrychia rara,Spot-breasted Ibis,
hadibi1,Bostrychia hagedash,Hadada Ibis,
watibi1,Bostrychia carunculata,Wattled Ibis,
pluibi1,Theristicus caerulescens,Plumbeous Ibis,
bunibi1,Theristicus caudatus,Buff-necked Ibis,BNIB
bkfibi1,Theristicus melanopis,Black-faced Ibis,
bkfibi2,Theristicus branickii,Andean Ibis,
shtibi1,Cercibis oxycerca,Sharp-tailed Ibis,
greibi1,Mesembrinibis cayennensis,Green Ibis,GRIB
bafibi1,Phimosus infuscatus,Bare-faced Ibis,
whiibi,Eudocimus albus,American White Ibis,WHIB
scaibi,Eudocimus ruber,Scarlet Ibis,SCIB
gloibi,Plegadis falcinellus,Glossy Ibis,GLIB
whfibi,Plegadis chihi,White-faced Ibis,WFIB
punibi1,Plegadis ridgwayi,Puna Ibis,
madibi1,Lophotibis cristata,Madagascar Ibis,
eurspo1,Platalea leucorodia,Eurasian Spoonbill,EURS
blfspo1,Platalea minor,Black-faced Spoonbill,
afrspo1,Platalea alba,African Spoonbill,
royspo1,Platalea regia,Royal Spoonbill,
rosspo1,Platalea ajaja,Roseate Spoonbill,ROSP
whcbit1,Tigriornis leucolopha,White-crested Tiger Heron,
ruther1,Tigrisoma lineatum,Rufescent Tiger Heron,RTHE
father1,Tigrisoma fasciatum,Fasciated Tiger Heron,FTHE
btther1,Tigrisoma mexicanum,Bare-throated Tiger Heron,BTTH
agaher1,Agamia agami,Agami Heron,AGHE
bobher1,Cochlearius cochlearius,Boat-billed Heron,BBHE
zigher1,Zebrilus undulatus,Zigzag Heron,
grebit1,Botaurus stellaris,Eurasian Bittern,
ausbit1,Botaurus poiciloptilus,Australasian Bittern,
amebit,Botaurus lentiginosus,American Bittern,AMBI
pinbit1,Botaurus pinnatus,Pinnated Bittern,PIBI
stbbit1,Botaurus involucris,Stripe-backed Bittern,
leabit,Botaurus exilis,Least Bittern,LEBI
litbit1,Botaurus minutus,Little Bittern,
bkbbit1,Botaurus dubius,Black-backed Bittern,
yelbit,Botaurus sinensis,Yellow Bittern,YEBI
schbit1,Botaurus eurhythmus,Von Schrenck's Bittern,
cinbit1,Botaurus cinnamomeus,Cinnamon Bittern,
dwabit1,Botaurus sturmii,Dwarf Bittern,
blabit1,Botaurus flavicollis,Black Bittern,
janher1,Gorsachius goisagi,Japanese Night Heron,
manher1,Gorsachius melanolophus,Malayan Night Heron,
wbnher1,Calherodius leuconotus,White-backed Night Heron,
bcnher,Nycticorax nycticorax,Black-crowned Night Heron,BCNH
runher1,Nycticorax caledonicus,Nankeen Night Heron,
ycnher,Nyctanassa violacea,Yellow-crowned Night Heron,YCNH
grnher,Butorides virescens,Green Heron,GRHE
strher,Butorides striata,Striated Heron,STRH
squher1,Ardeola ralloides,Squacco Heron,
inpher1,Ardeola grayii,Indian Pond Heron,
chpher1,Ardeola bacchus,Chinese Pond Heron,CHPH
rubher2,Ardeola rufiventris,Rufous-bellied Heron,
categr,,,
categr2,Ardea coromanda,Eastern Cattle Egret,EACE
graher1,Ardea cinerea,Grey Heron,GRAH
grbher3,Ardea herodias,Great Blue Heron,GBHE
cocher1,Ardea cocoi,Cocoi Heron,COHE
pacher1,Ardea pacifica,White-necked Heron,
blhher1,Ardea melanocephala,Black-headed Heron,
grbher2,Ardea sumatrana,Great-billed Heron,
golher1,Ardea goliath,Goliath Heron,
purher1,Ardea purpurea,Purple Heron,PUHE
greegr,Ardea alba,Great Egret,GREG
capher1,Pilherodius pileatus,Capped Heron,CAHE
whiher1,Syrigma sibilatrix,Whistling Heron,WHHE
pieher2,Egretta picata,Pied Heron,
whfher1,Egretta novaehollandiae,White-faced Heron,
redegr,Egretta rufescens,Reddish Egret,REEG
blaher1,Egretta ardesiaca,Black Heron,
triher,Egretta tricolor,Tricolored Heron,TRHE
libher,Egretta caerulea,Little Blue Heron,LBHE
snoegr,Egretta thula,Snowy Egret,SNEG
litegr,Egretta garzetta,Little Egret,LIEG
werher,Egretta gularis,Western Reef Heron,WERH
litegr2,,,
pacreh1,Egretta sacra,Pacific Reef Heron,
hamerk1,Scopus umbretta,Hamerkop,
grwpel1,Pelecanus onocrotalus,Great White Pelican,
spbpel1,Pelecanus philippensis,Spot-billed Pelican,
dalpel1,Pelecanus crispus,Dalmatian Pelican,
auspel1,Pelecanus conspicillatus,Australian Pelican,
amwpel,Pelecanus erythrorhynchos,American White Pelican,AWPE
brnpel,Pelecanus occidentalis,Brown Pelican,BRPE
perpel1,Pelecanus thagus,Peruvian Pelican,
hoatzi1,Opisthocomus hoazin,Hoatzin,
kinvul1,Sarcoramphus papa,King Vulture,KIVU
andcon1,Vultur gryphus,Andean Condor,
blkvul,Coragyps atratus,Black Vulture,BLVU
turvul,Cathartes aura,Turkey Vulture,TUVU
lyhvul1,Cathartes burrovianus,Lesser Yellow-headed Vulture,LYHV
gyhvul1,Cathartes melambrotus,Greater Yellow-headed Vulture,
secret2,Sagittarius serpentarius,Secretarybird,
osprey,Pandion haliaetus,Osprey,OSPR
osprey4,,,
bkskit1,Elanus caeruleus,Black-winged Kite,
auskit1,Elanus axillaris,Black-shouldered Kite,
whtkit,Elanus leucurus,White-tailed Kite,WTKI
peakit1,Gampsonyx swainsonii,Pearl Kite,PEKI
sctkit1,Chelictinia riocourii,Scissor-tailed Kite,
afhhaw1,Polyboroides typus,African Harrier-Hawk,
mahhaw1,Polyboroides radiatus,Madagascar Harrier-Hawk,
panvul1,Gypohierax angolensis,Palm-nut Vulture,
lammer1,Gypaetus barbatus,Bearded Vulture,
egyvul1,Neophron percnopterus,Egyptian Vulture,
maseag1,Eutriorchis astur,Madagascar Serpent Eagle,
grhkit1,Leptodon cayanensis,Grey-headed Kite,GHKI
whckit1,Leptodon forbesi,White-collared Kite,
hobkit,Chondrohierax uncinatus,Hook-billed Kite,HBKI
euhbuz1,Pernis apivorus,European Honey Buzzard,
orihob2,Pernis ptilorhynchus,Crested Honey Buzzard,
barhob1,Pernis celebensis,Barred Honey Buzzard,
barhob2,Pernis steerei,Philippine Honey Buzzard,
swtkit,Elanoides forficatus,Swallow-tailed Kite,STKI
sqtkit1,Lophoictinia isura,Square-tailed Kite,
bkbkit1,Hamirostra melanosternon,Black-breasted Buzzard,
afrcuh1,Aviceda cuculoides,African Cuckoo-Hawk,
jerbaz1,Aviceda jerdoni,Jerdon's Baza,
pacbaz1,Aviceda subcristata,Pacific Baza,
blabaz1,Aviceda leuphotes,Black Baza,
whbvul1,Gyps africanus,White-backed Vulture,
whrvul1,Gyps bengalensis,White-rumped Vulture,
indvul1,Gyps indicus,Indian Vulture,
himgri1,Gyps himalayensis,Himalayan Vulture,
eurgri1,Gyps fulvus,Griffon Vulture,
capgri1,Gyps coprotheres,Cape Vulture,
cinvul1,Aegypius monachus,Cinereous Vulture,
crseag1,Spilornis cheela,Crested Serpent Eagle,
moseag1,Spilornis kinabaluensis,Mountain Serpent Eagle,
suseag1,Spilornis rufipectus,Sulawesi Serpent Eagle,
phseag1,Spilornis holospilus,Philippine Serpent Eagle,
anseag1,Spilornis elgini,Andaman Serpent Eagle,
grpeag1,Pithecophaga jefferyi,Philippine Eagle,
shteag1,Circaetus gallicus,Short-toed Snake Eagle,
brseag1,Circaetus cinereus,Brown Snake Eagle,
faseag1,Circaetus fasciolatus,Southern Banded Snake Eagle,
coseag1,Circaetus spectabilis,Congo Serpent Eagle,
bathaw1,Macheiramphus alcinus,Bat Hawk,
negeag1,Harpyopsis novaeguineae,Papuan Eagle,
creeag1,Morphnus guianensis,Crested Eagle,CREA
hareag1,Harpia harpyja,Harpy Eagle,HAEA
y00839,Nisaetus cirrhatus,Changeable Hawk-Eagle,
flohae1,Nisaetus floris,Flores Hawk-Eagle,
mouhae1,Nisaetus nipalensis,Mountain Hawk-Eagle,
mouhae2,Nisaetus kelaarti,Legge's Hawk-Eagle,
blyhae1,Nisaetus alboniger,Blyth's Hawk-Eagle,
javhae1,Nisaetus bartelsi,Javan Hawk-Eagle,
sulhae1,Nisaetus lanceolatus,Sulawesi Hawk-Eagle,
pinhae1,Nisaetus pinskeri,Pinsker's Hawk-Eagle,
walhae1,Nisaetus nanus,Wallace's Hawk-Eagle,
blheag1,Spizaetus tyrannus,Black Hawk-Eagle,BLHE
bawhae1,Spizaetus melanoleucus,Black-and-white Hawk-Eagle,BAWH
orheag1,Spizaetus ornatus,Ornate Hawk-Eagle,ORHE
baceag2,Spizaetus isidori,Black-and-chestnut Eagle,
crheag1,Stephanoaetus coronatus,Crowned Eagle,
rubeag2,Lophotriorchis kienerii,Rufous-bellied Eagle,
mareag1,Polemaetus bellicosus,Martial Eagle,
loceag1,Lophaetus occipitalis,Long-crested Eagle,
blaeag1,Ictinaetus malaiensis,Black Eagle,
leseag1,Clanga pomarina,Lesser Spotted Eagle,
inseag1,Clanga hastata,Indian Spotted Eagle,
grseag1,Clanga clanga,Greater Spotted Eagle,
waheag3,Hieraaetus wahlbergi,Wahlberg's Eagle,
booeag1,Hieraaetus pennatus,Booted Eagle,
liteag1,Hieraaetus morphnoides,Little Eagle,
ayheag1,Hieraaetus ayresii,Ayres's Hawk-Eagle,
taweag1,Aquila rapax,Tawny Eagle,
steeag1,Aquila nipalensis,Steppe Eagle,
spaeag1,Aquila adalberti,Spanish Imperial Eagle,
impeag1,Aquila heliaca,Eastern Imperial Eagle,
goleag,Aquila chrysaetos,Golden Eagle,GOEA
weteag1,Aquila audax,Wedge-tailed Eagle,
vereag1,Aquila verreauxii,Verreaux's Eagle,
cashae1,Aquila africana,Cassin's Hawk-Eagle,
boneag2,Aquila fasciata,Bonelli's Eagle,
afrhae1,Aquila spilogaster,African Hawk-Eagle,
dotkit1,Harpagus bidentatus,Double-toothed Kite,DTKI
rutkit1,Harpagus diodon,Rufous-thighed Kite,
lizbuz1,Kaupifalco monogrammicus,Lizard Buzzard,
gabgos2,Micronisus gabar,Gabar Goshawk,
dacgos1,Melierax metabates,Dark Chanting Goshawk,
eacgos1,Melierax poliopterus,Eastern Chanting Goshawk,
pacgos1,Melierax canorus,Pale Chanting Goshawk,
lothaw1,Urotriorchis macrourus,Long-tailed Hawk,
redgos1,Erythrotriorchis radiatus,Red Goshawk,
dorgos1,Megatriorchis doriae,Doria's Hawk,
tinhaw1,Microspizias superciliosus,Tiny Hawk,TIHA
semhaw2,Microspizias collaris,Semicollared Hawk,
cregos1,Lophospiza trivirgata,Crested Goshawk,
gybhaw1,Accipiter poliogaster,Grey-bellied Hawk,GBEH
recgos3,,,
afrgos1,Aerospiza tachiro,African Goshawk,
shikra1,Tachyspiza badia,Shikra,
levspa1,Tachyspiza brevipes,Levant Sparrowhawk,
grfhaw1,Tachyspiza soloensis,Chinese Sparrowhawk,
fragos2,Tachyspiza francesiae,Frances's Sparrowhawk,
sptgos1,Tachyspiza trinotata,Spot-tailed Sparrowhawk,
grygos1,Tachyspiza novaehollandiae,Grey Goshawk,
vargos1,Tachyspiza hiogaster,Variable Goshawk,
brogos1,Tachyspiza fasciata,Brown Goshawk,
blmgos1,Tachyspiza melanochlamys,Black-mantled Goshawk,
piegos1,Tachyspiza albogularis,Pied Goshawk,
necgos1,Tachyspiza haplochroa,,
fijgos1,Tachyspiza rufitorques,Fiji Goshawk,
molgos1,Tachyspiza henicogramma,Moluccan Goshawk,
retspa1,Tachyspiza erythropus,Red-thighed Sparrowhawk,
litspa1,Tachyspiza minulla,Little Sparrowhawk,
japspa1,Tachyspiza gularis,Japanese Sparrowhawk,
besra1,Tachyspiza virgata,Besra,
smaspa1,Tachyspiza nanus,Dwarf Sparrowhawk,
colspa1,Tachyspiza cirrocephala,Collared Sparrowhawk,
vibspa1,Tachyspiza rhodogaster,Vinous-breasted Sparrowhawk,
madspa1,Accipiter madagascariensis,Madagascar Sparrowhawk,
ovaspa2,Accipiter ovampensis,Ovambo Sparrowhawk,
eurspa1,Accipiter nisus,Eurasian Sparrowhawk,
shshaw,Accipiter striatus,Sharp-shinned Hawk,SSHA
shshaw3,,,
shshaw4,,,
shshaw5,,,
coohaw,Astur cooperii,Cooper's Hawk,
gunhaw1,Astur gundlachi,Gundlach's Hawk,
bichaw1,Astur bicolor,Bicolored Hawk,
bichaw4,Astur chilensis,Chilean Hawk,
blagos1,Astur melanoleucus,Black Sparrowhawk,
hengos1,Astur henstii,Henst's Goshawk,
norgos,Astur atricapillus,American Goshawk,
wemhar1,Circus aeruginosus,Western Marsh Harrier,WMHA
easmah1,Circus spilonotus,Eastern Marsh Harrier,
easmah2,Circus spilothorax,Papuan Harrier,
swahar1,Circus approximans,Swamp Harrier,
afmhar1,Circus ranivorus,African Marsh Harrier,
reuhar2,Circus maillardi,Reunion Harrier,
reuhar3,Circus macrosceles,Malagasy Harrier,
lowhar1,Circus buffoni,Long-winged Harrier,LWHA
blahar1,Circus maurus,Black Harrier,
norhar1,Circus cyaneus,Hen Harrier,
norhar2,Circus hudsonius,Northern Harrier,NOHA
cinhar1,Circus cinereus,Cinereous Harrier,
palhar1,Circus macrourus,Pallid Harrier,
piehar1,Circus melanoleucos,Pied Harrier,
monhar1,Circus pygargus,Montagu's Harrier,
redkit1,Milvus milvus,Red Kite,
blakit1,Milvus migrans,Black Kite,BLAK
blkkit3,,,
whikit1,Haliastur sphenurus,Whistling Kite,
brakit1,Haliastur indus,Brahminy Kite,
wbseag1,Icthyophaga leucogaster,White-bellied Sea Eagle,
solsee1,Icthyophaga sanfordi,Sanford's Sea Eagle,
affeag1,Icthyophaga vocifer,African Fish Eagle,
pafeag1,Haliaeetus leucoryphus,Pallas's Fish Eagle,
whteag,Haliaeetus albicilla,White-tailed Eagle,WTEA
baleag,Haliaeetus leucocephalus,Bald Eagle,BAEA
stseag,Haliaeetus pelagicus,Steller's Sea Eagle,STSE
lefeag1,Icthyophaga humilis,Lesser Fish Eagle,
gyhfie1,Icthyophaga ichthyaetus,Grey-headed Fish Eagle,
grabuz1,Butastur rufipennis,Grasshopper Buzzard,
whebuz1,Butastur teesa,White-eyed Buzzard,
ruwbuz1,Butastur liventer,Rufous-winged Buzzard,
gyfbuz1,Butastur indicus,Grey-faced Buzzard,
miskit,Ictinia mississippiensis,Mississippi Kite,MIKI
plukit1,Ictinia plumbea,Plumbeous Kite,PLKI
blchaw1,Busarellus nigricollis,Black-collared Hawk,BCHA
snakit,Rostrhamus sociabilis,Snail Kite,SNKI
slbkit1,Helicolestes hamatus,Slender-billed Kite,SBKI
crahaw,Geranospiza caerulescens,Crane Hawk,CRHA
pluhaw,Cryptoleucopteryx plumbea,Plumbeous Hawk,PLHA
slchaw2,Buteogallus schistaceus,Slate-colored Hawk,
comblh1,Buteogallus anthracinus,Common Black Hawk,COBH
cubblh1,Buteogallus gundlachii,Cuban Black Hawk,CUBH
ruchaw1,Buteogallus aequinoctialis,Rufous Crab Hawk,
savhaw1,Buteogallus meridionalis,Savanna Hawk,SAHA
whnhaw2,Buteogallus lacernulatus,White-necked Hawk,
grbhaw1,Buteogallus urubitinga,Great Black Hawk,GBHA
soleag1,Buteogallus solitarius,Solitary Eagle,SOEA
croeag1,Buteogallus coronatus,Chaco Eagle,
barhaw1,Morphnarchus princeps,Barred Hawk,BAHA
roahaw,Rupornis magnirostris,Roadside Hawk,ROHA
hrshaw,Parabuteo unicinctus,Harris's Hawk,HAHA
whrhaw1,Parabuteo leucorrhous,White-rumped Hawk,
whthaw,Geranoaetus albicaudatus,White-tailed Hawk,WTHA
rebhaw2,Geranoaetus polyosoma,Variable Hawk,
bcbeag1,Geranoaetus melanoleucus,Black-chested Buzzard-Eagle,
manhaw2,Pseudastur polionotus,Mantled Hawk,
whihaw1,Pseudastur albicollis,White Hawk,WHHA
gybhaw2,Pseudastur occidentalis,Grey-backed Hawk,
semhaw,Leucopternis semiplumbeus,Semiplumbeous Hawk,SEHA
blfhaw1,Leucopternis melanops,Black-faced Hawk,
whbhaw2,Leucopternis kuhli,White-browed Hawk,
gryhaw2,Buteo plagiatus,Grey Hawk,GRHA
gryhaw3,Buteo nitidus,Grey-lined Hawk,GLHA
reshaw,Buteo lineatus,Red-shouldered Hawk,RSHA
ridhaw1,Buteo ridgwayi,Ridgway's Hawk,RIHA
brwhaw,Buteo platypterus,Broad-winged Hawk,BWHA
whthaw1,Buteo albigula,White-throated Hawk,
shthaw,Buteo brachyurus,Short-tailed Hawk,STHA
hawhaw,Buteo solitarius,Hawaiian Hawk,HAWH
swahaw,Buteo swainsoni,Swainson's Hawk,SWHA
galhaw1,Buteo galapagoensis,Galapagos Hawk,
zothaw,Buteo albonotatus,Zone-tailed Hawk,ZTHA
rethaw,Buteo jamaicensis,Red-tailed Hawk,RTHA
ruthaw1,Buteo ventralis,Rufous-tailed Hawk,
ferhaw,Buteo regalis,Ferruginous Hawk,FEHA
rolhaw,Buteo lagopus,Rough-legged Buzzard,RLHA
uplbuz1,Buteo hemilasius,Upland Buzzard,
combuz6,Buteo japonicus,Eastern Buzzard,
combuz9,Buteo refectus,Himalayan Buzzard,
lolbuz1,Buteo rufinus,Long-legged Buzzard,LLBU
combuz4,,,
combuz1,Buteo buteo,Common Buzzard,
moubuz3,Buteo trizonatus,Forest Buzzard,
moubuz2,Buteo oreophilus,Mountain Buzzard,
renbuz1,Buteo auguralis,Red-necked Buzzard,
madbuz1,Buteo brachypterus,Madagascar Buzzard,
augbuz2,Buteo augur,Augur Buzzard,
jacbuz1,Buteo rufofuscus,Jackal Buzzard,
sooowl1,Tyto tenebricosa,Sooty Owl,
lesowl1,,,
minowl1,Tyto inexspectata,Minahasa Masked Owl,
talowl1,Tyto nigrobrunnea,Taliabu Masked Owl,
lemowl1,Tyto sororcula,,
aumowl1,Tyto novaehollandiae,Australasian Masked Owl,
sulowl1,Tyto rosenbergii,Sulawesi Masked Owl,
marowl1,Tyto soumagnei,Red Owl,
brnowl,Tyto furcata,American Barn Owl,ABOW
barowl28,,,
barowl7,,,
afgowl1,Tyto capensis,African Grass Owl,
ausgro1,Tyto longimembris,Eastern Grass Owl,
orbowl1,Phodilus badius,Oriental Bay Owl,
srlbao1,Phodilus assimilis,Sri Lanka Bay Owl,
paphao1,Uroglaux dimorpha,Papuan Hawk-Owl,
rufowl2,Ninox rufa,Rufous Owl,
powowl1,Ninox strenua,Powerful Owl,
barowl1,Ninox connivens,Barking Owl,
sumboo1,Ninox rudolfi,Great Sumba Boobook,
souboo8,Ninox boobook,Australian Boobook,
souboo4,Ninox rotiensis,Rote Boobook,
souboo5,Ninox fusca,Timor Boobook,
souboo6,Ninox plesseni,Alor Boobook,
morepo2,Ninox novaeseelandiae,Morepork,
norboo1,Ninox japonica,Northern Boobook,NOBB
brnhao1,Ninox scutulata,Brown Boobook,
brnhao3,Ninox obscura,Hume's Boobook,
choboo1,Ninox randi,Chocolate Boobook,
andhao1,Ninox affinis,Andaman Boobook,
phihao1,Ninox philippensis,Luzon Boobook,
minboo1,Ninox spilocephala,Mindanao Boobook,
sulboo1,Ninox reyi,Sulu Boobook,
cebboo1,Ninox rumseyi,Cebu Boobook,
romboo1,Ninox spilonotus,Romblon Boobook,
minboo2,Ninox mindorensis,Mindoro Boobook,
lishao1,Ninox sumbaensis,Little Sumba Boobook,
toghao1,Ninox burhani,Togian Boobook,
ocbhao1,Ninox ochracea,Ochre-bellied Boobook,
cinhao1,Ninox ios,Cinnabar Boobook,
molhao3,Ninox hypogramma,Halmahera Boobook,
hanboo2,Ninox squamipila,Seram Boobook,
molhao2,Ninox forbesi,Tanimbar Boobook,
chihao1,Ninox natalis,Christmas Boobook,
junhao1,Ninox theomacha,Papuan Boobook,
spehao1,Ninox punctulata,Speckled Boobook,
nebhao1,Ninox odiosa,New Britain Boobook,
balowl,Margarobyas lawrencii,Bare-legged Owl,BLOW
colowl1,Taenioptynx brodiei,Collared Owlet,
colowl3,Taenioptynx sylvaticus,Sunda Owlet,
elfowl,Micrathene whitneyi,Elf Owl,ELOW
lowowl1,Xenoglaux loweryi,Long-whiskered Owlet,
borowl,Aegolius funereus,Boreal Owl,BOOW
nswowl,Aegolius acadicus,Northern Saw-whet Owl,NSWO
uswowl1,Aegolius ridgwayi,Unspotted Saw-whet Owl,USWO
bufowl1,Aegolius harrisii,Buff-fronted Owl,
burowl,Athene cunicularia,Burrowing Owl,BUOW
spoowl1,Athene brama,Spotted Owlet,
litowl1,Athene noctua,Little Owl,
whbowl1,Athene superciliaris,White-browed Owl,
forowl1,Athene blewitti,Forest Owlet,
solboo1,Athene jacquinoti,West Solomons Owl,
solboo4,Athene roseoaxillaris,Makira Owl,
nohowl,Surnia ulula,Northern Hawk-Owl,NHOW
eupowl1,Glaucidium passerinum,Eurasian Pygmy Owl,
pesowl1,Glaucidium perlatum,Pearl-spotted Owlet,
recowl1,Glaucidium tephronotum,Red-chested Owlet,
asbowl1,Glaucidium cuculoides,Asian Barred Owlet,
javowl1,Glaucidium castanopterum,Javan Owlet,
junowl1,Glaucidium radiatum,Jungle Owlet,
chbowl1,Glaucidium castanotum,Chestnut-backed Owlet,
afbowl1,Glaucidium capense,African Barred Owlet,
albowl1,Glaucidium albertinum,Albertine Owlet,
norpyo1,,,
nopowl,Glaucidium gnoma,Northern Pygmy Owl,NOPO
norpyo3,,,
norpyo4,,,
crpowl,Glaucidium costaricanum,Costa Rican Pygmy Owl,CRPO
clopyo1,Glaucidium nubicola,Cloud-forest Pygmy Owl,
anpowl1,Glaucidium jardinii,Andean Pygmy Owl,
yupowl1,Glaucidium bolivianum,Yungas Pygmy Owl,
copowl1,Glaucidium palmarum,Colima Pygmy Owl,CPYO
tapowl1,Glaucidium sanchezi,Tamaulipas Pygmy Owl,TAPO
capowl1,Glaucidium griseiceps,Central American Pygmy Owl,CAPO
supowl1,Glaucidium parkeri,Subtropical Pygmy Owl,
amapyo1,Glaucidium hardyi,Amazonian Pygmy Owl,
leapyo1,Glaucidium minutissimum,East Brazilian Pygmy Owl,
fepowl,Glaucidium brasilianum,Ferruginous Pygmy Owl,FEPO
pepowl1,Glaucidium peruanum,Pacific Pygmy Owl,
aupowl1,Glaucidium nana,Austral Pygmy Owl,
cupowl1,Glaucidium siju,Cuban Pygmy Owl,CUPO
mineao1,Otus gurneyi,Giant Scops Owl,
wfsowl2,Otus sagittatus,White-fronted Scops Owl,
resowl1,Otus rufescens,Reddish Scops Owl,
sasowl1,Otus icterorhynchus,Sandy Scops Owl,
ansowl1,Otus balli,Andaman Scops Owl,
flsowl1,Otus alfredi,Flores Scops Owl,
mosowl2,Otus spilocephalus,Mountain Scops Owl,
jasowl2,Otus angelinae,Javan Scops Owl,
misowl1,Otus mirus,Mindanao Scops Owl,
lusowl1,Otus longicornis,Luzon Scops Owl,
misowl2,Otus mindorensis,Mindoro Scops Owl,
torsco1,,,
madsco1,Otus rutilus,Madagascar Scops Owl,
maysco1,Otus mayottensis,Mayotte Scops Owl,
cosowl3,Otus pauliani,Karthala Scops Owl,
ansowl2,Otus capnodes,Anjouan Scops Owl,
mohsco1,Otus moheliensis,Moheli Scops Owl,
pesowl2,Otus pembaensis,Pemba Scops Owl,
eursco1,Otus scops,Eurasian Scops Owl,
eursco3,Otus cyprius,Cyprus Scops Owl,
pasowl3,Otus brucei,Pallid Scops Owl,
arasco1,Otus pamelae,Arabian Scops Owl,
afsowl1,Otus senegalensis,African Scops Owl,
afrsco3,,,
afrsco2,Otus socotranus,Socotra Scops Owl,
orsowl,Otus sunia,Oriental Scops Owl,ORSO
ryusco1,Otus elegans,Ryukyu Scops Owl,
mosowl1,Otus magicus,Moluccan Scops Owl,
biasco1,Otus beccarii,Biak Scops Owl,
susowl1,Otus manadensis,Sulawesi Scops Owl,
sulsco5,Otus mendeni,Banggai Scops Owl,
sansco1,Otus collari,Sangihe Scops Owl,
masowl2,Otus mantananensis,Mantanani Scops Owl,
sesowl1,Otus insularis,Seychelles Scops Owl,
nicsco1,Otus alius,Nicobar Scops Owl,
sisowl1,Otus umbra,Simeulue Scops Owl,
ensowl1,Otus enganensis,Enggano Scops Owl,
mesowl1,Otus mentawi,Mentawai Scops Owl,
rasowl1,Otus brookii,Rajah Scops Owl,
insowl1,Otus bakkamoena,Indian Scops Owl,
cosowl1,Otus lettia,Collared Scops Owl,
jasowl1,Otus semitorques,Japanese Scops Owl,
susowl2,Otus lempiji,Sunda Scops Owl,
phsowl1,Otus megalotis,Philippine Scops Owl,
negsco1,Otus nigrorum,Negros Scops Owl,
evesco1,Otus everetti,Everett's Scops Owl,
pasowl2,Otus fuliginosus,Palawan Scops Owl,
wasowl1,Otus silvicola,Wallace's Scops Owl,
rinsco1,Otus jolandae,Rinjani Scops Owl,
palowl2,Otus podarginus,Palau Scops Owl,
nwfowl1,Ptilopsis leucotis,Northern White-faced Owl,
swfowl1,Ptilopsis granti,Southern White-faced Owl,
jamowl1,Asio grammicus,Jamaican Owl,JAOW
strowl1,Asio clamator,Striped Owl,STRO
loeowl,Asio otus,Long-eared Owl,LEOW
mleowl1,Asio madagascariensis,Madagascar Owl,
styowl1,Asio stygius,Stygian Owl,STOW
sheowl,Asio flammeus,Short-eared Owl,SEOW
marowl2,Asio capensis,Marsh Owl,
feaowl1,Asio solomonensis,Fearful Owl,
snoowl1,Bubo scandiacus,Snowy Owl,SNOW
grhowl,Bubo virginianus,Great Horned Owl,GHOW
grhowl2,Bubo magellanicus,Lesser Horned Owl,
eueowl1,Bubo bubo,Eurasian Eagle-Owl,
roeowl1,Bubo bengalensis,Indian Eagle-Owl,
pheowl1,Bubo ascalaphus,Pharaoh Eagle-Owl,
caeowl1,Bubo capensis,Cape Eagle-Owl,
speowl2,Bubo milesi,Arabian Eagle-Owl,
graeao1,Bubo cinerascens,Greyish Eagle-Owl,
spoeao2,Bubo africanus,Spotted Eagle-Owl,
fraeao1,Ketupa poensis,Fraser's Eagle-Owl,
useowl1,,,
veeowl1,Ketupa lactea,Verreaux's Eagle-Owl,
sheowl1,Ketupa shelleyi,Shelley's Eagle-Owl,
baeowl1,Ketupa sumatrana,Barred Eagle-Owl,
sbeowl1,Ketupa nipalensis,Spot-bellied Eagle-Owl,
dueowl1,Ketupa coromanda,Dusky Eagle-Owl,
akeowl1,Ketupa leucosticta,Akun Eagle-Owl,
pheowl2,Ketupa philippensis,Philippine Eagle-Owl,
blfowl1,Ketupa blakistoni,Blakiston's Fish Owl,
pefowl1,Scotopelia peli,Pel's Fishing Owl,
rufowl1,Scotopelia ussheri,Rufous Fishing Owl,
vefowl1,Scotopelia bouvieri,Vermiculated Fishing Owl,
brfowl1,Ketupa zeylonensis,Brown Fish Owl,
tafowl1,Ketupa flavipes,Tawny Fish Owl,
bufowl2,Ketupa ketupu,Buffy Fish Owl,
flaowl,Psiloscops flammeolus,Flammulated Owl,FLOW
prsowl,Gymnasio nudipes,Puerto Rican Owl,PRIO
whsowl1,Megascops trichopsis,Whiskered Screech Owl,WHSO
bssowl,Megascops clarkii,Bare-shanked Screech Owl,BSSO
whtsco1,Megascops albogularis,White-throated Screech Owl,
trsowl,Megascops choliba,Tropical Screech Owl,TRSO
besowl,Megascops barbarus,Bearded Screech Owl,BESO
pasowl4,Megascops cooperi,Pacific Screech Owl,PASO
wesowl1,Megascops kennicottii,Western Screech Owl,WESO
easowl1,Megascops asio,Eastern Screech Owl,EASO
basowl,Megascops seductus,Balsas Screech Owl,BASO
vesowl,Megascops guatemalae,Middle American Screech Owl,MASO
versco5,,,
koesco1,Megascops koepckeae,Koepcke's Screech Owl,
rufsco1,Megascops ingens,Rufescent Screech Owl,
cinsco1,Megascops petersoni,Cinnamon Screech Owl,
clfsco1,Megascops marshalli,Cloud-forest Screech Owl,
mofsco1,Megascops hoyi,Yungas Screech Owl,
versco2,Megascops centralis,Choco Screech Owl,CHSO
foosco1,Megascops roraimae,Foothill Screech Owl,
lotsco1,Megascops sanctaecatarinae,Long-tufted Screech Owl,
samsco1,Megascops gilesi,Santa Marta Screech Owl,
persco1,Megascops roboratus,West Peruvian Screech Owl,
tabsco1,Megascops watsonii,Tawny-bellied Screech Owl,
bkcsco1,Megascops atricapilla,Black-capped Screech Owl,
speowl1,Pulsatrix perspicillata,Spectacled Owl,SPEO
tabowl1,Pulsatrix koeniswaldiana,Tawny-browed Owl,
babowl1,Pulsatrix melanota,Band-bellied Owl,
creowl1,Lophostrix cristata,Crested Owl,CROW
spwowl1,Strix seloputo,Spotted Wood Owl,
mowowl1,Strix ocellata,Mottled Wood Owl,
brwowl1,Strix leptogrammica,Brown Wood Owl,
tawowl1,Strix aluco,Tawny Owl,
tawowl3,Strix mauritanica,,
himowl1,Strix nivicolum,Himalayan Owl,
humowl1,Strix hadorami,Desert Owl,
omaowl1,Strix butleri,Omani Owl,
brdowl,Strix varia,Barred Owl,BAOW
barowl13,Strix sartorii,Cinereous Owl,CIOW
fulowl1,Strix fulvescens,Fulvous Owl,FUOW
rubowl2,Strix hylophila,Rusty-barred Owl,
chaowl1,Strix chacoensis,Chaco Owl,
rulowl1,Strix rufipes,Rufous-legged Owl,
uraowl1,Strix uralensis,Ural Owl,
pedowl1,,,
grgowl,Strix nebulosa,Great Grey Owl,GGOW
afwowl1,Strix woodfordii,African Wood Owl,
motowl,Strix virgata,Mottled Owl,MOOW
bawowl1,Strix nigrolineata,Black-and-white Owl,BLWO
bkbowl1,Strix huhula,Black-banded Owl,
rubowl3,Strix albitarsis,Rufous-banded Owl,
spemou2,Colius striatus,Speckled Mousebird,
rebmou1,Colius castanotus,Red-backed Mousebird,
whbmou1,Colius colius,White-backed Mousebird,
blnmou1,Urocolius macrourus,Blue-naped Mousebird,
refmou1,Urocolius indicus,Red-faced Mousebird,
cuckoo1,Leptosomus discolor,Cuckoo-roller,
earque,Euptilotis neoxenus,Eared Quetzal,EAQU
pavque1,Pharomachrus pavoninus,Pavonine Quetzal,
gohque1,Pharomachrus auriceps,Golden-headed Quetzal,GHQU
whtque1,Pharomachrus fulgidus,White-tipped Quetzal,
resque1,Pharomachrus mocinno,Resplendent Quetzal,REQU
creque1,Pharomachrus antisianus,Crested Quetzal,
cubtro1,Priotelus temnurus,Cuban Trogon,CUTR
histro1,Priotelus roseigaster,Hispaniolan Trogon,HITR
lattro1,Trogon clathratus,Lattice-tailed Trogon,LTTR
slttro1,Trogon massena,Slaty-tailed Trogon,STTR
buttro1,Trogon comptus,Choco Trogon,
bkttro2,Trogon mesurus,Ecuadorian Trogon,
blttro1,Trogon melanurus,Black-tailed Trogon,BTAT
blhtro1,Trogon melanocephalus,Black-headed Trogon,BHTR
cittro1,Trogon citreolus,Citreoline Trogon,CITR
whttro1,Trogon chionurus,White-tailed Trogon,WTAT
baitro1,Trogon bairdii,Baird's Trogon,BATR
gnbtro1,Trogon viridis,Green-backed Trogon,
gartro1,Trogon caligatus,Gartered Trogon,GATR
viotro3,Trogon ramonianus,Amazonian Trogon,
viotro2,Trogon violaceus,Guianan Trogon,
blctro1,Trogon curucui,Blue-crowned Trogon,
surtro1,Trogon surrucura,Surucua Trogon,
blttro2,,,
eletro,Trogon elegans,Elegant Trogon,ELTR
moutro1,Trogon mexicanus,Mountain Trogon,MOTR
coltro1,Trogon collaris,Collared Trogon,COTR
mastro1,Trogon personatus,Masked Trogon,
nartro1,Apaloderma narina,Narina Trogon,
bactro1,Apaloderma aequatoriale,Bare-cheeked Trogon,
battro1,Apaloderma vittatum,Bar-tailed Trogon,
javtro1,Apalharpactes reinwardtii,Javan Trogon,
sumtro1,Apalharpactes mackloti,Sumatran Trogon,
maltro1,Harpactes fasciatus,Malabar Trogon,
rentro1,Harpactes kasumba,Red-naped Trogon,
diatro1,Harpactes diardii,Diard's Trogon,
phitro1,Harpactes ardens,Philippine Trogon,
whitro1,Harpactes whiteheadi,Whitehead's Trogon,
cirtro1,Harpactes orrhophaeus,Cinnamon-rumped Trogon,
scrtro1,Harpactes duvaucelii,Scarlet-rumped Trogon,
orbtro2,Harpactes oreskios,Orange-breasted Trogon,
rehtro1,Harpactes erythrocephalus,Red-headed Trogon,
wartro1,Harpactes wardi,Ward's Trogon,
hoopoe,Upupa epops,Common Hoopoe,EHOO
eurhoo2,,,
madhoo1,Upupa marginata,Madagascar Hoopoe,
forwoo1,Rhinopomastus castaneiceps,Forest Wood Hoopoe,
whhwoo1,Phoeniculus bollei,White-headed Wood Hoopoe,
grewoo2,Phoeniculus purpureus,Green Wood Hoopoe,
blbwoo2,Phoeniculus somaliensis,Black-billed Wood Hoopoe,
viowoo1,Phoeniculus damarensis,Violet Wood Hoopoe,
viowoo3,,,
blsbil1,Rhinopomastus aterrimus,Black Scimitarbill,
cosbil1,Rhinopomastus cyanomelas,Common Scimitarbill,
absbil1,Rhinopomastus minor,Abyssinian Scimitarbill,
soghor1,Bucorvus leadbeateri,Southern Ground Hornbill,
trbhor1,Tockus ruahae,Tanzanian Red-billed Hornbill,
wrbhor2,Tockus kempi,Western Red-billed Hornbill,
drbhor1,Tockus damarensis,Damara Red-billed Hornbill,
srbhor1,Tockus rufirostris,Southern Red-billed Hornbill,
rebhor1,Tockus erythrorhynchus,Northern Red-billed Hornbill,
vddhor1,Tockus deckeni,Von der Decken's Hornbill,
jachor1,Tockus jacksoni,Jackson's Hornbill,
sybhor1,Tockus leucomelas,Southern Yellow-billed Hornbill,
eybhor1,Tockus flavirostris,Eastern Yellow-billed Hornbill,
brahor1,Lophoceros bradfieldi,Bradfield's Hornbill,
crohor1,Lophoceros alboterminatus,Crowned Hornbill,
afphor1,,,
hemhor1,Lophoceros hemprichii,Hemprich's Hornbill,
afghor1,Lophoceros nasutus,African Grey Hornbill,
rbdhor1,Lophoceros camurus,Red-billed Dwarf Hornbill,
pabhor1,Lophoceros pallidirostris,Pale-billed Hornbill,
piphor1,Bycanistes fistulator,Piping Hornbill,
truhor1,Bycanistes bucinator,Trumpeter Hornbill,
bnchor1,Bycanistes cylindricus,Brown-cheeked Hornbill,
whthor1,Bycanistes albotibialis,White-thighed Hornbill,
bawhor2,Bycanistes subcylindricus,Black-and-white-casqued Hornbill,
sichor1,Bycanistes brevis,Silvery-cheeked Hornbill,
blchor1,Ceratogymna atrata,Black-casqued Hornbill,
yechor1,Ceratogymna elata,Yellow-casqued Hornbill,
bldhor1,,,
whchor3,,,
whchor2,Berenicornis comatus,White-crowned Hornbill,
rhihor1,Buceros rhinoceros,Rhinoceros Hornbill,
grehor1,Buceros bicornis,Great Hornbill,
rufhor1,Buceros hydrocorax,Rufous Hornbill,
palhor1,Anthracoceros marchei,Palawan Hornbill,
orphor1,Anthracoceros albirostris,Oriental Pied Hornbill,
maphor1,Anthracoceros coronatus,Malabar Pied Hornbill,
blahor1,Anthracoceros malayanus,Black Hornbill,
maghor2,Ocyceros griseus,Malabar Grey Hornbill,
ceghor1,Ocyceros gingalensis,Sri Lanka Grey Hornbill,
inghor2,Ocyceros birostris,Indian Grey Hornbill,
ruchor1,Anorrhinus tickelli,Tickell's Brown Hornbill,
brnhor1,Anorrhinus austeni,Austen's Brown Hornbill,
buchor1,Anorrhinus galeritus,Bushy-crested Hornbill,
runhor1,Aceros nipalensis,Rufous-necked Hornbill,
blyhor1,Rhyticeros plicatus,Blyth's Hornbill,
wrehor1,Rhyticeros undulatus,Wreathed Hornbill,
sumhor1,Rhyticeros everetti,Sumba Hornbill,
plphor1,Rhyticeros subruficollis,Plain-pouched Hornbill,
knohor1,Rhyticeros cassidix,Knobbed Hornbill,
wrihor2,Rhabdotorrhinus leucocephalus,Writhed Hornbill,
sulhor1,Rhabdotorrhinus exarhatus,Sulawesi Hornbill,
wrihor1,Rhabdotorrhinus corrugatus,Wrinkled Hornbill,
luzhor1,Penelopides manillae,Luzon Hornbill,
minhor2,Penelopides mindorensis,Mindoro Hornbill,
minhor1,Penelopides affinis,Mindanao Hornbill,
samhor1,Penelopides samarensis,Samar Hornbill,
tarhor1,Penelopides panini,Visayan Hornbill,
rucrol2,Coracias naevius,Purple Roller,
indrol2,Coracias benghalensis,Indian Roller,
indrol3,Coracias affinis,Indochinese Roller,
puwrol1,Coracias temminckii,Purple-winged Roller,
ratrol2,Coracias spatulatus,Racket-tailed Roller,
librol2,Coracias caudatus,Lilac-breasted Roller,
abyrol2,Coracias abyssinicus,Abyssinian Roller,
eurrol1,Coracias garrulus,European Roller,
blbrol1,Coracias cyanogaster,Blue-bellied Roller,
bltrol1,Eurystomus gularis,Blue-throated Roller,
brbrol1,Eurystomus glaucurus,Broad-billed Roller,
dollar1,Eurystomus orientalis,Oriental Dollarbird,
purrol1,Eurystomus azureus,Azure Dollarbird,
slgrol1,Brachypteracias leptosomus,Short-legged Ground Roller,
scagrr1,Geobiastes squamiger,Scaly Ground Roller,
plgrol1,Atelornis pittoides,Pitta-like Ground Roller,
rhgrol1,Atelornis crossleyi,Rufous-headed Ground Roller,
ltgrol1,Uratelornis chimaera,Long-tailed Ground Roller,
grbkin1,Actenoides monachus,Green-backed Kingfisher,
scakin1,Actenoides princeps,Scaly-breasted Kingfisher,
spokin1,Actenoides lindsayi,Spotted Wood Kingfisher,
blckin2,Actenoides hombroni,Blue-capped Kingfisher,
ruckin1,Actenoides concretus,Rufous-collared Kingfisher,
hobkin1,Melidora macrorrhina,Hook-billed Kingfisher,
bankin1,Lacedo pulchella,Banded Kingfisher,
copkin1,Tanysiptera galatea,Common Paradise Kingfisher,
bipkin1,Tanysiptera riedelii,Biak Paradise Kingfisher,
nupkin1,Tanysiptera carolinae,Numfor Paradise Kingfisher,
lipkin1,Tanysiptera hydrocharis,Little Paradise Kingfisher,
bubpak1,Tanysiptera sylvia,Buff-breasted Paradise Kingfisher,
bubpak2,Tanysiptera nigriceps,Black-capped Paradise Kingfisher,
rbpkin1,Tanysiptera nympha,Red-breasted Paradise Kingfisher,
bhpkin1,Tanysiptera danae,Brown-headed Paradise Kingfisher,
lickin2,Cittura cyanotis,Sulawesi Lilac Kingfisher,
shbkoo1,Dacelo rex,Shovel-billed Kookaburra,
laukoo1,Dacelo novaeguineae,Laughing Kookaburra,
blwkoo1,Dacelo leachii,Blue-winged Kookaburra,
spakoo1,Dacelo tyro,Spangled Kookaburra,
rubkoo1,Dacelo gaudichaud,Rufous-bellied Kookaburra,
whrkin1,Caridonax fulgidus,White-rumped Kingfisher,
stbkin1,Pelargopsis capensis,Stork-billed Kingfisher,
bnwkin1,Pelargopsis amauroptera,Brown-winged Kingfisher,
rudkin1,Halcyon coromanda,Ruddy Kingfisher,
whtkin2,Halcyon smyrnensis,White-throated Kingfisher,
chbkin2,Halcyon badia,Chocolate-backed Kingfisher,
blckin1,Halcyon pileata,Black-capped Kingfisher,
gyhkin1,Halcyon leucocephala,Grey-headed Kingfisher,
brhkin1,Halcyon albiventris,Brown-hooded Kingfisher,
strkin1,Halcyon chelicuti,Striped Kingfisher,
blbkin4,Halcyon malimbica,Blue-breasted Kingfisher,
wookin1,Halcyon senegalensis,Woodland Kingfisher,
mankin2,Halcyon senegaloides,Mangrove Kingfisher,
blbkin3,Todiramphus nigrocyaneus,Blue-black Kingfisher,
rulkin1,Todiramphus winchelli,Rufous-lored Kingfisher,
bawkin1,Todiramphus diops,Blue-and-white Kingfisher,
forkin1,Todiramphus macleayii,Forest Kingfisher,
nebkin1,Todiramphus albonotatus,White-mantled Kingfisher,
ultkin1,Todiramphus leucopygius,Ultramarine Kingfisher,
chbkin1,Todiramphus farquhari,Vanuatu Kingfisher,
somkin1,Todiramphus funebris,Sombre Kingfisher,
colkin1,Todiramphus chloris,Collared Kingfisher,
colkin9,Todiramphus sordidus,Torresian Kingfisher,
colkin2,Todiramphus albicilla,Mariana Kingfisher,
melkin1,Todiramphus tristrami,Melanesian Kingfisher,
packin1,Todiramphus sacer,Pacific Kingfisher,
talkin1,Todiramphus enigma,Talaud Kingfisher,
mickin5,Todiramphus reichenbachii,Pohnpei Kingfisher,
beakin2,Todiramphus saurophagus,Beach Kingfisher,
sackin1,Todiramphus sanctus,Sacred Kingfisher,
cibkin1,Todiramphus australasia,Cinnamon-banded Kingfisher,
chakin2,Todiramphus tutus,Chattering Kingfisher,
mankin1,Todiramphus ruficollaris,Mewing Kingfisher,
tahkin1,Todiramphus veneratus,Society Kingfisher,
rebkin2,Todiramphus pyrrhopygius,Red-backed Kingfisher,
yebkin1,Syma torotoro,Yellow-billed Kingfisher,
moukin1,Syma megarhyncha,Mountain Kingfisher,
dwakin1,Ispidina lecontei,African Dwarf Kingfisher,
afpkin1,Ispidina picta,African Pygmy Kingfisher,
mapkin1,Corythornis madagascariensis,Madagascar Pygmy Kingfisher,
whbkin1,Corythornis leucogaster,White-bellied Kingfisher,
malkin1,Corythornis cristatus,Malachite Kingfisher,
malkin2,Corythornis vintsioides,Malagasy Kingfisher,
smbkin1,Alcedo coerulescens,Cerulean Kingfisher,
bubkin2,Alcedo euryzona,Javan Blue-banded Kingfisher,
shbkin1,Alcedo quadribrachys,Shining-blue Kingfisher,
blekin1,Alcedo meninting,Blue-eared Kingfisher,
comkin1,Alcedo atthis,Common Kingfisher,
hackin1,Alcedo semitorquata,Half-collared Kingfisher,
bkbkin1,Ceyx erithaca,Black-backed Dwarf Kingfisher,
phikin1,Ceyx melanurus,Philippine Dwarf Kingfisher,
sulkin1,Ceyx fallax,Sulawesi Dwarf Kingfisher,
varkin1,Ceyx lepidus,Moluccan Dwarf Kingfisher,
vardwk1,Ceyx margarethae,Dimorphic Dwarf Kingfisher,
vardwk6,Ceyx solitarius,Papuan Dwarf Kingfisher,
vardwk15,Ceyx gentianus,Makira Dwarf Kingfisher,
silkin1,Ceyx argentatus,Southern Silvery Kingfisher,
azukin1,Ceyx azureus,Azure Kingfisher,
amakin1,Chloroceryle amazona,Amazon Kingfisher,AMKI
ampkin1,Chloroceryle aenea,American Pygmy Kingfisher,APKI
grnkin,Chloroceryle americana,Green Kingfisher,GKIN
garkin1,Chloroceryle inda,Green-and-rufous Kingfisher,GARK
crekin1,Megaceryle lugubris,Crested Kingfisher,
giakin3,Megaceryle maxima,Giant Kingfisher,
rinkin1,Megaceryle torquata,Ringed Kingfisher,RIKI
belkin1,Megaceryle alcyon,Belted Kingfisher,BEKI
piekin1,Ceryle rudis,Pied Kingfisher,
cubtod1,Todus multicolor,Cuban Tody,CUTO
brbtod1,Todus subulatus,Broad-billed Tody,BBTO
nabtod1,Todus angustirostris,Narrow-billed Tody,NBTO
jamtod1,Todus todus,Jamaican Tody,JATO
purtod1,Todus mexicanus,Puerto Rican Tody,PRTO
todmot1,Hylomanes momotula,Tody Motmot,TOMO
bltmot1,Aspatha gularis,Blue-throated Motmot,BTMO
rucmot1,Momotus mexicanus,Russet-crowned Motmot,RCMO
bucmot1,Momotus coeruliceps,Blue-capped Motmot,BCMO
bucmot2,Momotus lessonii,Lesson's Motmot,LEMO
bucmot3,Momotus subrufescens,Whooping Motmot,WHMO
bucmot4,Momotus momota,Amazonian Motmot,
higmot1,Momotus aequatorialis,Andean Motmot,
rufmot1,Baryphthengus martii,Rufous Motmot,RMOT
rucmot2,Baryphthengus ruficapillus,Rufous-capped Motmot,
kebmot1,Electron carinatum,Keel-billed Motmot,KBMO
brbmot1,Electron platyrhynchum,Broad-billed Motmot,BBMO
tubmot1,Eumomota superciliosa,Turquoise-browed Motmot,TBMO
rbbeat1,Nyctyornis amictus,Red-bearded Bee-eater,
bbbeat1,Nyctyornis athertoni,Blue-bearded Bee-eater,
pbbeat1,Meropogon forsteni,Purple-bearded Bee-eater,
bhbeat1,Merops breweri,Black-headed Bee-eater,
bhbeat2,Merops muelleri,Blue-headed Bee-eater,
bumbee1,Merops mentalis,Blue-moustached Bee-eater,
blbeat1,Merops gularis,Black Bee-eater,
stbeat1,Merops hirundineus,Swallow-tailed Bee-eater,
libeat1,Merops pusillus,Little Bee-eater,
bbbeat2,Merops variegatus,Blue-breasted Bee-eater,
bubbee2,Merops lafresnayii,Ethiopian Bee-eater,
ccbeat1,Merops oreobates,Cinnamon-chested Bee-eater,
rtbeat1,Merops bulocki,Red-throated Bee-eater,
wfbeat1,Merops bullockoides,White-fronted Bee-eater,
wtbeat1,Merops albicollis,White-throated Bee-eater,
bobeat1,Merops boehmi,Böhm's Bee-eater,
grnbee1,Merops viridissimus,African Green Bee-eater,
grnbee2,Merops cyanophrys,Arabian Green Bee-eater,
grnbee3,Merops orientalis,Asian Green Bee-eater,
bcbeat1,Merops persicus,Blue-cheeked Bee-eater,
mabeat1,Merops superciliosus,Olive Bee-eater,
btbeat1,Merops philippinus,Blue-tailed Bee-eater,
rabeat1,Merops ornatus,Rainbow Bee-eater,
btbeat2,Merops viridis,Blue-throated Bee-eater,
chbeat1,Merops leschenaulti,Chestnut-headed Bee-eater,
eubeat1,Merops apiaster,European Bee-eater,
robeat1,Merops malimbicus,Rosy Bee-eater,
ncbeat1,Merops nubicus,Northern Carmine Bee-eater,
scbeat1,Merops nubicoides,Southern Carmine Bee-eater,
whejac1,Galbalcyrhynchus leucotis,White-eared Jacamar,
purjac2,Galbalcyrhynchus purusianus,Purus Jacamar,
dubjac1,Brachygalba salmoni,Dusky-backed Jacamar,DBJA
pahjac1,Brachygalba goeringi,Pale-headed Jacamar,
brojac2,Brachygalba lugubris,Brown Jacamar,
whtjac1,Brachygalba albogularis,White-throated Jacamar,
thtjac1,Jacamaralcyon tridactyla,Three-toed Jacamar,
yebjac1,Galbula albirostris,Yellow-billed Jacamar,
bucjac1,Galbula cyanicollis,Blue-necked Jacamar,
rutjac1,Galbula ruficauda,Rufous-tailed Jacamar,RTJA
grtjac1,Galbula galbula,Green-tailed Jacamar,
cocjac2,Galbula pastazae,Coppery-chested Jacamar,
whcjac1,Galbula tombacea,White-chinned Jacamar,
blfjac1,Galbula cyanescens,Bluish-fronted Jacamar,
purjac1,Galbula chalcothorax,Purplish Jacamar,
brojac1,Galbula leucogastra,Bronzy Jacamar,
parjac1,Galbula dea,Paradise Jacamar,
grejac2,Jacamerops aureus,Great Jacamar,GREJ
whnpuf2,Notharchus hyperrhynchus,White-necked Puffbird,WNPU
guipuf1,Notharchus macrorhynchos,Guianan Puffbird,
bubpuf1,Notharchus swainsoni,Buff-bellied Puffbird,
blbpuf1,Notharchus pectoralis,Black-breasted Puffbird,BBPU
brbpuf1,Notharchus ordii,Brown-banded Puffbird,
piepuf1,Notharchus tectus,Pied Puffbird,PIPU
chcpuf1,Bucco macrodactylus,Chestnut-capped Puffbird,
spopuf1,Bucco tamatia,Spotted Puffbird,
socpuf1,Bucco noanamae,Sooty-capped Puffbird,
colpuf1,Bucco capensis,Collared Puffbird,
barpuf1,Nystalus radiatus,Barred Puffbird,BAPU
whepuf1,Nystalus chacuru,White-eared Puffbird,
strpuf1,Nystalus striolatus,Eastern Striolated Puffbird,
wespuf1,Nystalus obamai,Western Striolated Puffbird,
spbpuf1,Nystalus maculatus,Spot-backed Puffbird,
spbpuf3,,,
rutpuf1,Hypnelus ruficollis,Russet-throated Puffbird,
rutpuf3,Hypnelus bicinctus,Two-banded Puffbird,
crcpuf1,Malacoptila striata,Crescent-chested Puffbird,
whcpuf1,Malacoptila fusca,White-chested Puffbird,
sempuf1,Malacoptila semicincta,Semicollared Puffbird,
blspuf1,Malacoptila fulvogularis,Black-streaked Puffbird,
runpuf1,Malacoptila rufa,Rufous-necked Puffbird,
whwpuf1,Malacoptila panamensis,White-whiskered Puffbird,WWPU
moupuf1,Malacoptila mystacalis,Moustached Puffbird,
lanmon1,Micromonacha lanceolata,Lanceolated Monklet,LAMO
rubnun1,Nonnula rubecula,Rusty-breasted Nunlet,
fucnun1,Nonnula sclateri,Fulvous-chinned Nunlet,
bronun1,Nonnula brunnea,Brown Nunlet,
gycnun1,Nonnula frontalis,Grey-cheeked Nunlet,GCNU
rucnun1,Nonnula ruficapilla,Rufous-capped Nunlet,
whfnun2,Hapaloptila castanea,White-faced Nunbird,
blanun1,Monasa atra,Black Nunbird,
blfnun1,Monasa nigrifrons,Black-fronted Nunbird,
whfnun1,Monasa morphoeus,White-fronted Nunbird,WFNU
yebnun1,Monasa flavirostris,Yellow-billed Nunbird,
swwpuf1,Chelidoptera tenebrosa,Swallow-winged Puffbird,
sccbar1,Capito aurovirens,Scarlet-crowned Barbet,
scbbar2,Capito wallacei,Scarlet-banded Barbet,
spcbar1,Capito maculicoronatus,Spot-crowned Barbet,SCBA
orfbar1,Capito squamatus,Orange-fronted Barbet,
whmbar1,Capito hypoleucus,White-mantled Barbet,
blgbar1,Capito dayi,Black-girdled Barbet,
brcbar1,Capito brunneipectus,Brown-chested Barbet,
blsbar1,Capito niger,Black-spotted Barbet,
gilbar1,Capito auratus,Gilded Barbet,
ficbar1,Capito quinticolor,Five-colored Barbet,
letbar1,Eubucco richardsoni,Lemon-throated Barbet,
rehbar1,Eubucco bourcierii,Red-headed Barbet,RHBA
schbar1,Eubucco tucinkae,Scarlet-hooded Barbet,
verbar1,Eubucco versicolor,Versicolored Barbet,
prbbar1,Semnornis frantzii,Prong-billed Barbet,PBBA
toubar1,Semnornis ramphastinus,Toucan Barbet,
emetou3,,,
noremt1,Aulacorhynchus prasinus,Northern Emerald Toucanet,NOET
emetou4,,,
souemt1,Aulacorhynchus albivitta,Southern Emerald Toucanet,
emetou8,,,
grbtou1,Aulacorhynchus sulcatus,Groove-billed Toucanet,
chttou3,Aulacorhynchus derbianus,Chestnut-tipped Toucanet,
chttou2,Aulacorhynchus whitelianus,Tepui Toucanet,
crrtou1,Aulacorhynchus haematopygus,Crimson-rumped Toucanet,
yebtou1,Aulacorhynchus huallagae,Yellow-browed Toucanet,
blbtou1,Aulacorhynchus coeruleicinctis,Blue-banded Toucanet,
greara1,Pteroglossus viridis,Green Aracari,
letara1,Pteroglossus inscriptus,Lettered Aracari,
renara1,Pteroglossus bitorquatus,Red-necked Aracari,
ivbara1,Pteroglossus azara,Ivory-billed Aracari,
ivbara3,,,
blnara1,Pteroglossus aracari,Black-necked Aracari,
cheara1,Pteroglossus castanotis,Chestnut-eared Aracari,
mabara1,Pteroglossus pluricinctus,Many-banded Aracari,
colara1,Pteroglossus torquatus,Collared Aracari,COAR
colara4,,,
colara5,,,
fibara1,Pteroglossus frantzii,Fiery-billed Aracari,FBAR
cucara1,Pteroglossus beauharnaisii,Curl-crested Aracari,
saftou2,Pteroglossus bailloni,Saffron Toucanet,
yeetou1,Selenidera spectabilis,Yellow-eared Toucanet,YETO
guitou1,Selenidera piperivora,Guianan Toucanet,
goctou1,Selenidera reinwardtii,Golden-collared Toucanet,
tattou1,Selenidera nattereri,Tawny-tufted Toucanet,
goutou1,Selenidera gouldii,Gould's Toucanet,
spbtou1,Selenidera maculirostris,Spot-billed Toucanet,
gybmot1,Andigena hypoglauca,Grey-breasted Mountain Toucan,
pbmtou1,Andigena laminirostris,Plate-billed Mountain Toucan,
homtou1,Andigena cucullata,Hooded Mountain Toucan,
bbmtou1,Andigena nigrirostris,Black-billed Mountain Toucan,
rebtou2,Ramphastos dicolorus,Red-breasted Toucan,
chbtou1,Ramphastos vitellinus,Channel-billed Toucan,
chbtou3,,,
chotou1,Ramphastos brevis,Choco Toucan,
kebtou1,Ramphastos sulfuratus,Keel-billed Toucan,KBTO
toctou1,Ramphastos toco,Toco Toucan,
whttou1,Ramphastos tucanus,White-throated Toucan,
bkmtou1,Ramphastos ambiguus,Yellow-throated Toucan,YTTO
fitbar1,Psilopogon pyrolophus,Fire-tufted Barbet,
grebar1,Psilopogon virens,Great Barbet,
revbar1,Psilopogon lagrandieri,Red-vented Barbet,
brhbar1,Psilopogon zeylanicus,Brown-headed Barbet,
linbar1,Psilopogon lineatus,Lineated Barbet,
whcbar1,Psilopogon viridis,White-cheeked Barbet,
grebar3,Psilopogon faiostrictus,Green-eared Barbet,
brtbar1,Psilopogon corvinus,Brown-throated Barbet,
gowbar2,Psilopogon chrysopogon,Golden-whiskered Barbet,
recbar1,Psilopogon rafflesii,Red-crowned Barbet,
retbar1,Psilopogon mystacophanos,Red-throated Barbet,
blbbar2,Psilopogon javensis,Black-banded Barbet,
yefbar1,Psilopogon flavifrons,Yellow-fronted Barbet,
gotbar2,Psilopogon franklinii,Golden-throated Barbet,
gotbar3,Psilopogon auricularis,Necklaced Barbet,
blbbar5,Psilopogon oorti,Black-browed Barbet,
indbar1,Psilopogon annamensis,Indochinese Barbet,
chibar1,Psilopogon faber,Chinese Barbet,
taibar2,Psilopogon nuchalis,Taiwan Barbet,
bltbar2,Psilopogon asiaticus,Blue-throated Barbet,
tutbar1,Psilopogon chersonesus,Turquoise-throated Barbet,
moubar1,Psilopogon monticola,Mountain Barbet,
moubar2,Psilopogon incognitus,Moustached Barbet,
yecbar1,Psilopogon henricii,Yellow-crowned Barbet,
flfbar1,Psilopogon armillaris,Flame-fronted Barbet,
gonbar1,Psilopogon pulcherrimus,Golden-naped Barbet,
litbar1,Psilopogon australis,Yellow-eared Barbet,
blebar1,,,
borbar1,Psilopogon eximius,Bornean Barbet,
crfbar3,Psilopogon rubricapillus,Crimson-fronted Barbet,
crfbar1,Psilopogon malabaricus,Malabar Barbet,
copbar1,Psilopogon haemacephalus,Coppersmith Barbet,
brnbar2,Caloramphus fuliginosus,Brown Barbet,
soobar2,Caloramphus hayii,Sooty Barbet,
gytbar1,Gymnobucco bonapartei,Grey-throated Barbet,
brnbar1,Gymnobucco peli,Bristle-nosed Barbet,
nafbar1,Gymnobucco calvus,Naked-faced Barbet,
whebar1,Stactolaema leucotis,White-eared Barbet,
whybar1,Stactolaema whytii,Whyte's Barbet,
ancbar1,Stactolaema anchietae,Anchieta's Barbet,
grebar2,Cryptolybia olivacea,Green Barbet,
spetin1,Pogoniulus scolopaceus,Speckled Tinkerbird,
gretin2,Pogoniulus simplex,Green Tinkerbird,
moutin1,Pogoniulus leucomystax,Moustached Tinkerbird,
westin1,Pogoniulus coryphaea,Western Tinkerbird,
rertin1,Pogoniulus atroflavus,Red-rumped Tinkerbird,
yettin1,Pogoniulus subsulphureus,Yellow-throated Tinkerbird,
yertin1,Pogoniulus bilineatus,Yellow-rumped Tinkerbird,
reftin1,Pogoniulus uropygialis,Northern Red-fronted Tinkerbird,
yeftin1,Pogoniulus chrysoconus,Yellow-fronted Tinkerbird,
yesbar1,Buccanodon duchaillui,Yellow-spotted Barbet,
habbar1,Tricholaema hirsuta,Hairy-breasted Barbet,
refbar2,Tricholaema diademata,Red-fronted Barbet,
miobar1,Tricholaema frontata,Miombo Pied Barbet,
piebar1,Tricholaema leucomelas,Acacia Pied Barbet,
spfbar1,Tricholaema lacrymosa,Spot-flanked Barbet,
bltbar1,Tricholaema melanocephala,Black-throated Barbet,
banbar1,Lybius undatus,Banded Barbet,
viebar1,Lybius vieilloti,Vieillot's Barbet,
whhbar1,Lybius leucocephalus,White-headed Barbet,
chabar1,Lybius chaplini,Chaplin's Barbet,
refbar1,Lybius rubrifacies,Red-faced Barbet,
blbbar3,Lybius guifsobalito,Black-billed Barbet,
blcbar1,Lybius torquatus,Black-collared Barbet,
brbbar1,Pogonornis melanopterus,Brown-breasted Barbet,
blbbar1,Pogonornis minor,Black-backed Barbet,
dotbar1,Pogonornis bidentatus,Double-toothed Barbet,
beabar1,Pogonornis dubius,Bearded Barbet,
yebbar1,Trachylaemus goffinii,Western Yellow-billed Barbet,
crebar1,Trachyphonus vaillantii,Crested Barbet,
raybar1,Trachyphonus erythrocephalus,Red-and-yellow Barbet,
yebbar2,Trachyphonus margaritatus,Yellow-breasted Barbet,
darbar1,Trachyphonus darnaudii,D'Arnaud's Barbet,
darbar3,,,
grbhon2,Prodotiscus zambesiae,Green-backed Honeybird,
wahhon1,Prodotiscus regulus,Brown-backed Honeybird,
yefhon2,Melignomon eisentrauti,Yellow-footed Honeyguide,
dwahon1,Indicator pumilio,Dwarf Honeyguide,
wilhon2,Indicator willcocksi,Willcocks's Honeyguide,
palhon1,Indicator meliphilus,Pallid Honeyguide,
leahon2,Indicator exilis,Least Honeyguide,
thbhon1,,,
y00400,Indicator minor,Lesser Honeyguide,
spohon2,Indicator maculatus,Spotted Honeyguide,
scthon1,Indicator variegatus,Scaly-throated Honeyguide,
yerhon1,Indicator xanthonotus,Yellow-rumped Honeyguide,
grehon2,Indicator indicator,Greater Honeyguide,
eurwry,Jynx torquilla,Eurasian Wryneck,EUWR
runwry1,Jynx ruficollis,Red-throated Wryneck,
spepic1,Picumnus innominatus,Speckled Piculet,
babpic1,Picumnus aurifrons,Bar-breasted Piculet,
lafpic1,Picumnus lafresnayi,Lafresnaye's Piculet,
oripic1,Picumnus pumilus,Orinoco Piculet,
gospic1,Picumnus exilis,Golden-spangled Piculet,
scapic1,Picumnus squamulatus,Scaled Piculet,
ecupic1,Picumnus sclateri,Ecuadorian Piculet,
whbpic2,Picumnus spilogaster,White-bellied Piculet,
arrpic1,Picumnus minutissimus,Arrowhead Piculet,
spopic1,Picumnus pygmaeus,Spotted Piculet,
spcpic1,Picumnus steindachneri,Speckle-chested Piculet,
varpic1,Picumnus varzeae,Varzea Piculet,
whbpic1,Picumnus cirratus,White-barred Piculet,
ocepic2,Picumnus dorbignyanus,Ocellated Piculet,
occpic1,Picumnus temminckii,Ochre-collared Piculet,
whwpic1,Picumnus albosquamatus,White-wedged Piculet,
runpic1,Picumnus fuscus,Rusty-necked Piculet,
rubpic1,Picumnus rufiventris,Rufous-breasted Piculet,
ochpic1,Picumnus limae,Ochraceous Piculet,
motpic1,Picumnus nebulosus,Mottled Piculet,
plbpic1,Picumnus castelnau,Plain-breasted Piculet,
fibpic1,Picumnus subtilis,Fine-barred Piculet,
olipic1,Picumnus olivaceus,Olivaceous Piculet,OLPI
grapic1,Picumnus granadensis,Greyish Piculet,
chepic1,Picumnus cinnamomeus,Chestnut Piculet,
afrpic1,Verreauxia africana,African Piculet,
rufpic1,Sasia abnormis,Rufous Piculet,
whbpic3,Sasia ochracea,White-browed Piculet,
antpic1,Nesoctites micromegas,Antillean Piculet,ANPI
gabwoo3,Hemicircus concretus,Grey-and-buff Woodpecker,
heswoo1,Hemicircus canente,Heart-spotted Woodpecker,
whiwoo1,Melanerpes candidus,White Woodpecker,
lewwoo,Melanerpes lewis,Lewis's Woodpecker,LEWO
guawoo1,Melanerpes herminieri,Guadeloupe Woodpecker,GUWO
purwoo1,Melanerpes portoricensis,Puerto Rican Woodpecker,PRWO
rehwoo,Melanerpes erythrocephalus,Red-headed Woodpecker,RHWO
acowoo,Melanerpes formicivorus,Acorn Woodpecker,ACWO
yetwoo2,Melanerpes cruentatus,Yellow-tufted Woodpecker,
yefwoo1,Melanerpes flavifrons,Yellow-fronted Woodpecker,
gonwoo1,Melanerpes chrysauchen,Golden-naped Woodpecker,GNWO
beawoo2,Melanerpes pulcher,Beautiful Woodpecker,
blcwoo1,Melanerpes pucherani,Black-cheeked Woodpecker,BCWO
whfwoo1,Melanerpes cactorum,White-fronted Woodpecker,
hiswoo1,Melanerpes striatus,Hispaniolan Woodpecker,HIWO
jamwoo1,Melanerpes radiolatus,Jamaican Woodpecker,JAWO
gocwoo1,Melanerpes chrysogenys,Golden-cheeked Woodpecker,GCHW
grbwoo1,Melanerpes hypopolius,Grey-breasted Woodpecker,GBWO
yucwoo,Melanerpes pygmaeus,Yucatan Woodpecker,YUWO
recwoo1,Melanerpes rubricapillus,Red-crowned Woodpecker,RCRW
gilwoo,Melanerpes uropygialis,Gila Woodpecker,GIWO
hofwoo1,Melanerpes hoffmannii,Hoffmann's Woodpecker,HOWO
gofwoo,Melanerpes aurifrons,Golden-fronted Woodpecker,GFWO
gofwoo2,,,
rebwoo,Melanerpes carolinus,Red-bellied Woodpecker,RBWO
weiwoo1,Melanerpes superciliaris,West Indian Woodpecker,WIWO
wilsap,Sphyrapicus thyroideus,Williamson's Sapsucker,WISA
yebsap,Sphyrapicus varius,Yellow-bellied Sapsucker,YBSA
rensap,Sphyrapicus nuchalis,Red-naped Sapsucker,RNSA
rebsap,Sphyrapicus ruber,Red-breasted Sapsucker,RBSA
cugwoo1,Xiphidiopicus percussus,Cuban Green Woodpecker,CGWO
buswoo1,Pardipicus nivosus,Buff-spotted Woodpecker,
brewoo1,Pardipicus caroli,Brown-eared Woodpecker,
growoo1,Geocolaptes olivaceus,Ground Woodpecker,
fiswoo1,Campethera punctuligera,Fine-spotted Woodpecker,
benwoo1,Campethera bennettii,Bennett's Woodpecker,
nubwoo1,Campethera nubica,Nubian Woodpecker,
gotwoo1,Campethera abingoni,Golden-tailed Woodpecker,
knywoo1,Campethera notata,Knysna Woodpecker,
grbwoo2,Campethera maculosa,Green-backed Woodpecker,
ligwoo1,,,
sulwoo2,Yungipicus temminckii,Sulawesi Pygmy Woodpecker,
bncwoo3,Yungipicus nanus,Brown-capped Pygmy Woodpecker,
gycwoo1,Yungipicus canicapillus,Grey-capped Pygmy Woodpecker,
phiwoo1,Yungipicus maculatus,Philippine Pygmy Woodpecker,
bncwoo2,Yungipicus moluccensis,Sunda Pygmy Woodpecker,
pygwoo1,Yungipicus kizuki,Japanese Pygmy Woodpecker,
ettwoo1,Picoides tridactylus,Eurasian Three-toed Woodpecker,
attwoo1,Picoides dorsalis,American Three-toed Woodpecker,ATTW
bkbwoo,Picoides arcticus,Black-backed Woodpecker,BBWO
arawoo1,Dendrocoptes dorae,Arabian Woodpecker,
brfwoo1,Dendrocoptes auriceps,Brown-fronted Woodpecker,
miswoo1,Dendrocoptes medius,Middle Spotted Woodpecker,
yecwoo1,Leiopicus mahrattensis,Yellow-crowned Woodpecker,
beawoo1,Chloropicus namaquus,Bearded Woodpecker,
gocwoo3,Chloropicus xantholophus,Yellow-crested Woodpecker,
fibwoo1,Chloropicus pyrrhogaster,Fire-bellied Woodpecker,
ligwoo3,Dendropicos elachus,Little Grey Woodpecker,
spbwoo2,Dendropicos poecilolaemus,Speckle-breasted Woodpecker,
abywoo1,Dendropicos abyssinicus,Abyssinian Woodpecker,
carwoo1,Dendropicos fuscescens,Cardinal Woodpecker,
gabwoo1,Dendropicos gabonensis,Gabon Woodpecker,
melwoo1,Dendropicos lugubris,Melancholy Woodpecker,
ellwoo1,Dendropicos elliotii,Elliot's Woodpecker,
grywoo1,Dendropicos goertae,African Grey Woodpecker,
gyhwoo1,Dendropicos spodocephalus,Eastern Grey Woodpecker,
oliwoo2,Dendropicos griseocephalus,Olive Woodpecker,
brbwoo1,Dendropicos obsoletus,Brown-backed Woodpecker,
nutwoo,Dryobates nuttallii,Nuttall's Woodpecker,NUWO
labwoo,Dryobates scalaris,Ladder-backed Woodpecker,LBWO
dowwoo,Dryobates pubescens,Downy Woodpecker,DOWO
crbwoo3,,,
leswoo1,Dryobates minor,Lesser Spotted Woodpecker,
litwoo2,Dryobates passerinus,,
dofwoo1,Dryobates frontalis,,
whswoo2,Dryobates spilogaster,,
chewoo3,Dryobates mixtus,,
strwoo6,Dryobates lignarius,,
scbwoo3,Dryobates callonotus,,
yevwoo1,Dryobates dignus,,
babwoo2,Dryobates nigriceps,,
blcwoo3,Dryobates sanguineus,,
rerwoo1,Dryobates kirkii,,RRWO
reswoo1,Dryobates affinis,,
gocwoo2,Dryobates cassini,,
yeewoo1,Dryobates maculifrons,,
recwoo,Dryobates borealis,,RCWO
smbwoo1,Dryobates fumigatus,,SMBW
ariwoo,Dryobates arizonae,,ARWO
strwoo,Dryobates stricklandi,,STCW
haiwoo,Dryobates villosus,,HAWO
whhwoo,Dryobates albolarvatus,,WHWO
rubwoo1,Dendrocopos hyperythrus,Rufous-bellied Woodpecker,
fubwoo2,Dendrocopos macei,Fulvous-breasted Woodpecker,
frbwoo1,Dendrocopos analis,Freckle-breasted Woodpecker,
stbwoo4,Dendrocopos atratus,Stripe-breasted Woodpecker,
darwoo1,Dendrocopos darjellensis,Darjeeling Woodpecker,
himwoo1,Dendrocopos himalayensis,Himalayan Woodpecker,
sinwoo1,Dendrocopos assimilis,Sind Woodpecker,
syrwoo1,Dendrocopos syriacus,Syrian Woodpecker,
whwwoo1,Dendrocopos leucopterus,White-winged Woodpecker,
grswoo,Dendrocopos major,Great Spotted Woodpecker,GSWO
okiwoo1,Dendrocopos noguchii,Okinawa Woodpecker,
whbwoo1,Dendrocopos leucotos,White-backed Woodpecker,
ruwwoo1,Piculus simplex,Rufous-winged Woodpecker,RWWO
stcwoo1,Piculus callopterus,Stripe-cheeked Woodpecker,SCHW
whtwoo2,Piculus leucolaemus,White-throated Woodpecker,
litwoo1,Piculus litae,Lita Woodpecker,
yetwoo1,Piculus flavigula,Yellow-throated Woodpecker,
gogwoo1,Piculus chrysochloros,Golden-green Woodpecker,GGWO
whbwoo7,Piculus aurulentus,Yellow-browed Woodpecker,
goowoo1,Colaptes rubiginosus,Golden-olive Woodpecker,GOWO
grcwoo1,Colaptes auricularis,Grey-crowned Woodpecker,GRCW
goowoo3,,,
crmwoo2,Colaptes rivolii,Crimson-mantled Woodpecker,
blnwoo1,Colaptes atricollis,Black-necked Woodpecker,
spbwoo1,Colaptes punctigula,Spot-breasted Woodpecker,SBWP
grbwoo3,Colaptes melanochloros,Green-barred Woodpecker,
norfli,Colaptes auratus,Northern Flicker,NOFL
gilfli,Colaptes chrysoides,Gilded Flicker,GIFL
ferfli1,Colaptes fernandinae,Fernandina's Flicker,FEFL
chifli1,Colaptes pitius,Chilean Flicker,
andfli1,Colaptes rupicola,Andean Flicker,
camfli1,Colaptes campestris,Campo Flicker,
cinwoo1,Celeus loricatus,Cinnamon Woodpecker,CIWO
wavwoo1,,,
scbwoo5,,,
chcwoo1,Celeus castaneus,Chestnut-colored Woodpecker,CCOW
chewoo2,Celeus elegans,Chestnut Woodpecker,
pacwoo1,Celeus lugubris,Pale-crested Woodpecker,
blcwoo4,Celeus flavescens,Blond-crested Woodpecker,
blcwoo5,Celeus ochraceus,Ochre-backed Woodpecker,
crcwoo2,Celeus flavus,Cream-colored Woodpecker,
ruhwoo1,Celeus spectabilis,Rufous-headed Woodpecker,
caawoo1,Celeus obrieni,Kaempfer's Woodpecker,
rinwoo1,Celeus torquatus,Ringed Woodpecker,
helwoo1,Celeus galeatus,Helmeted Woodpecker,
blbwoo3,Dryocopus schulzii,Black-bodied Woodpecker,
linwoo1,Dryocopus lineatus,Lineated Woodpecker,LIWO
pilwoo,Dryocopus pileatus,Pileated Woodpecker,PIWO
whbwoo2,Dryocopus javensis,White-bellied Woodpecker,
andwoo1,Dryocopus hodgei,Andaman Woodpecker,
blawoo1,Dryocopus martius,Black Woodpecker,
powwoo1,Campephilus pollens,Powerful Woodpecker,
crbwoo1,Campephilus haematogaster,Crimson-bellied Woodpecker,CBWO
renwoo1,Campephilus rubricollis,Red-necked Woodpecker,
robwoo1,Campephilus robustus,Robust Woodpecker,
crcwoo1,Campephilus melanoleucos,Crimson-crested Woodpecker,CCRW
pabwoo1,Campephilus guatemalensis,Pale-billed Woodpecker,PBIW
guawoo2,Campephilus gayaquilensis,Guayaquil Woodpecker,
crbwoo2,Campephilus leucopogon,Cream-backed Woodpecker,
magwoo1,Campephilus magellanicus,Magellanic Woodpecker,
ivbwoo,Campephilus principalis,Ivory-billed Woodpecker,IBWO
banwoo2,Chrysophlegma miniaceum,Banded Woodpecker,
chtwoo1,Chrysophlegma mentale,Checker-throated Woodpecker,
greyel1,Chrysophlegma flavinucha,Greater Yellownape,
lesyel1,Picus chlorolophus,Lesser Yellownape,
crwwoo1,Picus puniceus,Crimson-winged Woodpecker,
stbwoo3,Picus viridanus,Streak-breasted Woodpecker,
lacwoo1,Picus vittatus,Laced Woodpecker,
sttwoo1,Picus xanthopygaeus,Streak-throated Woodpecker,
scbwoo1,Picus squamatus,Scaly-bellied Woodpecker,
japwoo1,Picus awokera,Japanese Green Woodpecker,
eugwoo2,Picus viridis,European Green Woodpecker,
grnwoo3,Picus sharpei,Iberian Green Woodpecker,
levwoo1,Picus vaillantii,Levaillant's Woodpecker,
recwoo2,Picus rabieri,Red-collared Woodpecker,
blhwoo1,Picus erythropygius,Black-headed Woodpecker,
gyfwoo1,Picus canus,Grey-headed Woodpecker,
gyhwoo4,,,
himfla1,Dinopium shorii,Himalayan Flameback,
comfla1,Dinopium javanense,Common Flameback,
sptfla1,Dinopium everetti,Spot-throated Flameback,
bkrfla1,Dinopium benghalense,Black-rumped Flameback,
bkrfla2,Dinopium psarodes,Red-backed Flameback,
busfla1,Chrysocolaptes lucidus,Buff-spotted Flameback,
luzfla1,Chrysocolaptes haematribon,Luzon Flameback,
yeffla1,Chrysocolaptes xanthocephalus,Yellow-faced Flameback,
rehfla1,Chrysocolaptes erythrocephalus,Red-headed Flameback,
javfla1,Chrysocolaptes strictus,Javan Flameback,
grefla1,Chrysocolaptes guttacristatus,Greater Flameback,
crbfla1,Chrysocolaptes stricklandi,Crimson-backed Flameback,
whnwoo1,Chrysocolaptes festivus,White-naped Woodpecker,
pahwoo1,Gecinulus grantia,Pale-headed Woodpecker,
bamwoo1,Gecinulus viridis,Bamboo Woodpecker,
olbwoo2,Gecinulus rafflesii,Olive-backed Woodpecker,
marwoo1,Blythipicus rubiginosus,Maroon Woodpecker,
baywoo1,Blythipicus pyrrhotis,Bay Woodpecker,
orbwoo1,Chrysocolaptes validus,Orange-backed Woodpecker,
rufwoo2,Micropternus brachyurus,Rufous Woodpecker,
burwoo1,Meiglyptes grammithorax,Buff-rumped Woodpecker,
babwoo3,Meiglyptes jugularis,Black-and-buff Woodpecker,
bunwoo1,Meiglyptes tukki,Buff-necked Woodpecker,
ashwoo1,Mulleripicus fulvus,Ashy Woodpecker,
soowoo1,Mulleripicus funebris,Northern Sooty Woodpecker,
sousow1,Mulleripicus fuliginosus,Southern Sooty Woodpecker,
grswoo1,Mulleripicus pulverulentus,Great Slaty Woodpecker,
relser1,Cariama cristata,Red-legged Seriema,
bllser1,Chunga burmeisteri,Black-legged Seriema,
blacar1,Daptrius ater,Black Caracara,
retcar2,Ibycter americanus,Red-throated Caracara,RTCA
carcar1,Daptrius carunculatus,Carunculated Caracara,
moucar1,Daptrius megalopterus,Mountain Caracara,
whtcar1,Daptrius albogularis,White-throated Caracara,
strcar1,Daptrius australis,Striated Caracara,
y00678,Caracara plancus,Crested Caracara,CRCA
yehcar1,Daptrius chimachima,Yellow-headed Caracara,
chicar1,Daptrius chimango,Chimango Caracara,
laufal1,Herpetotheres cachinnans,Laughing Falcon,LAFA
baffal1,Micrastur ruficollis,Barred Forest Falcon,BAFF
plffal1,Micrastur plumbeus,Plumbeous Forest Falcon,
liffal1,Micrastur gilvicollis,Lined Forest Falcon,
cryfof1,Micrastur mintoni,Cryptic Forest Falcon,
sbffal1,Micrastur mirandollei,Slaty-backed Forest Falcon,SBFF
coffal1,Micrastur semitorquatus,Collared Forest Falcon,COFF
buffal1,Micrastur buckleyi,Buckley's Forest Falcon,
spwfal2,Spiziapteryx circumcincta,Spot-winged Falconet,
pygfal1,Polihierax semitorquatus,Pygmy Falcon,
whrfal1,Neohierax insignis,White-rumped Falcon,
colfal1,Microhierax caerulescens,Collared Falconet,
bltfal1,Microhierax fringillarius,Black-thighed Falconet,
whffal1,Microhierax latifrons,White-fronted Falconet,
phifal1,Microhierax erythrogenys,Philippine Falconet,
piefal2,Microhierax melanoleucos,Pied Falconet,
leskes1,Falco naumanni,Lesser Kestrel,
eurkes,Falco tinnunculus,Common Kestrel,EUKE
eurkes1,Falco rupicolus,Rock Kestrel,
madkes1,Falco newtoni,Malagasy Kestrel,
spokes1,Falco moluccensis,Spotted Kestrel,
auskes1,Falco cenchroides,Nankeen Kestrel,
amekes,Falco sparverius,American Kestrel,AMKE
foxkes1,Falco alopex,Fox Kestrel,
grykes1,Falco ardosiaceus,Grey Kestrel,
bankes1,Falco zoniventris,Banded Kestrel,
renfal1,Falco chicquera,Red-necked Falcon,
reffal1,Falco vespertinus,Red-footed Falcon,RFFA
amufal1,Falco amurensis,Amur Falcon,
elefal1,Falco eleonorae,Eleonora's Falcon,
soofal1,Falco concolor,Sooty Falcon,
aplfal,Falco femoralis,Aplomado Falcon,APFA
merlin,Falco columbarius,Merlin,MERL
batfal1,Falco rufigularis,Bat Falcon,BAFA
orbfal1,Falco deiroleucus,Orange-breasted Falcon,OBFA
eurhob,Falco subbuteo,Eurasian Hobby,EHOB
afrhob1,Falco cuvierii,African Hobby,
orihob1,Falco severus,Oriental Hobby,
aushob1,Falco longipennis,Australian Hobby,
nezfal1,Falco novaeseelandiae,New Zealand Falcon,
brofal1,Falco berigora,Brown Falcon,
gryfal1,Falco hypoleucos,Grey Falcon,
lanfal1,Falco biarmicus,Lanner Falcon,
lagfal1,Falco jugger,Laggar Falcon,
sakfal1,Falco cherrug,Saker Falcon,
gyrfal,Falco rusticolus,Gyrfalcon,GYRF
prafal,Falco mexicanus,Prairie Falcon,PRFA
perfal,Falco peregrinus,Peregrine Falcon,PEFA
taifal1,Falco fasciinucha,Taita Falcon,
kakapo2,Strigops habroptilus,Kakapo,
kea1,Nestor notabilis,Kea,
nezkak1,Nestor meridionalis,New Zealand Kaka,
cockat,Nymphicus hollandicus,Cockatiel,
rtbcoc1,Calyptorhynchus banksii,Red-tailed Black Cockatoo,
glbcoc1,Calyptorhynchus lathami,Glossy Black Cockatoo,
ytbcoc1,Zanda funerea,Yellow-tailed Black Cockatoo,
whtblc1,Zanda baudinii,Baudin's Black Cockatoo,
slbblc1,Zanda latirostris,Carnaby's Black Cockatoo,
palcoc1,Probosciger aterrimus,Palm Cockatoo,
gagcoc1,Callocephalon fimbriatum,Gang-gang Cockatoo,
galah,Eolophus roseicapilla,Galah,
pincoc1,Cacatua leadbeateri,Pink Cockatoo,
lobcor1,Cacatua tenuirostris,Long-billed Corella,
wescor1,Cacatua pastinator,Western Corella,
litcor2,Cacatua sanguinea,Little Corella,
duccoc1,Cacatua ducorpsii,Solomons Corella,
succoc,Cacatua galerita,Sulphur-crested Cockatoo,
blecoc1,Cacatua ophthalmica,Blue-eyed Cockatoo,
grepar,Psittacus erithacus,Grey Parrot,
grypar1,,,
refpar5,Poicephalus gulielmi,Red-fronted Parrot,
yefpar4,Poicephalus flavifrons,Yellow-fronted Parrot,
brnpar1,Poicephalus fuscicollis,Brown-necked Parrot,
bnnpar2,Poicephalus robustus,Cape Parrot,
meypar1,Poicephalus meyeri,Meyer's Parrot,
ruepar1,Poicephalus rueppellii,Rüppell's Parrot,
brhpar2,Poicephalus cryptoxanthus,Brown-headed Parrot,
senpar,Poicephalus senegalus,Senegal Parrot,
rebpar1,Poicephalus rufiventris,Red-bellied Parrot,
litpar2,Touit batavicus,Lilac-tailed Parrotlet,
scspar1,Touit huetii,Scarlet-shouldered Parrotlet,
bufpar1,Touit dilectissimus,Blue-fronted Parrotlet,BFPA
sarpar2,Touit purpuratus,Sapphire-rumped Parrotlet,
brbpar1,Touit melanonotus,Brown-backed Parrotlet,
gotpar2,Touit surdus,Golden-tailed Parrotlet,
spwpar2,Touit stictopterus,Spot-winged Parrotlet,
gyhpar1,Psilopsiagon aymara,Grey-hooded Parakeet,
moupar2,Psilopsiagon aurifrons,Mountain Parakeet,
barpar1,Bolborhynchus lineola,Barred Parakeet,BAPA
rufpar1,Bolborhynchus ferrugineifrons,Rufous-fronted Parakeet,
andpar1,Bolborhynchus orbygnesius,Andean Parakeet,
teppar1,Nannopsittaca panychlora,Tepui Parrotlet,
monpar,Myiopsitta monachus,Monk Parakeet,MOPA
monpar2,,,
tuipar1,Brotogeris sanctithomae,Tui Parakeet,
plapar1,Brotogeris tirica,Plain Parakeet,
whwpar,Brotogeris versicolurus,White-winged Parakeet,WWPA
yecpar,Brotogeris chiriri,Yellow-chevroned Parakeet,YCPA
gycpar1,Brotogeris pyrrhoptera,Grey-cheeked Parakeet,
orcpar,Brotogeris jugularis,Orange-chinned Parakeet,OCPA
cowpar1,Brotogeris cyanoptera,Cobalt-winged Parakeet,
gowpar2,Brotogeris chrysoptera,Golden-winged Parakeet,
recpar3,Pionopsitta pileata,Pileated Parrot,
blbpar4,Triclaria malachitacea,Blue-bellied Parrot,
brhpar1,Pyrilia haematotis,Brown-hooded Parrot,BHOP
sahpar1,Pyrilia pyrilia,Saffron-headed Parrot,SHPA
rofpar2,Pyrilia pulchra,Rose-faced Parrot,
orcpar2,Pyrilia barrabandi,Orange-cheeked Parrot,
caipar2,Pyrilia caica,Caica Parrot,
balpar1,Pyrilia aurantiocephala,Bald Parrot,
vulpar1,Pyrilia vulturina,Vulturine Parrot,
rufpar2,Hapalopsittaca amazonina,Rusty-faced Parrot,
inwpar1,Hapalopsittaca fuertesi,Fuertes's Parrot,
refpar2,Hapalopsittaca pyrrhops,Red-faced Parrot,
blwpar1,Hapalopsittaca melanotis,Black-winged Parrot,
duspar1,Pionus fuscus,Dusky Parrot,
rebpar2,Pionus sordidus,Red-billed Parrot,
schpar1,Pionus maximiliani,Scaly-headed Parrot,
spfpar1,Pionus tumultuosus,Speckle-faced Parrot,
spfpar2,,,
blhpar1,Pionus menstruus,Blue-headed Parrot,BHEP
whcpar,Pionus senilis,White-crowned Parrot,WCPA
brwpar1,Pionus chalcopterus,Bronze-winged Parrot,
shtpar2,Graydidascalus brachyurus,Short-tailed Parrot,
yefpar5,Alipiopsitta xanthops,Yellow-faced Parrot,
fespar1,Amazona festiva,Festive Amazon,
vinpar1,Amazona vinacea,Vinaceous-breasted Amazon,
tucpar1,Amazona tucumana,Tucuman Amazon,
respar2,Amazona pretrei,Red-spectacled Amazon,
blbpar1,Amazona agilis,Black-billed Amazon,BBPA
whfpar1,Amazona albifrons,White-fronted Amazon,WFPA
yebpar1,Amazona collaria,Yellow-billed Amazon,YBPA
cubpar1,Amazona leucocephala,Cuban Amazon,CPAT
hispar1,Amazona ventralis,Hispaniolan Amazon,HPAT
licpar,Amazona finschi,Lilac-crowned Amazon,LCPA
relpar,Amazona autumnalis,Red-lored Amazon,RLPA
relpar4,,,
recpar,Amazona viridigenalis,Red-crowned Amazon,RCPA
yelpar1,Amazona xantholora,Yucatan Amazon,YLPA
blcpar2,Amazona dufresniana,Blue-cheeked Amazon,
rebpar7,Amazona rhodocorytha,Red-browed Amazon,
renpar1,Amazona arausiaca,Red-necked Amazon,RNPA
yehpar,Amazona oratrix,Yellow-headed Amazon,YHPA
yenpar1,Amazona auropalliata,Yellow-naped Amazon,YNPA
ywcpar,Amazona ochrocephala,Yellow-crowned Amazon,YCRP
bufpar,Amazona aestiva,Turquoise-fronted Amazon,
scnpar1,Amazona mercenarius,Scaly-naped Amazon,
meapar1,,,
meapar,Amazona farinosa,Mealy Amazon,MEAP
kawpar1,Amazona kawalli,Kawall's Amazon,
imppar1,Amazona imperialis,Imperial Amazon,IMPA
retpar1,Amazona brasiliensis,Red-tailed Amazon,
orwpar,Amazona amazonica,Orange-winged Amazon,
dubpar1,Forpus modestus,Dusky-billed Parrotlet,
mexpar1,Forpus cyanopygius,Mexican Parrotlet,MEXP
buwpar2,Forpus crassirostris,Riparian Parrotlet,
buwpar1,Forpus spengeli,Turquoise-winged Parrotlet,
buwpar3,Forpus xanthopterygius,Cobalt-rumped Parrotlet,
grrpar1,Forpus passerinus,Green-rumped Parrotlet,GRUP
spepar1,Forpus conspicillatus,Spectacled Parrotlet,SPPA
pacpar2,Forpus coelestis,Pacific Parrotlet,
yefpar2,Forpus xanthops,Yellow-faced Parrotlet,
blhpar4,Pionites melanocephalus,Black-headed Parrot,
whbpar1,Pionites leucogaster,White-bellied Parrot,
refpar3,Deroptyus accipitrinus,Red-fan Parrot,
bltpar2,Pyrrhura cruentata,Ochre-marked Parakeet,
blwpar2,Pyrrhura devillei,Blaze-winged Parakeet,
mabpar,Pyrrhura frontalis,Maroon-bellied Parakeet,
peapar1,Pyrrhura lepida,Pearly Parakeet,
crbpar1,Pyrrhura perlata,Crimson-bellied Parakeet,
gncpar,Pyrrhura molinae,Green-cheeked Parakeet,
pfrpar1,Pyrrhura pfrimeri,Pfrimer's Parakeet,
gybpar1,Pyrrhura griseipectus,Grey-breasted Parakeet,
mafpar3,Pyrrhura leucotis,White-eared Parakeet,
paipar1,Pyrrhura picta,Painted Parakeet,PAIP
paipar6,,,
sanpar2,Pyrrhura amazonum,Santarem Parakeet,
bonpar1,Pyrrhura lucianii,Bonaparte's Parakeet,
rofpar3,Pyrrhura roseifrons,Rose-fronted Parakeet,
sampar1,Pyrrhura viridicata,Santa Marta Parakeet,
fispar1,Pyrrhura egregia,Fiery-shouldered Parakeet,
matpar2,Pyrrhura melanura,Maroon-tailed Parakeet,
elopar1,Pyrrhura orcesi,El Oro Parakeet,
whnpar1,Pyrrhura albipectus,White-breasted Parakeet,
blcpar1,Pyrrhura rupicola,Black-capped Parakeet,
brbpar2,Pyrrhura calliptera,Flame-winged Parakeet,
reepar1,Pyrrhura hoematotis,Blood-eared Parakeet,
rohpar1,Pyrrhura rhodocephala,Rose-crowned Parakeet,
suwpar1,Pyrrhura hoffmanni,Sulphur-winged Parakeet,SWPA
auspar1,Enicognathus ferrugineus,Austral Parakeet,
slbpar1,Enicognathus leptorhynchus,Slender-billed Parakeet,
burpar,Cyanoliseus patagonus,Burrowing Parrot,
hyamac1,Anodorhynchus hyacinthinus,Hyacinth Macaw,
indmac1,Anodorhynchus leari,Lear's Macaw,
thbpar,Rhynchopsitta pachyrhyncha,Thick-billed Parrot,TBPA
mafpar1,Rhynchopsitta terrisi,Maroon-fronted Parrot,MFPA
oltpar1,Eupsittula nana,Olive-throated Parakeet,OTPA
orfpar,Eupsittula canicularis,Orange-fronted Parakeet,OFPA
pefpar1,Eupsittula aurea,Peach-fronted Parakeet,
brtpar1,Eupsittula pertinax,Brown-throated Parakeet,BTPA
cacpar1,Eupsittula cactorum,Caatinga Parakeet,
duhpar,Aratinga weddellii,Dusky-headed Parakeet,
bkhpar,Aratinga nenday,Nanday Parakeet,NAPA
subpar1,Aratinga maculata,Sulphur-breasted Parakeet,
janpar1,Aratinga jandaya,Jandaya Parakeet,
gocpar2,Aratinga auricapillus,Golden-capped Parakeet,
rebmac2,Orthopsittaca manilatus,Red-bellied Macaw,
buhmac1,Primolius couloni,Blue-headed Macaw,
yecmac,Primolius auricollis,Golden-collared Macaw,
buwmac1,Primolius maracana,Blue-winged Macaw,
baymac,Ara ararauna,Blue-and-yellow Macaw,BAYM
chfmac1,Ara severus,Chestnut-fronted Macaw,CFMA
milmac,Ara militaris,Military Macaw,MIMA
scamac1,Ara macao,Scarlet Macaw,SCMA
ragmac1,Ara chloropterus,Red-and-green Macaw,RAGM
goppar1,Leptosittaca branickii,Golden-plumed Parakeet,
yeepar1,Ognorhynchus icterotis,Yellow-eared Parrot,
golpar3,Guaruba guarouba,Golden Parakeet,
resmac2,Diopsittaca nobilis,Red-shouldered Macaw,
bucpar,Thectocercus acuticaudatus,Blue-crowned Parakeet,
grnpar,Psittacara holochlorus,Green Parakeet,GREP
grnpar2,Psittacara brevipes,Socorro Parakeet,SOPA
grnpar3,,,
pacpar1,Psittacara strenuus,Pacific Parakeet,PACP
scfpar1,,,
scfpar3,Psittacara frontatus,Cordilleran Parakeet,
mitpar,Psittacara mitratus,Mitred Parakeet,MIPA
rempar,Psittacara erythrogenys,Red-masked Parakeet,RMPA
crfpar,Psittacara finschi,Finsch's Parakeet,CFPA
whepar2,Psittacara leucophthalmus,White-eyed Parakeet,
cubpar2,Psittacara euops,Cuban Parakeet,CPAK
hispar,Psittacara chloropterus,Hispaniolan Parakeet,HPAK
pespar1,Psittrichas fulgidus,Pesquet's Parrot,
vaspar1,Coracopsis vasa,Greater Vasa Parrot,
blapar1,Coracopsis nigra,Lesser Vasa Parrot,
levpar1,Coracopsis sibilans,Comoro Black Parrot,
seypar1,Coracopsis barklyi,Seychelles Black Parrot,
ycppar1,Micropsitta keiensis,Yellow-capped Pygmy Parrot,
geppar1,Micropsitta geelvinkiana,Geelvink Pygmy Parrot,
bfppar1,Micropsitta pusio,Buff-faced Pygmy Parrot,
fippar1,Micropsitta finschii,Finsch's Pygmy Parrot,
rbppar1,Micropsitta bruijnii,Red-breasted Pygmy Parrot,
suppar1,Polytelis swainsonii,Superb Parrot,
regpar1,Polytelis anthopeplus,Regent Parrot,
alepar1,Polytelis alexandrae,Princess Parrot,
pakpar1,Alisterus chloropterus,Papuan King Parrot,
aukpar1,Alisterus scapularis,Australian King Parrot,
rewpar1,Aprosmictus erythropterus,Red-winged Parrot,
mirtai1,Prioniturus waterstradti,Mindanao Racket-tail,
luzrat1,Prioniturus montanus,Montane Racket-tail,
bhrtai1,Prioniturus platenae,Blue-headed Racket-tail,
bcrtai1,Prioniturus discurus,Blue-crowned Racket-tail,
eclpar,,,
recpar2,Geoffroyus geoffroyi,Red-cheeked Parrot,
blcpar3,Geoffroyus simplex,Blue-collared Parrot,
sinpar1,Geoffroyus heteroclitus,Song Parrot,
blrpar1,Psittinus cyanurus,Blue-rumped Parrot,
blnpar1,Tanygnathus lucionensis,Blue-naped Parrot,
azrpar1,,,
gyhpar2,Psittacula finschii,Grey-headed Parakeet,
slhpar1,Psittacula himalayana,Slaty-headed Parakeet,
blhpar3,Psittacula roseata,Blossom-headed Parakeet,
plhpar1,Psittacula cyanocephala,Plum-headed Parakeet,
rebpar4,Psittacula alexandri,Red-breasted Parakeet,
lotpar2,Psittacula longicauda,Long-tailed Parakeet,
malpar1,Psittacula columboides,Blue-winged Parakeet,
laypar1,Psittacula calthrapae,Layard's Parakeet,
alepar2,Psittacula eupatria,Alexandrine Parakeet,
rorpar,Psittacula krameri,Rose-ringed Parakeet,RRPA
maupar1,Psittacula eques,Echo Parakeet,
brtpar2,Psittacella brehmii,Brehm's Tiger Parrot,
patpar1,Psittacella picta,Painted Tiger Parrot,
motpar1,Psittacella modesta,Modest Tiger Parrot,
rerpar1,Psephotus haematonotus,Red-rumped Parrot,
bluebo1,Northiella haematogaster,Eastern Bluebonnet,
bluebo4,Northiella narethae,Naretha Bluebonnet,
mulpar1,Psephotellus varius,Mulga Parrot,
hoopar1,Psephotellus dissimilis,Hooded Parrot,
gospar1,Psephotellus chrysopterygius,Golden-shouldered Parrot,
recpar1,Purpureicephalus spurius,Red-capped Parrot,
greros2,Platycercus caledonicus,Green Rosella,
criros2,Platycercus elegans,Crimson Rosella,
norros1,Platycercus venustus,Northern Rosella,
pahros1,Platycercus adscitus,Pale-headed Rosella,
easros1,Platycercus eximius,Eastern Rosella,
wesros1,Platycercus icterotis,Western Rosella,
polpar1,Barnardius zonarius,Australian Ringneck,
swipar1,Lathamus discolor,Swift Parrot,
crspar1,Prosopeia splendens,Crimson Shining Parrot,
maspar2,Prosopeia personata,Masked Shining Parrot,
respar1,Prosopeia tabuensis,Maroon Shining Parrot,
horpar2,Eunymphicus cornutus,Horned Parakeet,
necpar1,Cyanoramphus saisseti,New Caledonian Parakeet,
chipar1,Cyanoramphus forbesi,Chatham Islands Parakeet,
noipar1,Cyanoramphus cookii,Norfolk Parakeet,
yefpar3,Cyanoramphus auriceps,Yellow-crowned Parakeet,
malpar2,Cyanoramphus malherbi,Malherbe's Parakeet,
refpar4,Cyanoramphus novaezelandiae,Red-crowned Parakeet,
gropar1,Pezoporus wallicus,Ground Parrot,
nigpar2,Pezoporus occidentalis,Night Parrot,
boupar2,Neopsephotus bourkii,Bourke's Parrot,
blwpar3,Neophema chrysostoma,Blue-winged Parrot,
elepar1,Neophema elegans,Elegant Parrot,
turpar1,Neophema pulchella,Turquoise Parrot,
sccpar1,Neophema splendida,Scarlet-chested Parrot,
plflor1,Oreopsittacus arfaki,Plum-faced Lorikeet,
reflor2,Hypocharmosyna rubronotata,Red-fronted Lorikeet,
reflor1,Hypocharmosyna placentis,Red-flanked Lorikeet,
failor1,Charmosynopsis pulchella,Fairy Lorikeet,
joslor1,Charmosyna josefinae,Josephine's Lorikeet,
paplor1,Charmosyna papou,West Papuan Lorikeet,
paplor3,Charmosyna stellae,Stella's Lorikeet,
duclor1,Vini margarethae,Duchess Lorikeet,
meelor1,Vini meeki,Meek's Lorikeet,
pallor1,Vini palmarum,Palm Lorikeet,
collor1,Vini solitaria,Collared Lory,
blclor2,Vini australis,Blue-crowned Lorikeet,
ultlor1,Vini ultramarina,Ultramarine Lorikeet,
kuhlor1,Vini kuhlii,Kuhl's Lorikeet,
blulor1,Vini peruviana,Blue Lorikeet,
yeblor2,Neopsittacus musschenbroekii,Yellow-billed Lorikeet,
orblor1,Neopsittacus pullicauda,Orange-billed Lorikeet,
yeblor1,Lorius chlorocercus,Yellow-bibbed Lory,
publor1,Lorius hypoinochrous,Purple-bellied Lory,
blclor1,Lorius lory,Black-capped Lory,
varlor1,Psitteuteles versicolor,Varied Lorikeet,
puclor1,Psitteuteles porphyrocephalus,,
litlor1,Psitteuteles pusillus,,
duslor1,Chalcopsitta fuscata,Dusky Lory,
carlor1,Chalcopsitta cardinalis,Cardinal Lory,
brolor1,Chalcopsitta duivenbodei,Brown Lory,
blalor1,Chalcopsitta atra,Black Lory,
yeslor1,Chalcopsitta scintillata,Yellow-streaked Lory,
gollor1,Glossoptilus goldiei,Goldie's Lorikeet,
muslor1,Trichoglossus concinnus,Musk Lorikeet,
yaglor2,Trichoglossus meyeri,Yellow-cheeked Lorikeet,
ornlor1,Trichoglossus ornatus,Ornate Lorikeet,
pohlor1,Trichoglossus rubiginosus,Pohnpei Lorikeet,
scblor1,Trichoglossus chlorolepidotus,Scaly-breasted Lorikeet,
railor7,Trichoglossus rubritorquis,Red-collared Lorikeet,
olhlor1,Trichoglossus euteles,Olive-headed Lorikeet,
railor3,Trichoglossus forsteni,Sunset Lorikeet,
budger,Melopsittacus undulatus,Budgerigar,
lafpar1,Cyclopsitta desmarestii,Large Fig Parrot,
edfpar1,Cyclopsitta edwardsii,Edwards's Fig Parrot,
safpar1,Cyclopsitta salvadorii,Salvadori's Fig Parrot,
obfpar1,,,
vehpar1,Loriculus vernalis,Vernal Hanging Parrot,
cehpar1,Loriculus beryllinus,Sri Lanka Hanging Parrot,
phihap1,Loriculus philippensis,Philippine Hanging Parrot,
bchpar1,Loriculus galgulus,Blue-crowned Hanging Parrot,
suhpar1,Loriculus stigmatus,Great Hanging Parrot,
mohpar1,Loriculus amabilis,Moluccan Hanging Parrot,
sulhap1,Loriculus sclateri,Sula Hanging Parrot,
sahpar2,Loriculus catamene,Sangihe Hanging Parrot,
paphap1,Loriculus aurantiifrons,Orange-fronted Hanging Parrot,
pyghap1,Loriculus exilis,Pygmy Hanging Parrot,
gyhlov1,Agapornis canus,Grey-headed Lovebird,
rehlov1,Agapornis pullarius,Red-headed Lovebird,
blwlov1,Agapornis taranta,Black-winged Lovebird,
peflov,Agapornis roseicollis,Rosy-faced Lovebird,RFLO
fislov1,Agapornis fischeri,Fischer's Lovebird,
yeclov,Agapornis personatus,Yellow-collared Lovebird,
lillov1,Agapornis lilianae,Lilian's Lovebird,
blclov1,Agapornis nigrigenis,Black-cheeked Lovebird,
riflem1,Acanthisitta chloris,Rifleman,
soiwre1,Xenicus gilviventris,New Zealand Rockwren,
sapayo1,Sapayoa aenigma,Sapayoa,SAPA
schasi1,Philepitta schlegeli,Schlegel's Asity,
velasi1,Philepitta castanea,Velvet Asity,
sunasi1,Neodrepanis coruscans,Common Sunbird-Asity,
yebasi1,Neodrepanis hypoxantha,Yellow-bellied Sunbird-Asity,
grabro1,Pseudocalyptomena graueri,Grauer's Broadbill,
lotbro1,Psarisomus dalhousiae,Long-tailed Broadbill,
dusbro1,Corydon sumatranus,Dusky Broadbill,
visbro1,Sarcophanops samarensis,Visayan Broadbill,
watbro1,Sarcophanops steerii,Wattled Broadbill,
sibbro1,,,
barbro1,Cymbirhynchus macrorhynchos,Black-and-red Broadbill,
banbro1,Eurylaimus javanicus,Banded Broadbill,
baybro1,Eurylaimus ochromalus,Black-and-yellow Broadbill,
gyhbro1,Smithornis sharpei,Grey-headed Broadbill,
rusbro1,Smithornis rufolateralis,Rufous-sided Broadbill,
afrbro1,Smithornis capensis,African Broadbill,
grebro1,Calyptomena viridis,Green Broadbill,
whibro1,Calyptomena whiteheadi,Whitehead's Broadbill,
earpit1,Hydrornis phayrei,Eared Pitta,
giapit1,Hydrornis caeruleus,Giant Pitta,
runpit1,Hydrornis oatesi,Rusty-naped Pitta,
schpit1,Hydrornis schneideri,Schneider's Pitta,
blnpit1,Hydrornis nipalensis,Blue-naped Pitta,
blrpit1,Hydrornis soror,Blue-rumped Pitta,
banpit3,Hydrornis irena,Malayan Banded Pitta,
banpit4,Hydrornis schwaneri,Bornean Banded Pitta,
blhpit1,Hydrornis baudii,Blue-headed Pitta,
blupit1,Hydrornis cyaneus,Blue Pitta,
babpit1,Hydrornis elliotii,Bar-bellied Pitta,
rebpit1,Erythropitta erythrogaster,Philippine Pitta,
sulpit3,,,
siapit1,,,
molpit1,Erythropitta rufiventris,North Moluccan Pitta,
sompit1,Erythropitta rubrinucha,South Moluccan Pitta,
pappit1,Erythropitta macklotii,Papuan Pitta,
loupit1,Erythropitta meeki,Louisiade Pitta,
neipit1,,,
blcpit1,Erythropitta venusta,Graceful Pitta,
garpit1,Erythropitta granatina,Garnet Pitta,
bkhpit1,Erythropitta ussheri,Black-crowned Pitta,
blbpit1,Erythropitta arquata,Blue-banded Pitta,
afrpit1,Pitta angolensis,African Pitta,
grbpit1,Pitta reichenowi,Green-breasted Pitta,
indpit1,Pitta brachyura,Indian Pitta,
blwpit1,Pitta moluccensis,Blue-winged Pitta,
manpit1,Pitta megarhyncha,Mangrove Pitta,
hoopit2,,,
faipit1,Pitta nympha,Fairy Pitta,
noipit1,Pitta versicolor,Noisy Pitta,
ivbpit1,Pitta maxima,Ivory-breasted Pitta,
elepit2,Pitta concinna,Ornate Pitta,
elepit7,Pitta elegans,Elegant Pitta,
elepit6,Pitta vigorsii,Banda Sea Pitta,
blfpit1,Pitta anerythra,Black-faced Pitta,
azbpit1,Pitta steerii,Azure-breasted Pitta,
suppit1,Pitta superba,Superb Pitta,
raipit1,Pitta iris,Rainbow Pitta,
tatlea1,Sclerurus mexicanus,Tawny-throated Leaftosser,TTLE
soalea1,Sclerurus obscurior,Dusky Leaftosser,
shblea1,Sclerurus rufigularis,Short-billed Leaftosser,
sctlea1,Sclerurus guatemalensis,Scaly-throated Leaftosser,STLE
bltlea1,Sclerurus caudacutus,Black-tailed Leaftosser,
grtlea1,Sclerurus albigularis,Grey-throated Leaftosser,GTLE
rublea1,Sclerurus scansor,Rufous-breasted Leaftosser,
coamin1,Geositta peruviana,Coastal Miner,
slbmin1,Geositta tenuirostris,Slender-billed Miner,
commin1,Geositta cunicularia,Common Miner,
punmin1,Geositta punensis,Puna Miner,
cammin2,Geositta poeciloptera,Campo Miner,
thbmin1,Geositta crassirostris,Thick-billed Miner,
rubmin1,Geositta rufipennis,Rufous-banded Miner,
gramin1,Geositta maritima,Greyish Miner,
shbmin1,Geositta antarctica,Short-billed Miner,
dawmin1,Geositta saxicolina,Dark-winged Miner,
sptwoo1,Certhiasomus stictolaemus,Spot-throated Woodcreeper,
oliwoo1,Sittasomus griseicapillus,Olivaceous Woodcreeper,OLWO
lotwoo1,,,
tyrwoo1,Dendrocincla tyrannina,Tyrannine Woodcreeper,
whcwoo1,Dendrocincla merula,White-chinned Woodcreeper,
rudwoo1,Dendrocincla homochroa,Ruddy Woodcreeper,RUWO
tawwoo1,Dendrocincla anabatina,Tawny-winged Woodcreeper,TWWO
plbwoo1,Dendrocincla fuliginosa,Plain-brown Woodcreeper,PBRW
plwwoo1,Dendrocincla turdina,Plain-winged Woodcreeper,
webwoo1,Glyphorynchus spirurus,Wedge-billed Woodcreeper,WBWO
citwoo1,Dendrexetastes rufigula,Cinnamon-throated Woodcreeper,
lobwoo1,Nasica longirostris,Long-billed Woodcreeper,
nobwoo1,Dendrocolaptes sanctithomae,Northern Barred Woodcreeper,NOBW
amabaw1,Dendrocolaptes certhia,Amazonian Barred Woodcreeper,
blbwoo1,Dendrocolaptes picumnus,Black-banded Woodcreeper,BBNW
hofwoo2,Dendrocolaptes hoffmannsi,Hoffmanns's Woodcreeper,
plawoo1,Dendrocolaptes platyrostris,Planalto Woodcreeper,
babwoo1,Hylexetastes stresemanni,Bar-bellied Woodcreeper,
rebwoo1,Hylexetastes perrotii,Red-billed Woodcreeper,
uniwoo1,Hylexetastes uniformis,Uniform Woodcreeper,
rebwoo4,,,
stbwoo1,Xiphocolaptes promeropirhynchus,Strong-billed Woodcreeper,SNBW
mouwoo1,Xiphocolaptes falcirostris,Moustached Woodcreeper,
whtwoo1,Xiphocolaptes albicollis,White-throated Woodcreeper,
grrwoo1,Xiphocolaptes major,Great Rufous Woodcreeper,
strwoo2,Xiphorhynchus obsoletus,Striped Woodcreeper,
leswoo2,Xiphorhynchus fuscus,Lesser Woodcreeper,
leswoo4,Xiphorhynchus atlanticus,Ceara Woodcreeper,
chrwoo1,Xiphorhynchus pardalotus,Chestnut-rumped Woodcreeper,
ocewoo1,Xiphorhynchus ocellatus,Ocellated Woodcreeper,
ocewoo2,,,
elewoo1,Xiphorhynchus elegans,Elegant Woodcreeper,
spiwoo1,Xiphorhynchus spixii,Spix's Woodcreeper,
butwoo1,Xiphorhynchus guttatus,Buff-throated Woodcreeper,
cocwoo1,Xiphorhynchus susurrans,Cocoa Woodcreeper,COWO
ivbwoo1,Xiphorhynchus flavigaster,Ivory-billed Woodcreeper,IBIW
blswoo1,Xiphorhynchus lachrymosus,Black-striped Woodcreeper,BSWO
spowoo1,Xiphorhynchus erythropygius,Spotted Woodcreeper,SPWO
olbwoo1,Xiphorhynchus triangularis,Olive-backed Woodcreeper,
stbwoo2,Dendroplex picus,Straight-billed Woodcreeper,SGBW
zimwoo2,Dendroplex kienerii,Zimmer's Woodcreeper,
rebscy1,Campylorhamphus trochilirostris,Red-billed Scythebill,RBSC
blbscy1,Campylorhamphus falcularius,Black-billed Scythebill,
cubscy1,Campylorhamphus procurvoides,Curve-billed Scythebill,
brbscy1,Campylorhamphus pusillus,Brown-billed Scythebill,BBSC
grescy1,Drymotoxeres pucheranii,Greater Scythebill,
scbwoo4,Drymornis bridgesii,Scimitar-billed Woodcreeper,
whswoo1,Lepidocolaptes leucogaster,White-striped Woodcreeper,WSWO
sthwoo1,Lepidocolaptes souleyetii,Streak-headed Woodcreeper,SHWO
nabwoo1,Lepidocolaptes angustirostris,Narrow-billed Woodcreeper,
spcwoo1,Lepidocolaptes affinis,Spot-crowned Woodcreeper,SCRW
monwoo1,Lepidocolaptes lacrymiger,Montane Woodcreeper,
scawoo1,Lepidocolaptes squamatus,Scaled Woodcreeper,
scawoo2,Lepidocolaptes falcinellus,Scalloped Woodcreeper,
linwoo3,Lepidocolaptes albolineatus,Guianan Woodcreeper,
linwoo4,Lepidocolaptes duidae,Duida Woodcreeper,
inawoo1,Lepidocolaptes fatimalimae,Inambari Woodcreeper,
ducwoo1,Lepidocolaptes fuscicapillus,Dusky-capped Woodcreeper,
slbxen1,Xenops tenuirostris,Slender-billed Xenops,
plaxen1,,,
strxen1,Xenops rutilans,Streaked Xenops,STXE
potpal1,Berlepschia rikeri,Point-tailed Palmcreeper,
rutxen1,Microxenops milleri,Rufous-tailed Xenops,
whttre2,Pygarrhichas albogularis,White-throated Treerunner,
stbear2,Ochetorhynchus ruficaudus,Straight-billed Earthcreeper,
rocear1,Ochetorhynchus andaecola,Rock Earthcreeper,
batear1,Ochetorhynchus phoenicurus,Band-tailed Earthcreeper,
crachi1,Ochetorhynchus melanurus,Crag Chilia,
buftuf1,Pseudocolaptes lawrencii,Buffy Tuftedcheek,BUTU
buftuf3,Pseudocolaptes johnsoni,Pacific Tuftedcheek,
strtuf1,Pseudocolaptes boissonneautii,Streaked Tuftedcheek,
ruwbar1,Premnornis guttuliger,Rusty-winged Barbtail,
bolear1,Tarphonomus harterti,Bolivian Earthcreeper,
chaear1,Tarphonomus certhioides,Chaco Earthcreeper,
wibhor1,Furnarius figulus,Band-tailed Hornero,
palhor2,,,
palhor4,Furnarius cinnamomeus,Pacific Hornero,
palhor5,Furnarius longirostris,Caribbean Hornero,
pabhor2,Furnarius torridus,Bay Hornero,
leshor1,Furnarius minor,Lesser Hornero,
rufhor2,Furnarius rufus,Rufous Hornero,
crehor1,Furnarius cristatus,Crested Hornero,
shtstr1,Lochmias nematura,Sharp-tailed Streamcreeper,STST
wrlrus1,Phleocryptes melanops,Wren-like Rushbird,
cubree1,Limnornis curvirostris,Curve-billed Reedhaunter,
strear1,Geocerthia serrana,Striated Earthcreeper,
sctear1,Upucerthia dumetaria,Scale-throated Earthcreeper,
pafear1,Upucerthia saturatior,Patagonian Forest Earthcreeper,
bubear2,Upucerthia validirostris,Buff-breasted Earthcreeper,
lotcin1,Cinclodes pabsti,Long-tailed Cinclodes,
blacin1,Cinclodes antarcticus,Blackish Cinclodes,
buwcin1,Cinclodes fuscus,Buff-winged Cinclodes,
corcin1,Cinclodes comechingonus,Cordoba Cinclodes,
chwcin1,Cinclodes albidiventris,Chestnut-winged Cinclodes,
crwcin1,Cinclodes albiventris,Cream-winged Cinclodes,
olrcin1,Cinclodes olrogi,Olrog's Cinclodes,
gyfcin1,Cinclodes oustaleti,Grey-flanked Cinclodes,
stbcin1,Cinclodes excelsior,Stout-billed Cinclodes,
roycin1,Cinclodes aricomae,Royal Cinclodes,
whbcin1,Cinclodes palliatus,White-bellied Cinclodes,
whwcin1,Cinclodes atacamensis,White-winged Cinclodes,
dabcin1,Cinclodes patagonicus,Dark-bellied Cinclodes,
surcin1,Cinclodes taczanowskii,Peruvian Seaside Cinclodes,
seacin1,Cinclodes nigrofumosus,Chilean Seaside Cinclodes,
ducfog1,Anabazenops dorsalis,Bamboo Foliage-gleaner,
wcfgle1,Anabazenops fuscus,White-collared Foliage-gleaner,
grexen1,Megaxenops parnaguae,Great Xenops,
pabtre1,Cichlocolaptes leucophrus,Pale-browed Treehunter,
crytre1,Cichlocolaptes mazarbarnetti,Cryptic Treehunter,
swfgle,Neophilydor fuscipenne,Slaty-winged Foliage-gleaner,
rurfog1,Neophilydor erythrocercum,Rufous-rumped Foliage-gleaner,
alfgle1,Philydor novaesi,Alagoas Foliage-gleaner,
bcfgle1,Philydor atricapillus,Black-capped Foliage-gleaner,
crfgle1,Philydor pyrrhodes,Cinnamon-rumped Foliage-gleaner,
mofgle1,Anabacerthia striaticollis,Montane Foliage-gleaner,
stfgle1,Anabacerthia variegaticeps,Scaly-throated Foliage-gleaner,STFG
rutfog1,Anabacerthia ruficaudata,Rufous-tailed Foliage-gleaner,
whbfog1,Anabacerthia amaurotis,White-browed Foliage-gleaner,
obfgle2,Anabacerthia lichtensteini,Ochre-breasted Foliage-gleaner,
bbfgle1,Syndactyla rufosuperciliata,Buff-browed Foliage-gleaner,
rumfog1,Syndactyla dimidiata,Planalto Foliage-gleaner,
wtfgle1,Syndactyla roraimae,Tepui Foliage-gleaner,
lifgle1,Syndactyla subalaris,Lineated Foliage-gleaner,LIFG
rnfgle1,Syndactyla ruficollis,Rufous-necked Foliage-gleaner,
gufgle1,Syndactyla guttulata,Guttulate Foliage-gleaner,
perrec1,Syndactyla ucayalae,Peruvian Recurvebill,
bolrec1,Syndactyla striata,Bolivian Recurvebill,
chwhoo1,Ancistrops strigilatus,Chestnut-winged Hookbill,
bffgle,Dendroma rufa,Buff-fronted Foliage-gleaner,BFFG
chwfog1,Dendroma erythroptera,Chestnut-winged Foliage-gleaner,
cangro1,Clibanornis dendrocolaptoides,Canebrake Groundcreeper,
ccfgle1,Clibanornis rectirostris,Henna-capped Foliage-gleaner,
hhfgle1,Clibanornis erythrocephalus,Henna-hooded Foliage-gleaner,
rufgle1,Clibanornis rubiginosus,Ruddy Foliage-gleaner,RUFG
samfog1,Clibanornis rufipectus,Santa Marta Foliage-gleaner,
unitre1,Thripadectes ignobilis,Uniform Treehunter,
flatre1,Thripadectes flammulatus,Flammulated Treehunter,
rubtre1,Thripadectes scrutator,Peruvian Treehunter,
stbtre1,Thripadectes rufobrunneus,Streak-breasted Treehunter,SBTR
blbtre1,Thripadectes melanorhynchus,Black-billed Treehunter,
strtre1,Thripadectes holostictus,Striped Treehunter,
stctre1,Thripadectes virgaticeps,Streak-capped Treehunter,
ccfgle2,Automolus rufipileatus,Chestnut-crowned Foliage-gleaner,
brfgle1,Automolus melanopezus,Brown-rumped Foliage-gleaner,
btfgle1,Automolus ochrolaemus,Ochre-throated Foliage-gleaner,OTFG
butfog4,Automolus exsertus,Chiriqui Foliage-gleaner,CHFG
strwoo1,,,
strwoo5,Automolus virgatus,Western Woodhaunter,
obfgle3,Automolus infuscatus,Olive-backed Foliage-gleaner,
parfog1,Automolus paraensis,Para Foliage-gleaner,
perfog1,Automolus lammi,Pernambuco Foliage-gleaner,
wefgle1,Automolus leucophthalmus,White-eyed Foliage-gleaner,
spobar1,Premnoplex brunnescens,Spotted Barbtail,SPBA
whtbar1,Premnoplex tatei,White-throated Barbtail,
rudtre1,Margarornis rubiginosus,Ruddy Treerunner,RUTR
fudtre1,Margarornis stellatus,Star-chested Treerunner,
peatre1,Margarornis squamiger,Pearled Treerunner,
thtray1,Aphrastura spinicauda,Thorn-tailed Rayadito,
demwir1,Sylviorthorhynchus desmursii,,
tatspi1,Sylviorthorhynchus yanacensis,Tawny Tit-Spinetail,
bctspi1,Leptasthenura fuliginiceps,Brown-capped Tit-Spinetail,
tutspi1,Leptasthenura platensis,Tufted Tit-Spinetail,
pmtspi1,Leptasthenura aegithaloides,Plain-mantled Tit-Spinetail,
sttspi2,Leptasthenura striolata,Striolated Tit-Spinetail,
rctspi1,Leptasthenura pileata,Rusty-crowned Tit-Spinetail,
wbtspi1,Leptasthenura xenothorax,White-browed Tit-Spinetail,
sttspi1,Leptasthenura striata,Streak-backed Tit-Spinetail,
antspi1,Leptasthenura andicola,Andean Tit-Spinetail,
artspi1,Leptasthenura setaria,Araucaria Tit-Spinetail,
ruftho1,Phacellodomus rufifrons,Rufous-fronted Thornbird,
ruftho3,Phacellodomus inornatus,Plain Thornbird,
stftho1,Phacellodomus striaticeps,Streak-fronted Thornbird,
littho1,Phacellodomus sibilatrix,Little Thornbird,
chbtho1,Phacellodomus dorsalis,Chestnut-backed Thornbird,
spbtho1,Phacellodomus maculipectus,Spot-breasted Thornbird,
frbtho1,Phacellodomus striaticollis,Freckle-breasted Thornbird,
gretho2,Phacellodomus ruber,Greater Thornbird,
oretho1,Phacellodomus erythrophthalmus,Orange-eyed Thornbird,
orbtho1,Phacellodomus ferrugineigula,Orange-breasted Thornbird,
whbspi2,Hellmayrea gularis,White-browed Spinetail,
firgat1,Anumbius annumbi,Firewood-gatherer,
lalbru1,Coryphistera alaudina,Lark-like Brushrunner,
crbcan1,Asthenes dorbignyi,Rusty-vented Canastero,
crbcan4,,,
crbcan5,,,
bercan1,Asthenes berlepschi,Berlepsch's Canastero,
shbcan1,Asthenes baeri,Short-billed Canastero,
cipcan1,Asthenes luizae,Cipo Canastero,
hudcan1,Asthenes hudsoni,Hudson's Canastero,
auscan1,Asthenes anthoides,Austral Canastero,
lifcan1,Asthenes urubambensis,Line-fronted Canastero,
mascan1,Asthenes flammulata,Many-striped Canastero,
juncan1,Asthenes virgata,Junin Canastero,
sctcan1,Asthenes maculicauda,Scribble-tailed Canastero,
stbcan1,,,
puncan1,,,
sttcan1,Asthenes humilis,Streak-throated Canastero,
corcan1,Asthenes modesta,Cordilleran Canastero,
itaspi1,Asthenes moreirae,Itatiaia Spinetail,
shbcan2,Asthenes pyrrholeuca,Sharp-billed Canastero,
bltthi1,Asthenes harterti,Black-throated Thistletail,
punthi1,Asthenes helleri,Puna Thistletail,
vilthi2,Asthenes vilcabambae,Vilcabamba Thistletail,
cancan1,Asthenes pudibunda,Canyon Canastero,
rufcan1,Asthenes ottonis,Rusty-fronted Canastero,
maqcan1,Asthenes heterura,Maquis Canastero,
eyrthi1,Asthenes palpebralis,Eye-ringed Thistletail,
ocbthi1,Asthenes coryi,Ochre-browed Thistletail,
perthi1,Asthenes perijana,Perija Thistletail,
whcthi1,Asthenes fuliginosa,White-chinned Thistletail,
mocthi1,Asthenes griseomurina,Mouse-colored Thistletail,
pilgra1,Acrobatornis fonsecai,Pink-legged Graveteiro,
orfplu2,Metopothrix aurantiaca,Orange-fronted Plushcrown,
dobgra1,Xenerpestes minlosi,Double-banded Greytail,DBGR
equgra1,Xenerpestes singularis,Equatorial Greytail,
rorbar1,Roraimia adusta,Roraiman Barbtail,
strsof1,Thripophaga macroura,Striated Softtail,
orisof1,Thripophaga cherriei,Orinoco Softtail,
deasof1,Thripophaga amacurensis,Delta Amacuro Softtail,
plasof1,Thripophaga fusciceps,Plain Softtail,
rumsof1,Cranioleuca berlepschi,Russet-mantled Softtail,
stbree2,Limnoctites rectirostris,Straight-billed Reedhaunter,
sutspi1,Limnoctites sulphuriferus,Sulphur-bearded Reedhaunter,
marspi2,Cranioleuca marcapatae,Marcapata Spinetail,
licspi1,Cranioleuca albiceps,Light-crowned Spinetail,
rubspi4,Cranioleuca vulpina,Rusty-backed Spinetail,
rubspi5,Cranioleuca dissita,Coiba Spinetail,COSP
parspi1,Cranioleuca vulpecula,Parker's Spinetail,
crespi1,Cranioleuca subcristata,Crested Spinetail,
stcspi2,Cranioleuca pyrrhophia,Stripe-crowned Spinetail,
bolspi1,Cranioleuca henricae,Bolivian Spinetail,
olispi1,Cranioleuca obsoleta,Olive Spinetail,
palspi1,Cranioleuca pallida,Pallid Spinetail,
gyhspi1,Cranioleuca semicinerea,Grey-headed Spinetail,
crcspi1,Cranioleuca albicapilla,Creamy-crested Spinetail,
refspi1,Cranioleuca erythrops,Red-faced Spinetail,RFSP
tepspi1,Cranioleuca demissa,Tepui Spinetail,
stcspi1,Cranioleuca hellmayri,Streak-capped Spinetail,
asbspi1,Cranioleuca curtata,Ash-browed Spinetail,
licspi5,Cranioleuca antisiensis,Line-cheeked Spinetail,
spespi1,Thripophaga gutturata,Speckled Spinetail,
scaspi1,Cranioleuca muelleri,Scaled Spinetail,
dutcan1,Pseudasthenes humicola,Dusky-tailed Canastero,
patcan2,Pseudasthenes patagonica,Patagonian Canastero,
stecan1,Pseudasthenes steinbachi,Steinbach's Canastero,
caccan1,Pseudasthenes cactorum,Cactus Canastero,
bcwspi1,Spartonoica maluroides,Bay-capped Wren-Spinetail,
caacac1,Pseudoseisura cristata,Caatinga Cacholote,
rufcac2,Pseudoseisura unirufa,Grey-crested Cacholote,
brncac1,Pseudoseisura lophotes,Brown Cacholote,
whtcac2,Pseudoseisura gutturalis,White-throated Cacholote,
yecspi2,Certhiaxis cinnamomeus,Yellow-chinned Spinetail,
rawspi2,Certhiaxis mustelinus,Red-and-white Spinetail,
whbspi1,Mazaria propinqua,White-bellied Spinetail,
chospi2,Schoeniophylax phryganophilus,Chotoy Spinetail,
occspi1,Synallaxis scutata,Ochre-cheeked Spinetail,
gybspi1,Synallaxis cinerascens,Grey-bellied Spinetail,
plcspi1,Synallaxis gujanensis,Plain-crowned Spinetail,
whlspi1,Synallaxis albilora,White-lored Spinetail,
marspi3,Synallaxis maranonica,Maranon Spinetail,
grespi2,Synallaxis hypochondriaca,Great Spinetail,
necspi3,Synallaxis chinchipensis,Chinchipe Spinetail,
necspi1,Synallaxis stictothorax,Necklaced Spinetail,
rubspi3,Synallaxis zimmeri,Russet-bellied Spinetail,
slaspi1,Synallaxis brachyura,Slaty Spinetail,SLSP
sitspi1,Synallaxis subpudica,Silvery-throated Spinetail,
resspi2,Synallaxis hellmayri,Red-shouldered Spinetail,
rucspi1,Synallaxis ruficapilla,Rufous-capped Spinetail,
bahspi1,Synallaxis cinerea,Bahia Spinetail,
pinspi1,Synallaxis infuscata,Pinto's Spinetail,
dusspi1,Synallaxis moesta,Dusky Spinetail,
mccspi1,Synallaxis macconnelli,McConnell's Spinetail,
cabspi1,Synallaxis cabanisi,Cabanis's Spinetail,
cibspi1,Synallaxis hypospodia,Cinereous-breasted Spinetail,
spispi1,Synallaxis spixi,Spix's Spinetail,
dabspi1,Synallaxis albigularis,Dark-breasted Spinetail,
pabspi1,Synallaxis albescens,Pale-breasted Spinetail,PBSP
sofspi1,Synallaxis frontalis,Sooty-fronted Spinetail,
azaspi1,Synallaxis azarae,Azara's Spinetail,
apuspi1,Synallaxis courseni,Apurimac Spinetail,
whwspi1,Synallaxis candei,White-whiskered Spinetail,
rubspi2,Synallaxis erythrothorax,Rufous-breasted Spinetail,RBSP
hotspi1,Synallaxis kollari,Hoary-throated Spinetail,
blhspi1,Synallaxis tithys,Blackish-headed Spinetail,
ruhspi1,Synallaxis fuscorufa,Rusty-headed Spinetail,
rufspi1,Synallaxis unirufa,Rufous Spinetail,
bltspi1,Synallaxis castanea,Black-throated Spinetail,
stbspi1,Synallaxis cinnamomea,Stripe-breasted Spinetail,
rudspi1,Synallaxis rutilans,Ruddy Spinetail,
chtspi1,Synallaxis cherriei,Chestnut-throated Spinetail,
rurant1,Euchrepomis callinota,Rufous-rumped Antwren,RRAN
chsant1,Euchrepomis humeralis,Chestnut-shouldered Antwren,
aswant1,Euchrepomis spodioptila,Ash-winged Antwren,
wibant1,Myrmornis torquata,Wing-banded Antbird,WBAA
spwant2,Pygiptila stellaris,Spot-winged Antshrike,
rusant1,Thamnistes anabatinus,Russet Antshrike,RUAN
rufant12,Thamnistes rufescens,Rufescent Antshrike,
dowant1,Microrhopias quixensis,Dot-winged Antwren,DWAN
blabus1,Neoctantes niger,Black Bushbird,
rebbus1,Clytoctantes alixii,Recurve-billed Bushbird,
ronbus1,Clytoctantes atrogularis,Rondonia Bushbird,
chtant1,Epinecrophylla fulviventris,Checker-throated Stipplethroat,CTST
brbant2,Epinecrophylla gutturalis,Brown-bellied Stipplethroat,
wheant1,Epinecrophylla leucophthalma,White-eyed Stipplethroat,
rubsti1,Epinecrophylla haematonota,Rufous-backed Stipplethroat,
madant1,Epinecrophylla amazonica,Rio Madeira Stipplethroat,
fooant1,Epinecrophylla spodionota,Foothill Stipplethroat,
ornant1,Epinecrophylla ornata,Ornate Stipplethroat,
rutant3,Epinecrophylla erythrura,Rufous-tailed Stipplethroat,
stbant2,Myrmorchilus strigilatus,Stripe-backed Antbird,
yapant1,Aprositornis disjuncta,Yapacana Antbird,
gybant1,Ammonastes pelzelni,Grey-bellied Antbird,
bltant2,Myrmophylax atrothorax,Black-throated Antbird,
mouant,Myrmotherula ignota,Moustached Antwren,MOAN
pygant1,Myrmotherula brachyura,Pygmy Antwren,
guista1,Myrmotherula surinamensis,Guianan Streaked Antwren,
amasta1,Myrmotherula multostriata,Amazonian Streaked Antwren,
pacant,Myrmotherula pacifica,Pacific Antwren,PAAN
cheant1,Myrmotherula cherriei,Cherrie's Antwren,
klaant1,Myrmotherula klagesi,Klages's Antwren,
stcant4,Myrmotherula longicauda,Stripe-chested Antwren,
yetant1,Myrmotherula ambigua,Yellow-throated Antwren,
sclant1,Myrmotherula sclateri,Sclater's Antwren,
whfant2,Myrmotherula axillaris,White-flanked Antwren,WFLA
whfant6,,,
slaant1,Myrmotherula schisticolor,Slaty Antwren,SLAN
risant1,Myrmotherula sunensis,Rio Suno Antwren,
salant1,Myrmotherula minor,Salvadori's Antwren,
lowant1,Myrmotherula longipennis,Long-winged Antwren,
batant3,Myrmotherula urosticta,Band-tailed Antwren,
iheant1,Myrmotherula iheringi,Ihering's Antwren,
uniant1,Myrmotherula unicolor,Unicolored Antwren,
alaant1,Myrmotherula snowi,Alagoas Antwren,
plwant2,Myrmotherula behni,Plain-winged Antwren,
gryant1,Myrmotherula menetriesii,Grey Antwren,
leaant1,Myrmotherula assimilis,Leaden Antwren,
stcant3,Terenura maculata,Streak-capped Antwren,
orbant1,Terenura sicki,Orange-bellied Antwren,
bawant1,Myrmochanes hemileucus,Black-and-white Antbird,
nabant1,Formicivora iheringi,Narrow-billed Antwren,
blhant4,Formicivora erythronotos,Black-hooded Antwren,
whfant1,,,
whfant4,Formicivora intermedia,Northern White-fringed Antwren,
serant1,,,
blbant2,Formicivora melanogaster,Black-bellied Antwren,
rubant4,Formicivora rufa,Rusty-backed Antwren,
sinant1,Formicivora grantsaui,Sincora Antwren,
parant1,Formicivora acutirostris,Marsh Antwren,
banant2,Dichrozona cincta,Banded Antbird,
sttant1,Rhopias gularis,Star-throated Antwren,
pltant1,Isleria hauxwelli,Plain-throated Antwren,
rubant3,Isleria guttata,Rufous-bellied Antwren,
dutant2,Thamnomanes ardesiacus,Dusky-throated Antshrike,
satant1,Thamnomanes saturninus,Saturnine Antshrike,
cinant1,Thamnomanes caesius,Cinereous Antshrike,
blsant1,Thamnomanes schistogynus,Bluish-slate Antshrike,
peaant1,Megastictus margaritatus,Pearly Antshrike,
bahant1,Herpsilochmus pileatus,Bahia Antwren,
caaant1,Radinopsyche sellowi,Caatinga Antwren,
blcant2,Herpsilochmus atricapillus,Black-capped Antwren,
ajpant1,Herpsilochmus stotzi,Aripuana Antwren,
mapant1,Herpsilochmus praedictus,Predicted Antwren,
crbant1,Herpsilochmus motacilloides,Creamy-bellied Antwren,
astant1,Herpsilochmus parkeri,Ash-throated Antwren,
sptant1,Herpsilochmus sticturus,Spot-tailed Antwren,
dugant1,Herpsilochmus dugandi,Dugand's Antwren,
todant1,Herpsilochmus stictocephalus,Todd's Antwren,
spbant4,Herpsilochmus dorsimaculatus,Spot-backed Antwren,
rorant1,Herpsilochmus roraimae,Roraiman Antwren,
pecant1,Herpsilochmus pectoralis,Pectoral Antwren,
labant1,Herpsilochmus longirostris,Large-billed Antwren,
ancant1,Herpsilochmus gentryi,Ancient Antwren,
yebant2,Herpsilochmus axillaris,Yellow-breasted Antwren,
ruwant3,Herpsilochmus frater,Rusty-winged Antwren,RWAN
ruwant4,Herpsilochmus rufimarginatus,Rufous-margined Antwren,
spbant5,Dysithamnus stictothorax,Spot-breasted Antvireo,
plaant1,Dysithamnus mentalis,Plain Antvireo,PLAN
stcant1,Dysithamnus striaticeps,Streak-crowned Antvireo,STCA
spcant1,Dysithamnus puncticeps,Spot-crowned Antvireo,SPCA
rubant2,Dysithamnus xanthopterus,Rufous-backed Antvireo,
bicant4,Dysithamnus occidentalis,Bicolored Antvireo,
pluant3,Dysithamnus plumbeus,Plumbeous Antvireo,
whsant4,Dysithamnus leucostictus,White-streaked Antvireo,
colant1,Thamnophilus bernardi,Collared Antshrike,
blbant1,Thamnophilus melanonotus,Black-backed Antshrike,
batant2,Thamnophilus melanothorax,Band-tailed Antshrike,
barant1,Thamnophilus doliatus,Barred Antshrike,BAAN
chaant1,Thamnophilus zarumae,Chapman's Antshrike,
bacant2,Thamnophilus multistriatus,Bar-crested Antshrike,
linant1,Thamnophilus tenuepunctatus,Lined Antshrike,
chbant2,Thamnophilus palliatus,Chestnut-backed Antshrike,
blhant2,Thamnophilus bridgesi,Black-hooded Antshrike,BHOA
blaant1,Thamnophilus nigriceps,Black Antshrike,BLAN
cocant1,Thamnophilus praecox,Cocha Antshrike,
blgant2,Thamnophilus nigrocinereus,Blackish-grey Antshrike,
casant1,Thamnophilus cryptoleucus,Castelnau's Antshrike,
whsant2,Thamnophilus aethiops,White-shouldered Antshrike,
uniant2,Thamnophilus unicolor,Uniform Antshrike,
plwant1,Thamnophilus schistaceus,Plain-winged Antshrike,
mocant1,Thamnophilus murinus,Mouse-colored Antshrike,
uplant1,Thamnophilus aroyae,Upland Antshrike,
wesant1,Thamnophilus atrinucha,Black-crowned Antshrike,BCAS
norsla1,Thamnophilus punctatus,Northern Slaty Antshrike,
natsla1,Thamnophilus stictocephalus,Natterer's Slaty Antshrike,
bolsla1,Thamnophilus sticturus,Bolivian Slaty Antshrike,
plasla1,Thamnophilus pelzelni,Planalto Slaty Antshrike,
soosla1,Thamnophilus ambiguus,Sooretama Slaty Antshrike,
amaant2,Thamnophilus amazonicus,Amazonian Antshrike,
acrant1,Thamnophilus divisorius,Acre Antshrike,
stbant1,Thamnophilus insignis,Streak-backed Antshrike,
varant1,Thamnophilus caerulescens,Variable Antshrike,
ruwant2,Thamnophilus torquatus,Rufous-winged Antshrike,
rucant1,Thamnophilus ruficapillus,Rufous-capped Antshrike,
blcant4,Sakesphorus canadensis,Black-crested Antshrike,
sicant1,Sakesphoroides cristatus,Silvery-cheeked Antshrike,
gloant1,Sakesphorus luctuosus,Glossy Antshrike,
whbant2,Biatas nigropectus,White-bearded Antshrike,
fasant1,Cymbilaimus lineatus,Fasciated Antshrike,FAAN
bamant1,Cymbilaimus sanctaemariae,Bamboo Antshrike,
greant1,Taraba major,Great Antshrike,GANT
latant1,Mackenziaena leachii,Large-tailed Antshrike,
tufant1,Mackenziaena severa,Tufted Antshrike,
bltant3,Frederickena viridis,Black-throated Antshrike,
undant2,Frederickena unduliger,Undulated Antshrike,
fulant1,Frederickena fulva,Fulvous Antshrike,
spbant3,Hypoedaleus guttatus,Spot-backed Antshrike,
giaant2,Batara cinerea,Giant Antshrike,
spfant1,Xenornis setifrons,Speckled Antshrike,SFAN
whpant1,Pithys albifrons,White-plumed Antbird,
whmant2,Pithys castaneus,White-masked Antbird,
oceant1,Phaenostictus mcleannani,Ocellated Antbird,OCAN
bicant2,Gymnopithys bicolor,Bicolored Antbird,BIAN
whcant1,Gymnopithys leucaspis,White-cheeked Antbird,
rutant4,Gymnopithys rufigula,Rufous-throated Antbird,
whtant1,Oneillornis salvini,White-throated Antbird,
lunant2,Oneillornis lunulatus,Lunulated Antbird,
baeant1,Rhegmatorhina gymnops,Bare-eyed Antbird,
harant1,Rhegmatorhina berlepschi,Harlequin Antbird,
whbant5,Rhegmatorhina hoffmannsi,White-breasted Antbird,
chcant1,Rhegmatorhina cristata,Chestnut-crested Antbird,
hacant1,Rhegmatorhina melanosticta,Hairy-crested Antbird,
bsbeye1,Phlegopsis nigromaculata,Black-spotted Bare-eye,
rwbeye1,Phlegopsis erythroptera,Reddish-winged Bare-eye,
pafant1,Phlegopsis borbae,Pale-faced Bare-eye,
scbant3,Willisornis poecilinotus,Common Scale-backed Antbird,
scbant8,Willisornis vidua,Xingu Scale-backed Antbird,
ferant1,Drymophila ferruginea,Ferruginous Antbird,
berant1,Drymophila rubricollis,Bertoni's Antbird,
rutant1,Drymophila genei,Rufous-tailed Antbird,
ocrant1,Drymophila ochropyga,Ochre-rumped Antbird,
dutant1,Drymophila malura,Dusky-tailed Antbird,
scaant2,Drymophila squamata,Scaled Antbird,
strant2,Drymophila devillei,Striated Antbird,
samant2,Drymophila hellmayri,Santa Marta Antbird,
klaant2,Drymophila klagesi,Klages's Antbird,
lotant1,Drymophila caudata,East Andean Antbird,
sthant1,Drymophila striaticeps,Streak-headed Antbird,
guiwaa1,Hypocnemis cantator,Guianan Warbling Antbird,
imewaa1,Hypocnemis flavescens,Imeri Warbling Antbird,
perwaa1,Hypocnemis peruviana,Peruvian Warbling Antbird,
yebwaa1,Hypocnemis subflava,Yellow-breasted Warbling Antbird,
ronwaa1,Hypocnemis ochrogyna,Rondonia Warbling Antbird,
spiwaa1,Hypocnemis striata,Spix's Warbling Antbird,
manwaa1,Hypocnemis rondoni,Manicore Warbling Antbird,
yebant3,Hypocnemis hypoxantha,Yellow-browed Antbird,
chtant2,Sciaphylax hemimelaena,Southern Chestnut-tailed Antbird,
zimant1,Sciaphylax castanea,Northern Chestnut-tailed Antbird,
wilant1,Cercomacroides laeta,Willis's Antbird,
parant2,Cercomacroides parkeri,Parker's Antbird,
blaant4,Cercomacroides nigrescens,Blackish Antbird,
blaant5,Cercomacroides fuscicauda,Riparian Antbird,
dusant1,Cercomacroides tyrannina,Dusky Antbird,DUAN
blaant2,Cercomacroides serva,Black Antbird,
manant1,Cercomacra manu,Manu Antbird,
rdjant1,Cercomacra brasiliana,Rio de Janeiro Antbird,
gryant2,Cercomacra cinerascens,Grey Antbird,
magant1,Cercomacra melanaria,Mato Grosso Antbird,
banant1,Cercomacra ferdinandi,Bananal Antbird,
jetant1,Cercomacra nigricans,Jet Antbird,JEAN
ribant1,Cercomacra carbonaria,Rio Branco Antbird,
febant1,Myrmoderus ferrugineus,Ferruginous-backed Antbird,
whiant1,Myrmoderus eowilsoni,Cordillera Azul Antbird,
scaant3,Myrmoderus ruficauda,Scalloped Antbird,
whbant4,Myrmoderus loricatus,White-bibbed Antbird,
squant1,Myrmoderus squamosus,Squamate Antbird,
blcant3,Hypocnemoides melanopogon,Black-chinned Antbird,
batant1,Hypocnemoides maculicauda,Band-tailed Antbird,
spoant1,Hylophylax naevioides,Spotted Antbird,SPAN
spbant6,Hylophylax naevius,Spot-backed Antbird,
dobant2,Hylophylax punctulatus,Dot-backed Antbird,
silant1,Sclateria naevia,Silvered Antbird,
pluant1,Myrmelastes hyperythrus,Plumbeous Antbird,
slcant3,Myrmelastes schistaceus,Slate-colored Antbird,
spwant3,Myrmelastes leucostigma,Spot-winged Antbird,
humant1,Myrmelastes humaythae,Humaita Antbird,
brhant1,Myrmelastes brunneiceps,Brownish-headed Antbird,
rufant4,Myrmelastes rufifacies,Rufous-faced Antbird,
rorant2,Myrmelastes saturatus,Roraiman Antbird,
cauant2,Myrmelastes caurensis,Caura Antbird,
chbant1,Poliocrania exsul,Chestnut-backed Antbird,CBAN
gyhant1,Ampelornis griseiceps,Grey-headed Antbird,
sttant3,Sipia berlepschi,Stub-tailed Antbird,
esmant1,Sipia nigricauda,Esmeraldas Antbird,
dumant3,Sipia palliata,Magdalena Antbird,
dumant1,Sipia laemosticta,Dull-mantled Antbird,DMAN
whbant1,Myrmeciza longipes,White-bellied Antbird,WBEA
bltant1,Myrmoborus melanurus,Black-tailed Antbird,
whlant1,Myrmoborus lophotes,White-lined Antbird,
blfant2,Myrmoborus myotherinus,Black-faced Antbird,
whbant6,Myrmoborus leucophrys,White-browed Antbird,
asbant1,Myrmoborus lugubris,Ash-breasted Antbird,
bacant1,Gymnocichla nudiceps,Bare-crowned Antbird,BACA
wesfie1,Pyriglena maura,Western Fire-eye,
whbfie9,Pyriglena similis,Tapajos Fire-eye,
eaafie1,Pyriglena leuconota,East Amazonian Fire-eye,
fbfeye1,Pyriglena atra,Fringe-backed Fire-eye,
wsfeye1,Pyriglena leucoptera,White-shouldered Fire-eye,
sleant1,Rhopornis ardesiacus,Slender Antbird,
blhant3,Percnostola rufifrons,Black-headed Antbird,
allant1,Percnostola arenarum,Allpahuayo Antbird,
whsant1,Akletos melanoceps,White-shouldered Antbird,
goeant1,Akletos goeldii,Goeldi's Antbird,
sooant1,Hafferia fortis,Sooty Antbird,
immant1,Hafferia immaculata,Blue-lored Antbird,
zelant1,Hafferia zeledoni,Zeledon's Antbird,ZEAN
rucant2,Formicarius colma,Rufous-capped Antthrush,
blfant1,Formicarius analis,Black-faced Antthrush,BFAN
bkfant2,Formicarius moniliger,Mayan Antthrush,MAAN
rufant3,Formicarius rufifrons,Rufous-fronted Antthrush,
blhant1,Formicarius nigricapillus,Black-headed Antthrush,BHEA
rubant1,Formicarius rufipectus,Rufous-breasted Antthrush,RBAN
shtant1,Chamaeza campanisona,Short-tailed Antthrush,
strant3,Chamaeza nobilis,Striated Antthrush,
sucant1,Chamaeza meruloides,Cryptic Antthrush,
rutant2,Chamaeza ruficauda,Rufous-tailed Antthrush,
schant1,Chamaeza turdina,Schwartz's Antthrush,
barant2,Chamaeza mollissima,Barred Antthrush,
undant1,Grallaria squamigera,Undulated Antpitta,
giaant1,Grallaria gigantea,Giant Antpitta,
greant2,Grallaria excelsa,Great Antpitta,
varant2,Grallaria varia,Variegated Antpitta,
mouant1,Grallaria alleni,Moustached Antpitta,
scaant1,Grallaria guatimalensis,Scaled Antpitta,SCAA
plbant1,Grallaria haplonota,Plain-backed Antpitta,
ocsant1,Grallaria dignissima,Ochre-striped Antpitta,
eluant1,Grallaria eludens,Elusive Antpitta,
chcant2,Grallaria ruficapilla,Chestnut-crowned Antpitta,
watant1,Grallaria watkinsi,Watkins's Antpitta,
samant1,Grallaria bangsi,Santa Marta Antpitta,
cunant1,Grallaria kaestneri,Cundinamarca Antpitta,
sthant2,Grallaria andicolus,Stripe-headed Antpitta,
gynant1,Grallaria griseonucha,Grey-naped Antpitta,
jocant1,Grallaria ridgelyi,Jocotoco Antpitta,
chnant1,Grallaria nuchalis,Chestnut-naped Antpitta,
pabant1,Grallaria carrikeri,Pale-billed Antpitta,
whtant2,Grallaria albigula,White-throated Antpitta,
yebant1,Grallaria flavotincta,Yellow-breasted Antpitta,
whbant3,Grallaria hypoleuca,White-bellied Antpitta,
rutant5,Grallaria przewalskii,Rusty-tinged Antpitta,
bayant1,Grallaria capitalis,Bay Antpitta,
rawant1,Grallaria erythroleuca,Red-and-white Antpitta,
rufant5,Grallaria spatiator,Sierra Nevada Antpitta,
rufant6,Grallaria saltuensis,Perija Antpitta,
rufant7,Grallaria rufula,Muisca Antpitta,
bicant3,Grallaria rufocinerea,Bicolored Antpitta,
chaant4,Grallaria alvarezi,Chami Antpitta,
equant1,Grallaria saturata,Equatorial Antpitta,
rufant8,Grallaria cajamarcae,Cajamarca Antpitta,
cheant2,Grallaria blakei,Chestnut Antpitta,
chaant5,Grallaria gravesi,Chachapoyas Antpitta,
panant1,Grallaria oneilli,Panao Antpitta,
rufant9,Grallaria obscura,Junin Antpitta,
oxaant1,Grallaria centralis,Oxapampa Antpitta,
rufant10,Grallaria occabambae,Urubamba Antpitta,
punant1,Grallaria sinaensis,Puno Antpitta,
rufant11,Grallaria cochabambae,Bolivian Antpitta,
tawant1,,,
brbant1,Grallaria milleri,Brown-banded Antpitta,
antant1,Grallaria urraoensis,Urrao Antpitta,
rufant2,Grallaria erythrotis,Rufous-faced Antpitta,
stcant2,Hylopezus perspicillatus,Streak-chested Antpitta,SCHA
spoant6,Hylopezus macularius,Spotted Antpitta,
spoant5,Hylopezus paraensis,Snethlage's Antpitta,
alfant1,Hylopezus whittakeri,Alta Floresta Antpitta,
masant1,Hylopezus auricularis,Masked Antpitta,
thiant1,Myrmothera dives,Thicket Antpitta,THAN
whlant2,Myrmothera fulviventris,White-lored Antpitta,
amaant1,Myrmothera berlepschi,Amazonian Antpitta,
whbant7,Hylopezus ochroleucus,White-browed Antpitta,
spbant1,Cryptopezus nattereri,Speckle-breasted Antpitta,
thlant2,Myrmothera campanisona,Thrush-like Antpitta,
thlant3,Myrmothera subcanescens,Tapajos Antpitta,
tepant1,Myrmothera simplex,Tepui Antpitta,
ocbant1,Grallaricula flavirostris,Ochre-breasted Antpitta,OBAN
scbant2,Grallaricula loricata,Scallop-breasted Antpitta,
hooant1,Grallaricula cucullata,Hooded Antpitta,
perant1,Grallaricula peruviana,Peruvian Antpitta,
ocfant1,Grallaricula ochraceifrons,Ochre-fronted Antpitta,
rubant5,Grallaricula ferrugineipectus,Rusty-breasted Antpitta,
rubant7,Grallaricula leymebambae,Rufous-breasted Antpitta,
slcant2,Grallaricula nana,Slaty-crowned Antpitta,
slcant5,Grallaricula cumanensis,Sucre Antpitta,
crfant1,Grallaricula lineifrons,Crescent-faced Antpitta,
rufgna3,Conopophaga lineata,Rufous Gnateater,
chbgna1,Conopophaga aurita,Chestnut-belted Gnateater,
hoogna1,Conopophaga roberti,Hooded Gnateater,
astgna1,Conopophaga peruviana,Ash-throated Gnateater,
rufgna2,Conopophaga cearae,Ceara Gnateater,
slagna1,Conopophaga ardesiaca,Slaty Gnateater,
chcgna1,Conopophaga castaneiceps,Chestnut-crowned Gnateater,
blcgna1,Conopophaga melanops,Black-cheeked Gnateater,
blbgna1,Conopophaga melanogaster,Black-bellied Gnateater,
blcant1,Pittasoma michleri,Black-crowned Antpitta,BCAP
rucant3,Pittasoma rufopileatum,Rufous-crowned Antpitta,
ocetap1,Acropternis orthonyx,Ocellated Tapaculo,
cthhue1,Pteroptochos castaneus,Chestnut-throated Huet-huet,
bthhue1,Pteroptochos tarnii,Black-throated Huet-huet,
moutur1,Pteroptochos megapodius,Moustached Turca,
whttap1,Scelorchilus albicollis,White-throated Tapaculo,
chutap1,Scelorchilus rubecula,Chucao Tapaculo,
cregal1,Rhinocrypta lanceolata,Crested Gallito,
sangal1,Teledromas fuscus,Sandy Gallito,
rubtap1,Liosceles thoracicus,Rusty-belted Tapaculo,
spobam1,Psilorhamphus guttatus,Spotted Bamboowren,
slabri1,Merulaxis ater,Slaty Bristlefront,
strbri1,Merulaxis stresemanni,Stresemann's Bristlefront,
ocftap1,Eugralla paradoxa,Ochre-flanked Tapaculo,
asctap1,Myornis senilis,Ash-colored Tapaculo,
whbtap1,Eleoscytalopus indigoticus,White-breasted Tapaculo,
bahtap1,Eleoscytalopus psychopompus,Bahia Tapaculo,
martap1,Scytalopus iraiensis,Marsh Tapaculo,
diatap2,Scytalopus diamantinensis,Diamantina Tapaculo,
bratap1,Scytalopus novacapitalis,Brasilia Tapaculo,
roctap1,Scytalopus petrophilus,Rock Tapaculo,
platap1,Scytalopus pachecoi,Planalto Tapaculo,
sertap1,Scytalopus gonzagai,Boa Nova Tapaculo,
moctap1,Scytalopus speluncae,Mouse-colored Tapaculo,
dustap1,Scytalopus fuscus,Dusky Tapaculo,
magtap1,Scytalopus magellanicus,Magellanic Tapaculo,
anctap1,Scytalopus affinis,Ancash Tapaculo,
whwtap1,Scytalopus krabbei,White-winged Tapaculo,
partap4,Scytalopus androstictus,Loja Tapaculo,
partap2,Scytalopus opacus,Paramo Tapaculo,
partap1,Scytalopus canus,Paramillo Tapaculo,
whbtap2,Scytalopus superciliaris,White-browed Tapaculo,
zimtap1,Scytalopus zimmeri,Zimmer's Tapaculo,
puntap1,Scytalopus simonsi,Puna Tapaculo,
diatap1,Scytalopus schulenbergi,Diademed Tapaculo,
viltap1,Scytalopus urubambae,Vilcabamba Tapaculo,
amptap1,Scytalopus whitneyi,Ampay Tapaculo,
miltap1,Scytalopus frankeae,Jalca Tapaculo,
nebtap1,Scytalopus altirostris,Neblina Tapaculo,
tritap1,Scytalopus parvirostris,Trilling Tapaculo,
boltap1,Scytalopus bolivianus,Bolivian Tapaculo,
whctap1,Scytalopus atratus,White-crowned Tapaculo,
samtap1,Scytalopus sanctaemartae,Santa Marta Tapaculo,
lottap1,Scytalopus micropterus,Long-tailed Tapaculo,
ruvtap1,Scytalopus femoralis,Rufous-vented Tapaculo,
blatap2,Scytalopus intermedius,Utcubamba Tapaculo,
laftap1,Scytalopus macropus,Large-footed Tapaculo,
juntap1,Scytalopus gettyae,Junin Tapaculo,
unitap1,Scytalopus unicolor,Unicolored Tapaculo,
tsctap1,Scytalopus acutirostris,Tschudi's Tapaculo,
blatap1,Scytalopus latrans,Blackish Tapaculo,
siftap1,Scytalopus argentifrons,Silvery-fronted Tapaculo,SFTA
nartap2,Scytalopus vicinior,Narino Tapaculo,
tactap1,Scytalopus panamensis,Tacarcuna Tapaculo,TATA
chotap1,Scytalopus chocoensis,Choco Tapaculo,CHTA
upmtap1,Scytalopus rodriguezi,Magdalena Tapaculo,
stitap1,Scytalopus stilesi,Stiles's Tapaculo,
alptap1,Scytalopus alvarezlopezi,Tatama Tapaculo,
ecutap1,Scytalopus robbinsi,El Oro Tapaculo,
cartap1,Scytalopus caracae,Caracas Tapaculo,
mattap1,Scytalopus griseicollis,Pale-bellied Tapaculo,
brrtap1,Scytalopus latebricola,Brown-rumped Tapaculo,
pertap1,Scytalopus perijanus,Perija Tapaculo,
mertap1,Scytalopus meridanus,Merida Tapaculo,
chutap2,Scytalopus parkeri,Chusquea Tapaculo,
spitap2,Scytalopus spillmanni,Spillmann's Tapaculo,
colcre1,Melanopareia torquata,Collared Crescentchest,
colcre2,,,
olccre1,Melanopareia maximiliani,Olive-crowned Crescentchest,
marcre1,Melanopareia maranonica,Maranon Crescentchest,
elecre1,Melanopareia elegans,Elegant Crescentchest,
grhpip1,Piprites griseiceps,Grey-headed Piprites,GHPI
wibpip1,Piprites chloris,Wing-barred Piprites,
bkcpip1,Piprites pileata,Black-capped Piprites,
platyr2,Phyllomyias fasciatus,Planalto Tyrannulet,
yuntyr1,Phyllomyias weedeni,Yungas Tyrannulet,
roltyr3,Acrochordopus burmeisteri,Rough-legged Tyrannulet,
roltyr1,Acrochordopus zeledoni,White-fronted Tyrannulet,WFTY
gretyr1,Phyllomyias virescens,Greenish Tyrannulet,
reityr1,Phyllomyias reiseri,Reiser's Tyrannulet,
scltyr1,Phyllomyias sclateri,Sclater's Tyrannulet,
gyctyr1,Phyllomyias griseocapilla,Grey-capped Tyrannulet,
sohtyr1,Phyllomyias griseiceps,Sooty-headed Tyrannulet,SHTY
plctyr1,Phyllomyias plumbeiceps,Plumbeous-crowned Tyrannulet,
blctyr1,Tyranniscus nigrocapillus,Black-capped Tyrannulet,
ashtyr1,Tyranniscus cinereiceps,Ashy-headed Tyrannulet,
tartyr1,Tyranniscus uropygialis,Tawny-rumped Tyrannulet,
yectyr1,Tyrannulus elatus,Yellow-crowned Tyrannulet,YCTY
forela1,Myiopagis gaimardii,Forest Elaenia,FOEL
gryela3,Myiopagis caniceps,Grey-headed Elaenia,GRAE
fooela1,Myiopagis olallai,Foothill Elaenia,
pacela1,Myiopagis subplacens,Pacific Elaenia,
yecela1,Myiopagis flavivertex,Yellow-crowned Elaenia,
greela,Myiopagis viridicata,Greenish Elaenia,GREL
yebela1,Elaenia flavogaster,Yellow-bellied Elaenia,YBEL
carela1,Elaenia martinica,Caribbean Elaenia,CAEL
larela1,Elaenia spectabilis,Large Elaenia,
norela1,Elaenia ridleyana,Noronha Elaenia,
whcela1,Elaenia albiceps,White-crested Elaenia,WCEL
whcela4,,,
smbela1,Elaenia parvirostris,Small-billed Elaenia,SBEL
oliela1,Elaenia mesoleuca,Olivaceous Elaenia,
slaela1,Elaenia strepera,Slaty Elaenia,
mobela1,Elaenia gigas,Mottle-backed Elaenia,
broela1,Elaenia pelzelni,Brownish Elaenia,
plcela1,Elaenia cristata,Plain-crested Elaenia,
lesela1,Elaenia chiriquensis,Lesser Elaenia,LEEL
cooela1,Elaenia brachyptera,Coopmans's Elaenia,
rucela1,Elaenia ruficeps,Rufous-crowned Elaenia,
mouela1,Elaenia frantzii,Mountain Elaenia,MOEL
higela2,Elaenia obscura,Highland Elaenia,
higela3,Elaenia sordida,Small-headed Elaenia,
greela1,Elaenia dayi,Great Elaenia,
sieela3,Elaenia pallatangae,Sierran Elaenia,
sieela2,Elaenia olivina,Tepui Elaenia,
graela1,Elaenia fallax,Blue Mountain Elaenia,GAEL
yebtyr1,Ornithion semiflavum,Yellow-bellied Tyrannulet,YBTY
brctyr,Ornithion brunneicapillus,Brown-capped Tyrannulet,BCTY
whltyr1,Ornithion inerme,White-lored Tyrannulet,
nobtyr,Camptostoma imberbe,Northern Beardless Tyrannulet,NOBT
sobtyr1,Camptostoma obsoletum,Southern Beardless Tyrannulet,SOBT
suifly1,Suiriri suiriri,Suiriri Flycatcher,
whttyr2,Mecocerculus leucophrys,White-throated Tyrannulet,
whttyr1,Mecocerculus poecilocercus,White-tailed Tyrannulet,
bubtyr1,Mecocerculus hellmayri,Buff-banded Tyrannulet,
ruwtyr1,Mecocerculus calopterus,Rufous-winged Tyrannulet,
subtyr1,Mecocerculus minor,Sulphur-bellied Tyrannulet,
whbtyr1,Mecocerculus stictopterus,White-banded Tyrannulet,
bkctit1,Anairetes nigrocristatus,Black-crested Tit-Tyrant,
pcttyr1,Anairetes reguloides,Pied-crested Tit-Tyrant,
abttyr1,Anairetes alpinus,Ash-breasted Tit-Tyrant,
ybttyr1,Anairetes flavirostris,Yellow-billed Tit-Tyrant,
tuttyr1,Anairetes parulus,Tufted Tit-Tyrant,
jfttyr1,Anairetes fernandezianus,Juan Fernandez Tit-Tyrant,
agitit1,Uromyias agilis,Agile Tit-Tyrant,
unstit1,Uromyias agraphia,Unstreaked Tit-Tyrant,
tortyr1,Serpophaga cinerea,Torrent Tyrannulet,TOTY
rivtyr1,Serpophaga hypoleuca,River Tyrannulet,
sootyr1,Serpophaga nigricans,Sooty Tyrannulet,
y01036,Serpophaga subcristata,White-crested Tyrannulet,
whbtyr2,,,
gyctyr2,Serpophaga griseicapilla,Straneck's Tyrannulet,
moctyr7,,,
moctyr6,Nesotriccus tumbezanus,Tumbesian Tyrannulet,
yeltyr1,Capsiempis flaveola,Yellow Tyrannulet,YETY
beatac1,Polystictus pectoralis,Bearded Tachuri,
gybtac1,Polystictus superciliaris,Grey-backed Tachuri,
dindor2,Pseudocolopteryx dinelliana,Dinelli's Doradito,
credor1,Pseudocolopteryx sclateri,Crested Doradito,
subdor1,Pseudocolopteryx acutipennis,Subtropical Doradito,
wardor1,Pseudocolopteryx flaviventris,Warbling Doradito,
ticdor1,Pseudocolopteryx citreola,Ticking Doradito,
boptyr1,Pseudotriccus pelzelni,Bronze-olive Pygmy Tyrant,BOPT
hfptyr1,Pseudotriccus simplex,Hazel-fronted Pygmy Tyrant,
rhptyr1,Pseudotriccus ruficeps,Rufous-headed Pygmy Tyrant,
rinant2,Corythopis torquatus,Ringed Antpipit,
souant1,Corythopis delalandi,Southern Antpipit,
tacpyt1,Euscarthmus meloryphus,Fulvous-crowned Scrub Tyrant,
rsptyr1,Euscarthmus rufomarginatus,Rufous-sided Scrub Tyrant,
gawtyr2,Pseudelaenia leucospodia,Grey-and-white Tyrannulet,
lewtyr1,Stigmatura napensis,Lesser Wagtail-Tyrant,
grwtyr1,Stigmatura budytoides,Greater Wagtail-Tyrant,
paltyr2,Zimmerius vilissimus,Guatemalan Tyrannulet,GUTY
paltyr3,Zimmerius parvus,Mistletoe Tyrannulet,MITY
paltyr4,Zimmerius improbus,Spectacled Tyrannulet,
paltyr5,Zimmerius petersi,Venezuelan Tyrannulet,
boltyr1,Zimmerius bolivianus,Bolivian Tyrannulet,
rebtyr2,Zimmerius cinereicapilla,Red-billed Tyrannulet,
mistyr1,Zimmerius villarejoi,Mishana Tyrannulet,
chityr1,Zimmerius chicomendesi,Chico's Tyrannulet,
slftyr1,Zimmerius gracilipes,Slender-footed Tyrannulet,
guityr1,Zimmerius acer,Guianan Tyrannulet,
goftyr1,Zimmerius chrysops,Golden-faced Tyrannulet,
goftyr5,,,
chotyr1,Zimmerius albigularis,Choco Tyrannulet,
goftyr4,,,
pertyr1,Zimmerius viridiflavus,Peruvian Tyrannulet,
vabtyr1,Pogonotriccus poecilotis,Variegated Bristle Tyrant,
chabrt1,Pogonotriccus chapmani,Chapman's Bristle Tyrant,
mfbtyr1,Pogonotriccus ophthalmicus,Marble-faced Bristle Tyrant,
spbtyr1,Pogonotriccus orbitalis,Spectacled Bristle Tyrant,
vebtyr2,Pogonotriccus venezuelanus,Venezuelan Bristle Tyrant,
anbtyr1,Pogonotriccus lanyoni,Antioquia Bristle Tyrant,
sobtyr2,Pogonotriccus eximius,Southern Bristle Tyrant,
moctyr2,Phylloscartes ventralis,Mottle-cheeked Tyrannulet,
alatyr1,Phylloscartes ceciliae,Alagoas Tyrannulet,
restyr1,Phylloscartes kronei,Restinga Tyrannulet,
bahtyr1,Phylloscartes beckeri,Bahia Tyrannulet,
yegtyr1,Phylloscartes flavovirens,Panama Tyrannulet,YGTY
olgtyr1,Phylloscartes virescens,Olive-green Tyrannulet,
ecutyr1,Phylloscartes gualaquizae,Ecuadorian Tyrannulet,
blftyr1,Phylloscartes nigrifrons,Black-fronted Tyrannulet,
rubtyr1,Phylloscartes superciliaris,Rufous-browed Tyrannulet,RBTY
rultyr1,Phylloscartes flaviventris,Rufous-lored Tyrannulet,
ciftyr1,Phylloscartes parkeri,Cinnamon-faced Tyrannulet,
migtyr1,Phylloscartes roquettei,Minas Gerais Tyrannulet,
saptyr1,Pogonotriccus paulista,Sao Paulo Bristle Tyrant,
oustyr1,Phylloscartes oustaleti,Oustalet's Tyrannulet,
sdmtyr2,Pogonotriccus difficilis,Serra do Mar Bristle Tyrant,
bartyr1,Phylloscartes sylviolus,Bay-ringed Tyrannulet,
stnfly1,Mionectes striaticollis,Streak-necked Flycatcher,
olsfly2,Mionectes olivaceus,Olive-striped Flycatcher,OSTF
ocbfly1,Mionectes oleagineus,Ochre-bellied Flycatcher,OBFL
mccfly1,Mionectes macconnelli,McConnell's Flycatcher,
mccfly3,Mionectes roraimae,Sierra de Lema Flycatcher,
gyhfly1,Mionectes rufiventris,Grey-hooded Flycatcher,
secfly1,Leptopogon amaurocephalus,Sepia-capped Flycatcher,SECF
slcfly1,Leptopogon superciliaris,Slaty-capped Flycatcher,SLCF
rubfly2,Leptopogon rufipectus,Rufous-breasted Flycatcher,
incfly1,Leptopogon taczanowskii,Inca Flycatcher,
chafly3,Guyramemua affine,Chapada Flycatcher,
nosfly1,Sublegatus arenarum,Northern Scrub Flycatcher,NOSF
amsfly1,Sublegatus obscurior,Amazonian Scrub Flycatcher,
sosfly1,Sublegatus modestus,Southern Scrub Flycatcher,
slbtyr1,Inezia tenuirostris,Slender-billed Inezia,
platyr1,Inezia inornata,Plain Inezia,
amatyr1,Inezia subflava,Amazonian Inezia,
pattyr3,Inezia caudata,Pale-tipped Inezia,
flafly2,Myiophobus flavicans,Flavescent Flycatcher,
orcfly1,Myiophobus phoenicomitra,Orange-crested Flycatcher,
unafly1,Myiophobus inornatus,Unadorned Flycatcher,
rorfly1,Myiophobus roraimae,Roraiman Flycatcher,
olcfly1,Myiophobus cryptoxanthus,Olive-chested Flycatcher,
brcfly1,Myiophobus fasciatus,Bran-colored Flycatcher,BCOF
hanfly1,Nephelomyias pulcher,Handsome Flycatcher,
orbfly1,Nephelomyias lintoni,Orange-banded Flycatcher,
ornfly1,Myiotriccus ornatus,Ornate Flycatcher,
mcrtyr1,Tachuris rubrigastra,Many-colored Rush Tyrant,
shttyr1,Culicivora caudacuta,Sharp-tailed Grass Tyrant,
drbpyt1,Hemitriccus diops,Drab-breasted Bamboo Tyrant,
bnbpyt1,Hemitriccus obsoletus,Brown-breasted Bamboo Tyrant,
flapyt1,Hemitriccus flammulatus,Flammulated Bamboo Tyrant,
snttyr1,Hemitriccus minor,Snethlage's Tody-Tyrant,
yuttyr1,Hemitriccus spodiops,Yungas Tody-Tyrant,
acrtot1,Hemitriccus cohnhafti,Acre Tody-Tyrant,
bbttyr1,Hemitriccus josephinae,Boat-billed Tody-Tyrant,
wettyr1,Hemitriccus zosterops,White-eyed Tody-Tyrant,
whbtot1,Hemitriccus griseipectus,White-bellied Tody-Tyrant,
zittyr1,Hemitriccus minimus,Zimmer's Tody-Tyrant,
erttyr1,Hemitriccus orbitatus,Eye-ringed Tody-Tyrant,
jottyr1,Hemitriccus iohannis,Johannes's Tody-Tyrant,
snttyr2,Hemitriccus striaticollis,Stripe-necked Tody-Tyrant,
hattyr1,Hemitriccus nidipendulus,Hangnest Tody-Tyrant,
pvttyr1,Hemitriccus margaritaceiventer,Pearly-vented Tody-Tyrant,
pettyr1,Hemitriccus inornatus,Pelzeln's Tody-Tyrant,
btttyr1,Hemitriccus granadensis,Black-throated Tody-Tyrant,
bbttyr2,Hemitriccus mirandae,Buff-breasted Tody-Tyrant,
cbttyr1,Hemitriccus cinnamomeipectus,Cinnamon-breasted Tody-Tyrant,
kattyr1,Hemitriccus kaempferi,Kaempfer's Tody-Tyrant,
btttyr2,Hemitriccus rufigularis,Buff-throated Tody-Tyrant,
fotpyt1,Hemitriccus furcatus,Fork-tailed Tody-Tyrant,
eaptyr1,Myiornis auricularis,Eared Pygmy Tyrant,
wbptyr1,Myiornis albiventris,White-bellied Pygmy Tyrant,
bcptyr1,Myiornis atricapillus,Black-capped Pygmy Tyrant,BPYT
stptyr1,Myiornis ecaudatus,Short-tailed Pygmy Tyrant,
norben1,Oncostoma cinereigulare,Northern Bentbill,NOBE
souben1,Oncostoma olivaceum,Southern Bentbill,SOBE
scptyr1,Lophotriccus pileatus,Scale-crested Pygmy Tyrant,SCPT
lcptyr1,Lophotriccus eulophotes,Long-crested Pygmy Tyrant,
dbptyr1,Lophotriccus vitiosus,Double-banded Pygmy Tyrant,
heptyr1,Lophotriccus galeatus,Helmeted Pygmy Tyrant,
peptyr1,Atalotriccus pilaris,Pale-eyed Pygmy Tyrant,
rcttyr1,Poecilotriccus ruficeps,Rufous-crowned Tody-Flycatcher,
johtot1,Poecilotriccus luluae,Lulu's Tody-Flycatcher,
wcttyr1,Poecilotriccus albifacies,White-cheeked Tody-Flycatcher,
bawtyr1,Poecilotriccus capitalis,Black-and-white Tody-Flycatcher,
buctof1,Poecilotriccus senex,Buff-cheeked Tody-Flycatcher,
rudtof1,Poecilotriccus russatus,Ruddy Tody-Flycatcher,
ocftof1,Poecilotriccus plumbeiceps,Ochre-faced Tody-Flycatcher,
smftof1,Poecilotriccus fumifrons,Smoky-fronted Tody-Flycatcher,
ruftof1,Poecilotriccus latirostris,Rusty-fronted Tody-Flycatcher,
shtfly1,Poecilotriccus sylvia,Slaty-headed Tody-Flycatcher,SHTF
gowtof1,Poecilotriccus calopterus,Golden-winged Tody-Flycatcher,
bkbtof1,Poecilotriccus pulchellus,Black-backed Tody-Flycatcher,
blctyr2,Taeniotriccus andrei,Black-chested Tyrant,
sptfly1,Todirostrum maculatum,Spotted Tody-Flycatcher,
gyhtof1,Todirostrum poliocephalum,Yellow-lored Tody-Flycatcher,
cotfly1,Todirostrum cinereum,Common Tody-Flycatcher,COTF
matfly1,Todirostrum viridanum,Maracaibo Tody-Flycatcher,
patfly1,Todirostrum pictum,Painted Tody-Flycatcher,
ybtfly1,Todirostrum chrysocrotaphum,Yellow-browed Tody-Flycatcher,
bhtfly1,Todirostrum nigriceps,Black-headed Tody-Flycatcher,BHTF
brofly1,Cnipodectes subbrunneus,Brownish Twistwing,BRTW
ruftwi1,Cnipodectes superrufus,Rufous Twistwing,
eyrfla1,Rhynchocyclus brevirostris,Eye-ringed Flatbill,ERFL
olifla1,,,
pacfla1,Rhynchocyclus pacificus,Pacific Flatbill,
fubfla1,Rhynchocyclus fulvipectus,Fulvous-breasted Flatbill,
yeofly1,Tolmomyias sulphurescens,Yellow-olive Flatbill,YOFL
orefly1,Tolmomyias traylori,Orange-eyed Flatbill,
yemfly1,Tolmomyias assimilis,Yellow-margined Flatbill,
yemfly2,Tolmomyias flavotectus,Yellow-winged Flatbill,YWFL
gycfly1,Tolmomyias poliocephalus,Grey-crowned Flatbill,
yebfly3,Tolmomyias flaviventris,Ochre-lored Flatbill,OLOF
yebfly4,Tolmomyias viridiceps,Olive-faced Flatbill,
cicspa1,Platyrinchus saturatus,Cinnamon-crested Spadebill,
sttspa1,Platyrinchus cancrominus,Stub-tailed Spadebill,SBTS
whtspa1,Platyrinchus mystaceus,White-throated Spadebill,WTRS
gocspa1,Platyrinchus coronatus,Golden-crowned Spadebill,GCRS
yetspa1,Platyrinchus flavigularis,Yellow-throated Spadebill,
whcspa1,Platyrinchus platyrhynchos,White-crested Spadebill,
ruwspa1,Platyrinchus leucoryphus,Russet-winged Spadebill,
cinmat1,Neopipo cinnamomea,Cinnamon Neopipo,
cinfly2,Pyrrhomyias cinnamomeus,Cinnamon Flycatcher,
clifly1,Hirundinea ferruginea,Cliff Flycatcher,
eulfly1,Lathrotriccus euleri,Euler's Flycatcher,EUFL
gybfly1,Lathrotriccus griseipectus,Grey-breasted Flycatcher,
tacfly1,Aphanotriccus capitalis,Tawny-chested Flycatcher,TCFL
blbfly1,Aphanotriccus audax,Black-billed Flycatcher,BLBF
belfly1,Xenotriccus callizonus,Belted Flycatcher,BEFL
pilfly1,Xenotriccus mexicanus,Pileated Flycatcher,PILF
easpho,Sayornis phoebe,Eastern Phoebe,EAPH
blkpho,Sayornis nigricans,Black Phoebe,BLPH
saypho,Sayornis saya,Say's Phoebe,SAPH
tuffly,Mitrephanes phaeocercus,Northern Tufted Flycatcher,TUFL
olifly2,Mitrephanes olivaceus,Olive Tufted Flycatcher,
olsfly,Contopus cooperi,Olive-sided Flycatcher,OSFL
grepew,Contopus pertinax,Greater Pewee,GRPE
darpew1,Contopus lugubris,Dark Pewee,DAPE
smcpew1,Contopus fumigatus,Smoke-colored Pewee,
ochpew1,Contopus ochraceus,Ochraceous Pewee,OCPE
wewpew,Contopus sordidulus,Western Wood Pewee,WEWP
eawpew,Contopus virens,Eastern Wood Pewee,EAWP
tropew3,Contopus cinereus,Southern Tropical Pewee,TROP
tropew2,Contopus punensis,Tumbes Pewee,
whtpew1,Contopus albogularis,White-throated Pewee,
blapew1,Contopus nigrescens,Blackish Pewee,
cubpew1,Contopus caribaeus,Cuban Pewee,CUPE
jampew1,Contopus pallidus,Jamaican Pewee,JPEW
leapew1,Contopus latirostris,Lesser Antillean Pewee,LAPE
yebfly,Empidonax flaviventris,Yellow-bellied Flycatcher,YBFL
acafly,Empidonax virescens,Acadian Flycatcher,ACFL
wilfly,Empidonax traillii,Willow Flycatcher,WIFL
aldfly,Empidonax alnorum,Alder Flycatcher,ALFL
whtfly1,Empidonax albigularis,White-throated Flycatcher,WTFL
leafly,Empidonax minimus,Least Flycatcher,LEFL
hamfly,Empidonax hammondii,Hammond's Flycatcher,HAFL
dusfly,Empidonax oberholseri,American Dusky Flycatcher,DUFL
gryfly,Empidonax wrightii,American Grey Flycatcher,GRFL
pinfly1,Empidonax affinis,Pine Flycatcher,PINF
pasfly,,,
corfly,,,
yelfly1,Empidonax flavescens,Yellowish Flycatcher,YEFL
bubfly,Empidonax fulvifrons,Buff-breasted Flycatcher,BBFL
blcfly1,Empidonax atriceps,Black-capped Flycatcher,BCAF
verfly,Pyrocephalus rubinus,Vermilion Flycatcher,VEFL
brufly1,Pyrocephalus nanus,Brujo Flycatcher,
drwtyr1,Ochthornis littoralis,Drab Water Tyrant,
yebtyr2,Satrapa icterophrys,Yellow-browed Tyrant,
sbgtyr1,Muscisaxicola maculirostris,Spot-billed Ground Tyrant,
wfgtyr1,Muscisaxicola albifrons,White-fronted Ground Tyrant,
ongtyr1,Muscisaxicola flavinucha,Ochre-naped Ground Tyrant,
plcgrt1,Muscisaxicola alpinus,Paramo Ground Tyrant,
rngtyr1,Muscisaxicola rufivertex,Rufous-naped Ground Tyrant,
dafgrt1,Muscisaxicola maclovianus,Dark-faced Ground Tyrant,
wbgtyr1,Muscisaxicola albilora,White-browed Ground Tyrant,
cibgrt1,Muscisaxicola capistratus,Cinnamon-bellied Ground Tyrant,
pugtyr1,Muscisaxicola juninensis,Puna Ground Tyrant,
andneg1,Lessonia oreas,Andean Negrito,
ausneg1,Lessonia rufa,Austral Negrito,
spetyr1,Hymenops perspicillatus,Spectacled Tyrant,
bbbtyr1,Knipolegus cyanirostris,Blue-billed Black Tyrant,
andtyr2,Knipolegus cabanisi,Plumbeous Tyrant,
cintyr1,Knipolegus striaticeps,Cinereous Tyrant,
whwblt1,Knipolegus aterrimus,White-winged Black Tyrant,
hubtyr1,Knipolegus hudsoni,Hudson's Black Tyrant,
ruttyr1,Knipolegus poecilurus,Rufous-tailed Tyrant,
rivtyr2,Knipolegus orenocensis,Riverside Tyrant,
ambtyr1,Knipolegus poecilocercus,Amazonian Black Tyrant,
crbtyr1,Knipolegus lophotes,Crested Black Tyrant,
vebtyr1,Knipolegus nigerrimus,Velvety Black Tyrant,
rrbtyr1,Cnemarchus erythropygius,Red-rumped Bush Tyrant,
rwbtyr1,Cnemarchus rufipennis,Rufous-webbed Bush Tyrant,
whrmon2,Xolmis velatus,White-rumped Monjita,
whimon1,Xolmis irupero,White Monjita,
fiediu1,Pyrope pyrope,Fire-eyed Diucon,
grymon1,Nengetus cinereus,Grey Monjita,
bkcmon1,Neoxolmis coronatus,Black-crowned Monjita,
salmon1,Neoxolmis salinarum,Salinas Monjita,
chvtyr2,Neoxolmis rufiventris,Chocolate-vented Tyrant,
stbtyr1,Myiotheretes striaticollis,Streak-throated Bush Tyrant,
rbbtyr1,Myiotheretes fuscorufus,Rufous-bellied Bush Tyrant,
smbtyr1,Myiotheretes pernix,Santa Marta Bush Tyrant,
smbtyr2,Myiotheretes fumigatus,Smoky Bush Tyrant,
bkbsht1,Agriornis montanus,Black-billed Shrike-Tyrant,
lessht1,Agriornis murinus,Lesser Shrike-Tyrant,
wtstyr1,Agriornis albicauda,White-tailed Shrike-Tyrant,
gresht1,Agriornis lividus,Great Shrike-Tyrant,
stttyr2,Gubernetes yetapa,Streamer-tailed Tyrant,
shtgrt1,Muscipipra vetula,Shear-tailed Grey Tyrant,
piwtyr1,Fluvicola pica,Pied Water Tyrant,PIWT
bbwtyr1,Fluvicola albiventer,Black-backed Water Tyrant,
mawtyr1,Fluvicola nengeta,Masked Water Tyrant,
whmtyr1,Arundinicola leucocephala,White-headed Marsh Tyrant,
bawmon3,Heteroxolmis dominicana,Black-and-white Monjita,
cottyr1,Alectrurus tricolor,Cock-tailed Tyrant,
stttyr1,Alectrurus risora,Strange-tailed Tyrant,
tumtyr2,Ochthoeca salvini,Tumbes Tyrant,
crocht1,Silvicultrix frontalis,Crowned Chat-Tyrant,
crocht3,,,
gobcht1,Silvicultrix pulchella,Golden-browed Chat-Tyrant,
yebcht1,Silvicultrix diadema,Yellow-bellied Chat-Tyrant,
jelcht1,Silvicultrix jelskii,Jelski's Chat-Tyrant,
slbcht2,Ochthoeca cinnamomeiventris,Slaty-backed Chat-Tyrant,
slbcht3,Ochthoeca thoracica,Maroon-belted Chat-Tyrant,
rbctyr1,Ochthoeca rufipectoralis,Rufous-breasted Chat-Tyrant,
bbctyr1,Ochthoeca fumicolor,Brown-backed Chat-Tyrant,
dorcht1,Ochthoeca oenanthoides,D'Orbigny's Chat-Tyrant,
wbctyr1,Ochthoeca leucophrys,White-browed Chat-Tyrant,
pictyr1,Ochthoeca piurae,Piura Chat-Tyrant,
pattyr2,Colorhamphus parvirostris,Patagonian Tyrant,
lottyr1,Colonia colonus,Long-tailed Tyrant,LTTY
stftyr1,Muscigralla brevicauda,Short-tailed Field Tyrant,
cattyr,Machetornis rixosa,Cattle Tyrant,CATY
pirfly1,Legatus leucophaius,Piratic Flycatcher,PIRF
whbfly1,Phelpsia inornata,White-bearded Flycatcher,
rumfly1,Myiozetetes cayanensis,Rusty-margined Flycatcher,RMFL
socfly1,Myiozetetes similis,Social Flycatcher,SOFL
grcfly1,Myiozetetes granadensis,Grey-capped Flycatcher,GCAF
ducfly2,Myiozetetes luteiventris,Dusky-chested Flycatcher,
grekis,Pitangus sulphuratus,Great Kiskadee,GKIS
leskis1,Philohydor lictor,Lesser Kiskadee,LEKI
whrfly,Conopias albovittatus,White-ringed Flycatcher,WRFL
yetfly2,Conopias parvus,Yellow-throated Flycatcher,
thsfly2,Conopias trivirgatus,Three-striped Flycatcher,
lebfly2,Conopias cinchoneti,Lemon-browed Flycatcher,
gobfly1,Myiodynastes hemichrysus,Golden-bellied Flycatcher,GBFL
gocfly1,Myiodynastes chrysocephalus,Golden-crowned Flycatcher,
baifly1,Myiodynastes bairdii,Baird's Flycatcher,
subfly,Myiodynastes luteiventris,Sulphur-bellied Flycatcher,SBFL
strfly1,Myiodynastes maculatus,Streaked Flycatcher,STRF
bobfly1,Megarynchus pitangua,Boat-billed Flycatcher,BOBF
sulfly1,Tyrannopsis sulphurea,Sulphury Flycatcher,
varfly,Empidonomus varius,Variegated Flycatcher,VAFL
croslf1,Empidonomus aurantioatrocristatus,Crowned Slaty Flycatcher,CSFL
sntkin1,Tyrannus niveigularis,Snowy-throated Kingbird,
whtkin1,Tyrannus albogularis,White-throated Kingbird,
trokin,Tyrannus melancholicus,Tropical Kingbird,TRKI
coukin,Tyrannus couchii,Couch's Kingbird,COKI
caskin,Tyrannus vociferans,Cassin's Kingbird,CAKI
thbkin,Tyrannus crassirostris,Thick-billed Kingbird,TBKI
weskin,Tyrannus verticalis,Western Kingbird,WEKI
sctfly,Tyrannus forficatus,Scissor-tailed Flycatcher,STFL
fotfly,Tyrannus savana,Fork-tailed Flycatcher,FTFL
easkin,Tyrannus tyrannus,Eastern Kingbird,EAKI
grykin,Tyrannus dominicensis,Grey Kingbird,GRAK
giakin1,Tyrannus cubensis,Giant Kingbird,GIKI
logkin,Tyrannus caudifasciatus,Loggerhead Kingbird,LOKI
gramou1,Rhytipterna simplex,Greyish Mourner,
pabmou1,Rhytipterna immunda,Pale-bellied Mourner,
rufmou1,Rhytipterna holerythra,Rufous Mourner,RMOU
sibsir1,Sirystes sibilator,Sibilant Sirystes,
whrsir1,Sirystes albocinereus,White-rumped Sirystes,
todsir1,Sirystes subcanescens,Todd's Sirystes,
siryst3,Sirystes albogriseus,Choco Sirystes,CHSI
rufcas2,Casiornis rufus,Rufous Casiornis,
astcas2,Casiornis fuscus,Ash-throated Casiornis,
ruffly1,Myiarchus semirufus,Rufous Flycatcher,
yucfly1,Myiarchus yucatanensis,Yucatan Flycatcher,YUFL
sadfly1,Myiarchus barbirostris,Sad Flycatcher,SAFL
ducfly,Myiarchus tuberculifer,Dusky-capped Flycatcher,DCFL
swafly1,Myiarchus swainsoni,Swainson's Flycatcher,
venfly1,Myiarchus venezuelensis,Venezuelan Flycatcher,
panfly1,Myiarchus panamensis,Panama Flycatcher,PAFL
shcfly1,Myiarchus ferox,Short-crested Flycatcher,
apifly1,Myiarchus apicalis,Apical Flycatcher,
paefly1,Myiarchus cephalotes,Pale-edged Flycatcher,
socfly2,Myiarchus phaeocephalus,Sooty-crowned Flycatcher,
astfly,Myiarchus cinerascens,Ash-throated Flycatcher,ATFL
nutfly,Myiarchus nuttingi,Nutting's Flycatcher,NUFL
grcfly,Myiarchus crinitus,Great Crested Flycatcher,GCFL
bncfly,Myiarchus tyrannulus,Brown-crested Flycatcher,BCFL
galfly1,Myiarchus magnirostris,Galapagos Flycatcher,
rutfly1,Myiarchus validus,Rufous-tailed Flycatcher,RFTF
lasfly,Myiarchus sagrae,La Sagra's Flycatcher,LSFL
stofly1,Myiarchus stolidus,Stolid Flycatcher,STOF
purfly1,Myiarchus antillarum,Puerto Rican Flycatcher,PRFL
lahfla2,Ramphotrigon megacephalum,Large-headed Flatbill,
flafly1,Ramphotrigon flammulatum,Flammulated Flycatcher,FLFL
rutfla1,Ramphotrigon ruficauda,Rufous-tailed Flatbill,
dutfla1,Ramphotrigon fuscicauda,Dusky-tailed Flatbill,
rutatt1,Attila phoenicurus,Rufous-tailed Attila,
cinatt1,Attila cinnamomeus,Cinnamon Attila,
ochatt1,Attila torridus,Ochraceous Attila,
cibatt1,Attila citriniventris,Citron-bellied Attila,
ducatt1,Attila bolivianus,White-eyed Attila,
gyhatt1,Attila rufus,Grey-hooded Attila,
brratt1,Attila spadiceus,Bright-rumped Attila,BRAT
scafru1,Ampelioides tschudii,Scaled Fruiteater,
fitfru1,Pipreola chlorolepidota,Fiery-throated Fruiteater,
scbfru1,Pipreola frontalis,Scarlet-breasted Fruiteater,
hanfru1,Pipreola formosa,Handsome Fruiteater,
rebfru1,Pipreola whitelyi,Red-banded Fruiteater,
blcfru1,Pipreola lubomirskii,Black-chested Fruiteater,
orbfru1,Pipreola jucunda,Orange-breasted Fruiteater,
masfru1,Pipreola pulchra,Masked Fruiteater,
gobfru1,Pipreola aureopectus,Golden-breasted Fruiteater,
barfru1,Pipreola arcuata,Barred Fruiteater,
batfru1,Pipreola intermedia,Band-tailed Fruiteater,
gabfru1,Pipreola riefferii,Green-and-black Fruiteater,
gytpih1,Snowornis subalaris,Grey-tailed Piha,
olipih2,Snowornis cryptolophus,Olivaceous Piha,
hoober2,Carpornis cucullata,Hooded Berryeater,
bkhber1,Carpornis melanocephala,Black-headed Berryeater,
andcot1,Rupicola peruvianus,Andean Cock-of-the-rock,
gcoroc1,Rupicola rupicola,Guianan Cock-of-the-rock,
gurcot1,Phoenicircus carnifex,Guianan Red Cotinga,
bnrcot1,Phoenicircus nigricollis,Black-necked Red Cotinga,
whccot1,Zaratornis stresemanni,White-cheeked Cotinga,
rutpla1,Phytotoma rara,Rufous-tailed Plantcutter,
perpla1,Phytotoma raimondii,Peruvian Plantcutter,
whtpla1,Phytotoma rutila,White-tipped Plantcutter,
swtcot1,Phibalura flavirostris,Swallow-tailed Cotinga,
bavcot1,Doliornis sclateri,Bay-vented Cotinga,
chbcot1,Doliornis remseni,Chestnut-bellied Cotinga,
reccot1,Ampelion rubrocristatus,Red-crested Cotinga,
chccot1,Ampelion rufaxilla,Chestnut-crested Cotinga,
crifru1,Haematoderus militaris,Crimson Fruitcrow,
putfru1,Querula purpurata,Purple-throated Fruitcrow,PTFR
rerfru1,Pyroderus scutatus,Red-ruffed Fruitcrow,
banumb1,Cephalopterus glabricollis,Bare-necked Umbrellabird,BNUM
lowumb1,Cephalopterus penduliger,Long-wattled Umbrellabird,
amaumb1,Cephalopterus ornatus,Amazonian Umbrellabird,
capuch1,Perissocephalus tricolor,Capuchinbird,
rufpih1,Lipaugus unirufus,Rufous Piha,RUFP
rocpih1,Lipaugus streptophorus,Rose-collared Piha,
scrpih1,Lipaugus vociferans,Screaming Piha,
civpih1,Lipaugus lanioides,Cinnamon-vented Piha,
bagcot1,Lipaugus ater,Black-and-gold Cotinga,
gywcot1,Lipaugus conditus,Grey-winged Cotinga,
chcpih1,Lipaugus weberi,Chestnut-capped Piha,
duspih1,Lipaugus fuscocinereus,Dusky Piha,
scwpih1,Lipaugus uropygialis,Scimitar-winged Piha,
whibel2,Procnias albus,White Bellbird,
thwbel,Procnias tricarunculatus,Three-wattled Bellbird,TWBE
batbel1,Procnias nudicollis,Bare-throated Bellbird,
beabel1,Procnias averano,Bearded Bellbird,
pltcot1,Cotinga maynana,Plum-throated Cotinga,
spacot1,Cotinga cayana,Spangled Cotinga,
lovcot1,Cotinga amabilis,Lovely Cotinga,LOCO
blucot1,Cotinga nattererii,Blue Cotinga,BLCO
turcot1,Cotinga ridgwayi,Turquoise Cotinga,TUCO
pubcot1,Cotinga cotinga,Purple-breasted Cotinga,
putcot1,Porphyrolaema porphyrolaema,Purple-throated Cotinga,
blfcot1,Conioptilon mcilhennyi,Black-faced Cotinga,
pomcot1,Xipholena punicea,Pompadour Cotinga,
whtcot1,Xipholena lamellipennis,White-tailed Cotinga,
whwcot1,Xipholena atropurpurea,White-winged Cotinga,
bltcot1,Carpodectes hopkei,Black-tipped Cotinga,BTCO
snocot1,Carpodectes nitidus,Snowy Cotinga,SNCO
dwtman1,Tyranneutes stolzmanni,Dwarf Tyrant-Manakin,
titman1,Tyranneutes virescens,Tiny Tyrant-Manakin,
sctman1,Neopelma chrysocephalum,Saffron-crested Tyrant-Manakin,
sbtman1,Neopelma sulphureiventer,Sulphur-bellied Tyrant-Manakin,
pbtman1,Neopelma pallescens,Pale-bellied Tyrant-Manakin,
witman1,Neopelma aurifrons,Wied's Tyrant-Manakin,
sdmman1,Neopelma chrysolophum,Serra do Mar Tyrant-Manakin,
yehman2,Chloropipo flavicapilla,Yellow-headed Manakin,
jetman2,Chloropipo unicolor,Jet Manakin,
araman1,Chiroxiphia bokermanni,Araripe Manakin,
helman1,Chiroxiphia galeata,Helmeted Manakin,
lotman1,Chiroxiphia linearis,Long-tailed Manakin,LOTM
latman1,Chiroxiphia lanceolata,Lance-tailed Manakin,LATM
blbman1,Chiroxiphia pareola,Blue-backed Manakin,
yunman1,Chiroxiphia boliviana,Yungas Manakin,
swtman1,Chiroxiphia caudata,Blue Manakin,
pitman1,Ilicura militaris,Pin-tailed Manakin,
gowman1,Masius chrysopterus,Golden-winged Manakin,
whtman1,Corapipo gutturalis,White-throated Manakin,
whrman1,Corapipo altera,White-ruffed Manakin,WRMA
oliman2,Xenopipo uniformis,Olive Manakin,
blaman1,Xenopipo atronitens,Black Manakin,
greman2,Cryptopipo holochlora,Green Manakin,GMAK
blcman1,Lepidothrix coronata,Blue-capped Manakin,
sncman1,Lepidothrix nattereri,Snow-capped Manakin,
gocman2,Lepidothrix vilasboasi,Golden-crowned Manakin,
opcman1,Lepidothrix iris,Opal-crowned Manakin,
orbman1,Lepidothrix suavissima,Orange-bellied Manakin,
whfman1,Lepidothrix serena,White-fronted Manakin,
blrman1,Lepidothrix isidorei,Blue-rumped Manakin,
orcman3,Heterocercus aurantiivertex,Orange-crested Manakin,
yecman2,Heterocercus flavivertex,Yellow-crested Manakin,
flcman2,Heterocercus linteatus,Flame-crested Manakin,
whbman1,Manacus manacus,White-bearded Manakin,
whcman1,Manacus candei,White-collared Manakin,WCOM
gocman1,Manacus vitellinus,Golden-collared Manakin,GCMA
orcman1,Manacus aurantiacus,Orange-collared Manakin,OCMA
crhman1,Pipra aureola,Crimson-hooded Manakin,
witman2,Pipra filicauda,Wire-tailed Manakin,
batman1,Pipra fasciicauda,Band-tailed Manakin,
clwman1,Machaeropterus deliciosus,Club-winged Manakin,
strman2,Machaeropterus regulus,Kinglet Manakin,
strman5,Machaeropterus striolatus,Striolated Manakin,
paiman1,Machaeropterus eckelberryi,Painted Manakin,
ficman1,Machaeropterus pyrocephalus,Fiery-capped Manakin,
whcman2,Pseudopipra pipra,White-crowned Manakin,WCRM
schman1,Ceratopipra cornuta,Scarlet-horned Manakin,
recman1,Ceratopipra mentalis,Red-capped Manakin,RCMA
rotman1,Ceratopipra chloromeros,Round-tailed Manakin,
gohman1,Ceratopipra erythrocephala,Golden-headed Manakin,GHMA
rehman1,Ceratopipra rubrocapilla,Red-headed Manakin,
sharpb1,Oxyruncus cristatus,Sharpbill,SHAR
royfly1,Onychorhynchus coronatus,Tropical Royal Flycatcher,ROFL
royfly2,,,
royfly3,,,
royfly5,Onychorhynchus swainsoni,Atlantic Royal Flycatcher,
tabfly1,Myiobius villosus,Tawny-breasted Myiobius,TBFL
surfly1,Myiobius sulphureipygius,Sulphur-rumped Myiobius,SRFL
whifly1,Myiobius barbatus,Whiskered Myiobius,
bltfly1,Myiobius atricaudus,Black-tailed Myiobius,BTFL
rutfly2,Terenotriccus erythrurus,Ruddy-tailed Flycatcher,RDTF
blctit1,Tityra inquisitor,Black-crowned Tityra,BCRT
blttit1,Tityra cayana,Black-tailed Tityra,
mastit1,Tityra semifasciata,Masked Tityra,MATI
varsch1,Schiffornis major,Varzea Schiffornis,
thlsch7,Schiffornis olivacea,Guianan Schiffornis,
thlsch2,Schiffornis veraepacis,Northern Schiffornis,NOSC
thlsch8,Schiffornis aenea,Foothill Schiffornis,
thlsch4,Schiffornis stenorhyncha,Russet-winged Schiffornis,RWSC
thlsch3,Schiffornis turdina,Brown-winged Schiffornis,
gresch2,Schiffornis virescens,Greenish Schiffornis,
spemou1,Laniocera rufescens,Speckled Mourner,SPMO
cinmou1,Laniocera hypopyrra,Cinereous Mourner,
butpur1,Iodopleura pipra,Buff-throated Purpletuft,
duspur1,Iodopleura fusca,Dusky Purpletuft,
whbpur1,Iodopleura isabellae,White-browed Purpletuft,
shlcot1,,,
shlcot2,Laniisoma buckleyi,Andean Laniisoma,
whnxen1,Xenopsaris albinucha,White-naped Xenopsaris,
grbbec1,Pachyramphus viridis,Green-backed Becard,
gnbbec2,,,
barbec1,Pachyramphus versicolor,Barred Becard,BABE
slabec1,Pachyramphus spodiurus,Slaty Becard,
cinbec2,Pachyramphus rufus,Cinereous Becard,CIRB
chcbec1,Pachyramphus castaneus,Chestnut-crowned Becard,
cinbec1,Pachyramphus cinnamomeus,Cinnamon Becard,CIMB
whwbec1,Pachyramphus polychopterus,White-winged Becard,WWBE
blcbec1,Pachyramphus marginatus,Black-capped Becard,
bawbec1,,,
grcbec1,Pachyramphus major,Grey-collared Becard,GCBE
glbbec1,Pachyramphus surinamus,Glossy-backed Becard,
oncbec1,Pachyramphus homochrous,One-colored Becard,OCBE
pitbec1,Pachyramphus minor,Pink-throated Becard,
crebec1,Pachyramphus validus,Crested Becard,
rotbec,Pachyramphus aglaiae,Rose-throated Becard,RTBE
jambec1,Pachyramphus niger,Jamaican Becard,JABE
alblyr1,Menura alberti,Albert's Lyrebird,
suplyr1,Menura novaehollandiae,Superb Lyrebird,
rusbir1,Atrichornis rufescens,Rufous Scrubbird,
nosbir1,Atrichornis clamosus,Noisy Scrubbird,
ocbcat1,Ailuroedus stonii,Ochre-breasted Catbird,
taccat1,Ailuroedus geislerorum,Tan-capped Catbird,
grecat1,Ailuroedus crassirostris,Green Catbird,
spocat2,Ailuroedus maculosus,Spotted Catbird,
huocat1,Ailuroedus astigmaticus,,
bkccat1,Ailuroedus melanocephalus,,
norcat1,Ailuroedus jobiensis,,
arfcat1,Ailuroedus arfakianus,,
spocat1,Ailuroedus melanotis,Black-eared Catbird,
tobcat2,Scenopoeetes dentirostris,Tooth-billed Bowerbird,
arcbow1,Archboldia papuensis,Archbold's Bowerbird,
vogbow2,Amblyornis inornata,Vogelkop Bowerbird,
macbow2,Amblyornis macgregoriae,MacGregor's Bowerbird,
strbow1,Amblyornis subalaris,Streaked Bowerbird,
golbow1,Prionodura newtoniana,Golden Bowerbird,
flabow2,Sericulus ardens,Flame Bowerbird,
regbow1,Sericulus chrysocephalus,Regent Bowerbird,
satbow1,Ptilonorhynchus violaceus,Satin Bowerbird,
wesbow1,Chlamydera guttata,Western Bowerbird,
grebow1,Chlamydera nuchalis,Great Bowerbird,
spobow1,Chlamydera maculata,Spotted Bowerbird,
fabbow1,Chlamydera cerviniventris,Fawn-breasted Bowerbird,
whttre3,Cormobates leucophaea,White-throated Treecreeper,
paptre1,Cormobates placens,Papuan Treecreeper,
whbtre2,Climacteris affinis,White-browed Treecreeper,
ruftre3,Climacteris rufus,Rufous Treecreeper,
brotre2,Climacteris picumnus,Brown Treecreeper,
bkttre1,Climacteris melanurus,Black-tailed Treecreeper,
walfai1,Sipodotus wallacii,Wallace's Fairywren,
empfai1,Malurus cyanocephalus,Emperor Fairywren,
lovfai1,Malurus amabilis,Lovely Fairywren,
varfai1,Malurus assimilis,Purple-backed Fairywren,
varfai5,Malurus lamberti,Variegated Fairywren,
blbfai1,Malurus pulcherrimus,Blue-breasted Fairywren,
rewfai1,Malurus elegans,Red-winged Fairywren,
supfai1,Malurus cyaneus,Superb Fairywren,
splfai1,Malurus splendens,Splendid Fairywren,
pucfai2,Malurus coronatus,Purple-crowned Fairywren,
whsfai1,Malurus alboscapulatus,White-shouldered Fairywren,
rebfai1,Malurus melanocephalus,Red-backed Fairywren,
whwfai1,Malurus leucopterus,White-winged Fairywren,
orcfai1,Clytomyias insignis,Orange-crowned Fairywren,
souemu1,Stipiturus malachurus,Southern Emu-wren,
malemu1,Stipiturus mallee,Mallee Emu-wren,
rucemu1,Stipiturus ruficeps,Rufous-crowned Emu-wren,
blagra1,Amytornis housei,Black Grasswren,
whtgra1,Amytornis woodwardi,White-throated Grasswren,
shtgra1,Amytornis merrotsyi,Short-tailed Grasswren,
rufgra1,,,
rusgra1,Amytornis rowleyi,Opalton Grasswren,
strgra2,Amytornis striatus,Striated Grasswren,
eyrgra1,Amytornis goyderi,Eyrean Grasswren,
thbgra1,Amytornis textilis,Western Grasswren,
thbgra4,Amytornis modestus,Thick-billed Grasswren,
dusgra1,Amytornis purnelli,Dusky Grasswren,
daehon1,Myza celebensis,Dark-eared Myza,
grshon1,Myza sarasinorum,White-eared Myza,
easspi1,Acanthorhynchus tenuirostris,Eastern Spinebill,
wesspi1,Acanthorhynchus superciliosus,Western Spinebill,
grbhon1,Glycichaera fallax,Green-backed Honeyeater,
soomel1,Melionyx fuscus,Sooty Honeyeater,
olshon1,Ptiloprora meekiana,Yellowish-streaked Honeyeater,
rushon1,Ptiloprora erythropleura,Rufous-sided Honeyeater,
rubhon1,Ptiloprora guisei,Rufous-backed Honeyeater,
blbhon1,Ptiloprora perstriata,Grey-streaked Honeyeater,
cricha1,Epthianura tricolor,Crimson Chat,
yelcha1,Epthianura crocea,Yellow Chat,
whfcha1,Epthianura albifrons,White-fronted Chat,
bouhon1,Stresemannia bougainvillei,Bougainville Honeyeater,
rubhon2,Conopophila albogularis,Rufous-banded Honeyeater,
ruthon1,Conopophila rufogularis,Rufous-throated Honeyeater,
gryhon1,Conopophila whitei,Grey Honeyeater,
babhon1,Ramsayornis fasciatus,Bar-breasted Honeyeater,
brbhon1,Ramsayornis modestus,Brown-backed Honeyeater,
lobhon2,Melilestes megarhynchus,Long-billed Honeyeater,
tawstr1,Timeliopsis griseigula,Tawny Straightbill,
arfhon1,Melipotes gymnops,Arfak Honeyeater,
smohon1,Melipotes fumigatus,Common Smoky Honeyeater,
spahon1,Melipotes ater,Spangled Honeyeater,
barhon2,Gliciphila undulata,Barred Honeyeater,
nehhon1,Gliciphila notabilis,White-bellied Honeyeater,
tachon1,Gliciphila melanops,Tawny-crowned Honeyeater,
plahon1,Pycnopygius ixoides,Plain Honeyeater,
marhon1,Pycnopygius cinereus,Marbled Honeyeater,
sthhon1,Pycnopygius stictocephalus,Streak-headed Honeyeater,
piehon1,Certhionyx variegatus,Pied Honeyeater,
tui1,Prosthemadera novaeseelandiae,Tui,
nezbel1,Anthornis melanura,New Zealand Bellbird,
blahon1,Sugomel nigrum,Black Honeyeater,
whsfri1,Melitograis gilolensis,White-streaked Friarbird,
sermyz1,Myzomela blasii,Drab Myzomela,
whcmyz1,Myzomela albigula,White-chinned Myzomela,
ashmyz1,Myzomela cineracea,Ashy Myzomela,
dusmyz4,Myzomela simplex,Moluccan Myzomela,
dusmyz1,,,
redmyz1,,,
blamyz1,Myzomela nigrita,Papuan Black Myzomela,
crhmyz1,Myzomela kuehni,Wetar Myzomela,
alomyz1,Myzomela prawiradilagae,Alor Myzomela,
rehmyz1,Myzomela erythrocephala,Red-headed Myzomela,
summyz1,Myzomela dammermani,Sumba Myzomela,
rotmyz2,Myzomela irianawidodoae,Rote Myzomela,
moumyz1,Myzomela adolphinae,Mountain Myzomela,
banmyz1,Myzomela boiei,Banda Myzomela,
sulmyz1,Myzomela chloroptera,Sulawesi Myzomela,
scamyz1,Myzomela sanguinolenta,Scarlet Myzomela,
necmyz1,Myzomela caledonica,New Caledonian Myzomela,
carmyz1,Myzomela cardinalis,Cardinal Myzomela,
micmyz1,Myzomela rubratra,Micronesian Myzomela,
scbmyz1,Myzomela sclateri,Sclater's Myzomela,
ebomyz1,Myzomela pammelaena,Bismarck Black Myzomela,
scnmyz1,Myzomela lafargei,Red-capped Myzomela,
yevmyz1,Myzomela eichhorni,Crimson-rumped Myzomela,
soomyz1,Myzomela tristrami,Sooty Myzomela,
orbmyz1,Myzomela jugularis,Sulphur-breasted Myzomela,
bkbmyz1,Myzomela vulnerata,Black-breasted Myzomela,
recmyz1,Myzomela rosenbergii,Red-collared Myzomela,
meyfri1,Philemon meyeri,Meyer's Friarbird,
litfri1,Philemon citreogularis,Little Friarbird,
gryfri1,Philemon kisserensis,Grey Friarbird,
timfri1,Philemon inornatus,Timor Friarbird,
dusfri1,Philemon fuscicapillus,Morotai Friarbird,
serfri1,Philemon subcorniculatus,Seram Friarbird,
bkffri1,Philemon moluccensis,Buru Friarbird,
bkffri2,Philemon plumigenis,Tanimbar Friarbird,
helfri1,Philemon buceroides,Helmeted Friarbird,
helfri3,,,
helfri4,,,
nebfri1,Philemon cockerelli,New Britain Friarbird,
whnfri1,Philemon albitorques,Manus Friarbird,
sicfri1,Philemon argenticeps,Silver-crowned Friarbird,
noifri1,Philemon corniculatus,Noisy Friarbird,
necfri1,Philemon diemenensis,New Caledonian Friarbird,
spohon3,Xanthotis polygrammus,Spotted Honeyeater,
machon2,Xanthotis macleayanus,Macleay's Honeyeater,
tabhon1,Xanthotis flaviventer,Tawny-breasted Honeyeater,
strhon1,Plectorhyncha lanceolata,Striped Honeyeater,
paihon1,Grantiella picta,Painted Honeyeater,
whshon1,Trichodere cockerelli,White-streaked Honeyeater,
crehon2,Phylidonyris pyrrhopterus,Crescent Honeyeater,
nehhon2,Phylidonyris novaehollandiae,New Holland Honeyeater,
whchon2,Phylidonyris niger,White-cheeked Honeyeater,
sunhon1,Lichmera lombokia,Scaly-crowned Honeyeater,
olihon1,Lichmera argentauris,Olive Honeyeater,
brohon1,Lichmera indistincta,Brown Honeyeater,
dabhon1,Lichmera incana,Grey-eared Honeyeater,
siehon1,Lichmera alboauricularis,Silver-eared Honeyeater,
whthon2,Lichmera squamata,Scaly-breasted Honeyeater,
serhon1,Lichmera monticola,Seram Honeyeater,
yeehon1,Lichmera flavicans,Flame-eared Honeyeater,
blchon1,Lichmera notabilis,Black-necklaced Honeyeater,
banhon1,Cissomela pectoralis,Banded Honeyeater,
sacmel1,Meliarchus sclateri,Makira Honeyeater,
chagih1,Gymnomyza viridis,Yellow-billed Giant Honeyeater,
duegih1,Gymnomyza brunneirostris,Duetting Giant Honeyeater,
crohon1,Gymnomyza aubryana,Crow Honeyeater,
easwah1,Foulehaio carunculatus,Polynesian Wattled Honeyeater,
norwah1,Foulehaio taviunensis,Fiji Wattled Honeyeater,
weswah1,Foulehaio procerior,Kikau,
kanhon1,Meliphacator provocator,Kadavu Honeyeater,
whehon1,Nesoptilotis leucotis,White-eared Honeyeater,
yethon1,Nesoptilotis flavicollis,Yellow-throated Honeyeater,
blfhon1,Entomyzon cyanotis,Blue-faced Honeyeater,
blchon2,Melithreptus gularis,Black-chinned Honeyeater,
stbhon2,Melithreptus validirostris,Strong-billed Honeyeater,
brhhon1,Melithreptus brevirostris,Brown-headed Honeyeater,
whthon1,Melithreptus albogularis,White-throated Honeyeater,
whnhon2,Melithreptus lunatus,White-naped Honeyeater,
whnhon3,Melithreptus chloropsis,Gilbert's Honeyeater,
blhhon1,Melithreptus affinis,Black-headed Honeyeater,
whghon1,Stomiopera unicolor,White-gaped Honeyeater,
yelhon1,Stomiopera flava,Yellow Honeyeater,
pubhon1,Meliphaga aruensis,Puff-backed Honeyeater,
yeshon1,Meliphaga notata,Yellow-spotted Honeyeater,
lewhon1,Meliphaga lewinii,Lewin's Honeyeater,
whfhon1,Purnella albifrons,White-fronted Honeyeater,
yethon3,Lichenostomus melanops,Yellow-tufted Honeyeater,
pughon1,Lichenostomus cratitius,Purple-gaped Honeyeater,
forhon1,Meliphaga montana,Forest Honeyeater,
moumel1,Meliphaga orientalis,Mountain Honeyeater,
scrhon1,Meliphaga albonotata,Scrub Honeyeater,
mimhon1,Meliphaga analoga,Mimic Honeyeater,
taghon1,Meliphaga vicina,Tagula Honeyeater,
grahon2,Meliphaga gracilis,Graceful Honeyeater,
grahon5,Meliphaga imitatrix,Cryptic Honeyeater,
grahon3,Meliphaga cinereifrons,Elegant Honeyeater,
yeghon1,Meliphaga flavirictus,Yellow-gaped Honeyeater,
whlhon1,Meliphaga albilineata,White-lined Honeyeater,
stbhon3,Meliphaga reticulata,Streak-breasted Honeyeater,
varhon1,Gavicalis versicolor,Varied Honeyeater,
manhon1,Gavicalis fasciogularis,Mangrove Honeyeater,
sinhon1,Gavicalis virescens,Singing Honeyeater,
orchon1,Meliphaga chrysogenys,Orange-cheeked Honeyeater,
yethon2,Ptilotula flavescens,Yellow-tinted Honeyeater,
fushon1,Ptilotula fusca,Fuscous Honeyeater,
gyhhon1,Ptilotula keartlandi,Grey-headed Honeyeater,
yephon1,Ptilotula ornata,Yellow-plumed Honeyeater,
whphon1,Ptilotula penicillata,White-plumed Honeyeater,
yefhon1,Caligavis chrysops,Yellow-faced Honeyeater,
blthon1,Caligavis subfrenata,Black-throated Honeyeater,
obshon1,Caligavis obscura,Obscure Honeyeater,
bruwat1,Anthochaera chrysoptera,Little Wattlebird,
litwat1,Anthochaera lunulata,Western Wattlebird,
redwat1,Anthochaera carunculata,Red Wattlebird,
yelwat1,Anthochaera paradoxa,Yellow Wattlebird,
reghon1,Anthochaera phrygia,Regent Honeyeater,
spchon1,Acanthagenys rufogularis,Spiny-cheeked Honeyeater,
brihon1,Bolemoreus frenatus,Bridled Honeyeater,
eunhon1,Bolemoreus hindwoodi,Eungella Honeyeater,
cibmel1,Melidectes ochromelas,Cinnamon-browed Melidectes,
vogmel1,Melidectes leucostephes,Vogelkop Melidectes,
yebmel1,Melidectes rufocrissalis,Yellow-browed Melidectes,
huomel1,Melidectes foersteri,Huon Melidectes,
belmel1,Melidectes belfordi,Belford's Melidectes,
ornmel1,Melidectes torquatus,Ornate Melidectes,
belmin1,Manorina melanophrys,Bell Miner,
noimin1,Manorina melanocephala,Noisy Miner,
yetmin1,Manorina flavigula,Yellow-throated Miner,
blemin1,Manorina melanotis,Black-eared Miner,
easbri1,Dasyornis brachypterus,Eastern Bristlebird,
wesbri1,Dasyornis longirostris,Western Bristlebird,
rufbri1,Dasyornis broadbenti,Rufous Bristlebird,
spopar1,Pardalotus punctatus,Spotted Pardalote,
fospar1,Pardalotus quadragintus,Forty-spotted Pardalote,
rebpar6,Pardalotus rubricatus,Red-browed Pardalote,
strpar1,Pardalotus striatus,Striated Pardalote,
dwawhi1,Pachycare flavogriseum,Goldenface,
fernwr1,Oreoscopus gutturalis,Fernwren,
scrubt2,Acanthornis magna,Scrubtit,
weebil1,Smicrornis brevirostris,Weebill,
strfie1,Calamanthus fuliginosus,Striated Fieldwren,
ruffie3,Calamanthus montanellus,Western Fieldwren,
ruffie2,Calamanthus campestris,Rufous Fieldwren,
chrhea1,Hylacola pyrrhopygia,Chestnut-rumped Heathwren,
shyhea1,Hylacola cauta,Shy Heathwren,
pilotb1,Pycnoptilus floccosus,Pilotbird,
redthr1,Pyrrholaemus brunneus,Redthroat,
spewar3,Pyrrholaemus sagittatus,Speckled Warbler,
rocwar1,Origma solitaria,Rockwarbler,
rumwar1,Origma murina,Rusty Mouse-warbler,
momwar1,Origma robusta,Mountain Mouse-warbler,
yetscr1,Neosericornis citreogularis,Yellow-throated Scrubwren,
pabscr1,Aethomyias spilodera,Pale-billed Scrubwren,
vogscr1,Aethomyias rufescens,Vogelkop Scrubwren,
bufscr1,Aethomyias perspicillatus,Buff-faced Scrubwren,
papscr1,Aethomyias papuensis,Papuan Scrubwren,
gygscr1,Aethomyias arfakianus,Grey-green Scrubwren,
labscr2,Sericornis magnirostra,Large-billed Scrubwren,
becscr1,Sericornis beccarii,Tropical Scrubwren,
larscr1,Sericornis nouhuysi,Large Scrubwren,
whbscr3,Sericornis maculatus,Spotted Scrubwren,
tasscr1,Sericornis humilis,Tasmanian Scrubwren,
athscr1,Sericornis keri,Atherton Scrubwren,
whbscr1,Sericornis frontalis,White-browed Scrubwren,
bimwar1,Aethomyias nigrorufus,Bicolored Scrubwren,
broger1,Gerygone mouki,Brown Gerygone,
gryger1,Gerygone igata,Grey Gerygone,
noiger1,Gerygone modesta,Norfolk Gerygone,
chiger2,Gerygone albofrontata,Chatham Islands Gerygone,
fatger1,Gerygone flavolateralis,Fan-tailed Gerygone,
brbger1,Gerygone ruficollis,Brown-breasted Gerygone,
gobger1,Gerygone sulphurea,Golden-bellied Gerygone,
rusger1,Gerygone dorsalis,Rufous-sided Gerygone,
manger1,Gerygone levigaster,Mangrove Gerygone,
plager1,Gerygone inornata,Plain Gerygone,
wesger1,Gerygone fusca,Western Gerygone,
dusger1,Gerygone tenebrosa,Dusky Gerygone,
labger1,Gerygone magnirostris,Large-billed Gerygone,
biager1,Gerygone hypoxantha,Biak Gerygone,
yebger1,Gerygone chrysogaster,Yellow-bellied Gerygone,
gnbger1,Gerygone chloronota,Green-backed Gerygone,
whtger1,Gerygone olivacea,White-throated Gerygone,
faiger1,Gerygone palpebrosa,Fairy Gerygone,
moutho1,Acanthiza katherina,Mountain Thornbill,
brotho1,Acanthiza pusilla,Brown Thornbill,
inltho1,Acanthiza apicalis,Inland Thornbill,
tastho1,Acanthiza ewingii,Tasmanian Thornbill,
chrtho1,Acanthiza uropygialis,Chestnut-rumped Thornbill,
burtho1,Acanthiza reguloides,Buff-rumped Thornbill,
westho1,Acanthiza inornata,Western Thornbill,
slbtho2,Acanthiza iredalei,Slender-billed Thornbill,
yertho1,Acanthiza chrysorrhoa,Yellow-rumped Thornbill,
yeltho1,Acanthiza nana,Yellow Thornbill,
mouger1,Acanthiza cinerea,Grey Thornbill,
strtho1,Acanthiza lineata,Striated Thornbill,
slbtho1,Acanthiza robustirostris,Slaty-backed Thornbill,
souwhi1,Aphelocephala leucopsis,Southern Whiteface,
chbwhi1,Aphelocephala pectoralis,Chestnut-breasted Whiteface,
banwhi1,Aphelocephala nigricincta,Banded Whiteface,
negbab1,Garritornis isidorei,Papuan Babbler,
gycbab1,Pomatostomus temporalis,Grey-crowned Babbler,
halbab1,Pomatostomus halli,Hall's Babbler,
whbbab3,Pomatostomus superciliosus,White-browed Babbler,
chcbab2,Pomatostomus ruficeps,Chestnut-crowned Babbler,
norlog1,Orthonyx novaeguineae,Papuan Logrunner,
soulog1,Orthonyx temminckii,Australian Logrunner,
chowch1,Orthonyx spaldingii,Chowchilla,
lorsat1,Cnemophilus loriae,Loria's Satinbird,
cresat1,Cnemophilus macgregorii,Crested Satinbird,
obsber1,Melanocharis arfakiana,Obscure Berrypecker,
lebber1,Melanocharis longicauda,Mid-mountain Berrypecker,
blaber1,Melanocharis nigra,Black Berrypecker,
fatber1,Melanocharis versteri,Fan-tailed Berrypecker,
satber1,Melanocharis citreola,Satin Berrypecker,
spober1,Melanocharis crassirostris,Thick-billed Berrypecker,
dwahon2,Oedistoma iliolophus,Spectacled Longbill,
pyghon1,Oedistoma pygmaeum,Pygmy Longbill,
yeblon1,Toxorhamphus novaeguineae,Yellow-bellied Longbill,
slclon1,Toxorhamphus poliopterus,Slaty-headed Longbill,
titber1,Oreocharis arfaki,Tit Berrypecker,
creber1,,,
kokako3,Callaeas wilsoni,North Island Kokako,
kokako4,Callaeas cinereus,South Island Kokako,
saddle2,Philesturnus rufusater,North Island Saddleback,
saddle3,Philesturnus carunculatus,South Island Saddleback,
stitch1,Notiomystis cincta,Stitchbird,
easwhi1,Psophodes olivaceus,Eastern Whipbird,
weswhi1,Psophodes nigrogularis,Western Whipbird,
weswhi4,,,
chiwed2,Psophodes cristatus,Chirruping Wedgebill,
chiwed1,Psophodes occidentalis,Chiming Wedgebill,
spjbab1,Ptilorrhoa leucosticta,Spotted Jewel-babbler,
blujeb1,Ptilorrhoa caerulescens,Blue Jewel-babbler,
blujeb2,Ptilorrhoa geislerorum,Brown-headed Jewel-babbler,
cbjbab1,Ptilorrhoa castanonota,Chestnut-backed Jewel-babbler,
spqthr1,Cinclosoma punctatum,Spotted Quail-thrush,
chequt1,Cinclosoma castanotum,Chestnut Quail-thrush,
copqut1,Cinclosoma clarum,Copperback Quail-thrush,
ciqthr1,Cinclosoma cinnamomeum,Cinnamon Quail-thrush,
nulqut1,Cinclosoma alisteri,Nullarbor Quail-thrush,
cbqthr1,Cinclosoma castaneothorax,Chestnut-breasted Quail-thrush,
chbqut1,Cinclosoma marginatum,Western Quail-thrush,
paqthr1,Cinclosoma ajax,Painted Quail-thrush,
ruwbat1,Batis diops,Rwenzori Batis,
shtbat1,Batis mixta,Short-tailed Batis,
darbat1,Batis crypta,Dark Batis,
capbat10,Batis capensis,Cape Batis,
woobat1,Batis fratrum,Woodwards' Batis,
chibat1,Batis molitor,Chinspot Batis,
senbat1,Batis senegalensis,Senegal Batis,
gyhbat1,Batis orientalis,Grey-headed Batis,
palbat1,Batis soror,Pale Batis,
pribat1,Batis pririt,Pririt Batis,
bkhbat2,Batis minor,Eastern Black-headed Batis,
bkhbat1,Batis erlangeri,Western Black-headed Batis,
pygbat1,Batis perkeo,Pygmy Batis,
angbat1,Batis minulla,Angola Batis,
verbat1,Batis minima,Gabon Batis,
itubat1,Batis ituriensis,Ituri Batis,
weabat1,Batis occulta,West African Batis,
fepbat1,Batis poensis,Fernando Po Batis,
whtshr1,Lanioturdus torquatus,White-tailed Shrike,
weawae1,Dyaphorophyia hormophora,West African Wattle-eye,
chweye1,Dyaphorophyia castanea,Chestnut Wattle-eye,
baweye1,Platysteira laticincta,Banded Wattle-eye,
btweye1,Platysteira peltata,Black-throated Wattle-eye,
wfweye1,Platysteira albifrons,White-fronted Wattle-eye,
btweye2,Platysteira cyanea,Brown-throated Wattle-eye,
ybweye1,Platysteira concreta,Yellow-bellied Wattle-eye,
rcweye1,Platysteira blissetti,Red-cheeked Wattle-eye,
bnweye1,Platysteira chalybea,Black-necked Wattle-eye,
jaweye1,Platysteira jamesoni,Jameson's Wattle-eye,
fibbus1,Malaconotus cruentus,Fiery-breasted Bushshrike,
monbus1,Malaconotus monteiri,Monteiro's Bushshrike,
gyhbus1,Malaconotus blanchoti,Grey-headed Bushshrike,
grbbus1,Malaconotus gladiator,Green-breasted Bushshrike,
mtkbus1,Chlorophoneus kupeensis,Mount Kupe Bushshrike,
macbus2,Chlorophoneus multicolor,Many-colored Bushshrike,
blfbus1,Chlorophoneus nigrifrons,Black-fronted Bushshrike,
olibus1,Chlorophoneus olivaceus,Olive Bushshrike,
gygbus1,Chlorophoneus bocagei,Bocage's Bushshrike,
subbus1,Chlorophoneus sulfureopectus,Orange-breasted Bushshrike,
focbus2,Telophorus viridis,Gorgeous Bushshrike,
dohbus1,Telophorus dohertyi,Doherty's Bushshrike,
bokmak1,Telophorus zeylonus,Bokmakierie,
ropbus1,Rhodophoneus cruentus,Rosy-patched Bushshrike,
martch2,Bocagia minuta,Marsh Tchagra,
brctch1,Tchagra australis,Brown-crowned Tchagra,
thstch1,Tchagra jamesi,Three-streaked Tchagra,
soutch1,Tchagra tchagra,Southern Tchagra,
bkctch1,Tchagra senegalus,Black-crowned Tchagra,
labpuf1,Dryoscopus sabini,Sabine's Puffback,
pifpuf1,Dryoscopus angolensis,Pink-footed Puffback,
reepuf1,Dryoscopus senegalensis,Red-eyed Puffback,
blbpuf2,Dryoscopus cubla,Black-backed Puffback,
norpuf1,Dryoscopus gambensis,Northern Puffback,
pripuf1,Dryoscopus pringlii,Pringle's Puffback,
soobou1,Laniarius leucorhynchus,Lowland Sooty Boubou,
mosbou1,Laniarius poensis,Mountain Sooty Boubou,
mosbou4,Laniarius holomelas,Albertine Sooty Boubou,
wisbou1,Laniarius willardi,Willard's Sooty Boubou,
fuebou1,Laniarius fuelleborni,Fülleborn's Boubou,
slcbou1,Laniarius funebris,Slate-colored Boubou,
luebus1,Laniarius luehderi,Lühder's Bushshrike,
gabbus1,Laniarius amboimensis,Gabela Bushshrike,
renbus1,Laniarius ruficeps,Red-naped Bushshrike,
trobou2,Laniarius aethiopicus,Ethiopian Boubou,
trobou1,Laniarius major,Tropical Boubou,
zanbou1,Laniarius sublacteus,East Coast Boubou,
soubou1,Laniarius ferrugineus,Southern Boubou,
gabbou1,Laniarius bicolor,Swamp Boubou,
turbou1,Laniarius turatii,Turati's Boubou,
comgon1,Laniarius barbarus,Yellow-crowned Gonolek,
papgon1,Laniarius mufumbiri,Papyrus Gonolek,
blhgon1,Laniarius erythrogaster,Black-headed Gonolek,
crbgon1,Laniarius atrococcineus,Crimson-breasted Shrike,
yebbou1,Laniarius atroflavus,Yellow-breasted Boubou,
brubru1,Nilaus afer,Brubru,
yebboa1,Machaerirhynchus flaviventer,Yellow-breasted Boatbill,
blbboa1,Machaerirhynchus nigripectus,Black-breasted Boatbill,
retvan1,Calicalicus madagascariensis,Red-tailed Vanga,
resvan1,Calicalicus rufocarpalis,Red-shouldered Vanga,
hobvan1,Vanga curvirostris,Hook-billed Vanga,
bervan1,Oriolia bernieri,Bernier's Vanga,
lafvan1,Xenopirostris xenopirostris,Lafresnaye's Vanga,
vadvan1,Xenopirostris damii,Van Dam's Vanga,
polvan1,Xenopirostris polleni,Pollen's Vanga,
sibvan1,Falculea palliata,Sickle-billed Vanga,
whhvan1,Artamella viridis,White-headed Vanga,
chavan2,Leptopterus chabert,Chabert Vanga,
bluvan3,Cyanolanius madagascarinus,Madagascar Blue Vanga,
rufvan1,Schetba rufa,Rufous Vanga,
helvan1,Euryceros prevostii,Helmet Vanga,
tylvan1,Tylas eduardi,Tylas Vanga,
nuthat2,Hypositta corallirostris,Nuthatch Vanga,
darnew1,Newtonia amphichroa,Dark Newtonia,
comnew1,Newtonia brunneicauda,Common Newtonia,
arcnew1,Newtonia archboldi,Archbold's Newtonia,
retnew1,Newtonia fanovanae,Red-tailed Newtonia,
warfly1,Pseudobias wardi,Ward's Vanga,
crobab1,Mystacornis crossleyi,Crossley's Vanga,
whihel1,Prionops plumatus,White-crested Helmetshrike,
chbhel1,Prionops caniceps,Red-billed Helmetshrike,
rubhel1,Prionops rufiventris,Rufous-bellied Helmetshrike,
rethel1,Prionops retzii,Retz's Helmetshrike,
anghel1,Prionops gabela,Gabela Helmetshrike,
chfhel1,Prionops scopifrons,Chestnut-fronted Helmetshrike,
bwfshr1,Hemipus picatus,Bar-winged Flycatcher-shrike,
bwfshr2,Hemipus hirundinaceus,Black-winged Flycatcher-shrike,
larwoo1,Tephrodornis virgatus,Large Woodshrike,
malwoo1,Tephrodornis sylvicola,Malabar Woodshrike,
comwoo1,Tephrodornis pondicerianus,Common Woodshrike,
srlwoo1,Tephrodornis affinis,Sri Lanka Woodshrike,
ruwphi2,Philentoma pyrhoptera,Rufous-winged Philentoma,
mabphi2,Philentoma velata,Maroon-breasted Philentoma,
afrshf1,Megabyas flammulatus,African Shrike-flycatcher,
bawfly1,Bias musicus,Black-and-white Shrike-flycatcher,
borbri1,Pityriasis gymnocephala,Bornean Bristlehead,
ashwoo2,Artamus fuscus,Ashy Woodswallow,
whbwoo4,Artamus leucorynchus,White-breasted Woodswallow,
fijwoo1,Artamus mentalis,Fiji Woodswallow,
whbwoo8,Artamus monachus,Ivory-backed Woodswallow,
grewoo1,Artamus maximus,Great Woodswallow,
maswoo1,Artamus personatus,Masked Woodswallow,
whbwoo5,Artamus superciliosus,White-browed Woodswallow,
blfwoo1,Artamus cinereus,Black-faced Woodswallow,
duswoo1,Artamus cyanopterus,Dusky Woodswallow,
lowpel1,Peltops blainvillii,Lowland Peltops,
moupel1,Peltops montanus,Mountain Peltops,
blabut1,Melloria quoyi,Black Butcherbird,
ausmag2,Gymnorhina tibicen,Australian Magpie,
grybut1,Cracticus torquatus,Grey Butcherbird,
sibbut1,Cracticus argenteus,Silver-backed Butcherbird,
blbbut1,Cracticus mentalis,Black-backed Butcherbird,
piebut1,Cracticus nigrogularis,Pied Butcherbird,
hoobut1,Cracticus cassicus,Hooded Butcherbird,
tagbut1,Cracticus louisiadensis,Tagula Butcherbird,
piecur1,Strepera graculina,Pied Currawong,
blacur2,Strepera fuliginosa,Black Currawong,
grycur1,Strepera versicolor,Grey Currawong,
motwhi1,Rhagologus leucostigma,Mottled Berryhunter,
comior1,Aegithina tiphia,Common Iora,
whtior1,Aegithina nigrolutea,Marshall's Iora,
greior2,Aegithina viridissima,Green Iora,
greior1,Aegithina lafresnayei,Great Iora,
whbmin3,Pericrocotus erythropygius,White-bellied Minivet,
whbmin2,Pericrocotus albifrons,Jerdon's Minivet,
fiemin1,Pericrocotus igneus,Fiery Minivet,
smamin1,Pericrocotus cinnamomeus,Small Minivet,
gycmin1,Pericrocotus solaris,Grey-chinned Minivet,
sunmin1,Pericrocotus miniatus,Sunda Minivet,
shbmin2,Pericrocotus brevirostris,Short-billed Minivet,
flomin1,Pericrocotus lansbergei,Little Minivet,
lotmin1,Pericrocotus ethologus,Long-tailed Minivet,
scamin3,Pericrocotus flammeus,Scarlet Minivet,
scamin1,Pericrocotus speciosus,,
ashmin1,Pericrocotus divaricatus,Ashy Minivet,
ryumin1,Pericrocotus tegimae,Ryukyu Minivet,
brrmin1,Pericrocotus cantonensis,Swinhoe's Minivet,
rosmin1,Pericrocotus roseus,Rosy Minivet,
ashcus2,Ceblepyris cinereus,Madagascar Cuckooshrike,
ashcus3,Ceblepyris cucullatus,Comoro Cuckooshrike,
whbcus2,Ceblepyris pectoralis,White-breasted Cuckooshrike,
grycus1,Ceblepyris caesius,Grey Cuckooshrike,
stbcus1,Coracina caeruleogrisea,Stout-billed Cuckooshrike,
hoocus1,Coracina longicauda,Hooded Cuckooshrike,
cercus1,Coracina temminckii,Cerulean Cuckooshrike,
piecus1,Coracina bicolor,Pied Cuckooshrike,
grocus1,Coracina maxima,Ground Cuckooshrike,
yeecus1,Coracina lineata,Barred Cuckooshrike,
bkfcus1,Coracina novaehollandiae,Black-faced Cuckooshrike,
boycus1,Coracina boyeri,Boyer's Cuckooshrike,
burcus1,Coracina fortis,Buru Cuckooshrike,
walcus1,Coracina personata,Wallacean Cuckooshrike,
melcus3,Coracina welchmani,North Melanesian Cuckooshrike,
melcus1,Coracina caledonica,South Melanesian Cuckooshrike,
babcus1,Coracina striata,Bar-bellied Cuckooshrike,
javcus1,,,
larcus1,,,
slacus1,Coracina schistacea,Slaty Cuckooshrike,
whrcus1,Coracina leucopygia,White-rumped Cuckooshrike,
suncus1,Coracina larvata,Sunda Cuckooshrike,
whbcus1,Coracina papuensis,White-bellied Cuckooshrike,
molcus1,Coracina atriceps,Moluccan Cuckooshrike,
blkcus1,Campephaga flava,Black Cuckooshrike,
rescus1,Campephaga phoenicea,Red-shouldered Cuckooshrike,
petcus1,Campephaga petiti,Petit's Cuckooshrike,
putcus1,Campephaga quiscalina,Purple-throated Cuckooshrike,
golcus1,Campochaera sloetii,Golden Cuckooshrike,
mcgcus1,Malindangia mcgregori,McGregor's Cuckooshrike,
neccus1,Edolisoma anale,New Caledonian Cuckooshrike,
whwcus1,Edolisoma ostentum,White-winged Cuckooshrike,
blacus1,Edolisoma coerulescens,Blackish Cuckooshrike,
bkbcus2,Edolisoma montanum,Black-bellied Cuckooshrike,
sumcus1,Edolisoma dohertyi,Pale-shouldered Cicadabird,
kaicus1,Edolisoma dispar,Kai Cicadabird,
gyhcus1,Edolisoma schisticeps,Grey-headed Cuckooshrike,
bkbcus1,Edolisoma mindanense,Black-bibbed Cicadabird,
cicada7,Edolisoma salomonis,Makira Cicadabird,
soicus1,Edolisoma holopolium,Solomons Cicadabird,
sulcus2,Edolisoma morio,Sulawesi Cicadabird,
papcus1,Edolisoma incertum,Black-shouldered Cicadabird,
cicada1,Edolisoma tenuirostre,Sahul Cicadabird,
mancic1,Edolisoma admiralitatis,Admiralty Cicadabird,
cicada4,Edolisoma monacha,Palau Cicadabird,
cicada5,Edolisoma nesiotis,Yap Cicadabird,
cicada3,Edolisoma insperatum,Pohnpei Cicadabird,
negcus1,Edolisoma melas,Black Cicadabird,
halcus1,Coracina parvula,Halmahera Cuckooshrike,
pygcus1,Celebesica abbotti,Pygmy Cuckooshrike,
blucus1,Cyanograucalus azureus,Blue Cuckooshrike,
poltri1,Lalage maculosa,Polynesian Triller,
whwtri2,Lalage sueurii,White-shouldered Triller,
lottri1,Lalage leucopyga,Long-tailed Triller,
whwtri1,Lalage tricolor,White-winged Triller,
rubtri1,Lalage aurea,Rufous-bellied Triller,
blbtri1,Lalage atrovirens,Black-browed Triller,
bkbtri2,Lalage leucoptera,Biak Triller,
whbtri1,Lalage moesta,White-browed Triller,
vartri1,Lalage leucomela,Varied Triller,
bawtri1,Lalage melanoleuca,Black-and-white Triller,
pietri1,Lalage nigra,Pied Triller,
whrtri1,Lalage leucopygialis,White-rumped Triller,
bkwcus1,Lalage melaschistos,Black-winged Cuckooshrike,
bkhcus1,Lalage melanoptera,Black-headed Cuckooshrike,
indcus1,Lalage polioptera,Indochinese Cuckooshrike,
lescus1,Lalage fimbriata,Lesser Cuckooshrike,
maucus1,Lalage typica,Mauritius Cuckooshrike,
reucus1,Lalage newtoni,Reunion Cuckooshrike,
yellow3,Mohoua ochrocephala,Yellowhead,
whiteh1,Mohoua albicilla,Whitehead,
pipipi1,Mohoua novaeseelandiae,Pipipi,
varsit8,Daphoenositta chrysoptera,Varied Sittella,
blksit1,Daphoenositta miranda,Black Sittella,
watplo1,Eulacestoma nigropectus,Wattled Ploughbill,
runwhi1,Aleadryas rufinucha,Rufous-naped Bellbird,
crepit1,Ornorectes cristatus,Piping Bellbird,
crebel1,Oreoica gutturalis,Crested Bellbird,
cresht1,Falcunculus frontatus,Eastern Shriketit,
mabwhi1,Coracornis raveni,Maroon-backed Whistler,
sansht1,Coracornis sanghirensis,Sangihe Whistler,
blapit1,Melanorectes nigrescens,Black Pitohui,
oliwhi1,Pachycephala olivacea,Olive Whistler,
relwhi1,Pachycephala rufogularis,Red-lored Whistler,
gilwhi1,Pachycephala inornata,Gilbert's Whistler,
manwhi1,Pachycephala cinerea,Mangrove Whistler,
grbwhi1,Pachycephala albiventris,Green-backed Whistler,
whvwhi1,Pachycephala homeyeri,White-vented Whistler,
biawhi1,Pachycephala melanorhyncha,Biak Whistler,
ruswhi1,Pachycephala hyperythra,Rusty Whistler,
brbwhi1,Pachycephala modesta,Brown-backed Whistler,
yebwhi1,Pachycephala philippinensis,Yellow-bellied Whistler,
subwhi1,Pachycephala sulfuriventer,Sulphur-vented Whistler,
borwhi1,Pachycephala hypoxantha,Bornean Whistler,
vogwhi1,Pachycephala meyeri,Vogelkop Whistler,
grywhi2,Pachycephala simplex,Grey Whistler,
sclwhi1,Pachycephala soror,Sclater's Whistler,
rubwhi1,Pachycephala calliope,Tenggara Whistler,
yetwhi1,Pachycephala macrorhyncha,Yellow-throated Whistler,
golwhi2,Pachycephala balim,Baliem Whistler,
bkcwhi1,Pachycephala mentalis,Black-chinned Whistler,
golwhi1,,,
weswhi2,,,
biswhi1,Pachycephala citreogaster,Bismarck Whistler,
oriwhi1,Pachycephala orioloides,Oriole Whistler,
louwhi1,Pachycephala collaris,Louisiade Whistler,
renwhi1,Pachycephala feminina,Rennell Whistler,
necwhi2,Pachycephala chlorura,Melanesian Whistler,
necwhi3,Pachycephala caledonica,New Caledonian Whistler,
fijwhi2,,,
temwhi1,,,
bltwhi1,Pachycephala melanura,Mangrove Golden Whistler,
bohwhi1,Pachycephala richardsi,Bougainville Whistler,
batwhi1,Pachycephala nudigula,Bare-throated Whistler,
lorwhi1,Pachycephala lorentzi,Lorentz's Whistler,
regwhi1,Pachycephala schlegelii,Regent Whistler,
gobwhi1,Pachycephala aurea,Golden-backed Whistler,
rufwhi1,Pachycephala rufiventris,Rufous Whistler,
blhwhi1,Pachycephala monacha,Black-headed Whistler,
whbwhi1,Pachycephala leucogastra,White-bellied Whistler,
walwhi1,Pachycephala arctitorquis,Wallacean Whistler,
drawhi1,Pachycephala griseonota,Drab Whistler,
drawhi3,,,
whbwhi2,Pachycephala lanioides,White-breasted Whistler,
mornin1,Pachycephala tenebrosa,Morningbird,
whbpit1,Pseudorectes incertus,White-bellied Pitohui,
ruspit1,Pseudorectes ferrugineus,Rusty Pitohui,
bowsht1,Colluricincla boweri,Bower's Shrikethrush,
rufsht2,Colluricincla megarhyncha,Little Shrikethrush,
litshr5,Colluricincla fortis,,
litshr6,Colluricincla affinis,,
litshr1,Colluricincla obscura,,
litshr4,Colluricincla discolor,,
litshr3,Colluricincla tappenbecki,,
litshr2,Colluricincla rufogaster,,
grysht1,Colluricincla harmonica,Grey Shrikethrush,
yebshr1,Corvinella corvina,Yellow-billed Shrike,
magshr1,Urolestes melanoleucus,Magpie Shrike,
whrshr1,Eurocephalus ruppelli,Northern White-crowned Shrike,
whcshr1,Eurocephalus anguitimens,Southern White-crowned Shrike,
tigshr1,Lanius tigrinus,Tiger Shrike,
soushr3,Lanius souzae,Souza's Shrike,
buhshr1,Lanius bucephalus,Bull-headed Shrike,
brnshr,Lanius cristatus,Brown Shrike,BROS
rebshr1,Lanius collurio,Red-backed Shrike,RBSH
isashr1,Lanius isabellinus,Isabelline Shrike,
rutshr2,Lanius phoenicuroides,Red-tailed Shrike,
burshr1,Lanius collurioides,Burmese Shrike,
babshr1,Lanius vittatus,Bay-backed Shrike,
gybshr1,Lanius tephronotus,Grey-backed Shrike,
gycshr1,Lanius validirostris,Mountain Shrike,
macshr1,Lanius mackinnoni,Mackinnon's Shrike,
legshr2,Lanius minor,Lesser Grey Shrike,
logshr,Lanius ludovicianus,Loggerhead Shrike,LOSH
norshr4,Lanius borealis,Northern Shrike,NSHR
norshr1,Lanius excubitor,Great Grey Shrike,
ibgshr1,Lanius meridionalis,Iberian Grey Shrike,
chgshr1,Lanius sphenocercus,Chinese Grey Shrike,
gybfis1,Lanius excubitoroides,Grey-backed Fiscal,
lotfis1,Lanius cabanisi,Long-tailed Fiscal,
taifis1,Lanius dorsalis,Taita Fiscal,
somfis1,Lanius somalicus,Somali Fiscal,
norfis1,Lanius humeralis,Northern Fiscal,
soufis1,Lanius collaris,Southern Fiscal,
wooshr1,Lanius senator,Woodchat Shrike,
masshr1,Lanius nubicus,Masked Shrike,
grsbab1,Pteruthius xanthochlorus,Green Shrike-babbler,
besbab1,Pteruthius melanotis,Black-eared Shrike-babbler,
bhsbab1,Pteruthius rufiventer,Black-headed Shrike-babbler,
himshb1,,,
whbshb1,Pteruthius aeralatus,White-browed Shrike-babbler,
dalshb1,,,
clishb1,Pteruthius intermedius,Clicking Shrike-babbler,
whbyuh1,Erpornis zantholeuca,White-bellied Erpornis,
rubpep1,Cyclarhis gujanensis,Rufous-browed Peppershrike,RBPE
blbpep1,Cyclarhis nigrirostris,Black-billed Peppershrike,
cssvir1,Vireolanius melitophrys,Chestnut-sided Shrike-Vireo,CSSV
grsvir1,Vireolanius pulchellus,Green Shrike-Vireo,GRSV
ybsvir1,Vireolanius eximius,Yellow-browed Shrike-Vireo,YBSV
scsvir1,Vireolanius leucotis,Slaty-capped Shrike-Vireo,
gyegre1,Hylophilus amaurocephalus,Grey-eyed Greenlet,
rucgre1,Hylophilus poicilotis,Rufous-crowned Greenlet,
oligre1,Hylophilus olivaceus,Olivaceous Greenlet,
ashgre1,Hylophilus pectoralis,Ashy-headed Greenlet,
brhgre1,Hylophilus brunneiceps,Brown-headed Greenlet,
lecgre2,Hylophilus thoracicus,Lemon-chested Greenlet,
scrgre1,Hylophilus flavipes,Scrub Greenlet,SCRG
gycgre1,Hylophilus semicinereus,Grey-chested Greenlet,
tacgre1,Tunchiornis ochraceiceps,Ochre-crowned Greenlet,TCGR
lesgre1,Pachysylvia decurtata,Lesser Greenlet,LESG
ducgre1,Pachysylvia hypoxantha,Dusky-capped Greenlet,
bucgre1,Pachysylvia muscicapina,Buff-cheeked Greenlet,
gofgre1,Pachysylvia aurantiifrons,Golden-fronted Greenlet,GFGR
rungre1,Pachysylvia semibrunnea,Rufous-naped Greenlet,
golvir1,Vireo hypochryseus,Golden Vireo,GOVI
yegvir,Vireo flavoviridis,Yellow-green Vireo,YGVI
reevir1,Vireo olivaceus,Red-eyed Vireo,REVI
yucvir,Vireo magister,Yucatan Vireo,YUVI
bkwvir,Vireo altiloquus,Black-whiskered Vireo,BWVI
chivir1,Vireo chivi,Chivi Vireo,
norvir1,Vireo gracilirostris,Noronha Vireo,
tepgre1,Vireo sclateri,Tepui Vireo,
phivir,Vireo philadelphicus,Philadelphia Vireo,PHVI
warvir,Vireo gilvus,Warbling Vireo,WAVI
brcvir1,Vireo leucophrys,Brown-capped Vireo,BCAV
hutvir,Vireo huttoni,Hutton's Vireo,HUVI
gryvir,Vireo vicinior,Grey Vireo,GRVI
yetvir,Vireo flavifrons,Yellow-throated Vireo,YTVI
yewvir1,Vireo carmioli,Yellow-winged Vireo,YWVI
chovir1,Vireo masteri,Choco Vireo,
buhvir,Vireo solitarius,Blue-headed Vireo,BHVI
casvir,Vireo cassinii,Cassin's Vireo,CAVI
plsvir,Vireo plumbeus,Plumbeous Vireo,PLVI
flbvir1,Vireo nanus,Flat-billed Vireo,FBVI
manvir1,Vireo pallens,Mangrove Vireo,MAVI
thbvir2,,,
cozvir1,Vireo bairdi,Cozumel Vireo,COVI
stavir1,Vireo caribaeus,San Andres Vireo,SAVI
whevir,Vireo griseus,White-eyed Vireo,WEVI
thbvir,Vireo crassirostris,Thick-billed Vireo,TBVI
jamvir1,Vireo modestus,Jamaican Vireo,JAVI
cubvir1,Vireo gundlachii,Cuban Vireo,CUVI
belvir,Vireo bellii,Bell's Vireo,BEVI
purvir1,Vireo latimeri,Puerto Rican Vireo,PRVI
bkcvir1,Vireo atricapilla,Black-capped Vireo,BCVI
dwavir1,Vireo nelsoni,Dwarf Vireo,DWVI
slavir1,Vireo brevipennis,Slaty Vireo,SLVI
grnfig1,Sphecotheres viridis,Green Figbird,
wetfig1,Sphecotheres hypoleucus,Wetar Figbird,
ausfig1,Sphecotheres vieilloti,Australasian Figbird,
varpit2,Pitohui kirhocephalus,Northern Variable Pitohui,
varpit4,Pitohui cerviniventris,Raja Ampat Pitohui,
varpit3,Pitohui uropygialis,Southern Variable Pitohui,
hoopit1,Pitohui dichrous,Hooded Pitohui,
serori1,Oriolus forsteni,Grey-collared Oriole,
halori1,Oriolus phaeochromus,Dusky-brown Oriole,
olbori1,Oriolus sagittatus,Olive-backed Oriole,
timori1,Oriolus melanotis,Timor Oriole,
timori3,Oriolus finschi,Wetar Oriole,
burori3,Oriolus decipiens,Tanimbar Oriole,
broori1,Oriolus szalayi,Brown Oriole,
greori1,Oriolus flavocinctus,Green Oriole,
bacori1,Oriolus consanguineus,Black-and-crimson Oriole,
marori2,Oriolus traillii,Maroon Oriole,
blhori1,Oriolus xanthornus,Black-hooded Oriole,
datori1,Oriolus xanthonotus,Dark-throated Oriole,
phiori1,Oriolus steerii,Philippine Oriole,
whlori1,Oriolus albiloris,White-lored Oriole,
grhori1,Oriolus chlorocephalus,Green-headed Oriole,
wbhori1,Oriolus brachyrynchus,Western Oriole,
abhori1,Oriolus larvatus,Black-headed Oriole,
dahori1,Oriolus monacha,Ethiopian Oriole,
bltori1,Oriolus percivali,Mountain Oriole,
blwori1,Oriolus nigripennis,Black-winged Oriole,
afgori2,Oriolus auratus,African Golden Oriole,
ingori1,Oriolus kundoo,Indian Golden Oriole,
eugori2,Oriolus oriolus,Eurasian Golden Oriole,
slbori1,Oriolus tenuirostris,Slender-billed Oriole,
brodro1,Dicrurus aeneus,Bronzed Drongo,
lrtdro1,Dicrurus remifer,Lesser Racket-tailed Drongo,
crbdro1,Dicrurus annectens,Crow-billed Drongo,
grtdro1,Dicrurus paradiseus,Greater Racket-tailed Drongo,
srldro1,Dicrurus lophorinus,Sri Lanka Drongo,
anddro1,Dicrurus andamanensis,Andaman Drongo,
suldro1,Dicrurus montanus,Sulawesi Drongo,
spadro1,Dicrurus bracteatus,Spangled Drongo,
ritdro1,Dicrurus megarhynchus,Paradise Drongo,
hacdro1,Dicrurus hottentottus,Hair-crested Drongo,
tabdro1,Dicrurus menagei,Tablas Drongo,
hacdro9,,,
balica1,Dicrurus balicassius,Balicassiao,
ashdro1,Dicrurus leucophaeus,Ashy Drongo,
whbdro1,Dicrurus caerulescens,White-bellied Drongo,
maydro1,Dicrurus waldenii,Mayotte Drongo,
credro1,Dicrurus forficatus,Crested Drongo,
vemdro6,Dicrurus modestus,Velvet-mantled Drongo,
fotdro5,Dicrurus adsimilis,Fork-tailed Drongo,
bladro1,Dicrurus macrocercus,Black Drongo,
vemdro5,,,
fotdro4,,,
cstdro1,Dicrurus ludwigii,Square-tailed Drongo,
shidro1,Dicrurus atripennis,Shining Drongo,
wstdro1,,,
shadro1,,,
blufan1,Rhipidura superciliaris,Mindanao Blue Fantail,
visblf1,Rhipidura samarensis,Visayan Blue Fantail,
blhfan1,Rhipidura cyaniceps,Blue-headed Fantail,
visfan1,Rhipidura albiventris,Visayan Fantail,
whtfan1,Rhipidura albicollis,White-throated Fantail,
spbfan1,Rhipidura albogularis,White-spotted Fantail,
whbfan1,Rhipidura euryura,White-bellied Fantail,
whbfan2,Rhipidura aureola,White-browed Fantail,
piefan1,Rhipidura javanica,Sunda Pied Fantail,
phipif1,Rhipidura nigritorquis,Philippine Pied Fantail,
spofan1,Rhipidura perlata,Spotted Fantail,
wilwag1,Rhipidura leucophrys,Willie Wagtail,
brcfan1,Rhipidura diluta,Brown-capped Fantail,
citfan1,Rhipidura fuscorufa,Cinnamon-tailed Fantail,
norfan1,Rhipidura rufiventris,Northern Fantail,
whwfan1,Rhipidura cockerelli,White-winged Fantail,
sotfan1,Rhipidura threnothorax,Sooty Thicket Fantail,
bltfan1,Rhipidura maculipectus,Black Thicket Fantail,
wbtfan1,Rhipidura leucothorax,White-bellied Thicket Fantail,
blafan1,Rhipidura atra,Black Fantail,
chbfan1,Rhipidura hyperythra,Chestnut-bellied Fantail,
frifan1,Rhipidura albolimbata,Friendly Fantail,
gryfan1,Rhipidura albiscapa,Grey Fantail,
nezfan1,Rhipidura fuliginosa,New Zealand Fantail,
manfan1,Rhipidura phasiana,Mangrove Fantail,
brofan1,,,
dusfan1,Rhipidura tenebrosa,Makira Fantail,
renfan1,Rhipidura rennelliana,Rennell Fantail,
strfan1,,,
kanfan1,Rhipidura personata,Kadavu Fantail,
rutfan1,Rhipidura phoenicura,Rufous-tailed Fantail,
bacfan1,Rhipidura nigrocinnamomea,Black-and-cinnamon Fantail,
dimfan1,Rhipidura brachyrhyncha,Dimorphic Fantail,
palfan1,Rhipidura lepida,Palau Fantail,
stbfan1,Rhipidura dedemi,Streak-breasted Fantail,
cibfan1,Rhipidura superflua,Tawny-backed Fantail,
rubfan2,Rhipidura teysmanni,Sulawesi Fantail,
pelfan1,Rhipidura habibiei,Peleng Fantail,
lotfan1,Rhipidura opistherythra,Long-tailed Fantail,
rubfan1,Rhipidura rufidorsa,Rufous-backed Fantail,
matfan1,Rhipidura matthiae,Mussau Fantail,
manfan2,Rhipidura semirubra,Manus Fantail,
ruffan1,,,
arafan1,Rhipidura dryas,Arafura Fantail,
papdro1,Chaetorhynchus papuensis,Drongo Fantail,
silkta2,Lamprolia victoriae,Taveuni Silktail,
blnmon1,Hypothymis azurea,Black-naped Monarch,
pabmon1,Hypothymis puella,Pale-blue Monarch,
shcmon1,Hypothymis helenae,Short-crested Monarch,
celmon1,Hypothymis coelestis,Celestial Monarch,
afcfly1,Trochocercus cyanomelas,Blue-mantled Crested Flycatcher,
bhcfly1,Trochocercus nitens,Blue-headed Crested Flycatcher,
rvpfly1,Terpsiphone rufocinerea,Rufous-vented Paradise Flycatcher,
bhpfly1,Terpsiphone rufiventer,Red-bellied Paradise Flycatcher,
batpaf1,Terpsiphone batesi,Bates's Paradise Flycatcher,
afpfly1,Terpsiphone viridis,African Paradise Flycatcher,
aspfly1,Terpsiphone paradisi,Indian Paradise Flycatcher,
blypaf1,Terpsiphone affinis,Blyth's Paradise Flycatcher,
amupaf1,Terpsiphone incei,Amur Paradise Flycatcher,
japfly1,Terpsiphone atrocaudata,Black Paradise Flycatcher,
blpfly1,Terpsiphone cyanescens,Blue Paradise Flycatcher,
rupfly1,Terpsiphone cinnamomea,Rufous Paradise Flycatcher,
mapfly1,Terpsiphone mutata,Malagasy Paradise Flycatcher,
sepfly1,Terpsiphone corvina,Seychelles Paradise Flycatcher,
mapfly2,Terpsiphone bourbonnensis,Mascarene Paradise Flycatcher,
elepai5,Chasiempis sclateri,Kauai Elepaio,KAEL
elepai4,Chasiempis ibidis,Oahu Elepaio,OAEL
elepai,Chasiempis sandwichensis,Hawaii Elepaio,HAEL
rarmon1,Pomarea dimidiata,Rarotonga Monarch,
tahmon2,Pomarea nigra,Tahiti Monarch,
marmon2,Pomarea mendozae,Marquesan Monarch,
iphmon2,Pomarea iphis,Iphis Monarch,
fatmon1,Pomarea whitneyi,Fatu Hiva Monarch,
vanmon1,Mayrornis schistaceus,Vanikoro Monarch,
slamon1,Mayrornis lessoni,Slaty Monarch,
bubmon1,Neolalage banksiana,Buff-bellied Monarch,
soushr2,Clytorhynchus pachycephaloides,Southern Shrikebill,
fijshr1,Clytorhynchus vitiensis,Fiji Shrikebill,
bktshr1,Clytorhynchus nigrogularis,Black-throated Shrikebill,
renshr1,Clytorhynchus hamlini,Rennell Shrikebill,
blamon1,Symposiachrus axillaris,Black Monarch,
spwmon1,Symposiachrus guttula,Spot-winged Monarch,
blbmon2,Symposiachrus mundus,Banda Sea Monarch,
flomon1,Symposiachrus sacerdotum,Flores Monarch,
blcmon1,Symposiachrus boanensis,Boano Monarch,
spemon1,Symposiachrus trivirgatus,Spectacled Monarch,
whtmon1,Symposiachrus leucurus,Kai Monarch,
whtmon2,Symposiachrus everetti,Tanahjampea Monarch,
biamon1,Symposiachrus brehmii,Biak Monarch,
hoomon1,Symposiachrus manadensis,Hooded Monarch,
bltmon1,Symposiachrus verticalis,Bismarck Monarch,
bawmon1,,,
kulmon1,,,
whcmon2,Symposiachrus vidua,White-collared Monarch,
islmon1,Monarcha cinerascens,Island Monarch,
blfmon1,Monarcha melanopsis,Black-faced Monarch,
blwmon1,Monarcha frater,Black-winged Monarch,
boumon1,,,
chbmon1,Monarcha castaneiventris,Chestnut-bellied Monarch,
whcmon1,Monarcha richardsii,White-capped Monarch,
yapmon1,Monarcha godeffroyi,Yap Monarch,
whemon1,Carterornis leucotis,White-eared Monarch,
whnmon1,Carterornis pileatus,White-naped Monarch,
loemon1,Carterornis castus,Tanimbar Monarch,
golmon1,Carterornis chrysomela,Golden Monarch,
rucmon1,Arses insularis,Ochre-collared Monarch,
frimon1,Arses telescopthalmus,Frilled Monarch,
frnmon1,Arses lorealis,Frill-necked Monarch,
piemon1,Arses kaupi,Pied Monarch,
maglar1,Grallina cyanoleuca,Magpie-lark,
torlar1,Grallina bruijnii,Torrent-lark,
ocefly1,Myiagra oceanica,Chuuk Flycatcher,
palfly3,Myiagra erythrops,Palau Flycatcher,
pohfly1,Myiagra pluto,Pohnpei Flycatcher,
molfly1,Myiagra galeata,Moluccan Flycatcher,
biafly1,Myiagra atra,Biak Black Flycatcher,
leafly2,Myiagra rubecula,Leaden Flycatcher,
stbfly1,Myiagra ferrocyanea,Steel-blue Flycatcher,
ochfly1,Myiagra cervinicauda,Makira Flycatcher,
melfly1,Myiagra caledonica,Melanesian Flycatcher,
vanfly1,Myiagra vanikorensis,Vanikoro Flycatcher,
chtfly1,Myiagra castaneigularis,Chestnut-throated Flycatcher,
brbfly1,Myiagra ruficollis,Broad-billed Flycatcher,
satfly1,Myiagra cyanoleuca,Satin Flycatcher,
shifly1,Myiagra alecto,Shining Flycatcher,
papfly1,Myiagra nana,Paperbark Flycatcher,
resfly1,Myiagra inquieta,Restless Flycatcher,
blamag1,,,
blkmag2,Platysmurus aterrimus,Bornean Black Magpie,
sibjay1,Perisoreus infaustus,Siberian Jay,
sicjay1,Perisoreus internigrans,Sichuan Jay,
gryjay,Perisoreus canadensis,Canada Jay,CAJA
blcjay2,Cyanolyca armillata,Black-collared Jay,
whcjay2,Cyanolyca viridicyanus,White-collared Jay,
turjay1,Cyanolyca turcosa,Turquoise Jay,
beajay1,Cyanolyca pulchra,Beautiful Jay,
azhjay1,Cyanolyca cucullata,Azure-hooded Jay,AHJA
bltjay1,Cyanolyca pumilo,Black-throated Jay,BTJA
dwajay1,Cyanolyca nanus,Dwarf Jay,DWJA
whtjay1,Cyanolyca mirabilis,White-throated Jay,WTJA
sitjay1,Cyanolyca argentigula,Silvery-throated Jay,STHJ
bucjay1,Cyanocorax melanocyaneus,Bushy-crested Jay,BCRJ
sabjay,Cyanocorax sanblasianus,San Blas Jay,SBJA
yucjay1,Cyanocorax yucatanicus,Yucatan Jay,YUJA
pubjay1,Cyanocorax beecheii,Purplish-backed Jay,PBJA
viojay1,Cyanocorax violaceus,Violaceous Jay,
azujay1,Cyanocorax caeruleus,,
purjay1,Cyanocorax cyanomelas,Purplish Jay,
cucjay1,Cyanocorax cristatellus,Curl-crested Jay,
tufjay1,Cyanocorax dickeyi,Tufted Jay,TUJA
blcjay1,Cyanocorax affinis,Black-chested Jay,BCHJ
whtjay2,Cyanocorax mystacalis,White-tailed Jay,
cayjay1,Cyanocorax cayanus,Cayenne Jay,
aznjay1,Cyanocorax heilprini,Azure-naped Jay,
plcjay1,Cyanocorax chrysops,Plush-crested Jay,
whnjay1,Cyanocorax cyanopogon,White-naped Jay,
grnjay,Cyanocorax yncas,Green Jay,GRJA
brnjay,Cyanocorax morio,Brown Jay,BRJA
btmjay,Cyanocorax colliei,Black-throated Magpie-Jay,BTMJ
wtmjay1,Cyanocorax formosus,White-throated Magpie-Jay,WTMJ
blujay,Cyanocitta cristata,Blue Jay,BLJA
stejay,Cyanocitta stelleri,Steller's Jay,STJA
mexjay4,Aphelocoma wollweberi,Mexican Jay,MEJA
mexjay3,Aphelocoma ultramarina,Transvolcanic Jay,TRJA
unijay1,Aphelocoma unicolor,Unicolored Jay,UNJA
cowscj1,Aphelocoma californica,California Scrub Jay,CASJ
wooscj2,Aphelocoma woodhouseii,Woodhouse's Scrub Jay,WOSJ
issjay,Aphelocoma insularis,Island Scrub Jay,ISSJ
flsjay,Aphelocoma coerulescens,Florida Scrub Jay,FLSJ
pinjay,Gymnorhinus cyanocephalus,Pinyon Jay,PIJA
eurjay1,Garrulus glandarius,Eurasian Jay,
blhjay1,Garrulus lanceolatus,Black-headed Jay,
lidjay1,Garrulus lidthi,Lidth's Jay,
azwmag2,Cyanopica cyanus,Azure-winged Magpie,
azwmag3,Cyanopica cooki,Iberian Magpie,
ceymag1,Urocissa ornata,Sri Lanka Blue Magpie,
formag1,Urocissa caerulea,Taiwan Blue Magpie,
gobmag1,Urocissa flavirostris,Yellow-billed Blue Magpie,
rbbmag,Urocissa erythroryncha,Red-billed Blue Magpie,
whwmag1,Urocissa whiteheadi,White-winged Magpie,
yebmag1,Cissa hypoleuca,Indochinese Green Magpie,
ruftre2,Dendrocitta vagabunda,Rufous Treepie,
bortre1,Dendrocitta cinerascens,Bornean Treepie,
grytre1,Dendrocitta formosae,Grey Treepie,
whbtre1,Dendrocitta leucogastra,White-bellied Treepie,
coltre1,Dendrocitta frontalis,Collared Treepie,
andtre1,Dendrocitta bayleii,Andaman Treepie,
rattre1,Crypsirina temia,Racket-tailed Treepie,
hootre1,Crypsirina cucullata,Hooded Treepie,
rattre2,Temnurus temnurus,Ratchet-tailed Treepie,
eurmag1,Pica pica,Eurasian Magpie,
eurmag3,Pica mauritanica,Maghreb Magpie,
eurmag5,Pica asirensis,Asir Magpie,
eurmag6,Pica bottanensis,Black-rumped Magpie,
orimag1,Pica serica,Oriental Magpie,
bkbmag1,Pica hudsonia,Black-billed Magpie,BBMA
yebmag,Pica nuttalli,,YBMA
stbcro1,Zavattariornis stresemanni,Ethiopian Bushcrow,
mogjay1,Podoces hendersoni,Mongolian Ground Jay,
xigjay1,Podoces biddulphi,Xinjiang Ground Jay,
tugjay1,Podoces panderi,Turkestan Ground Jay,
irgjay1,Podoces pleskei,Iranian Ground Jay,
clanut,Nucifraga columbiana,Clark's Nutcracker,CLNU
redcro,Loxia curvirostra,Red Crossbill,RECR
redcro9,Loxia sinesciuris,Cassia Crossbill,CACR
whwcro,Loxia leucoptera,Two-barred Crossbill,WWCR
hiscro,Loxia megaplaga,Hispaniolan Crossbill,HICR
mouser1,,,
eurgol,Carduelis carduelis,European Goldfinch,EGOL
citfin1,Carduelis citrinella,Citril Finch,
corfin1,Carduelis corsicana,Corsican Finch,
fifser1,Serinus pusillus,Red-fronted Serin,
eurser1,Serinus serinus,European Serin,
syrser1,Serinus syriacus,Syrian Serin,
comcan,Serinus canaria,Atlantic Canary,ISCA
capcan1,Serinus canicollis,Cape Canary,
yeccan1,Serinus flavivertex,Yellow-crowned Canary,
bkhcan2,Serinus alario,Black-headed Canary,
tibser1,Spinus thibetanus,Tibetan Serin,
lawgol,Spinus lawrencei,Lawrence's Goldfinch,LAGO
amegfi,Spinus tristis,American Goldfinch,AGOL
lesgol,Spinus psaltria,Lesser Goldfinch,LEGO
eursis,Spinus spinus,Eurasian Siskin,EUSI
antsis1,Spinus dominicensis,Antillean Siskin,ANSI
pinsis,Spinus pinus,Pine Siskin,PISI
blhsis1,Spinus notatus,Black-headed Siskin,BHSI
blcsis2,Spinus barbatus,Black-chinned Siskin,
yebsis1,Spinus xanthogastrus,Yellow-bellied Siskin,YBSI
olisis1,Spinus olivaceus,Olivaceous Siskin,
hoosis1,Spinus magellanicus,Hooded Siskin,
safsis1,Spinus siemiradzkii,Saffron Siskin,
yefsis1,Spinus yarrellii,Yellow-faced Siskin,
blasis1,Spinus atratus,Black Siskin,
yersis1,Spinus uropygialis,Yellow-rumped Siskin,
thbsis1,Spinus crassirostris,Thick-billed Siskin,
andsis1,Spinus spinescens,Andean Siskin,
eleeup1,Chlorophonia elegantissima,Elegant Euphonia,ELEU
anteup1,,,
goreup1,Chlorophonia cyanocephala,Golden-rumped Euphonia,
blnchl1,Chlorophonia cyanea,Blue-naped Chlorophonia,
chbchl1,Chlorophonia pyrrhophrys,Chestnut-breasted Chlorophonia,
yecchl1,Chlorophonia flavirostris,Yellow-collared Chlorophonia,YCCH
blcchl1,Chlorophonia occipitalis,Blue-crowned Chlorophonia,BCRC
gobchl1,Chlorophonia callophrys,Golden-browed Chlorophonia,GBCH
jameup1,Euphonia jamaica,Jamaican Euphonia,JAEU
orceup1,Euphonia saturata,Orange-crowned Euphonia,
plueup1,Euphonia plumbea,Plumbeous Euphonia,
puteup1,Euphonia chlorotica,Purple-throated Euphonia,
fineup1,Euphonia finschi,Finsch's Euphonia,
vefeup1,Euphonia concinna,Velvet-fronted Euphonia,
trieup1,Euphonia trinitatis,Trinidad Euphonia,
screup3,Euphonia godmani,West Mexican Euphonia,WMEU
screup1,Euphonia affinis,Scrub Euphonia,SEUP
yeceup1,Euphonia luteicapilla,Yellow-crowned Euphonia,YCEU
gobeup1,Euphonia chrysopasta,White-lored Euphonia,
whveup1,Euphonia minuta,White-vented Euphonia,WVEU
gnteup1,Euphonia chalybea,Green-chinned Euphonia,
vioeup1,Euphonia violacea,Violaceous Euphonia,
yeteup1,Euphonia hirundinacea,Yellow-throated Euphonia,YTEU
thbeup1,Euphonia laniirostris,Thick-billed Euphonia,TBEU
spceup1,Euphonia imitans,Spot-crowned Euphonia,SPCE
olbeup1,Euphonia gouldi,Olive-backed Euphonia,OBAE
fuveup1,Euphonia fulvicrissa,Fulvous-vented Euphonia,FVEU
taceup1,Euphonia anneae,Tawny-capped Euphonia,TCEU
orbeup1,Euphonia xanthogaster,Orange-bellied Euphonia,OBEE
brgeup1,Euphonia mesochrysa,Bronze-green Euphonia,
goseup1,Euphonia cayennensis,Golden-sided Euphonia,
rubeup1,Euphonia rufiventris,Rufous-bellied Euphonia,
chbeup1,Euphonia pectoralis,Chestnut-bellied Euphonia,
mcclon,Rhynchophanes mccownii,Thick-billed Longspur,TBLO
laplon,Calcarius lapponicus,Lapland Longspur,LALO
smilon,Calcarius pictus,Smith's Longspur,SMLO
chclon,Calcarius ornatus,Chestnut-collared Longspur,CCLO
snobun,Plectrophenax nivalis,Snow Bunting,SNBU
austhr1,Turdus falcklandii,Austral Thrush,
lawthr1,Turdus lawrencii,Lawrence's Thrush,
slathr3,Turdus subalaris,Blacksmith Thrush,
crbthr1,Turdus amaurochalinus,Creamy-bellied Thrush,
trithr1,Turdus eremita,Tristan Thrush,
marthr2,Turdus maranonicus,Maranon Thrush,
blbthr1,Turdus ignobilis,Black-billed Thrush,
bkbthr3,Turdus arthuri,Campina Thrush,
yelthr1,Turdus flavipes,Yellow-legged Thrush,
whtrob1,Turdus assimilis,White-throated Thrush,WTTH
whtthr2,,,
whnrob1,Turdus albicollis,White-necked Thrush,
rubrob,Turdus rufopalliatus,Rufous-backed Thrush,RBRO
pavthr1,Turdus obsoletus,Pale-vented Thrush,PVTH
pabthr1,Turdus leucomelas,Pale-breasted Thrush,
cocthr1,Turdus fumigatus,Cocoa Thrush,COCT
hauthr1,Turdus hauxwelli,Hauxwell's Thrush,
rubthr1,Turdus rufiventris,Rufous-bellied Thrush,
clcrob,Turdus grayi,Clay-colored Thrush,CCTH
baerob1,Turdus nudigenis,Spectacled Thrush,SPTH
ecuthr1,Turdus maculirostris,Ecuadorian Thrush,
hauthr3,Turdus sanchezorum,Varzea Thrush,
unithr1,Turdus haplochrous,Unicolored Thrush,
ficale3,Alethe diademata,White-tailed Alethe,
ficale2,Alethe castanea,Fire-crested Alethe,
kasrob2,Tychaedon coryphoeus,Karoo Scrub Robin,
fosrob1,Tychaedon leucosticta,Forest Scrub Robin,
besrob1,Tychaedon quadrivirgata,Bearded Scrub Robin,
misrob1,Tychaedon barbata,Miombo Scrub Robin,
blsrob1,Cercotrichas podobe,Black Scrub Robin,
rutscr1,Cercotrichas galactotes,Rufous-tailed Scrub Robin,
kasrob1,Cercotrichas paena,Kalahari Scrub Robin,
bbsrob1,Cercotrichas hartlaubi,Brown-backed Scrub Robin,
rbsrob1,Cercotrichas leucophrys,White-browed Scrub Robin,
brsrob1,Tychaedon signata,Brown Scrub Robin,
indrob1,Copsychus fulicatus,Indian Robin,
rutsha2,Copsychus pyrropygus,Rufous-tailed Shama,
mamrob1,Copsychus albospecularis,Madagascar Magpie-Robin,
semrob1,Copsychus sechellarum,Seychelles Magpie-Robin,
phimar1,Copsychus mindanensis,Philippine Magpie-Robin,
andsha1,Copsychus albiventris,Andaman Shama,
whrsha2,,,
whbsha1,Copsychus luzoniensis,White-browed Shama,
vissha1,Copsychus superciliaris,Visayan Shama,
whvsha1,Copsychus niger,White-vented Shama,
blasha1,Copsychus cebuensis,Black Shama,
afffly1,Fraseria ocreata,Fraser's Forest Flycatcher,
wbffly1,Fraseria cinerascens,White-browed Forest Flycatcher,
gyttif1,Fraseria griseigularis,Grey-throated Tit-Flycatcher,
grytif1,Fraseria plumbea,Grey Tit-Flycatcher,
angslf1,Melaenornis brunneus,Angola Slaty Flycatcher,
wheslf1,Melaenornis fischeri,White-eyed Slaty Flycatcher,
abyslf1,Melaenornis chocolatinus,Abyssinian Slaty Flycatcher,
yebfly2,Melaenornis ardesiacus,Yellow-eyed Black Flycatcher,
nobfly1,Melaenornis edolioides,Northern Black Flycatcher,
sobfly1,Melaenornis pammelaina,Southern Black Flycatcher,
palfly2,Agricola pallidus,Pale Flycatcher,
chafly2,Agricola infuscatus,Chat Flycatcher,
grafly1,,,
marfly1,Bradornis mariquensis,Marico Flycatcher,
fisfly1,Sigelus silens,Fiscal Flycatcher,
silver1,Empidornis semipartitus,Silverbird,
spofly1,Muscicapa striata,Spotted Flycatcher,SPFL
spofly3,,,
gamfly1,Muscicapa gambagae,Gambaga Flycatcher,
gysfly1,Muscicapa griseisticta,Grey-streaked Flycatcher,GSFL
dasfly,Muscicapa sibirica,Dark-sided Flycatcher,DSFL
asbfly,Muscicapa dauurica,Asian Brown Flycatcher,ABFL
bnsfly1,Muscicapa williamsoni,Brown-streaked Flycatcher,
subfly2,Muscicapa segregata,Sumba Brown Flycatcher,
brbfly2,Muscicapa muttui,Brown-breasted Flycatcher,
ferfly1,Muscicapa ferruginea,Ferruginous Flycatcher,
ashfly1,Fraseria caerulescens,Ashy Flycatcher,
swafly3,Muscicapa aquatica,Swamp Flycatcher,
casfly1,Muscicapa cassini,Cassin's Flycatcher,
olifly1,Fraseria olivascens,Olivaceous Flycatcher,
chafly1,Fraseria lendu,Chapin's Flycatcher,
afdfly1,Muscicapa adusta,African Dusky Flycatcher,
ligfly2,Muscicapa epulata,Little Grey Flycatcher,
yeffly1,Muscicapa sethsmithi,Yellow-footed Flycatcher,
dubfly2,Bradornis comitatus,Dusky-blue Flycatcher,
tesfly1,Fraseria tessmanni,Tessmann's Flycatcher,
ussfly1,Artomyias ussheri,Ussher's Flycatcher,
whgfly1,Anthipes monileger,White-gorgeted Flycatcher,
rubfly3,Anthipes solitaris,Rufous-browed Flycatcher,
habfly1,Cyornis hainanus,Hainan Blue Flycatcher,
pabfly2,Cyornis unicolor,Pale Blue Flycatcher,
wbbfly1,Cyornis pallidipes,White-bellied Blue Flycatcher,
pacblf1,Cyornis poliogenys,Pale-chinned Flycatcher,
hibfly1,Cyornis whitei,Hill Blue Flycatcher,
larblf1,Cyornis magnirostris,Large Blue Flycatcher,
pabfly1,Cyornis lemprieri,Palawan Blue Flycatcher,
tibfly3,Cyornis tickelliae,Tickell's Blue Flycatcher,
tibfly4,Cyornis sumatrensis,Indochinese Blue Flycatcher,
lobblf1,Cyornis caerulatus,Sunda Blue Flycatcher,
bobfly2,Cyornis superbus,Bornean Blue Flycatcher,
butfly1,Cyornis rubeculoides,Blue-throated Blue Flycatcher,
butfly2,Cyornis glaucicomans,Chinese Blue Flycatcher,
mabfly1,Cyornis turcosus,Malaysian Blue Flycatcher,
mabfly2,Cyornis rufigastra,Mangrove Blue Flycatcher,
subfly4,,,
subfly1,Cyornis omissus,Sulawesi Blue Flycatcher,
tibfly2,Eumyias hyacinthinus,Timor Blue Flycatcher,
blffly1,Eumyias hoevelli,Blue-fronted Blue Flycatcher,
matfly2,Eumyias sanfordi,Matinan Blue Flycatcher,
whtfly2,Leucoptilon concretum,White-tailed Flycatcher,
flojuf2,Eumyias oscillans,Flores Jungle Flycatcher,
flojuf1,Eumyias stresemanni,Sumba Jungle Flycatcher,
bncjuf1,Cyornis brunneatus,Brown-chested Jungle Flycatcher,
fucjuf1,Cyornis olivaceus,Fulvous-chested Jungle Flycatcher,
gycjuf1,Cyornis umbratilis,Grey-chested Jungle Flycatcher,
chtjuf1,,,
fujnil1,Niltava davidi,Fujian Niltava,
rubnil1,Niltava sundara,Rufous-bellied Niltava,
ruvnil1,Niltava sumatrana,Rufous-vented Niltava,
vivnil3,Niltava vivida,Taiwan Vivid Niltava,
larnil1,Niltava grandis,Large Niltava,
smanil1,Niltava macgrigoriae,Small Niltava,
bawfly2,Cyanoptila cyanomelana,Blue-and-white Flycatcher,
zapfly1,Cyanoptila cumatilis,Zappey's Flycatcher,
dubfly3,Eumyias sordidus,Dull-blue Flycatcher,
verfly4,Eumyias thalassinus,Verditer Flycatcher,
islfly1,Eumyias panayensis,Turquoise Flycatcher,
nilfly2,Eumyias albicaudatus,Nilgiri Flycatcher,
indfly1,Eumyias indigo,Indigo Flycatcher,
eurrob1,Erithacus rubecula,European Robin,EURO
bubwre1,Cantorchilus leucotis,Buff-breasted Wren,BBRW
supwre1,Cantorchilus superciliaris,Superciliated Wren,
fabwre1,Cantorchilus guarayanus,Fawn-breasted Wren,
lobwre1,Cantorchilus longirostris,Long-billed Wren,
grywre1,Cantorchilus griseus,Grey Wren,
rivwre1,Cantorchilus semibadius,Riverside Wren,RIWR
baywre1,Cantorchilus nigricapillus,Bay Wren,BAYW
stbwre1,Cantorchilus thoracicus,Stripe-breasted Wren,SIBW
sttwre1,Cantorchilus leucopogon,Stripe-throated Wren,STWR
carwre,Thryothorus ludovicianus,Carolina Wren,CARW
winwre4,Troglodytes troglodytes,Eurasian Wren,
winwre3,Troglodytes hiemalis,Winter Wren,WIWR
pacwre1,Troglodytes pacificus,Pacific Wren,PAWR
clawre1,Troglodytes tanneri,Clarion Wren,CLWR
houwre,Troglodytes aedon,Northern House Wren,NHWR
houwre5,Troglodytes cobbi,Cobb's Wren,
socwre2,Troglodytes sissonii,Socorro Wren,SOCW
rubwre2,Troglodytes rufociliatus,Rufous-browed Wren,RBWW
ochwre1,Troglodytes ochraceus,Ochraceous Wren,OCWR
mouwre1,Troglodytes solstitialis,Mountain Wren,
samwre1,Troglodytes monticola,Santa Marta Wren,
tepwre1,Troglodytes rufulus,Tepui Wren,
timwre1,Thryorchilus browni,Timberline Wren,TIWR
whbwre1,Uropsila leucogastra,White-bellied Wren,WBWR
wbwwre1,Henicorhina leucosticta,White-breasted Wood Wren,WBWW
gbwwre1,Henicorhina leucophrys,Grey-breasted Wood Wren,GBWW
gybwow3,Henicorhina anachoreta,Hermit Wood Wren,
bwwwre1,Henicorhina leucoptera,Bar-winged Wood Wren,
munwow1,Henicorhina negreti,Munchique Wood Wren,
nigwre1,Microcerculus philomela,Northern Nightingale-Wren,NIWR
scbwre1,Microcerculus marginatus,Southern Nightingale-Wren,SCBW
fluwre1,Microcerculus ustulatus,Flutist Wren,
wibwre1,Microcerculus bambla,Wing-banded Wren,
chbwre1,,,
muswre2,Cyphorhinus arada,Musician Wren,
sonwre1,Cyphorhinus phaeocephalus,Song Wren,SONW
lobgna4,Ramphocaenus sticturus,Chattering Gnatwren,
lobgna5,Ramphocaenus melanurus,Trilling Gnatwren,LBGN
tafgna1,Microbates cinereiventris,Tawny-faced Gnatwren,TFGN
colgna1,Microbates collaris,Collared Gnatwren,
guigna2,Polioptila facilis,,
guigna3,Polioptila guianensis,Guianan Gnatcatcher,
sltgna1,Polioptila schistaceigula,Slate-throated Gnatcatcher,STGN
guigna4,Polioptila paraensis,Para Gnatcatcher,
iqugna1,Polioptila clementsi,Iquitos Gnatcatcher,
inagna1,Polioptila attenboroughi,,
trogna1,Polioptila plumbea,Tropical Gnatcatcher,
melbla1,Dives dives,Melodious Blackbird,MEBL
cubbla,Ptiloxena atroviolacea,Cuban Blackbird,CUBL
rusbla,Euphagus carolinus,Rusty Blackbird,RUBL
brebla,Euphagus cyanocephalus,Brewer's Blackbird,BRBL
comgra,Quiscalus quiscula,Common Grackle,COGR
nicgra1,Quiscalus nicaraguensis,Nicaraguan Grackle,NIGR
cargra1,Quiscalus lugubris,Carib Grackle,CAGR
gragra1,Quiscalus niger,Greater Antillean Grackle,GAGR
botgra,Quiscalus major,Boat-tailed Grackle,BTGR
grtgra,Quiscalus mexicanus,Great-tailed Grackle,GTGR
rebgra1,Hypopyrrhus pyrohypogaster,Red-bellied Grackle,
vefgra1,Lampropsar tanagrinus,Velvet-fronted Grackle,
oribla1,Gymnomystax mexicanus,Oriole Blackbird,
mougra1,Macroagelaius subalaris,Colombian Mountain Grackle,
gotgra1,Macroagelaius imthurni,Golden-tufted Mountain Grackle,
ausbla1,Curaeus curaeus,Austral Blackbird,
schbla1,Amblyramphus holosericeus,Scarlet-headed Blackbird,
forbla1,Anumara forbesi,Forbes's Blackbird,
chobla1,Gnorimopsar chopi,Chopi Blackbird,
bolbla1,Oreopsar bolivianus,Bolivian Blackbird,
bawcow4,Agelaioides badius,Greyish Baywing,
bawcow3,Agelaioides fringillarius,Pale Baywing,
yewbla2,Agelasticus thilius,Yellow-winged Blackbird,
paebla2,Agelasticus xanthophthalmus,Pale-eyed Blackbird,
unibla2,Agelasticus cyanopus,Unicolored Blackbird,
chcbla2,Chrysomus ruficapillus,Chestnut-capped Blackbird,
yehbla2,Chrysomus icterocephalus,Yellow-hooded Blackbird,YHOB
sacbla2,Xanthopsar flavus,Saffron-cowled Blackbird,
baymar1,Pseudoleistes virescens,Brown-and-yellow Marshbird,
yermar1,Pseudoleistes guirahuro,Yellow-rumped Marshbird,
ovenbi1,Seiurus aurocapilla,Ovenbird,OVEN
woewar1,Helmitheros vermivorum,Worm-eating Warbler,WEWA
louwat,Parkesia motacilla,Louisiana Waterthrush,LOWA
norwat,Parkesia noveboracensis,Northern Waterthrush,NOWA
gowwar,Vermivora chrysoptera,Golden-winged Warbler,GWWA
buwwar,Vermivora cyanoptera,Blue-winged Warbler,BWWA
bawwar,Mniotilta varia,Black-and-white Warbler,BAWW
prowar,Protonotaria citrea,Prothonotary Warbler,PROW
swawar,Limnothlypis swainsonii,Swainson's Warbler,SWWA
crcwar,Oreothlypis superciliosa,Crescent-chested Warbler,CCWA
fltwar1,Oreothlypis gutturalis,Flame-throated Warbler,FTHW
tenwar,Leiothlypis peregrina,Tennessee Warbler,TEWA
orcwar,Leiothlypis celata,Orange-crowned Warbler,OCWA
colwar,Leiothlypis crissalis,Colima Warbler,COLW
lucwar,Leiothlypis luciae,Lucy's Warbler,LUWA
naswar,Leiothlypis ruficapilla,Nashville Warbler,NAWA
virwar,Leiothlypis virginiae,Virginia's Warbler,VIWA
conwar,Oporornis agilis,Connecticut Warbler,CONW
gycyel,Geothlypis poliocephala,Grey-crowned Yellowthroat,GCYE
masyel2,Geothlypis aequinoctialis,Masked Yellowthroat,
masyel3,,,
masyel4,Geothlypis auricularis,Black-lored Yellowthroat,
masyel5,Geothlypis velata,Southern Yellowthroat,
macwar,Geothlypis tolmiei,MacGillivray's Warbler,MGWA
mouwar,Geothlypis philadelphia,Mourning Warbler,MOWA
kenwar,Geothlypis formosa,Kentucky Warbler,KEWA
olcyel1,Geothlypis semiflava,Olive-crowned Yellowthroat,OCYE
blpyel1,Geothlypis speciosa,Black-polled Yellowthroat,BPYE
belyel1,Geothlypis beldingi,Belding's Yellowthroat,BEYE
bahyel1,Geothlypis rostrata,Bahama Yellowthroat,BAYE
altyel1,Geothlypis flavovelata,Altamira Yellowthroat,ALYE
comyel,Geothlypis trichas,Common Yellowthroat,COYE
hooyel1,Geothlypis nelsoni,Hooded Yellowthroat,HOYE
elwwar1,Setophaga angelae,Elfin Woods Warbler,EWWA
arrwar1,Setophaga pharetra,Arrowhead Warbler,ARRW
hoowar,Setophaga citrina,Hooded Warbler,HOWA
amered,Setophaga ruticilla,American Redstart,AMRE
kirwar,Setophaga kirtlandii,Kirtland's Warbler,KIWA
camwar,Setophaga tigrina,Cape May Warbler,CMWA
cerwar,Setophaga cerulea,Cerulean Warbler,CERW
norpar,Setophaga americana,Northern Parula,NOPA
tropar,Setophaga pitiayumi,Tropical Parula,TRPA
magwar,Setophaga magnolia,Magnolia Warbler,MAWA
babwar,Setophaga castanea,Bay-breasted Warbler,BBWA
bkbwar,Setophaga fusca,Blackburnian Warbler,BLBW
yelwar1,,,
yelwar,Setophaga petechia,Mangrove Warbler,YEWA
chswar,Setophaga pensylvanica,Chestnut-sided Warbler,CSWA
bkpwar,Setophaga striata,Blackpoll Warbler,BLPW
btbwar,Setophaga caerulescens,Black-throated Blue Warbler,BTBW
palwar,Setophaga palmarum,Palm Warbler,PAWA
olcwar1,Setophaga pityophila,Olive-capped Warbler,OCAW
pinwar,Setophaga pinus,Pine Warbler,PIWA
yerwar,Setophaga coronata,Yellow-rumped Warbler,YRWA
audwar,,,
yerwar2,,,
yetwar,Setophaga dominica,Yellow-throated Warbler,YTWA
yetwar3,Setophaga flavescens,Bahama Warbler,BAHW
vitwar1,Setophaga vitellina,Vitelline Warbler,VITW
prawar,Setophaga discolor,Prairie Warbler,PRAW
adewar1,Setophaga adelaidae,Adelaide's Warbler,ADWA
grawar,Setophaga graciae,Grace's Warbler,GRWA
btywar,Setophaga nigrescens,Black-throated Grey Warbler,BTYW
towwar,Setophaga townsendi,Townsend's Warbler,TOWA
herwar,Setophaga occidentalis,Hermit Warbler,HEWA
comchi1,Phylloscopus collybita,Common Chiffchaff,CCHI
ibechi2,Phylloscopus ibericus,Iberian Chiffchaff,
eacwar1,Phylloscopus coronatus,Eastern Crowned Warbler,
ijlwar1,Phylloscopus ijimae,Ijima's Leaf Warbler,
phlwar1,Phylloscopus olivaceus,Philippine Leaf Warbler,
letwar1,Phylloscopus cebuensis,Lemon-throated Leaf Warbler,
yetwow1,Phylloscopus ruficapilla,Yellow-throated Woodland Warbler,
brwwar1,Phylloscopus umbrovirens,Brown Woodland Warbler,
rfwwar1,Phylloscopus laetus,Red-faced Woodland Warbler,
lauwow1,Phylloscopus laurae,Laura's Woodland Warbler,
bcwwar1,Phylloscopus herberti,Black-capped Woodland Warbler,
ugawow1,Phylloscopus budongoensis,Uganda Woodland Warbler,
whswar1,Phylloscopus intermedius,White-spectacled Warbler,
gycwar2,Phylloscopus poliogenys,Grey-cheeked Warbler,
goswar1,Phylloscopus burkii,Green-crowned Warbler,
gycwar1,Phylloscopus tephrocephalus,Grey-crowned Warbler,
whiwar2,Phylloscopus whistleri,Whistler's Warbler,
biawar1,Phylloscopus valentini,Bianchi's Warbler,
pltwar1,Phylloscopus soror,Alström's Warbler,
marwar4,Phylloscopus omeiensis,Martens's Warbler,
grnwar1,Phylloscopus nitidus,Green Warbler,
grewar2,Phylloscopus plumbeitarsus,Two-barred Warbler,
grewar3,Phylloscopus trochiloides,Greenish Warbler,
emlwar1,Phylloscopus emeiensis,Emei Leaf Warbler,
lblwar1,Phylloscopus magnirostris,Large-billed Leaf Warbler,
salwar1,Phylloscopus borealoides,Sakhalin Leaf Warbler,
pllwar1,Phylloscopus tenellipes,Pale-legged Leaf Warbler,
arcwar3,Phylloscopus xanthodryas,Japanese Leaf Warbler,
arcwar2,Phylloscopus examinandus,Kamchatka Leaf Warbler,KLWA
arcwar1,Phylloscopus borealis,Arctic Warbler,ARWA
chcwar2,Phylloscopus castaniceps,Chestnut-crowned Warbler,
sunwar1,Phylloscopus grammiceps,Sunda Warbler,
yebwar2,Phylloscopus montis,Yellow-breasted Warbler,
limlew1,Phylloscopus calciatilis,Limestone Leaf Warbler,
subwar3,Phylloscopus ricketti,Sulphur-breasted Warbler,
yevwar1,Phylloscopus cantator,Yellow-vented Warbler,
weclew1,Phylloscopus occipitalis,Western Crowned Warbler,
blylew1,Phylloscopus reguloides,Blyth's Leaf Warbler,
clalew1,Phylloscopus claudiae,Claudia's Leaf Warbler,
harlew1,Phylloscopus goodsoni,Hartert's Leaf Warbler,
klolew1,Phylloscopus ogilviegranti,Kloss's Leaf Warbler,
halwar1,Phylloscopus hainanus,Hainan Leaf Warbler,
davlew1,Phylloscopus intensior,Davison's Leaf Warbler,
gyhwar2,Phylloscopus xanthoschistos,Grey-hooded Warbler,
mouwar2,Phylloscopus trivirgatus,Mountain Leaf Warbler,
mouwar4,Phylloscopus nigrorum,Negros Leaf Warbler,
tilwar2,Phylloscopus presbytes,Timor Leaf Warbler,
rolwar1,Phylloscopus rotiensis,Rote Leaf Warbler,
sclwar1,Phylloscopus makirensis,Makira Leaf Warbler,
sulwar1,Phylloscopus nesophilus,Sulawesi Leaf Warbler,
sulwar3,Phylloscopus sarasinorum,Lompobattang Leaf Warbler,
kullew1,Phylloscopus amoenus,Kolombangara Leaf Warbler,
islwar1,Phylloscopus poliocephalus,Island Leaf Warbler,
isllew9,Phylloscopus maforensis,Numfor Leaf Warbler,
isllew10,Phylloscopus misoriensis,Biak Leaf Warbler,
grawar1,Graueria vittata,Grauer's Warbler,
malbrw1,Nesillas typica,Malagasy Brush Warbler,
subbrw1,Nesillas lantzii,Subdesert Brush Warbler,
anbwar1,,,
gcbwar1,Nesillas brevicaudata,Grande Comore Brush Warbler,
mohbrw1,Nesillas mariae,Moheli Brush Warbler,
barwar2,Acrocephalus griseldis,Basra Reed Warbler,
cvswar1,Acrocephalus brevipennis,Cape Verde Warbler,
grswar2,Acrocephalus rufescens,Greater Swamp Warbler,
leswar1,Acrocephalus gracilirostris,Lesser Swamp Warbler,
maswar1,Acrocephalus newtoni,Madagascar Swamp Warbler,
sebwar1,Acrocephalus sechellensis,Seychelles Warbler,
grrwar1,Acrocephalus arundinaceus,Great Reed Warbler,
orrwar1,Acrocephalus orientalis,Oriental Reed Warbler,
clrwar1,Acrocephalus stentoreus,Clamorous Reed Warbler,
aurwar1,Acrocephalus australis,Australian Reed Warbler,
miller,Acrocephalus familiaris,Millerbird,MILL
sairew1,Acrocephalus hiwae,Saipan Reed Warbler,
narwar1,Acrocephalus rehsei,Nauru Reed Warbler,
carrew1,Acrocephalus syrinx,Caroline Reed Warbler,
chiwar1,Acrocephalus aequinoctialis,Bokikokiko,
marrew2,Acrocephalus percernis,Northern Marquesan Reed Warbler,
tahrew1,Acrocephalus caffer,Tahiti Reed Warbler,
marwar2,Acrocephalus mendanae,Southern Marquesan Reed Warbler,
turwar1,Acrocephalus atyphus,Tuamotu Reed Warbler,
cirwar2,Acrocephalus kerearako,Cook Reed Warbler,
rimrew1,Acrocephalus rimitarae,Rimatara Reed Warbler,
bbrwar1,Acrocephalus bistrigiceps,Black-browed Reed Warbler,
mouwar1,Acrocephalus melanopogon,Moustached Warbler,
aquwar1,Acrocephalus paludicola,Aquatic Warbler,
sedwar1,Acrocephalus schoenobaenus,Sedge Warbler,SEWA
blutit,Cyanistes caeruleus,Eurasian Blue Tit,
azutit2,Cyanistes cyanus,Azure Tit,
grotit1,Pseudopodoces humilis,Ground Tit,
gretit1,Parus major,Great Tit,
gretit4,,,
gretit2,,,
grbtit1,Parus monticolus,Green-backed Tit,
whwtit2,Machlolophus nuchalis,White-naped Tit,
yeltit2,Machlolophus holsti,Yellow Tit,
blltit1,Machlolophus xanthogenys,Himalayan Black-lored Tit,
indtit1,Machlolophus aplonotus,Indian Black-lored Tit,
yectit1,Machlolophus spilonotus,Yellow-cheeked Tit,
whsblt1,Melaniparus guineensis,White-shouldered Black Tit,
whwblt3,Melaniparus leucomelas,White-winged Black Tit,
soublt1,Melaniparus niger,Southern Black Tit,
cartit2,Melaniparus carpi,Carp's Tit,
whbtit5,Melaniparus albiventris,White-bellied Tit,
whbblt1,Melaniparus leuconotus,White-backed Black Tit,
dustit2,Melaniparus funereus,Dusky Tit,
rubtit3,Melaniparus rufiventris,Rufous-bellied Tit,
rettit2,Melaniparus fringillinus,Red-throated Tit,
stbtit2,Melaniparus fasciiventer,Stripe-breasted Tit,
somtit4,Melaniparus thruppi,Acacia Tit,
miotit2,Melaniparus griseiventris,Miombo Tit,
ashtit2,Melaniparus cinerascens,Ashy Tit,
grytit1,Melaniparus afer,Grey Tit,
euptit1,Remiz pendulinus,Eurasian Penduline Tit,
bhptit1,Remiz macronyx,Black-headed Penduline Tit,
wcptit1,Remiz coronatus,White-crowned Penduline Tit,
chptit1,Remiz consobrinus,Chinese Penduline Tit,
yeptit1,Anthoscopus parvulus,Yellow Penduline Tit,
mcptit1,Anthoscopus musculus,Mouse-colored Penduline Tit,
afptit1,Anthoscopus caroli,Grey Penduline Tit,
soptit1,Anthoscopus minutus,Cape Penduline Tit,
verdin,Auriparus flaviceps,Verdin,VERD
yesnic1,Nicator chloris,Western Nicator,
easnic1,Nicator gularis,Eastern Nicator,
yetnic1,Nicator vireo,Yellow-throated Nicator,
bearee1,Panurus biarmicus,Bearded Reedling,
grhlar1,Alaemon alaudipes,Greater Hoopoe-Lark,
beelar1,Chersomanes beesleyi,Beesley's Lark,
sphlar12,Chersomanes albofasciata,Spike-heeled Lark,
gralar2,Ammomanopsis grayi,Gray's Lark,
shclar1,Certhilauda chuana,Short-clawed Lark,
klblar6,Certhilauda subcoronata,Karoo Long-billed Lark,
benlar1,,,
elblar1,Certhilauda semitorquata,Eastern Long-billed Lark,
y00415,Certhilauda curvirostris,Cape Long-billed Lark,
agular1,,,
thblar1,Ramphocoris clotbey,Thick-billed Lark,
deslar1,Ammomanes deserti,Desert Lark,
batlar1,Ammomanes cinctura,Bar-tailed Lark,
rutlar2,Ammomanes phoenicura,Rufous-tailed Lark,
beslar1,Eremopterix australis,Black-eared Sparrow-Lark,
madlar1,Eremopterix hova,Madagascar Lark,
bcslar1,Eremopterix nigriceps,Black-crowned Sparrow-Lark,
cbslar1,Eremopterix leucotis,Chestnut-backed Sparrow-Lark,
ascspl1,Eremopterix griseus,Ashy-crowned Sparrow-Lark,
chhspl1,Eremopterix signatus,Chestnut-headed Sparrow-Lark,
gybspl1,Eremopterix verticalis,Grey-backed Sparrow-Lark,
fislar1,Eremopterix leucopareia,Fischer's Sparrow-Lark,
sablar2,Calendulauda sabota,Sabota Lark,
piblar3,Calendulauda poecilosterna,Pink-breasted Lark,
foxlar1,,,
faclar8,Calendulauda africanoides,Fawn-colored Lark,
karlar2,Calendulauda albescens,Karoo Lark,
ferlar2,Calendulauda burra,Red Lark,
dunlar5,Calendulauda erythrochlamys,Dune Lark,
barlar4,,,
rudlar1,Heteromirafra ruddi,Rudd's Lark,
liblar1,Heteromirafra archeri,Archer's Lark,
eaclar1,Corypha fasciolata,Eastern Clapper Lark,
caclar1,Corypha apiata,Cape Clapper Lark,
rewlar1,Corypha hypermetra,Red-winged Lark,
runlar1,Corypha africana,Rufous-naped Lark,
flalar1,Amirafra rufocinnamomea,Flappet Lark,
retale1,Chamaetylas poliophrys,Red-throated Alethe,
brcale1,Chamaetylas poliocephala,Brown-chested Alethe,
whcale1,Chamaetylas fuelleborni,White-chested Alethe,
wbrcha1,Cossyphicula roberti,White-bellied Robin-Chat,
arrcha1,Dessonornis archeri,Archer's Ground Robin,
ofrcha1,Dessonornis anomalus,Olive-flanked Ground Robin,
carcha1,Dessonornis caffer,Cape Robin-Chat,
wtrcha1,Dessonornis humeralis,White-throated Robin-Chat,
gywroc1,Sheppardia polioptera,Grey-winged Robin-Chat,
bsrcha1,Cossypha cyanocampter,Blue-shouldered Robin-Chat,
rurcha1,Cossypha semirufa,Rüppell's Robin-Chat,
wbrcha2,Cossypha heuglini,White-browed Robin-Chat,
rcrcha1,Cossypha natalensis,Red-capped Robin-Chat,
chrcha1,Cossypha dichroa,Chorister Robin-Chat,
whrcha1,Cossypha heinrichi,White-headed Robin-Chat,
scrcha1,Cossypha niveicapilla,Snowy-crowned Robin-Chat,
wcrcha1,Cossypha albicapillus,White-crowned Robin-Chat,
swyrob1,Swynnertonia swynnertoni,Swynnerton's Robin,
whsrob1,Pogonocichla stellata,White-starred Robin,
obfrob1,Stiphrornis erythrothorax,Orange-breasted Forest Robin,
shtaka2,Sheppardia poensis,Short-tailed Akalat,
bocaka11,Sheppardia bocagei,Bocage's Akalat,
equaka1,Sheppardia aequatorialis,Equatorial Akalat,
shaaka1,Sheppardia sharpei,Sharpe's Akalat,
rubaka1,Sheppardia aurantiithorax,Rubeho Akalat,
usaaka1,Sheppardia montana,Usambara Akalat,
iriaka1,Sheppardia lowei,Iringa Akalat,
copthr1,Cichladusa arquata,Collared Palm Thrush,
rtpthr1,Cichladusa ruficauda,Rufous-tailed Palm Thrush,
spmthr1,Cichladusa guttata,Spotted Palm Thrush,
gresho1,Heinrichia calligyna,Great Shortwing,
bagbab2,Leonardina woodi,Bagobo Babbler,
gousho1,Heteroxenicus stellatus,Gould's Shortwing,
rubsho1,Brachypteryx hyperythra,Rusty-bellied Shortwing,
lessho1,Brachypteryx leucophris,Lesser Shortwing,
whbsho4,Brachypteryx cruralis,Himalayan Shortwing,
whbsho5,Brachypteryx sinensis,Chinese Shortwing,
whbsho6,Brachypteryx goodfellowi,Taiwan Shortwing,
whbsho10,Brachypteryx montana,Javan Shortwing,
eyjfly1,Vauriella gularis,Eyebrowed Jungle Flycatcher,
minjuf1,Vauriella goodfellowi,Slaty-backed Jungle Flycatcher,
inbrob1,Larvivora brunnea,Indian Blue Robin,
sibrob,Larvivora cyane,Siberian Blue Robin,SBRO
rutrob1,Larvivora sibilans,Rufous-tailed Robin,RTRO
ryurob2,Larvivora komadori,Ryukyu Robin,
ryurob3,Larvivora namiyei,Okinawa Robin,
japrob2,Larvivora akahige,Japanese Robin,
blueth,Luscinia svecica,Bluethroat,
whbred1,Luscinia phaenicuroides,White-bellied Redstart,
thrnig1,Luscinia luscinia,Thrush Nightingale,
comnig1,Luscinia megarhynchos,Common Nightingale,
whtrob3,Irania gutturalis,White-throated Robin,
himrub1,Calliope pectoralis,Himalayan Rubythroat,
chirub1,Calliope tschebaiewi,Chinese Rubythroat,
sibrub,Calliope calliope,Siberian Rubythroat,SIRU
fireth1,Calliope pectardens,Firethroat,
whtrob2,Myiomela leucura,White-tailed Robin,
whbsho1,Sholicola major,Nilgiri Blue Robin,
whbsho3,Sholicola albiventris,White-bellied Blue Robin,
wbbrob1,Tarsiger indicus,White-browed Bush Robin,
rbbrob1,Tarsiger hyperythrus,Rufous-breasted Bush Robin,
cobrob1,Tarsiger johnstoniae,Collared Bush Robin,
refblu,,,
himblu1,Tarsiger rufilatus,Himalayan Bluetail,
gobrob1,Tarsiger chrysaeus,Golden Bush Robin,
litfor1,Enicurus scouleri,Little Forktail,
chnfor1,Enicurus ruficapillus,Chestnut-naped Forktail,
blbfor1,Enicurus immaculatus,Black-backed Forktail,
slbfor1,Enicurus schistaceus,Slaty-backed Forktail,
whcfor1,Enicurus leschenaulti,White-crowned Forktail,
whcfor3,Enicurus borneensis,Bornean Forktail,
spofor1,Enicurus maculatus,Spotted Forktail,
ceywht1,Myophonus blighi,Sri Lanka Whistling Thrush,
shwthr1,Myophonus melanurus,Shiny Whistling Thrush,
borwht1,Myophonus borneensis,Bornean Whistling Thrush,
chwwht1,Myophonus castaneus,Brown-winged Whistling Thrush,
mawthr2,Myophonus robinsoni,Malayan Whistling Thrush,
mawthr1,Myophonus horsfieldii,Malabar Whistling Thrush,
fowthr1,Myophonus insularis,Taiwan Whistling Thrush,
blwthr1,Myophonus caeruleus,Blue Whistling Thrush,
blfrob1,Cinclidium frontale,Blue-fronted Robin,
korfly1,Ficedula zanthopygia,Yellow-rumped Flycatcher,
narfly1,Ficedula elisae,Green-backed Flycatcher,
narfly2,Ficedula narcissina,Narcissus Flycatcher,NAFL
narfly3,Ficedula owstoni,Ryukyu Flycatcher,
slbfly1,Ficedula erithacus,Slaty-backed Flycatcher,
mugfly,Ficedula mugimaki,Mugimaki Flycatcher,MUFL
pybfly1,Ficedula hodgsoni,Pygmy Flycatcher,
rugfly1,Ficedula strophiata,Rufous-gorgeted Flycatcher,
sapfly1,Ficedula sapphira,Sapphire Flycatcher,
ultfly1,Ficedula superciliaris,Ultramarine Flycatcher,
lipfly1,Ficedula westermanni,Little Pied Flycatcher,
slbfly2,Ficedula tricolor,Slaty-blue Flycatcher,
snbfly1,Ficedula hyperythra,Snowy-browed Flycatcher,
rutfly6,Ficedula ruficauda,Rusty-tailed Flycatcher,
taifly1,Ficedula albicilla,Taiga Flycatcher,TAFL
rebfly,Ficedula parva,Red-breasted Flycatcher,
kasfly1,Ficedula subrubra,Kashmir Flycatcher,
semfly1,Ficedula semitorquata,Semicollared Flycatcher,
eupfly1,Ficedula hypoleuca,European Pied Flycatcher,
colfly1,Ficedula albicollis,Collared Flycatcher,
anglar1,Amirafra angolensis,Angola Lark,
monlar2,Mirafra passerina,Monotonous Lark,
latlar1,Mirafra cheniana,Melodious Lark,
sinbus6,Mirafra javanica,Singing Bush Lark,
sinbus1,,,
burbus1,Plocealauda microptera,Burmese Bush Lark,
benbus1,Plocealauda assamica,Bengal Bush Lark,
indbus3,Plocealauda erythrocephala,Indochinese Bush Lark,
indbus2,Plocealauda erythroptera,Indian Bush Lark,
jerbus2,Plocealauda affinis,Jerdon's Bush Lark,
gillar1,Calendulauda gilletti,Gillett's Lark,
frilar1,Mirafra pulpa,Friedmann's Lark,
whtlar1,Mirafra albicauda,White-tailed Lark,
woolar1,Lullula arborea,Woodlark,
stalar2,Spizocorys starki,Stark's Lark,
shtlar1,Spizocorys fremantlii,Short-tailed Lark,
piblar1,Spizocorys conirostris,Pink-billed Lark,
whwlar1,Alauda leucoptera,White-winged Lark,
razsky1,Alauda razae,Raso Lark,
orisky1,Alauda gulgula,Oriental Skylark,
skylar,Alauda arvensis,Eurasian Skylark,EUSK
tawlar1,Galerida deva,Sykes's Lark,
sunlar1,Galerida modesta,Sun Lark,
lablar1,Galerida magnirostris,Large-billed Lark,
thelar1,Galerida theklae,Thekla's Lark,
crelar1,Galerida cristata,Crested Lark,
mallar1,Galerida malabarica,Malabar Lark,
crelar3,,,
horlar,Eremophila alpestris,Horned Lark,HOLA
temlar1,Eremophila bilopha,Temminck's Lark,
humlar1,Calandrella acutirostris,Hume's Short-toed Lark,
sstlar4,Calandrella dukhunensis,Mongolian Short-toed Lark,
blalar2,Calandrella blanfordi,Blanford's Lark,
blalar4,Calandrella eremica,Rufous-capped Lark,
reclar1,Calandrella cinerea,Red-capped Lark,
gstlar1,Calandrella brachydactyla,Greater Short-toed Lark,
bimlar1,Melanocorypha bimaculata,Bimaculated Lark,
callar1,Melanocorypha calandra,Calandra Lark,
blalar1,Melanocorypha yeltoniensis,Black Lark,
tiblar1,Melanocorypha maxima,Tibetan Lark,
duplar1,Chersophilus duponti,Dupont's Lark,
dunlar1,Eremalauda dunni,Dunn's Lark,
dunlar4,Eremalauda eremodites,Arabian Lark,
lstlar2,Alaudala cheleensis,Asian Short-toed Lark,
sstlar1,Alaudala somalica,Somali Short-toed Lark,
mstlar1,Alaudala rufescens,Mediterranean Short-toed Lark,
tstlar1,Alaudala heinei,Turkestan Short-toed Lark,
sanlar1,Alaudala raytal,Sand Lark,
somgre1,Andropadus importunus,Sombre Greenbul,
slbgre1,Stelgidillas gracilirostris,Slender-billed Greenbul,
golgre1,Calyptocichla serinus,Golden Greenbul,
blcbul1,Neolestes torquatus,Black-collared Bulbul,
combri2,Bleda syndactylus,Red-tailed Bristlebill,
gntbri1,Bleda eximius,Green-tailed Bristlebill,
gyhbri1,Bleda canicapillus,Grey-headed Bristlebill,
lesbri2,,,
lesbri3,Bleda ugandae,Yellow-eyed Bristlebill,
yetgre1,,,
spogre1,Ixonotus guttatus,Spotted Greenbul,
swagre1,Thescelocichla leucopleura,Swamp Palm Bulbul,
joygre1,Chlorocichla laetissima,Joyful Greenbul,
yengre1,Chlorocichla falkensteini,Falkenstein's Greenbul,
yebgre1,Chlorocichla flaviventris,Yellow-bellied Greenbul,
simgre1,Chlorocichla simplex,Simple Greenbul,
hongre1,Baeopogon indicator,Honeyguide Greenbul,
sjogre1,Baeopogon clamans,Sjöstedt's Greenbul,
camgre2,Arizelocichla montana,Cameroon Mountain Greenbul,
shegre1,Arizelocichla masukuensis,Shelley's Greenbul,
easmog4,Arizelocichla fusciceps,Black-browed Mountain Greenbul,
easmog3,Arizelocichla chlorigula,Yellow-throated Mountain Greenbul,
easmog5,Arizelocichla kikuyuensis,Kikuyu Mountain Greenbul,
easmog1,,,
stcgre3,,,
stcgre4,,,
stcgre1,Arizelocichla milanjensis,Stripe-cheeked Greenbul,
wesbeg1,Criniger barbatus,Western Bearded Greenbul,
easbeg1,Criniger chloronotus,Eastern Bearded Greenbul,
retgre1,Criniger calurus,Red-tailed Greenbul,
whbgre1,Criniger ndussumensis,White-bearded Greenbul,
yebgre3,Criniger olivaceus,Yellow-bearded Greenbul,
litgre2,Eurillas virens,Little Greenbul,
yewgre1,Eurillas latirostris,Yellow-whiskered Greenbul,
plagre2,Eurillas curvirostris,Plain Greenbul,
grygre1,Eurillas gracilis,Little Grey Greenbul,
ansgre1,Eurillas ansorgei,Ansorge's Greenbul,
tingre1,Phyllastrephus debilis,Lowland Tiny Greenbul,
whtgre2,,,
xavgre1,Phyllastrephus xavieri,Xavier's Greenbul,
ictgre1,Phyllastrephus icterinus,Icterine Greenbul,
terbro1,Phyllastrephus terrestris,Terrestrial Brownbul,
caogre1,Phyllastrephus poensis,Cameroon Olive Greenbul,
norbro1,Phyllastrephus strepitans,Northern Brownbul,
gyogre1,Phyllastrephus cerviniventris,Grey-olive Greenbul,
fisgre1,Phyllastrephus fischeri,Fischer's Greenbul,
cabgre1,Phyllastrephus cabanisi,Cabanis's Greenbul,
cabgre3,,,
leaflo1,Phyllastrephus scandens,Leaf-love,
yesbul1,Phyllastrephus flavostriatus,Yellow-streaked Greenbul,
gyhgre1,Phyllastrephus poliocephalus,Grey-headed Greenbul,
toogre1,Phyllastrephus hypochloris,Toro Olive Greenbul,
baugre1,Phyllastrephus baumanni,Baumann's Olive Greenbul,
paogre1,Phyllastrephus fulviventris,Pale-olive Greenbul,
habbul1,Tricholestes criniger,Hairy-backed Bulbul,
hobbul1,Setornis criniger,Hook-billed Bulbul,
yebbul2,Alophoixus phaeocephalus,Yellow-bellied Bulbul,
gytbul1,Alophoixus frater,Palawan Bulbul,
ochbul3,Alophoixus ruficrissus,Penan Bulbul,
whtbul1,Alophoixus flaveolus,White-throated Bulbul,
ochbul2,Alophoixus ochraceus,Ochraceous Bulbul,
putbul1,Alophoixus pallidus,Puff-throated Bulbul,
strbul2,Alcurus striatus,Striated Bulbul,
finbul1,Iole finschii,Finsch's Bulbul,
olibul1,Iole viridescens,Olive Bulbul,
buvbul1,Iole crypta,Buff-vented Bulbul,
chabul1,Iole charlottae,Charlotte's Bulbul,
cacbul1,Iole cacharensis,Cachar Bulbul,
gyebul1,Iole propinqua,Grey-eyed Bulbul,
crsbul1,Ixos leucogrammicus,Cream-striped Bulbul,
ashbul1,Hemixos flavala,Ashy Bulbul,
cinbul1,Hemixos cinereus,Cinereous Bulbul,
chebul1,Hemixos castanonotus,Chestnut Bulbul,
yebbul3,Acritillas indica,Yellow-browed Bulbul,
sunbul1,Ixos sumatranus,Sumatran Bulbul,
sunbul2,,,
strbul1,Ixos malaccensis,Streaked Bulbul,
moubul2,Ixos mcclellandii,Mountain Bulbul,
phibul1,Hypsipetes philippinus,Philippine Bulbul,
minbul1,Hypsipetes mindorensis,Mindoro Bulbul,
stbbul1,Hypsipetes siquijorensis,Streak-breasted Bulbul,
golbul3,Hypsipetes affinis,Seram Golden Bulbul,
sulgob1,,,
golbul4,Hypsipetes mysticalis,Buru Golden Bulbul,
visbul1,Hypsipetes guimarasensis,Visayan Bulbul,
yelbul1,Hypsipetes everetti,Yellowish Bulbul,
yelbul4,Hypsipetes catarmanensis,Camiguin Bulbul,
brebul1,Hypsipetes amaurotis,Brown-eared Bulbul,
reubul1,Hypsipetes borbonicus,Reunion Bulbul,
madbul1,Hypsipetes madagascariensis,Malagasy Bulbul,
maubul1,Hypsipetes olivaceus,Mauritius Bulbul,
blabul1,Hypsipetes leucocephalus,Black Bulbul,
sqtbul1,Hypsipetes ganeesa,Square-tailed Bulbul,
combul1,Hypsipetes parvirostris,Grande Comore Bulbul,
mohbul1,Hypsipetes moheliensis,Moheli Bulbul,
seybul1,Hypsipetes crassirostris,Seychelles Bulbul,
pubbul1,Microtarsus eutilotus,Puff-backed Bulbul,
bawbul2,Microtarsus melanoleucos,Black-and-white Bulbul,
yewbul1,Microtarsus urostictus,Yellow-wattled Bulbul,
gyhbul1,Microtarsus priocephalus,Grey-headed Bulbul,
blhbul1,Microtarsus melanocephalos,Black-headed Bulbul,
andbul1,Microtarsus fuscoflavescens,Andaman Bulbul,
spebul1,Rubigula erythropthalmos,Spectacled Bulbul,
gybbul1,Rubigula cyaniventris,Grey-bellied Bulbul,
scbbul1,Rubigula squamata,Scaly-breasted Bulbul,
blcbul2,Rubigula flaviventris,Black-crested Bulbul,
bkcbul1,Rubigula gularis,Flame-throated Bulbul,
bkcbul4,Rubigula montis,Bornean Bulbul,
bafbul1,Nok hualon,Bare-faced Bulbul,
crefin1,Spizixos canifrons,Crested Finchbill,
colfin1,Spizixos semitorques,Collared Finchbill,
crvbul1,Pycnonotus simplex,Cream-vented Bulbul,
olwbul1,Pycnonotus plumosus,Olive-winged Bulbul,
reebul1,Pycnonotus brunneus,Asian Red-eyed Bulbul,
asfbul1,Pycnonotus cinereifrons,Ashy-fronted Bulbul,
whbbul2,Pycnonotus luteolus,White-browed Bulbul,
ayebul1,Pycnonotus blanfordi,Ayeyarwady Bulbul,
stebul2,Pycnonotus conradi,Streak-eared Bulbul,
sttbul1,,,
flabul1,Pycnonotus flavescens,Flavescent Bulbul,
flabul3,Pycnonotus leucops,Pale-faced Bulbul,
yetbul1,Pycnonotus xantholaemus,Yellow-throated Bulbul,
yeebul1,Pycnonotus penicillatus,Yellow-eared Bulbul,
brbbul1,Pycnonotus xanthorrhous,Brown-breasted Bulbul,
livbul1,Pycnonotus sinensis,Light-vented Bulbul,
stybul1,Pycnonotus taivanus,Styan's Bulbul,
rewbul,Pycnonotus jocosus,Red-whiskered Bulbul,RWBU
yevbul1,Pycnonotus goiavier,Yellow-vented Bulbul,
revbul,Pycnonotus cafer,Red-vented Bulbul,RVBU
sohbul1,Pycnonotus aurigaster,Sooty-headed Bulbul,
whebul1,Pycnonotus leucotis,White-eared Bulbul,
gchwar,Setophaga chrysoparia,Golden-cheeked Warbler,GCWA
btnwar,Setophaga virens,Black-throated Green Warbler,BTNW
citwar1,Myiothlypis luteoviridis,Citrine Warbler,
samwar1,Myiothlypis basilica,Santa Marta Warbler,
whswar2,Myiothlypis leucophrys,White-striped Warbler,
flawar1,Myiothlypis flaveola,Flavescent Warbler,
whbwar2,Myiothlypis leucoblephara,White-rimmed Warbler,
palwar1,Myiothlypis signata,Pale-legged Warbler,
blcwar2,Myiothlypis nigrocristata,Black-crested Warbler,
burwar1,Myiothlypis fulvicauda,Buff-rumped Warbler,BURW
rivwar1,Myiothlypis rivularis,Riverbank Warbler,
twbwar1,Myiothlypis bivittata,Two-banded Warbler,
twbwar2,,,
gobwar3,Myiothlypis chrysogaster,Cuzco Warbler,
gobwar4,Myiothlypis chlorophrys,Choco Warbler,
whlwar1,Myiothlypis conspicillata,White-lored Warbler,
gytwar1,Myiothlypis cinereicollis,Grey-throated Warbler,
gagwar2,Myiothlypis fraseri,Grey-and-gold Warbler,
rucwar1,Myiothlypis coronata,Russet-crowned Warbler,
fatwar,Basileuterus lachrymosus,Fan-tailed Warbler,FTWA
rucwar,Basileuterus rufifrons,Rufous-capped Warbler,RCWA
rucwar4,Basileuterus delattrii,Chestnut-capped Warbler,CCAW
blcwar1,Basileuterus melanogenys,Black-cheeked Warbler,BCWA
pirwar1,Basileuterus ignotus,Pirre Warbler,PIRW
gobwar1,Basileuterus belli,Golden-browed Warbler,GBWA
gcrwar,Basileuterus culicivorus,Golden-crowned Warbler,GCRW
thswar5,Basileuterus melanotis,Black-eared Warbler,CRWA
thswar9,Basileuterus tacarcunae,Tacarcuna Warbler,TAWA
thbwar2,Basileuterus trifasciatus,Three-banded Warbler,
thswar2,Basileuterus punctipectus,Yungas Warbler,
thswar1,Basileuterus tristriatus,Three-striped Warbler,
canwar,Cardellina canadensis,Canada Warbler,CAWA
wlswar,Cardellina pusilla,Wilson's Warbler,WIWA
refwar,Cardellina rubrifrons,Red-faced Warbler,RFWA
redwar1,Cardellina rubra,Red Warbler,REWA
pihwar1,Cardellina versicolor,Pink-headed Warbler,PHWA
paired,Myioborus pictus,Painted Whitestart,PARE
sltred,Myioborus miniatus,Slate-throated Whitestart,STRE
brcred1,Myioborus brunniceps,Brown-capped Whitestart,
yecred1,Myioborus flavivertex,Yellow-crowned Whitestart,
whfred2,Myioborus albifrons,White-fronted Whitestart,
gofred1,Myioborus ornatus,Golden-fronted Whitestart,
spered1,Myioborus melanocephalus,Spectacled Whitestart,
colred1,Myioborus torquatus,Collared Whitestart,COLR
parred1,Myioborus pariae,Paria Whitestart,
tepred1,Myioborus castaneocapilla,Tepui Whitestart,
duftan1,Mitrospingus cassinii,Dusky-faced Tanager,DFTA
olbtan1,Mitrospingus oleagineus,Olive-backed Tanager,
olgtan1,Orthogonys chloricterus,Olive-green Tanager,
rbptan1,Lamprospiza melanoleuca,Red-billed Pied Tanager,
flctan,Piranga bidentata,Flame-colored Tanager,FCTA
heptan2,,,
heptan,Piranga flava,Hepatic Tanager,HETA
sumtan,Piranga rubra,Summer Tanager,SUTA
rottan1,Piranga roseogularis,Rose-throated Tanager,RTTA
scatan,Piranga olivacea,Scarlet Tanager,SCTA
westan,Piranga ludoviciana,Western Tanager,WETA
whwtan1,Piranga leucoptera,White-winged Tanager,WWTA
rehtan1,Piranga erythrocephala,Red-headed Tanager,RHTA
rehtan2,Piranga rubriceps,Red-hooded Tanager,
rcatan1,Habia rubica,Red-crowned Ant Tanager,RCAT
rtatan1,Driophlox fuscicauda,Red-throated Ant Tanager,RTAT
bcatan1,Driophlox atrimaxillaris,Black-cheeked Ant Tanager,BCAT
soatan1,Driophlox gutturalis,Sooty Ant Tanager,
cratan1,Driophlox cristata,Crested Ant Tanager,
olitan1,Chlorothraupis carmioli,Carmiol's Tanager,CATA
cartan2,Chlorothraupis frenata,Yellow-lored Tanager,
lestan,Chlorothraupis olivacea,Lemon-spectacled Tanager,LSTA
ocbtan1,Chlorothraupis stolzmanni,Ochre-breasted Tanager,
yelgro,Pheucticus chrysopeplus,Yellow Grosbeak,YEGR
bltgro1,Pheucticus tibialis,Black-thighed Grosbeak,BTGG
gobgro1,Pheucticus chrysogaster,Golden Grosbeak,
blbgro2,Pheucticus aureoventris,Black-backed Grosbeak,
robgro,Pheucticus ludovicianus,Rose-breasted Grosbeak,RBGR
bkhgro,Pheucticus melanocephalus,Black-headed Grosbeak,BHGR
rebcha1,Granatellus venustus,Red-breasted Chat,RBRC
grtcha1,Granatellus sallaei,Grey-throated Chat,GTCH
robcha1,Granatellus pelzelni,Rose-breasted Chat,
norcar,Cardinalis cardinalis,Northern Cardinal,NOCA
vercar1,Cardinalis phoeniceus,Vermilion Cardinal,
pyrrhu,Cardinalis sinuatus,Pyrrhuloxia,PYRR
blfgro1,Caryothraustes poliogaster,Black-faced Grosbeak,BFAG
yeggro1,Caryothraustes canadensis,Yellow-green Grosbeak,YGGR
crcgro,Periporphyrus celaeno,Crimson-collared Grosbeak,CCGR
rabgro1,Periporphyrus erythromelas,Red-and-black Grosbeak,
blusee1,Amaurospiza concolor,Blue Seedeater,BLSE
blusee4,Amaurospiza aequatorialis,Ecuadorian Seedeater,
blbsee3,Amaurospiza moesta,Blackish-blue Seedeater,
dickci,Spiza americana,Dickcissel,DICK
glbgro1,Cyanoloxia glaucocaerulea,Glaucous-blue Grosbeak,
bubgro1,Cyanoloxia cyanoides,Blue-black Grosbeak,BGRO
bubgro2,Cyanoloxia rothschildii,Amazonian Grosbeak,
ultgro1,Cyanoloxia brissonii,Ultramarine Grosbeak,
blubun,Cyanocompsa parellina,Blue Bunting,BLBU
blugrb1,Passerina caerulea,Blue Grosbeak,BLGR
indbun,Passerina cyanea,Indigo Bunting,INBU
lazbun,Passerina amoena,Lazuli Bunting,LAZB
varbun,Passerina versicolor,Varied Bunting,VABU
paibun,Passerina ciris,Painted Bunting,PABU
robbun1,Passerina rositae,Rose-bellied Bunting,RBBU
orbbun1,Passerina leclancherii,Orange-breasted Bunting,OBBU
plushc1,Catamblyrhynchus diadema,Plushcap,
cocfin2,Charitospiza eucosma,Coal-crested Finch,
brotan1,Orchesticus abeillei,Brown Tanager,
yesgro2,Parkerthraustes humeralis,Yellow-shouldered Grosbeak,
hootan1,Nemosia pileata,Hooded Tanager,
chttan1,Nemosia rourei,Cherry-throated Tanager,
blbtan2,Cyanicterus cyanicterus,Blue-backed Tanager,
whctan1,Sericossypha albocristata,White-capped Tanager,
scttan1,Compsothraupis loricata,Scarlet-throated Tanager,
blmfin1,Coryphaspiza melanotis,Black-masked Finch,
grpfin1,Embernagra platensis,Pampa Finch,
ptpfin1,Embernagra longicauda,Serra Finch,
lesgrf1,Emberizoides ypiranganus,Lesser Grass Finch,
wtgfin1,Emberizoides herbicola,Wedge-tailed Grass Finch,WTGF
grifin1,Incaspiza pulchra,Great Inca Finch,
rbifin1,Incaspiza personata,Rufous-backed Inca Finch,
gywinf1,Incaspiza ortizi,Grey-winged Inca Finch,
bbifin1,Incaspiza laeta,Buff-bridled Inca Finch,
liifin1,Incaspiza watkinsi,Little Inca Finch,
mosfin1,Rhopospina fruticeti,Mourning Sierra Finch,
blufin1,Rhopospina caerulescens,Blue Finch,
btsfin1,Rhopospina alaudina,Band-tailed Sierra Finch,
casfin1,Rhopospina carbonaria,Carbonated Sierra Finch,
grehon1,Chlorophanes spiza,Green Honeycreeper,GRHO
gochon2,Iridophanes pulcherrimus,Golden-collared Honeycreeper,
sawtan1,Chrysothlypis salmoni,Scarlet-and-white Tanager,
baytan2,Chrysothlypis chrysomelas,Black-and-yellow Tanager,BAYT
surtan1,Heterospingus rubrifrons,Sulphur-rumped Tanager,SURT
scbtan2,Heterospingus xanthopygius,Scarlet-browed Tanager,SBTA
yebtan1,Hemithraupis flavicollis,Yellow-backed Tanager,YBTA
guitan1,Hemithraupis guira,Guira Tanager,
ruhtan1,Hemithraupis ruficapilla,Rufous-headed Tanager,
swatan1,Tersina viridis,Swallow Tanager,SWTA
purhon1,Cyanerpes caeruleus,Purple Honeycreeper,PUHO
relhon1,Cyanerpes cyaneus,Red-legged Honeycreeper,RLHO
shbhon2,Cyanerpes nitidus,Short-billed Honeycreeper,
shihon1,Cyanerpes lucidus,Shining Honeycreeper,SHHO
scbdac1,Dacnis berlepschi,Scarlet-breasted Dacnis,
sctdac1,Dacnis venusta,Scarlet-thighed Dacnis,STDA
bludac1,Dacnis cayana,Blue Dacnis,BLDA
bagtan2,Bangsia melanochlamys,Black-and-gold Tanager,
gycfin1,Lophospingus griseocristatus,Grey-crested Finch,
blcfin1,Lophospingus pusillus,Black-crested Finch,
whbtan1,Neothraupis fasciata,Shrike-like Tanager,
codfin1,Diuca diuca,Diuca Finch,
yelcar1,Gubernatrix cristata,Yellow Cardinal,
diatan1,Stephanophorus diadematus,Diademed Tanager,
magtan2,Cissopis leverianus,Magpie Tanager,
blftan1,Schistochlamys melanopis,Black-faced Tanager,
cintan1,Schistochlamys ruficapillus,Cinnamon Tanager,
reccar,Paroaria coronata,Red-crested Cardinal,RCCA
reccar2,Paroaria dominicana,Red-cowled Cardinal,
crfcar1,Paroaria baeri,Crimson-fronted Cardinal,
yebcar,Paroaria capitata,Yellow-billed Cardinal,YBCA
reccar3,Paroaria nigrogenis,Masked Cardinal,
reccar4,Paroaria gularis,Red-capped Cardinal,
dottan1,Ixothraupis varia,Dotted Tanager,
ruttan1,Ixothraupis rufigula,Rufous-throated Tanager,
spotan1,Ixothraupis punctata,Spotted Tanager,
spetan1,Ixothraupis guttata,Speckled Tanager,SPTA
yebtan2,Ixothraupis xanthogastra,Yellow-bellied Tanager,
gontan1,Chalcothraupis ruficervix,Golden-naped Tanager,
azrtan1,Poecilostreptus cabanisi,Azure-rumped Tanager,ARTA
gagtan1,Poecilostreptus palmeri,Grey-and-gold Tanager,GAGT
bugtan,Thraupis episcopus,Blue-grey Tanager,BGTA
saytan1,Thraupis sayaca,Sayaca Tanager,
glatan1,Thraupis glaucocolpa,Glaucous Tanager,
azstan1,Thraupis cyanoptera,Azure-shouldered Tanager,
yewtan1,Thraupis abbas,Yellow-winged Tanager,YWTA
goctan2,Thraupis ornata,Golden-chevroned Tanager,
paltan1,Thraupis palmarum,Palm Tanager,PATA
blhtan1,Stilpnia cyanoptera,Black-headed Tanager,
siltan1,Stilpnia viridicollis,Silver-backed Tanager,
gnttan1,Stilpnia argyrofenges,Straw-backed Tanager,
blctan1,Stilpnia heinei,Black-capped Tanager,
gohtan1,Stilpnia larvata,Golden-hooded Tanager,GHOT
blntan1,Stilpnia cyanicollis,Blue-necked Tanager,
mastan1,Stilpnia nigrocincta,Masked Tanager,
blbtan1,Stilpnia peruviana,Black-backed Tanager,
chbtan1,Stilpnia preciosa,Chestnut-backed Tanager,
scrtan1,Stilpnia vitriolina,Scrub Tanager,
bubtan2,Stilpnia cayana,Burnished-buff Tanager,
babtan1,Tangara vassorii,Blue-and-black Tanager,
bestan1,Tangara nigroviridis,Beryl-spangled Tanager,
spctan1,Tangara dowii,Spangle-cheeked Tanager,SCHT
blbtan3,Tangara cyanotis,Blue-browed Tanager,
megtan1,Tangara labradorides,Metallic-green Tanager,
bahtan1,Tangara gyrola,Bay-headed Tanager,BHTA
ruwtan1,Tangara lavinia,Rufous-winged Tanager,RWTA
goetan1,Tangara chrysotis,Golden-eared Tanager,
sactan1,Tangara xanthocephala,Saffron-crowned Tanager,
flftan1,Tangara parzudakii,Flame-faced Tanager,
blwtan1,Tangara johannae,Blue-whiskered Tanager,
gagtan2,Tangara schrankii,Green-and-gold Tanager,
goltan1,Tangara arthus,Golden Tanager,
emetan1,Tangara florida,Emerald Tanager,EMTA
sittan1,Tangara icterocephala,Silver-throated Tanager,STTA
sectan1,Tangara fastuosa,Seven-colored Tanager,
grhtan2,Tangara seledon,Green-headed Tanager,
rentan1,Tangara cyanocephala,Red-necked Tanager,
brbtan1,Tangara desmaresti,Brassy-breasted Tanager,
gietan1,Tangara cyanoventris,Gilt-edged Tanager,
plctan1,Tangara inornata,Plain-colored Tanager,PCTA
turtan1,Tangara mexicana,Turquoise Tanager,
partan1,Tangara chilensis,Paradise Tanager,
opctan1,Tangara callophrys,Opal-crowned Tanager,
oprtan1,Tangara velia,Opal-rumped Tanager,
ibesee1,Sporophila iberaensis,Ibera Seedeater,
piecro1,Corvus albus,Pied Crow,
wiltit1,Poecile montanus,Willow Tit,
combul2,Pycnonotus barbatus,Common Bulbul,
scbcup3,Pnoepyga albiventer,Scaly-breasted Cupwing,
slbtes1,Tesia olivea,Slaty-bellied Tesia,
pfbwar1,Hemitesia pallidipes,Pale-footed Bush Warbler,
webwar1,Phylloscopus bonelli,Western Bonelli's Warbler,
humwar1,Phylloscopus humei,Hume's Leaf Warbler,
savwar1,Locustella luscinioides,Savi's Warbler,
blackc1,Sylvia atricapilla,Eurasian Blackcap,EUBC
grewhi1,Curruca communis,Common Whitethroat,
cacwre,Campylorhynchus brunneicapillus,Cactus Wren,CACW
sohwre1,Pheugopedius spadix,Sooty-headed Wren,SHEW
blbwre1,Pheugopedius fasciatoventris,Black-bellied Wren,BBEW
pltwre1,Pheugopedius euophrys,Plain-tailed Wren,
shttre1,Certhia brachydactyla,Short-toed Treecreeper,
woothr,Hylocichla mustelina,Wood Thrush,WOTH
spnthr1,Catharus dryas,Yellow-throated Nightingale-Thrush,YTNT
sponit2,Catharus maculatus,Speckled Nightingale-Thrush,
obnthr1,Catharus aurantiirostris,Orange-billed Nightingale-Thrush,OBNT
bhnthr1,Catharus mexicanus,Black-headed Nightingale-Thrush,BHNT
sbnthr1,Catharus fuscater,Slaty-backed Nightingale-Thrush,SBNT
swathr,Catharus ustulatus,Swainson's Thrush,SWTH
bbnthr1,Catharus gracilirostris,Black-billed Nightingale-Thrush,BBNT
herthr,Catharus guttatus,Hermit Thrush,HETH
runthr1,Catharus occidentalis,Russet Nightingale-Thrush,RUNT
rcnthr1,Catharus frantzii,Ruddy-capped Nightingale-Thrush,RCNT
gycthr,Catharus minimus,Grey-cheeked Thrush,GCTH
bicthr,Catharus bicknelli,Bicknell's Thrush,BITH
veery,Catharus fuscescens,Veery,VEER
lotthr1,Zoothera dixoni,Long-tailed Thrush,
alpthr1,Zoothera mollissima,Alpine Thrush,
himthr1,Zoothera salimalii,Himalayan Thrush,
sicthr1,Zoothera griseiceps,Sichuan Thrush,
lobthr1,Zoothera monticola,Long-billed Thrush,
dasthr1,Zoothera marginata,Dark-sided Thrush,
evethr1,Zoothera everetti,Everett's Thrush,
scathr2,Zoothera aurea,White's Thrush,WHTH
scathr8,Zoothera dauma,Scaly Thrush,
scathr4,Zoothera neilgherriensis,Nilgiri Thrush,
scathr5,Zoothera imbricata,Sri Lanka Thrush,
scathr6,Zoothera major,Amami Thrush,
sacthr2,Zoothera margaretae,Makira Thrush,
rutthr1,Zoothera heinei,Russet-tailed Thrush,
oltthr1,Zoothera lunulata,Bassian Thrush,
sibthr1,Geokichla sibirica,Siberian Thrush,
piethr1,Geokichla wardii,Pied Thrush,
grygrt1,Geokichla princei,Grey Ground Thrush,
spgthr1,Geokichla guttata,Spotted Ground Thrush,
spwthr1,Geokichla spiloptera,Spot-winged Thrush,
crgthr1,Geokichla crossleyi,Crossley's Ground Thrush,
abgthr1,Geokichla piaggiae,Abyssinian Ground Thrush,
orgthr1,Geokichla gurneyi,Orange Ground Thrush,
orbthr1,Geokichla peronii,Orange-sided Thrush,
rubthr2,Geokichla erythronota,Red-backed Thrush,
grothr1,Turdus litsitsirupa,Groundscraper Thrush,
chithr2,Turdus mupinensis,Chinese Thrush,
sonthr1,Turdus philomelos,Song Thrush,SOTH
fieldf,Turdus pilaris,Fieldfare,FIEL
eacaka1,Sheppardia gunningi,East Coast Akalat,
gabaka1,Sheppardia gabela,Gabela Akalat,
comcha,Fringilla coelebs,Eurasian Chaffinch,CCHA
blucha2,Fringilla teydea,Tenerife Blue Chaffinch,
brambl,Fringilla montifringilla,Brambling,BRAM
baygro1,Mycerobas icterioides,Black-and-yellow Grosbeak,
colgro1,Mycerobas affinis,Collared Grosbeak,
spwgro1,Mycerobas melanozanthos,Spot-winged Grosbeak,
whwgro1,Mycerobas carnipes,White-winged Grosbeak,
evegro,Coccothraustes vespertinus,,EVGR
hoogro1,Coccothraustes abeillei,,HOOG
hawfin,Coccothraustes coccothraustes,Hawfinch,HAWF
pingro,Pinicola enucleator,Pine Grosbeak,PIGR
brrbun1,Emberiza affinis,Brown-rumped Bunting,
cabbun1,Emberiza cabanisi,Cabanis's Bunting,
blhbun1,Emberiza melanocephala,Black-headed Bunting,
rehbun1,Emberiza bruniceps,Red-headed Bunting,
bkfbun1,Emberiza spodocephala,Black-faced Bunting,
leasal1,Saltator albicollis,Lesser Antillean Saltator,LASA
sibtan2,Ramphocelus carbo,Silver-beaked Tanager,
drasee1,Sporophila simplex,Drab Seedeater,
crbgna1,Polioptila lactea,Creamy-bellied Gnatcatcher,
masgna1,Polioptila dumicola,Masked Gnatcatcher,
cubgna1,Polioptila lembeyei,Cuban Gnatcatcher,CUGN
trogna2,Polioptila bilineata,White-browed Gnatcatcher,WBGN
buggna,Polioptila caerulea,Blue-grey Gnatcatcher,BGGN
bktgna,Polioptila melanura,Black-tailed Gnatcatcher,BTGN
calgna,Polioptila californica,California Gnatcatcher,CAGN
bkcgna,Polioptila nigriceps,Black-capped Gnatcatcher,BCGN
whlgna2,Polioptila albiloris,White-lored Gnatcatcher,WLGN
whcnut1,Sitta leucopsis,White-cheeked Nuthatch,
prznut1,Sitta przewalskii,Przevalski's Nuthatch,
gianut1,Sitta magna,Giant Nuthatch,
whbnut,Sitta carolinensis,White-breasted Nuthatch,WBNU
beanut1,Sitta formosa,Beautiful Nuthatch,
blunut1,Sitta azurea,Blue Nuthatch,
vefnut1,Sitta frontalis,Velvet-fronted Nuthatch,
yebnut1,Sitta solangiae,Yellow-billed Nuthatch,
subnut1,Sitta oenochlamys,Sulphur-billed Nuthatch,
pygnut,Sitta pygmaea,Pygmy Nuthatch,PYNU
bnhnut,Sitta pusilla,Brown-headed Nuthatch,BHNU
bnhnut2,Sitta insularis,Bahama Nuthatch,BANU
yunnut1,Sitta yunnanensis,Yunnan Nuthatch,
algnut1,Sitta ledanti,Algerian Nuthatch,
krunut1,Sitta krueperi,Krüper's Nuthatch,
rebnut,Sitta canadensis,Red-breasted Nuthatch,RBNU
cornut1,Sitta whiteheadi,Corsican Nuthatch,
snbnut1,Sitta villosa,Chinese Nuthatch,
rocnut1,Sitta neumayer,Western Rock Nuthatch,
pernut1,Sitta tephronota,Eastern Rock Nuthatch,
whbnut1,Sitta victoriae,White-browed Nuthatch,
whtnut1,Sitta himalayensis,White-tailed Nuthatch,
eurnut2,Sitta europaea,Eurasian Nuthatch,
chvnut1,Sitta nagaensis,Chestnut-vented Nuthatch,
chbnut2,Sitta castanea,Indian Nuthatch,
chbnut3,Sitta cinnamoventris,Chestnut-bellied Nuthatch,
chbnut4,Sitta neglecta,Burmese Nuthatch,
wallcr1,Tichodroma muraria,Wallcreeper,
eurtre1,Certhia familiaris,Eurasian Treecreeper,
eurtre3,Certhia hodgsoni,Hodgson's Treecreeper,
brncre,Certhia americana,Brown Creeper,BRCR
battre1,Certhia himalayana,Bar-tailed Treecreeper,
ruftre4,Certhia nipalensis,Rusty-flanked Treecreeper,
bnttre1,Certhia discolor,Sikkim Treecreeper,
bnttre2,Certhia manipurensis,Hume's Treecreeper,
sictre1,Certhia tianquanensis,Sichuan Treecreeper,
spocre3,Salpornis spilonota,Indian Spotted Creeper,
spocre2,Salpornis salvadori,African Spotted Creeper,
grycat,Dumetella carolinensis,Grey Catbird,GRCA
blacat1,Melanoptila glabrirostris,Black Catbird,BLCA
normoc,Mimus polyglottos,Northern Mockingbird,NOMO
tromoc,Mimus gilvus,Tropical Mockingbird,TRMO
bahmoc,Mimus gundlachii,Bahama Mockingbird,BAMO
chimoc1,Mimus thenca,Chilean Mockingbird,
lotmoc1,Mimus longicaudatus,Long-tailed Mockingbird,
chbmoc1,Mimus saturninus,Chalk-browed Mockingbird,
patmoc1,Mimus patagonicus,Patagonian Mockingbird,
whbmoc1,Mimus triurus,White-banded Mockingbird,
brbmoc1,Mimus dorsalis,Brown-backed Mockingbird,
galmoc1,Mimus parvulus,Galapagos Mockingbird,
hoomoc1,Mimus macdonaldi,Espanola Mockingbird,
chamoc2,Mimus melanotis,San Cristobal Mockingbird,
socmoc1,Mimus graysoni,Socorro Mockingbird,SOMO
sagthr,Oreoscoptes montanus,Sage Thrasher,SATH
brnthr,Toxostoma rufum,Brown Thrasher,BRTH
lobthr,Toxostoma longirostre,Long-billed Thrasher,LBTH
grathr1,Toxostoma cinereum,Grey Thrasher,GRAT
benthr,Toxostoma bendirei,Bendire's Thrasher,BETH
ocethr1,Toxostoma ocellatum,Ocellated Thrasher,OCTH
cubthr,Toxostoma curvirostre,Curve-billed Thrasher,CBTH
calthr,Toxostoma redivivum,California Thrasher,CATH
crithr,Toxostoma crissale,Crissal Thrasher,CRTH
lecthr,Toxostoma lecontei,LeConte's Thrasher,LCTH
blumoc,Melanotis caerulescens,Blue Mockingbird,BLMO
bawmoc1,Melanotis hypoleucus,Blue-and-white Mockingbird,BAWM
scbthr,Allenia fusca,Scaly-breasted Thrasher,SBTH
peethr1,Margarops fuscatus,Pearly-eyed Thrasher,PETH
brotre1,Cinclocerthia ruficauda,Brown Trembler,BRTR
metsta1,Aplonis metallica,Metallic Starling,
sinsta1,Aplonis cantoroides,Singing Starling,
tansta1,Aplonis crassa,Tanimbar Starling,
atosta1,Aplonis feadensis,Atoll Starling,
rensta1,Aplonis insularis,Rennell Starling,
lotsta1,Aplonis magna,Long-tailed Starling,
whesta2,Aplonis brunneicapillus,White-eyed Starling,
brwsta1,Aplonis grandis,Brown-winged Starling,
sacsta1,Aplonis dichroa,Makira Starling,
ruwsta1,Aplonis zelandica,Rusty-winged Starling,
strsta1,Aplonis striata,Striated Starling,
asgsta1,Aplonis panayensis,Asian Glossy Starling,
molsta1,Aplonis mysolensis,Moluccan Starling,
shtsta1,Aplonis minor,Short-tailed Starling,
micsta1,Aplonis opaca,Micronesian Starling,
polsta1,Aplonis tabuensis,Polynesian Starling,
samsta1,Aplonis atrifusca,Samoan Starling,
rarsta1,Aplonis cinerascens,Rarotonga Starling,
yefmyn1,Mino dumontii,Yellow-faced Myna,
lotmyn1,Mino kreffti,Long-tailed Myna,
golmyn1,Mino anais,Golden Myna,
sulmyn1,Basilornis celebensis,Sulawesi Myna,
apomyn2,Goodfellowia miranda,Apo Myna,
coleto1,Sarcops calvus,Coleto,
whnmyn1,Streptocitta albicollis,White-necked Myna,
baemyn1,Streptocitta albertinae,Bare-eyed Myna,
fibmyn1,Enodes erythrophris,Fiery-browed Starling,
spwsta1,Saroglossa spilopterus,Spot-winged Starling,
gocmyn1,Ampeliceps coronatus,Golden-crested Myna,
ceymyn1,Gracula ptilogenys,Sri Lanka Hill Myna,
sohmyn1,Gracula indica,Southern Hill Myna,
whvmyn1,Acridotheres grandis,Great Myna,
cremyn,Acridotheres cristatellus,Crested Myna,
junmyn1,Acridotheres fuscus,Jungle Myna,
colmyn1,Acridotheres albocinctus,Collared Myna,
banmyn1,Acridotheres ginginianus,Bank Myna,
commyn,Acridotheres tristis,Common Myna,COMY
vibsta1,Acridotheres burmannicus,Burmese Myna,
rebsta1,Spodiopsar sericeus,Red-billed Starling,
whcsta1,Spodiopsar cineraceus,White-cheeked Starling,
bkcsta1,Gracupica nigricollis,Black-collared Starling,
blwwar1,Acrocephalus concinens,Blunt-winged Warbler,
manrew1,Acrocephalus tangorum,Manchurian Reed Warbler,
labrew1,Acrocephalus orinus,Large-billed Reed Warbler,
padwar1,Acrocephalus agricola,Paddyfield Warbler,
blrwar1,Acrocephalus dumetorum,Blyth's Reed Warbler,BREW
eurwar1,Acrocephalus scirpaceus,Common Reed Warbler,
afrwar1,,,
marwar3,Acrocephalus palustris,Marsh Warbler,
thbwar1,Arundinax aedon,Thick-billed Warbler,TBWA
afywar1,Iduna natalensis,African Yellow Warbler,
moywar1,Iduna similis,Mountain Yellow Warbler,
boowar1,Iduna caligata,Booted Warbler,
sykwar2,Iduna rama,Sykes's Warbler,
eaowar1,Iduna pallida,Eastern Olivaceous Warbler,
weowar1,Iduna opaca,Western Olivaceous Warbler,
paywar1,Calamonastides gracilirostris,Papyrus Yellow Warbler,
upcwar1,Hippolais languida,Upcher's Warbler,
oltwar1,Hippolais olivetorum,Olive-tree Warbler,
melwar1,Hippolais polyglotta,Melodious Warbler,
ictwar1,Hippolais icterina,Icterine Warbler,ICWA
simgrw1,Robsonius thompsoni,Sierra Madre Ground Warbler,
gybbab2,Robsonius sorsogonensis,Bicol Ground Warbler,
grgwar1,Helopsaltes fasciolatus,Gray's Grasshopper Warbler,
sakwar1,Helopsaltes amnicola,Sakhalin Grasshopper Warbler,
margra1,Helopsaltes pryeri,Marsh Grassbird,
pagwar1,Helopsaltes certhiola,Pallas's Grasshopper Warbler,PGWA
migwar,Helopsaltes ochotensis,Middendorff's Grasshopper Warbler,MGRW
plewar1,Helopsaltes pleskei,Styan's Grasshopper Warbler,
lanwar,Locustella lanceolata,Lanceolated Warbler,LANW
baswar1,Locustella alfredi,Bamboo Warbler,
eurwar2,Locustella fluviatilis,River Warbler,RIWA
brbwar2,Locustella luteoventris,Brown Bush Warbler,
cogwar1,Locustella naevia,Common Grasshopper Warbler,
chbwar1,Locustella tacsanowskia,Chinese Bush Warbler,
frbwar1,Locustella accentor,Friendly Bush Warbler,
ltbwar1,Locustella caudata,Long-tailed Bush Warbler,
cbbwar2,Locustella castanea,Sulawesi Bush Warbler,
cbbwar4,Locustella musculus,Seram Bush Warbler,
talgrw1,Locustella portenta,Taliabu Bush Warbler,
cbbwar3,Locustella disturbans,Buru Bush Warbler,
spobuw1,Locustella davidi,Baikal Bush Warbler,
spobuw2,Locustella kashmirensis,West Himalayan Bush Warbler,
spobuw3,Locustella thoracica,Spotted Bush Warbler,
taibuw1,Locustella alishanensis,Taiwan Bush Warbler,
rubwar1,Locustella mandelli,Russet Bush Warbler,
dabwar1,Locustella idonea,Dalat Bush Warbler,
jabwar1,Locustella montis,Javan Bush Warbler,
sicbuw1,Locustella chengi,Sichuan Bush Warbler,
benbuw1,Locustella seebohmi,Benguet Bush Warbler,
flrgra1,Poodytes albolimbatus,Fly River Grassbird,
spibir1,Poodytes carteri,Spinifexbird,
fernbi1,Poodytes punctatus,New Zealand Fernbird,
litgra1,Poodytes gramineus,Little Grassbird,
malia1,Malia grata,Malia,
broson1,Cincloramphus cruralis,Brown Songlark,
bubbus1,Cincloramphus bivittatus,Buff-banded Thicketbird,
rufson1,Cincloramphus mathewsi,Rufous Songlark,
tawgra2,Cincloramphus macrurus,Papuan Grassbird,
tawgra3,Cincloramphus timoriensis,Tawny Grassbird,
guathi2,Cincloramphus whitneyi,Santo Thicketbird,
necgra1,Cincloramphus mariae,New Caledonian Thicketbird,
lolwar1,Cincloramphus rufus,Long-legged Thicketbird,
strgra1,Megalurus palustris,Striated Grassbird,
ceybuw1,Elaphrornis palliseri,Sri Lanka Bush Warbler,
brtgra2,Schoenicola platyurus,Broad-tailed Grassbird,
brigra2,Schoenicola striatus,Bristled Grassbird,
fatgra1,Catriscus brevirostris,Fan-tailed Grassbird,
knswar1,Bradypterus sylvaticus,Knysna Warbler,
banscw1,Bradypterus bangwaensis,Bangwa Forest Warbler,
afswar1,Bradypterus barratti,Barratt's Warbler,
camscw1,Bradypterus lopezi,Evergreen Forest Warbler,
olbsun4,Cinnyris ornatus,Ornate Sunbird,
apbsun2,Cinnyris buettikoferi,Apricot-breasted Sunbird,
flbsun2,Cinnyris solaris,Flame-breasted Sunbird,
sousun2,Cinnyris sovimanga,Souimanga Sunbird,
madsun1,Cinnyris notatus,Malagasy Green Sunbird,
seysun2,Cinnyris dussumieri,Seychelles Sunbird,
humsun2,Cinnyris humbloti,Humblot's Sunbird,
anjsun2,Cinnyris comorensis,Anjouan Sunbird,
maysun2,Cinnyris coquerellii,Mayotte Sunbird,
lobsun2,Cinnyris lotenius,Loten's Sunbird,
gyhsun2,Aethopyga primigenia,Grey-hooded Sunbird,
moasun1,Aethopyga boltoni,Apo Sunbird,
linsun1,Aethopyga linaraborae,Lina's Sunbird,
mansun1,Aethopyga guimarasensis,Maroon-naped Sunbird,
mewsun2,,,
mousun1,,,
bohsun1,,,
elesun1,Aethopyga duyvenbodei,Elegant Sunbird,
lovsun1,Aethopyga shelleyi,Lovely Sunbird,
hansun1,Aethopyga bella,Handsome Sunbird,
gousun1,Aethopyga gouldiae,Mrs. Gould's Sunbird,
grtsun1,Aethopyga nipalensis,Green-tailed Sunbird,
fotsun1,Aethopyga christinae,Fork-tailed Sunbird,
bltsun1,Aethopyga saturata,Black-throated Sunbird,
eacsun1,Aethopyga siparaja,Crimson Sunbird,
magsun1,Aethopyga magnifica,Magnificent Sunbird,
wecsun1,Aethopyga vigorsii,Vigors's Sunbird,
scasun1,Aethopyga mystacalis,Javan Sunbird,
temsun1,Aethopyga temminckii,Temminck's Sunbird,
fitsun1,Aethopyga ignicauda,Fire-tailed Sunbird,
punsun1,Kurochkinegramma hypogrammicum,Purple-naped Spiderhunter,
litspi1,Arachnothera longirostra,Little Spiderhunter,
ortspi1,Arachnothera flammifera,Orange-tufted Spiderhunter,
palspi2,Arachnothera dilutior,Pale Spiderhunter,
thbspi1,Arachnothera crassirostris,Thick-billed Spiderhunter,
lobspi1,Arachnothera robusta,Long-billed Spiderhunter,
spespi2,Arachnothera flavigaster,Spectacled Spiderhunter,
yeespi1,Arachnothera chrysogenys,Yellow-eared Spiderhunter,
nafspi1,Arachnothera clarae,Naked-faced Spiderhunter,
gybspi2,Arachnothera modesta,Grey-breasted Spiderhunter,
stbspi2,Arachnothera affinis,Streaky-breasted Spiderhunter,
borspi1,Arachnothera everetti,Bornean Spiderhunter,
strspi1,Arachnothera magna,Streaked Spiderhunter,
whispi1,Arachnothera juliae,Whitehead's Spiderhunter,
cinwhe1,Hypocryptadius cinnamomeus,Cinnamon Ibon,
palroc1,Carpospiza brachydactyla,Pale Rockfinch,
rocpet1,Petronia petronia,Rock Sparrow,
whrsno1,Onychostruthus taczanowskii,White-rumped Snowfinch,
tibsno2,Montifringilla henrici,Tibetan Snowfinch,
whwsno1,Montifringilla nivalis,White-winged Snowfinch,
blwsno1,Montifringilla adamsi,Black-winged Snowfinch,
runsno1,Pyrgilauda ruficollis,Rufous-necked Snowfinch,
pedsno1,Pyrgilauda davidiana,Pere David's Snowfinch,
blasno1,Pyrgilauda blanfordi,Blanford's Snowfinch,
yespet1,Gymnoris pyrgita,Yellow-spotted Bush Sparrow,
yetpet1,Gymnoris superciliaris,Yellow-throated Bush Sparrow,
buspet1,Gymnoris dentata,Sahel Bush Sparrow,
chspet1,Gymnoris xanthocollis,Yellow-throated Sparrow,
capspa1,Passer melanurus,Cape Sparrow,
chespa1,Passer eminibey,Chestnut Sparrow,
shrspa1,Passer shelleyi,Shelley's Sparrow,
kerspa2,Passer rufocinctus,Kenya Sparrow,
grrspa1,Passer motitensis,Great Sparrow,
gyhspa1,Passer griseus,Northern Grey-headed Sparrow,
swaspa2,Passer swainsonii,Swainson's Sparrow,
swaspa1,Passer suahelicus,Swahili Sparrow,
pabspa1,Passer gongonensis,Parrot-billed Sparrow,
sghspa2,Passer diffusus,Southern Grey-headed Sparrow,
sinspa1,Passer pyrrhonotus,Sind Sparrow,
russpa2,Passer cinnamomeus,Russet Sparrow,
eutspa,Passer montanus,Eurasian Tree Sparrow,ETSP
saxspa1,Passer ammodendri,Saxaul Sparrow,
plbspa1,Passer flaveolus,Plain-backed Sparrow,
socspa1,Passer insularis,Socotra Sparrow,
spaspa1,Passer hispaniolensis,Spanish Sparrow,
itaspa1,Passer italiae,Italian Sparrow,
houspa,Passer domesticus,House Sparrow,HOSP
somspa1,Passer castanopterus,Somali Sparrow,
cavspa1,Passer iagoensis,Iago Sparrow,
desspa3,Passer simplex,Desert Sparrow,
argspa2,Passer euchlorus,Arabian Golden Sparrow,
sugspa1,Passer luteus,Sudan Golden Sparrow,
desspa1,Passer moabiticus,Dead Sea Sparrow,
wbbwea1,Bubalornis albirostris,White-billed Buffalo Weaver,
rbbwea1,Bubalornis niger,Red-billed Buffalo Weaver,
whbwea1,Dinemellia dinemelli,White-headed Buffalo Weaver,
wbswea1,Plocepasser mahali,White-browed Sparrow-Weaver,
ccswea1,Plocepasser superciliosus,Chestnut-crowned Sparrow-Weaver,
dsswea1,Plocepasser donaldsoni,Donaldson Smith's Sparrow-Weaver,
cbswea1,Plocepasser rufoscapulatus,Chestnut-backed Sparrow-Weaver,
rutwea1,Histurgops ruficauda,Rufous-tailed Weaver,
gyhsow1,Pseudonigrita arnaudi,Grey-capped Social Weaver,
bcswea1,Pseudonigrita cabanisi,Black-capped Social Weaver,
socwea1,Philetairus socius,Sociable Weaver,
scawea1,Sporopipes squamifrons,Scaly-feathered Weaver,
spfwea1,Sporopipes frontalis,Speckle-fronted Weaver,
growea1,Amblyospiza albifrons,Thick-billed Weaver,
bagwea1,Ploceus baglafecht,Baglafecht Weaver,
banwea1,Ploceus bannermani,Bannerman's Weaver,
berwea2,Ploceus bertrandi,Bertram's Weaver,
slbwea1,Ploceus pelzelni,Slender-billed Weaver,
litwea1,Ploceus luteolus,Little Weaver,
spewea1,Ploceus ocularis,Spectacled Weaver,
bknwea2,Ploceus nigricollis,Black-necked Weaver,
strwea1,Ploceus alienus,Strange Weaver,
blbwea1,Ploceus melanogaster,Black-billed Weaver,
capwea1,Ploceus capensis,Cape Weaver,
bocwea1,Ploceus temporalis,Bocage's Weaver,
afgwea1,Ploceus subaureus,Eastern Golden Weaver,
hogwea1,Ploceus xanthops,Holub's Golden Weaver,
orawea1,Ploceus aurantius,Orange Weaver,
hemwea1,Ploceus heuglini,Heuglin's Masked Weaver,
gopwea1,Ploceus bojeri,Golden Palm Weaver,
tagwea1,Ploceus castaneiceps,Taveta Weaver,
sbtwea1,Ploceus xanthopterus,Southern Brown-throated Weaver,
kilwea1,Ploceus burnieri,Kilombero Weaver,
ruewea1,Ploceus galbula,Rüppell's Weaver,
lesmaw1,Ploceus intermedius,Lesser Masked Weaver,
afmwea,Ploceus velatus,Southern Masked Weaver,
kamwea1,Ploceus katangae,Katanga Masked Weaver,
vimwea1,Ploceus vitellinus,Vitelline Masked Weaver,
spewea2,Ploceus spekei,Speke's Weaver,
vilwea1,Ploceus cucullatus,Village Weaver,VIWE
viewea3,Ploceus nigerrimus,Vieillot's Black Weaver,
blhwea1,Ploceus melanocephalus,Black-headed Weaver,
gobwea1,Ploceus jacksoni,Golden-backed Weaver,
cinwea1,Ploceus badius,Cinnamon Weaver,
chewea1,Ploceus rubiginosus,Chestnut Weaver,
yemwea1,Ploceus tricolor,Yellow-mantled Weaver,
nelwea1,Ploceus nelicourvi,Nelicourvi Weaver,
sakwea1,Ploceus sakalava,Sakalava Weaver,
asgwea2,Ploceus hypoxanthus,Asian Golden Weaver,
comwea1,Pachyphantes superciliosus,Compact Weaver,
strwea2,Ploceus manyar,Streaked Weaver,
baywea1,Ploceus philippinus,Baya Weaver,
forwea1,Ploceus bicolor,Dark-backed Weaver,
usawea1,Ploceus nicolli,Usambara Weaver,
brcwea1,Ploceus insignis,Brown-capped Weaver,
bawwea1,Ploceus angolensis,Bar-winged Weaver,
recmal2,Malimbus coronatus,Red-crowned Malimbe,
bltmal1,Malimbus cassini,Cassin's Malimbe,
balmal2,Malimbus ballmanni,Gola Malimbe,
revmal1,Malimbus scutatus,Red-vented Malimbe,
gramal1,Malimbus nitens,Blue-billed Malimbe,
rehmal1,Malimbus rubricollis,Red-headed Malimbe,
cremal1,Malimbus malimbicus,Crested Malimbe,
rehwea1,Anaplectes rubriceps,Red-headed Weaver,
carque1,Quelea cardinalis,Cardinal Quelea,
rehque1,Quelea erythrops,Red-headed Quelea,
rebque1,Quelea quelea,Red-billed Quelea,
redfod1,Foudia madagascariensis,Red Fody,
rehfod1,Foudia eminentissima,Comoro Fody,
forfod1,Foudia omissa,Forest Fody,
maufod1,Foudia rubra,Mauritius Fody,
seyfod1,Foudia sechellarum,Seychelles Fody,
rodfod1,Foudia flavicans,Rodrigues Fody,
yecbis,Euplectes afer,Yellow-crowned Bishop,YCBI
blabis1,Euplectes gierowii,Black Bishop,
zanbis1,Euplectes nigroventris,Zanzibar Red Bishop,
blwbis1,Euplectes hordeaceus,Black-winged Red Bishop,
redbis,Euplectes orix,Southern Red Bishop,
orabis1,Euplectes franciscanus,Northern Red Bishop,NRBI
yelbis1,Euplectes capensis,Yellow Bishop,
fatwid1,Euplectes axillaris,Fan-tailed Widowbird,
yeswid2,Euplectes macroura,Yellow-mantled Widowbird,
marwid1,Euplectes hartlaubi,Marsh Widowbird,
whwwid1,Euplectes albonotatus,White-winged Widowbird,
recwid3,Euplectes ardens,Red-collared Widowbird,
lotwid1,Euplectes progne,Long-tailed Widowbird,
picmun1,Heteromunia pectoralis,Pictorella Mannikin,
moufir1,Oreostruthus fuliginosus,Mountain Firetail,
diafir1,Stagonopleura guttata,Diamond Firetail,
reefir1,Stagonopleura oculata,Red-eared Firetail,
beafir1,Stagonopleura bella,Beautiful Firetail,
crifin1,Neochmia phaeton,Crimson Finch,
rebfir1,Neochmia temporalis,Red-browed Finch,
paifir1,Emblema pictum,Painted Finch,
stafin1,Emblema ruficauda,Star Finch,
plhfin1,Emblema modesta,,
dobfin1,Stizoptera bichenovii,Double-barred Finch,
lotfin1,Poephila acuticauda,Long-tailed Finch,
bltfin1,Poephila cincta,Black-throated Finch,
gyhsil1,Spermestes griseicapilla,Grey-headed Silverbill,
broman1,Spermestes cucullata,Bronze Mannikin,BRMA
magman1,Spermestes fringilloides,Magpie Mannikin,
bawman1,Spermestes bicolor,Black-and-white Mannikin,
bawman3,,,
madmun1,Lepidopygia nana,Madagascar Mannikin,
afrsil1,Euodice cantans,African Silverbill,AFSI
indsil,Euodice malabarica,Indian Silverbill,INSI
sthmun2,Mayrimunia tristissima,Streak-headed Mannikin,
nutman,Lonchura punctulata,Scaly-breasted Munia,SBMU
bltmun1,Lonchura kelaarti,Black-throated Munia,
blfmun1,Lonchura molucca,Black-faced Munia,
whrmun,Lonchura striata,White-rumped Munia,
dusmun1,Lonchura fuscans,Dusky Munia,
javmun1,Lonchura leucogastroides,Javan Munia,
trimun,Lonchura malacca,Tricolored Munia,TRMU
chemun,Lonchura atricapilla,Chestnut Munia,CHMU
whhmun1,Lonchura maja,White-headed Munia,
blbmun1,Lonchura teerinki,Black-breasted Mannikin,
snmmun1,Lonchura montana,Western Alpine Mannikin,
gybmun1,Lonchura vana,Grey-banded Mannikin,
gycmun1,Lonchura nevermanni,Grey-crowned Mannikin,
gyhmun1,Lonchura caniceps,Grey-headed Mannikin,
hoomun1,Lonchura spectabilis,Hooded Mannikin,
neimun1,Lonchura forbesi,Forbes's Mannikin,
motmun1,Lonchura hunsteini,Mottled Mannikin,
yermun1,Lonchura flaviprymna,Yellow-rumped Mannikin,
chbmun1,Lonchura castaneothorax,Chestnut-breasted Mannikin,
blamun1,Lonchura stygia,Black Mannikin,
bismun1,Lonchura melaena,Buff-bellied Mannikin,
goufin3,Chloebia gouldiae,Gouldian Finch,
tabpar1,Erythrura hyperythra,Tawny-breasted Parrotfinch,
retpar3,Erythrura psittacea,Red-throated Parrotfinch,
fijpar1,Erythrura pealii,Fiji Parrotfinch,
reepar2,Erythrura coloria,Red-eared Parrotfinch,
blfpar3,Erythrura trichroa,Blue-faced Parrotfinch,
fepoli1,Nesocharis shelleyi,Shelley's Oliveback,
yebwax2,Coccopygia quartinia,Yellow-bellied Waxbill,
swewax1,Coccopygia bocagei,Angola Waxbill,
swewax3,Coccopygia melanotis,Swee Waxbill,
grbtwi1,Mandingoa nitidula,Green Twinspot,
ducwin1,Cryptospiza jacksoni,Dusky Crimsonwing,
abcwin1,Cryptospiza salvadorii,Abyssinian Crimsonwing,
rfcwin1,Cryptospiza reichenovii,Red-faced Crimsonwing,
refant1,Parmoptila rubrifrons,Red-fronted Antpecker,
whbneg2,Nigrita fusconotus,White-breasted Nigrita,
chbneg1,Nigrita bicolor,Chestnut-breasted Nigrita,
gyhneg1,Nigrita canicapillus,Grey-headed Nigrita,
rerwax1,Brunhilda charmosyna,Black-cheeked Waxbill,
blcwax1,Brunhilda erythronotos,Black-faced Waxbill,
lavwax,Glaucestrilda caerulescens,Lavender Waxbill,LAVW
bltwax1,Glaucestrilda perreini,Grey Waxbill,
cinwax1,Glaucestrilda thomensis,Cinderella Waxbill,
blcwax2,Estrilda nonnula,Black-crowned Waxbill,
kanwax1,Estrilda kandti,Kandt's Waxbill,
orcwax,Estrilda melpoda,Orange-cheeked Waxbill,OCHW
anawax1,Estrilda poliopareia,Anambra Waxbill,
fabwax1,Estrilda paludicola,Fawn-breasted Waxbill,
comwax,Estrilda astrild,Common Waxbill,COMW
bkrwax,Estrilda troglodytes,Black-rumped Waxbill,BLRW
crrwax1,Estrilda rhodopyga,Crimson-rumped Waxbill,
arawax1,Estrilda rufibarba,Arabian Waxbill,
quailf1,Ortygospiza atricollis,Quailfinch,
locust3,Paludipasser locustella,Locust Finch,
cutthr1,Amadina fasciata,Cut-throat Finch,
rehfin1,Amadina erythrocephala,Red-headed Finch,
zebwax2,Amandava subflava,Orange-breasted Waxbill,
redava,Amandava amandava,Red Avadavat,REAV
purgre2,Granatina ianthinogaster,Purple Grenadier,
viewax1,Granatina granatina,Violet-eared Waxbill,
bubcor1,Uraeginthus angolensis,Blue Waxbill,
reccor,Uraeginthus bengalus,Red-cheeked Cordon-bleu,
blccor1,Uraeginthus cyanocephalus,Blue-capped Cordon-bleu,
grablu1,Spermophaga poliogenys,Grant's Bluebill,
wesblu1,Spermophaga haematina,Western Bluebill,
rehblu1,Spermophaga ruficapilla,Red-headed Bluebill,
lessee1,Pyrenestes minor,Lesser Seedcracker,
blbsee1,Pyrenestes ostrinus,Black-bellied Seedcracker,
grwpyt1,Pytilia melba,Green-winged Pytilia,
orwpyt1,Pytilia afra,Orange-winged Pytilia,
rewpyt1,Pytilia phoenicoptera,Red-winged Pytilia,
dybtwi1,Euschistospiza dybowskii,Dybowski's Twinspot,
dustwi1,Euschistospiza cinereovinacea,Dusky Twinspot,
pettwi1,Hypargos niveoguttatus,Red-throated Twinspot,
rebfir2,Lagonosticta senegala,Red-billed Firefinch,
afffin,Lagonosticta rubricata,African Firefinch,
jamfir1,Lagonosticta rhodopareia,Jameson's Firefinch,
malfir1,Lagonosticta virata,Mali Firefinch,
rocfir1,Lagonosticta sanguinodorsalis,Rock Firefinch,
blbfir1,Lagonosticta rara,Black-bellied Firefinch,
babfir1,Lagonosticta rufopicta,Bar-breasted Firefinch,
brnfir1,Lagonosticta nitidula,Brown Firefinch,
bkffir1,Lagonosticta larvata,Black-faced Firefinch,
vilind,Vidua chalybeata,Village Indigobird,
purind1,Vidua purpurascens,Purple Indigobird,
bakind1,Vidua larvaticola,Barka Indigobird,
varind1,Vidua funerea,Dusky Indigobird,
greind1,Vidua codringtoni,Zambezi Indigobird,
pawind1,Vidua wilsoni,Wilson's Indigobird,
jopind1,Vidua maryae,Jos Plateau Indigobird,
camind1,Vidua camerunensis,Cameroon Indigobird,
pitwhy,Vidua macroura,Pin-tailed Whydah,PTWH
stbwhy1,Vidua hypocherina,Steel-blue Whydah,
sttwhy1,Vidua fischeri,Straw-tailed Whydah,
rottan2,Rhodinocichla rosea,Rosy Thrush-tanager,ROTT
crebun1,Emberiza lathami,Crested Bunting,
slabun1,Emberiza siemsseni,Slaty Bunting,
corbun1,Emberiza calandra,Corn Bunting,
yellow2,Emberiza citrinella,Yellowhammer,
pinbun,Emberiza leucocephalos,Pine Bunting,PIBU
rocbun1,Emberiza cia,Rock Bunting,
godbun1,Emberiza godlewskii,Godlewski's Bunting,
meabun1,Emberiza cioides,Meadow Bunting,
chbbun1,Emberiza stewarti,White-capped Bunting,
gyhbun1,Emberiza buchanani,Grey-necked Bunting,
cinbun1,Emberiza cineracea,Cinereous Bunting,
ortbun1,Emberiza hortulana,Ortolan Bunting,
crebun2,Emberiza caesia,Cretzschmar's Bunting,
cirbun1,Emberiza cirlus,Cirl Bunting,
houbun2,Emberiza striolata,Striolated Bunting,
houbun3,Emberiza sahari,House Bunting,
lalbun1,Emberiza impetuani,Lark-like Bunting,
cibbun1,Emberiza tahapisi,Cinnamon-breasted Bunting,
gosbun1,Emberiza goslingi,Gosling's Bunting,
capbun1,Emberiza capensis,Cape Bunting,
tribun1,Emberiza tristrami,Tristram's Bunting,
chebun2,Emberiza fucata,Chestnut-eared Bunting,
litbun,Emberiza pusilla,Little Bunting,LIBU
yebbun1,Emberiza chrysophrys,Yellow-browed Bunting,YBWB
rusbun,Emberiza rustica,Rustic Bunting,RUBU
yetbun1,Emberiza elegans,Yellow-throated Bunting,YTBU
sombun1,Emberiza poliopleura,Somali Bunting,
gobbun1,Emberiza flaviventris,Golden-breasted Bunting,
tibbun1,Emberiza koslowi,Tibetan Bunting,
yelbun1,Emberiza sulphurata,Yellow Bunting,
grybun,Emberiza variabilis,Grey Bunting,GRBU
palbun,Emberiza pallasi,Pallas's Reed Bunting,PALB
ocrbun1,Emberiza yessoensis,Ochre-rumped Bunting,
reebun,Emberiza schoeniclus,Common Reed Bunting,REBU
garwar1,Sylvia borin,Garden Warbler,
abycat1,Sylvia galinieri,Abyssinian Catbird,
busbla1,Sylvia nigricapillus,Bush Blackcap,
afhbab1,Sylvia abyssinica,African Hill Babbler,
afhbab3,Sylvia atriceps,Rwenzori Hill Babbler,
barwar1,Curruca nisoria,Barred Warbler,
laywar2,Curruca layardi,Layard's Warbler,
banwar2,Curruca boehmi,Banded Parisoma,
ruvwar2,Curruca subcoerulea,Chestnut-vented Warbler,
smawhi1,,,
leswhi4,Curruca curruca,Lesser Whitethroat,
humwhi1,,,
brnwar1,Curruca lugens,Brown Parisoma,
yemwar1,Curruca buryi,Yemen Warbler,
reswar1,Curruca leucomelaena,Arabian Warbler,
weowar2,Curruca hortensis,Western Orphean Warbler,
eaowar2,Curruca crassirostris,Eastern Orphean Warbler,
afdwar1,Curruca deserti,African Desert Warbler,
asdwar1,Curruca nana,Asian Desert Warbler,
triwar1,Curruca deserticola,Tristram's Warbler,
menwar1,Curruca mystacea,Menetries's Warbler,
ruewar1,Curruca ruppeli,Rüppell's Warbler,
cypwar1,Curruca melanothorax,Cyprus Warbler,
sarwar1,Curruca melanocephala,Sardinian Warbler,
subwar6,Curruca iberiae,Western Subalpine Warbler,
subwar8,Curruca subalpina,Moltoni's Warbler,
easwar1,Curruca cantillans,Eastern Subalpine Warbler,
spewar2,Curruca conspicillata,Spectacled Warbler,
marwar1,Curruca sarda,Marmora's Warbler,
darwar1,Curruca undata,Dartford Warbler,
lottit1,Aegithalos caudatus,Long-tailed Tit,
lottit5,Aegithalos glaucogularis,Silver-throated Bushtit,
blttit2,Aegithalos concinnus,Black-throated Bushtit,
whttit1,Aegithalos niveogularis,White-throated Bushtit,
bkbtit3,Aegithalos iouschistos,Black-browed Bushtit,
bkbtit4,,,
bkbtit6,,,
sootit1,Aegithalos fuliginosus,Sooty Bushtit,
pygtit1,Aegithalos exilis,Pygmy Bushtit,
wbtwar1,Leptopoecile sophiae,White-browed Tit-warbler,
bushti,Psaltriparus minimus,American Bushtit,BUSH
woowar,Phylloscopus sibilatrix,Wood Warbler,WOWA
eabwar1,Phylloscopus orientalis,Eastern Bonelli's Warbler,
bubwar1,Phylloscopus pulcher,Buff-barred Warbler,
astwar2,Phylloscopus maculipennis,Ashy-throated Warbler,
yebwar3,Phylloscopus inornatus,Yellow-browed Warbler,YBWA
brlwar1,Phylloscopus subviridis,Brooks's Leaf Warbler,
chilew1,Phylloscopus yunnanensis,Chinese Leaf Warbler,
parwar1,Phylloscopus chloronotus,Lemon-rumped Warbler,
siclew1,Phylloscopus forresti,Sichuan Leaf Warbler,
ganlew1,Phylloscopus kansuensis,Gansu Leaf Warbler,
palwar5,Phylloscopus proregulus,Pallas's Leaf Warbler,PLEW
tylwar1,Phylloscopus tytleri,Tytler's Leaf Warbler,
yeswar1,Phylloscopus armandii,Yellow-streaked Warbler,
radwar1,Phylloscopus schwarzi,Radde's Warbler,
subwar2,Phylloscopus griseolus,Sulphur-bellied Warbler,
y00989,Phylloscopus affinis,Tickell's Leaf Warbler,
smowar1,Phylloscopus fuligiventer,Smoky Warbler,
duswar,Phylloscopus fuscatus,Dusky Warbler,DUWA
pllwar2,Phylloscopus neglectus,Plain Leaf Warbler,
butwar1,Phylloscopus subaffinis,Buff-throated Warbler,
wlwwar,Phylloscopus trochilus,Willow Warbler,WILW
mouchi2,Phylloscopus sindianus,Mountain Chiffchaff,
caichi1,Phylloscopus canariensis,Canary Islands Chiffchaff,
gyhcaf1,Culicicapa ceylonensis,Grey-headed Canary-flycatcher,
citcaf1,Culicicapa helianthea,Citrine Canary-flycatcher,
afbfly1,Elminia longicauda,African Blue Flycatcher,
wtbfly1,Elminia albicauda,White-tailed Blue Flycatcher,
wbcfly1,Elminia albiventris,White-bellied Crested Flycatcher,
wtcfly1,Elminia albonotata,White-tailed Crested Flycatcher,
fictit1,Cephalopyrus flammiceps,Fire-capped Tit,
yebtit3,Sylviparus modestus,Yellow-browed Tit,
sultit1,Melanochlora sultanea,Sultan Tit,
bkbtit2,Periparus rufonuchalis,Rufous-naped Tit,
ruvtit2,Periparus rubidiventris,Rufous-vented Tit,
coatit2,Periparus ater,Coal Tit,
yebtit4,Periparus venustulus,Yellow-bellied Tit,
eletit2,Periparus elegans,Elegant Tit,
paltit2,Periparus amabilis,Palawan Tit,
cretit2,Lophophanes cristatus,Crested Tit,
gyctit1,Lophophanes dichrous,Grey-crested Tit,
britit,Baeolophus wollweberi,Bridled Titmouse,BRTI
oaktit,Baeolophus inornatus,Oak Titmouse,OATI
juntit1,Baeolophus ridgwayi,Juniper Titmouse,JUTI
tuftit,Baeolophus bicolor,Tufted Titmouse,TUTI
blctit4,Baeolophus atricristatus,Black-crested Titmouse,BCTI
vartit1,Sittiparus varius,Varied Tit,
vartit4,Sittiparus owstoni,Owston's Tit,
vartit2,Sittiparus olivaceus,Iriomote Tit,
vartit3,Sittiparus castaneoventris,Chestnut-bellied Tit,
whbtit4,Poecile superciliosus,White-browed Tit,
somtit3,Poecile lugubris,Sombre Tit,
gyhchi,Poecile cinctus,Grey-headed Chickadee,GHCH
chbchi,Poecile rufescens,Chestnut-backed Chickadee,CBCH
borchi2,Poecile hudsonicus,Boreal Chickadee,BOCH
mexchi,Poecile sclateri,Mexican Chickadee,MECH
carchi,Poecile carolinensis,Carolina Chickadee,CACH
bkcchi,Poecile atricapillus,Black-capped Chickadee,BCCH
mouchi,Poecile gambeli,Mountain Chickadee,MOCH
pedtit1,Poecile davidi,Pere David's Tit,
bkbtit1,Poecile hypermelaenus,Black-bibbed Tit,
martit2,Poecile palustris,Marsh Tit,
sictit1,Poecile weigoldicus,Sichuan Tit,
castit2,Poecile hyrcanus,Caspian Tit,
afbtit2,Cyanistes teneriffae,African Blue Tit,
redwin,Turdus iliacus,Redwing,REDW
eurbla,Turdus merula,Common Blackbird,EUBB
yemthr1,Turdus menachensis,Yemen Thrush,
islthr24,Turdus niveiceps,Taiwan Thrush,
gywbla1,Turdus boulboul,Grey-winged Blackbird,
eurbla2,Turdus simillimus,Indian Blackbird,
ticthr1,Turdus unicolor,Tickell's Thrush,
blbthr2,Turdus dissimilis,Black-breasted Thrush,
japthr1,Turdus cardis,Japanese Thrush,
gybthr1,Turdus hortulorum,Grey-backed Thrush,
eyethr,Turdus obscurus,Eyebrowed Thrush,EYTH
palthr1,Turdus pallidus,Pale Thrush,
gysthr1,Turdus feae,Grey-sided Thrush,
brhthr1,Turdus chrysolaus,Brown-headed Thrush,
izuthr1,Turdus celaenops,Izu Thrush,
islthr1,,,
tibbla1,Turdus maximus,Tibetan Blackbird,
whbthr2,Turdus kessleri,White-backed Thrush,
rinouz1,Turdus torquatus,Ring Ouzel,
datthr1,Turdus atrogularis,Black-throated Thrush,
retthr1,Turdus ruficollis,Red-throated Thrush,
dusthr2,Turdus eunomus,Dusky Thrush,DUTH
dusthr1,Turdus naumanni,Naumann's Thrush,NATH
chethr1,Turdus rubrocanus,Chestnut Thrush,
whcbla1,Turdus albocinctus,White-collared Blackbird,
amerob,Turdus migratorius,American Robin,AMRO
blarob1,Turdus infuscatus,Black Thrush,BLTH
rucrob1,Turdus rufitorques,Rufous-collared Thrush,RCRO
soorob1,Turdus nigrescens,Sooty Thrush,SOOT
relthr1,Turdus plumbeus,Western Red-legged Thrush,RLTH
whcthr1,Turdus aurantius,White-chinned Thrush,WCTH
forthr1,Turdus lherminieri,Forest Thrush,FOTH
mourob1,Turdus plebejus,Mountain Thrush,MOTH
paethr1,Turdus leucops,Pale-eyed Thrush,
lasthr1,Turdus swalesi,La Selle Thrush,LSTH
chbthr2,Turdus fulviventris,Chestnut-bellied Thrush,
plbthr2,Turdus reevei,Plumbeous-backed Thrush,
chithr1,Turdus chiguanco,Chiguanco Thrush,
slathr2,Turdus nigriceps,Andean Slaty Thrush,
glbthr1,Turdus serranus,Glossy-black Thrush,
blhthr1,Turdus olivater,Black-hooded Thrush,
grethr1,Turdus fuscater,Great Thrush,
trepip,Anthus trivialis,Tree Pipit,TRPI
olbpip,Anthus hodgsoni,Olive-backed Pipit,OBPI
pecpip,Anthus gustavi,Pechora Pipit,PEPI
rospip1,Anthus roseatus,Rosy Pipit,
retpip,Anthus cervinus,Red-throated Pipit,RTPI
amepip,Anthus rubescens,American Pipit,AMPI
watpip1,Anthus spinoletta,Water Pipit,
rocpip1,Anthus petrosus,European Rock Pipit,
nilpip1,Anthus nilghiriensis,Nilgiri Pipit,
uplpip1,Anthus sylvanus,Upland Pipit,
berpip1,Anthus berthelotii,Berthelot's Pipit,
strpip1,Anthus lineiventris,Striped Pipit,
yetpip1,Anthus crenatus,African Rock Pipit,
shtpip1,Anthus brachyurus,Short-tailed Pipit,
buspip1,Anthus caffer,Bushveld Pipit,
sokpip1,Anthus sokokensis,Sokoke Pipit,
malpip1,Anthus melindae,Malindi Pipit,
yebpip2,Hemimacronyx chloris,Yellow-breasted Pipit,
alppip1,Anthus gutturalis,Alpine Pipit,
sprpip,Anthus spragueii,Sprague's Pipit,SPPI
yelpip2,Anthus chii,Yellowish Pipit,YEPI
yelpip3,Anthus peruvianus,Peruvian Pipit,
shbpip1,Anthus furcatus,Short-billed Pipit,
shbpip3,Anthus brevirostris,Puna Pipit,
chapip1,Anthus chacoensis,Pampas Pipit,
corpip1,Anthus correndera,Correndera Pipit,
ocbpip1,Anthus nattereri,Ochre-breasted Pipit,
helpip1,Anthus hellmayri,Hellmayr's Pipit,
parpip1,Anthus bogotensis,Paramo Pipit,
przros1,Urocynchramus pylzowi,Przevalski's Finch,
brobul1,Pyrrhula nipalensis,Brown Bullfinch,
rehbul1,Pyrrhula erythrocephala,Red-headed Bullfinch,
gyhbul2,Pyrrhula erythaca,Grey-headed Bullfinch,
gyhbul5,Pyrrhula owstoni,Taiwan Bullfinch,
whcbul1,Pyrrhula leucogenis,White-cheeked Bullfinch,
eurbul,Pyrrhula pyrrhula,Eurasian Bullfinch,EUBU
eurbul1,Pyrrhula murina,Azores Bullfinch,
crwfin2,Rhodopechys sanguineus,Crimson-winged Finch,
crwfin1,,,
trufin2,Bucanetes githagineus,Trumpeter Finch,
monfin2,Bucanetes mongolicus,Mongolian Finch,
spefin1,Callacanthis burtoni,Spectacled Finch,
gonfin1,Pyrrhoplectes epauletta,Golden-naped Finch,
dabros1,Procarduelis nipalensis,Dark-breasted Rosefinch,
plmfin1,Leucosticte nemoricola,Plain Mountain Finch,
bhmfin1,Leucosticte brandti,Brandt's Mountain Finch,
asrfin1,Leucosticte arctoa,Asian Rosy Finch,ASRF
gcrfin,Leucosticte tephrocotis,Grey-crowned Rosy Finch,GCRF
bkrfin,Leucosticte atrata,Black Rosy Finch,BLRF
bcrfin,Leucosticte australis,Brown-capped Rosy Finch,BCRF
comros,Carpodacus erythrinus,Common Rosefinch,CORO
scafin1,Carpodacus sipahi,Scarlet Finch,
strros1,Carpodacus rubicilloides,Streaked Rosefinch,
greros1,Carpodacus rubicilla,Great Rosefinch,
blyros1,Carpodacus grandis,Blyth's Rosefinch,
remros1,Carpodacus rhodochlamys,Red-mantled Rosefinch,
bearos1,Carpodacus pulcherrimus,Himalayan Beautiful Rosefinch,
chbros1,Carpodacus davidianus,Chinese Beautiful Rosefinch,
pirros1,Carpodacus waltoni,Pink-rumped Rosefinch,
pibros2,Carpodacus rodochroa,Pink-browed Rosefinch,
darros1,Carpodacus edwardsii,Dark-rumped Rosefinch,
spwros2,Carpodacus rodopeplus,Spot-winged Rosefinch,
spwros3,Carpodacus verreauxii,Sharpe's Rosefinch,
vinros2,Carpodacus vinaceus,Vinaceous Rosefinch,
vinros3,Carpodacus formosanus,Taiwan Rosefinch,
sinros1,Carpodacus synoicus,Sinai Rosefinch,
palros3,Carpodacus stoliczkae,Pale Rosefinch,
tibros1,Carpodacus roborowskii,Tibetan Rosefinch,
lotros1,Carpodacus sibiricus,Long-tailed Rosefinch,
palros2,Carpodacus roseus,Pallas's Rosefinch,PARO
thbros1,Carpodacus trifasciatus,Three-banded Rosefinch,
whbros1,Carpodacus thura,Himalayan White-browed Rosefinch,
cwbros1,Carpodacus dubius,Chinese White-browed Rosefinch,
refros1,Carpodacus puniceus,Red-fronted Rosefinch,
crbfin3,Carpodacus subhimachalus,Crimson-browed Finch,
mauala,Paroreomyza montana,Maui Alauahio,MAAL
akikik,Oreomystis bairdi,Akikiki,AKIK
nihfin,Telespiza ultima,Nihoa Finch,NIFI
palila,Loxioides bailleui,Palila,PALI
iiwi,Drepanis coccinea,Iiwi,IIWI
crehon,Palmeria dolei,Akohekohe,AKOH
apapan,Himatione sanguinea,Apapane,APAP
akiapo,Hemignathus wilsoni,Akiapolaau,AKIA
maupar,Pseudonestor xanthophrys,Maui Parrotbill,MAPA
aniani,Magumma parva,Anianiau,ANIA
hawcre,Loxops mana,Hawaii Creeper,HCRE
akekee,Loxops caeruleirostris,Akekee,AKEK
akepa1,Loxops coccineus,Hawaii Akepa,HAAK
hawama,Chlorodrepanis virens,Hawaii Amakihi,HAAM
oahama,Chlorodrepanis flava,Oahu Amakihi,OAAM
kauama,Chlorodrepanis stejnegeri,Kauai Amakihi,KAAM
purfin,Haemorhous purpureus,Purple Finch,PUFI
casfin,Haemorhous cassinii,Cassin's Finch,CAFI
houfin,Haemorhous mexicanus,House Finch,HOFI
rcgspa1,Melozone kieneri,Rusty-crowned Ground Sparrow,RCGS
cantow,Melozone fusca,Canyon Towhee,CANT
whttow1,Melozone albicollis,White-throated Towhee,WTTO
abetow,Melozone aberti,Abert's Towhee,ABTO
caltow,Melozone crissalis,California Towhee,CALT
wegspa1,Melozone leucotis,White-eared Ground Sparrow,WEGS
pregrs1,Melozone biarcuata,Prevost's Ground Sparrow,WFGS
pregrs2,Melozone cabanisi,Cabanis's Ground Sparrow,CAGS
russpa1,Aimophila rufescens,Rusty Sparrow,RUSP
rucspa,Aimophila ruficeps,Rufous-crowned Sparrow,RCSP
oaxspa1,Aimophila notosticta,Oaxaca Sparrow,OASP
gnttow,Pipilo chlorurus,Green-tailed Towhee,GTTO
spotow,Pipilo maculatus,Spotted Towhee,SPTO
eastow,Pipilo erythrophthalmus,Eastern Towhee,EATO
coltow1,Pipilo ocai,Collared Towhee,COTO
rcbfin1,Atlapetes pileatus,Rufous-capped Brushfinch,RCBR
wnbfin1,Atlapetes albinucha,White-naped Brushfinch,WNBR
yetfin1,Atlapetes tibialis,Yellow-thighed Brushfinch,YTBR
yegfin1,Atlapetes luteoviridis,Yellow-green Brushfinch,YGBR
mobfin1,Atlapetes albofrenatus,Moustached Brushfinch,
moubru2,,,
tebfin1,Atlapetes personatus,Tepui Brushfinch,
smbfin1,Atlapetes melanocephalus,Santa Marta Brushfinch,
obbfin1,Atlapetes semirufus,Ochre-breasted Brushfinch,
yehbrf1,Atlapetes flaviceps,Yellow-headed Brushfinch,
dhbfin1,Atlapetes fuscoolivaceus,Dusky-headed Brushfinch,
wrbfin1,Atlapetes leucopis,White-rimmed Brushfinch,
whbfin1,Atlapetes albiceps,White-headed Brushfinch,
rebfin1,Atlapetes rufigenis,Rufous-eared Brushfinch,
tribrf1,Atlapetes crassus,Choco Brushfinch,
trbfin1,,,
slbfin2,,,
pnbfin1,Atlapetes pallidinucha,Pale-naped Brushfinch,
yebbrf1,Atlapetes latinuchus,Yellow-breasted Brushfinch,
yebbru1,,,
wwbfin1,Atlapetes leucopterus,White-winged Brushfinch,
phbfin1,Atlapetes pallidiceps,Pale-headed Brushfinch,
bcbfin1,Atlapetes seebohmi,Bay-crowned Brushfinch,
rbbfin1,Atlapetes nationi,Rusty-bellied Brushfinch,
apubrf1,Atlapetes forbesi,Apurimac Brushfinch,
cuzbrf1,Atlapetes canigenis,Cuzco Brushfinch,
bkfbrf1,Atlapetes melanolaemus,Grey-eared Brushfinch,
rnbfin1,Atlapetes rufinucha,Bolivian Brushfinch,
fhbfin1,Atlapetes fulviceps,Fulvous-headed Brushfinch,
ysbfin1,Atlapetes citrinellus,Yellow-striped Brushfinch,
wectan1,Calyptophilus tertius,Western Chat-Tanager,WECT
eactan1,Calyptophilus frugivorus,Eastern Chat-Tanager,EACT
bcptan1,Phaenicophilus palmarum,Black-crowned Palm-tanager,BPLT
grtwar1,Microligea palustris,Green-tailed Warbler,GTWA
whwwar1,Xenoligea montana,White-winged Warbler,WWWA
purtan1,Nesospingus speculiferus,Puerto Rican Tanager,PRTA
wesspi,Spindalis zena,Western Spindalis,WESP
hisspi,Spindalis dominicensis,Hispaniolan Spindalis,HISP
purspi,Spindalis portoricensis,Puerto Rican Spindalis,PRSP
wrenth1,Zeledonia coronata,Wrenthrush,WRET
yehwar1,Teretistris fernandinae,Yellow-headed Warbler,YHWA
oriwar1,Teretistris fornsi,Oriente Warbler,ORWA
yebcha,Icteria virens,Yellow-breasted Chat,YBCH
yehbla,Xanthocephalus xanthocephalus,Yellow-headed Blackbird,YHBL
boboli,Dolichonyx oryzivorus,Bobolink,BOBO
wesmea,Sturnella neglecta,Western Meadowlark,WEME
easmea,Sturnella magna,Eastern Meadowlark,EAME
rebbla1,Leistes militaris,Red-breasted Meadowlark,RBRM
whbbla2,Leistes superciliaris,White-browed Meadowlark,
permea1,Leistes bellicosus,Peruvian Meadowlark,
lotmea1,Leistes loyca,Long-tailed Meadowlark,
pammea1,Leistes defilippii,Pampas Meadowlark,
yebcac1,Amblycercus holosericeus,Yellow-billed Cacique,YBIC
yewcac1,Cassiculus melanicterus,Mexican Cacique,YWCA
chhoro1,Psarocolius wagleri,Chestnut-headed Oropendola,CHOR
ruboro1,Psarocolius angustifrons,Russet-backed Oropendola,
dugoro1,Psarocolius atrovirens,Dusky-green Oropendola,
creoro1,Psarocolius decumanus,Crested Oropendola,CROR
greoro1,Psarocolius viridis,Green Oropendola,
olioro1,Psarocolius bifasciatus,Olive Oropendola,
monoro1,Psarocolius montezuma,Montezuma Oropendola,MORO
blaoro1,Psarocolius guatimozinus,Black Oropendola,BLOR
bauoro2,Psarocolius cassini,Baudo Oropendola,
sobcac1,Cacicus solitarius,Solitary Cacique,
gowcac1,Cacicus chrysopterus,Golden-winged Cacique,
selcac1,Cacicus koepckeae,Selva Cacique,
ecucac1,Cacicus sclateri,Ecuadorian Cacique,
yercac1,Cacicus cela,Yellow-rumped Cacique,YRCA
scrcac1,Cacicus uropygialis,Scarlet-rumped Cacique,SRCA
moucac1,Cacicus chrysonotus,Mountain Cacique,
batoro1,Cacicus latirostris,Band-tailed Cacique,
casoro2,Cacicus oseryi,Casqued Cacique,
rercac1,Cacicus haemorrhous,Red-rumped Cacique,
scoori,Icterus parisorum,Scott's Oriole,SCOR
yebori1,Icterus chrysater,Yellow-backed Oriole,YBOR
audori,Icterus graduacauda,Audubon's Oriole,AUOR
jamori1,Icterus leucopteryx,Jamaican Oriole,JAOR
oraori1,Icterus auratus,Orange Oriole,ORAO
altori,Icterus gularis,Altamira Oriole,ALOR
yelori1,Icterus nigrogularis,Yellow Oriole,
bulori,Icterus bullockii,,BUOR
stbori,Icterus pustulatus,Streak-backed Oriole,SBAO
blbori1,Icterus abeillei,Black-backed Oriole,BBOR
balori,Icterus galbula,Baltimore Oriole,BAOR
yetori1,Icterus mesomelas,Yellow-tailed Oriole,YTOR
spbori,Icterus pectoralis,Spot-breasted Oriole,SBOR
wheori1,Icterus graceannae,White-edged Oriole,
camtro1,Icterus jamacaii,Campo Troupial,
ventro1,Icterus icterus,Venezuelan Troupial,VETR
orbtro3,Icterus croconotus,Orange-backed Troupial,
bawori1,Icterus maculialatus,Bar-winged Oriole,BWOR
bkvori,Icterus wagleri,Black-vented Oriole,BVOR
hooori,Icterus cucullatus,Hooded Oriole,HOOR
bkcori,Icterus prosthemelas,Black-cowled Oriole,BCOR
orcori,Icterus spurius,Orchard Oriole,OROR
orcori3,,,
graori2,Icterus melanopsis,Cuban Oriole,CUOR
graori3,Icterus northropi,Bahama Oriole,BAHO
marori1,Icterus bonana,Martinique Oriole,MAOR
graori4,Icterus portoricensis,Puerto Rican Oriole,PROR
graori1,Icterus dominicensis,Hispaniolan Oriole,HIOR
orcori1,Icterus auricapillus,Orange-crowned Oriole,OCOR
epaori4,Icterus pyrrhopterus,Variable Oriole,
epaori1,Icterus cayanensis,Epaulet Oriole,
jambla1,Nesopsar nigerrimus,Jamaican Blackbird,JABL
yesbla1,Agelaius xanthomus,Yellow-shouldered Blackbird,YSBL
tasbla,Agelaius humeralis,Tawny-shouldered Blackbird,TSBL
tribla,Agelaius tricolor,Tricolored Blackbird,TRBL
rewbla,Agelaius phoeniceus,Red-winged Blackbird,RWBL
resbla1,Agelaius assimilis,Red-shouldered Blackbird,RSBL
scrcow1,Molothrus rufoaxillaris,Screaming Cowbird,
giacow,Molothrus oryzivorus,Giant Cowbird,GICO
shicow,Molothrus bonariensis,Shiny Cowbird,SHCO
brocow,Molothrus aeneus,Bronzed Cowbird,BROC
brocow2,,,
bnhcow,Molothrus ater,Brown-headed Cowbird,BHCO
scrbla1,Dives warczewiczi,Scrub Blackbird,
armbab1,Turdoides jardineii,Arrow-marked Babbler,
bacbab1,Turdoides gymnogenys,Bare-cheeked Babbler,
blabab2,Turdoides reinwardtii,Blackcap Babbler,
dusbab2,Turdoides tenebrosa,Dusky Babbler,
sopbab1,Turdoides bicolor,Southern Pied Babbler,
harbab1,Turdoides hartlaubii,Hartlaub's Babbler,
bklbab1,Turdoides sharpei,Black-lored Babbler,
bkfbab1,Turdoides melanops,Black-faced Babbler,
norpib1,Turdoides hypoleuca,Northern Pied Babbler,
taihwa1,Garrulax taewanus,Taiwan Hwamei,
lenlau1,Garrulax monileger,Lesser Necklaced Laughingthrush,
whclau2,Garrulax leucolophus,White-crested Laughingthrush,
blhlau1,Garrulax milleti,Black-hooded Laughingthrush,
whnlau1,Garrulax strepitans,White-necked Laughingthrush,
grylau1,Garrulax maesi,Grey Laughingthrush,
ruclau3,Garrulax castanotis,Rufous-cheeked Laughingthrush,
suklau1,Ianthocincla sukatschewi,Snowy-cheeked Laughingthrush,
ruclau1,Ianthocincla rufogularis,Rufous-chinned Laughingthrush,
spolau1,Ianthocincla ocellata,Spotted Laughingthrush,
gialau1,Ianthocincla maxima,Giant Laughingthrush,
barlau1,Ianthocincla lunulata,Barred Laughingthrush,
wynlau1,Pterorhinus delesserti,Wayanad Laughingthrush,
ruvlau1,Pterorhinus gularis,Rufous-vented Laughingthrush,
whclau1,Pterorhinus vassali,White-cheeked Laughingthrush,
chhlau1,Pterorhinus treacheri,Chestnut-hooded Laughingthrush,
runlau1,Pterorhinus ruficollis,Rufous-necked Laughingthrush,
chblau1,Pterorhinus nuchalis,Chestnut-backed Laughingthrush,
whblau1,Pterorhinus sannio,White-browed Laughingthrush,
maslau1,Pterorhinus perspicillatus,Masked Laughingthrush,
gnlthr,Pterorhinus pectoralis,Greater Necklaced Laughingthrush,
pedlau1,Pterorhinus davidi,Plain Laughingthrush,
chibub1,Pterorhinus woodi,Mount Victoria Babax,
chibab2,Pterorhinus lanceolatus,Chinese Babax,
giabab1,Pterorhinus waddelli,Giant Babax,
tibbab1,Pterorhinus koslowi,Tibetan Babax,
whtlau1,Pterorhinus albogularis,White-throated Laughingthrush,
ruclau2,Pterorhinus ruficeps,Rufous-crowned Laughingthrush,
gyslau,Pterorhinus caerulatus,Grey-sided Laughingthrush,
ruslau1,Pterorhinus poecilorhynchus,Rusty Laughingthrush,
spothr1,Modulatrix stictigula,Spot-throat,
dapthr1,Arcanator orostruthus,Dapple-throat,
gycill1,Kakamega poliothorax,Grey-chested Babbler,
capsug1,Promerops cafer,Cape Sugarbird,
gursug1,Promerops gurneyi,Gurney's Sugarbird,
phifab1,Irena cyanogastra,Philippine Fairy-bluebird,
ruckin,Corthylio calendula,Ruby-crowned Kinglet,RCKI
firecr1,Regulus ignicapilla,Common Firecrest,
firecr3,Regulus madeirensis,Madeira Firecrest,
gockin,Regulus satrapa,Golden-crowned Kinglet,GCKI
flamec1,Regulus goodfellowi,Flamecrest,
goldcr1,Regulus regulus,Goldcrest,
spwbab1,Elachura formosa,Spotted Elachura,
yebhyl1,Hyliota flavigaster,Yellow-bellied Hyliota,
souhyl1,Hyliota australis,Southern Hyliota,
whhwre1,Campylorhynchus albobrunneus,White-headed Wren,WHWR
babwre1,Campylorhynchus zonatus,Band-backed Wren,BABW
grbwre1,Campylorhynchus megalopterus,Grey-barred Wren,GBWR
stbwre2,Campylorhynchus nuchalis,Stripe-backed Wren,
faswre1,Campylorhynchus fasciatus,Fasciated Wren,
giawre1,Campylorhynchus chiapensis,Giant Wren,GIWR
bicwre1,Campylorhynchus griseus,Bicolored Wren,BIWR
runwre1,,,
runwre3,Campylorhynchus humilis,Russet-naped Wren,RNAW
runwre4,Campylorhynchus capistratus,Rufous-backed Wren,RBAW
spowre1,Campylorhynchus gularis,Spotted Wren,SPWR
bouwre1,Campylorhynchus jocosus,Boucard's Wren,BOWR
yucwre1,Campylorhynchus yucatanicus,Yucatan Wren,YUWR
thlwre1,Campylorhynchus turdinus,Thrush-like Wren,
gymwre1,Odontorchilus branickii,Grey-mantled Wren,
tobwre1,Odontorchilus cinereus,Tooth-billed Wren,
rocwre,Salpinctes obsoletus,Rock Wren,ROWR
canwre,Catherpes mexicanus,Canyon Wren,CANW
sumwre1,Hylorchilus sumichrasti,Sumichrast's Wren,SUWR
navwre1,Hylorchilus navai,Nava's Wren,NAWR
rufwre1,Cinnycerthia unirufa,Rufous Wren,
shawre1,Cinnycerthia olivascens,Sepia-brown Wren,
perwre1,Cinnycerthia peruana,Peruvian Wren,
fulwre1,Cinnycerthia fulva,Fulvous Wren,
sedwre1,Cistothorus stellaris,Sedge Wren,SEWR
merwre1,Cistothorus meridae,Merida Wren,
apowre1,Cistothorus apolinari,Apolinar's Wren,
sedwre,Cistothorus platensis,Grass Wren,GWRE
marwre,Cistothorus palustris,Marsh Wren,MAWR
bewwre,Thryomanes bewickii,Bewick's Wren,BEWR
zapwre1,Ferminia cerverai,Zapata Wren,ZAWR
bltwre1,Pheugopedius atrogularis,Black-throated Wren,BTWR
incwre1,Pheugopedius eisenmanni,Inca Wren,
mouwre2,Pheugopedius genibarbis,Moustached Wren,
whiwre1,Pheugopedius mystacalis,Whiskered Wren,
corwre1,Pheugopedius coraya,Coraya Wren,
hapwre1,Pheugopedius felix,Happy Wren,HAWR
spbwre1,Pheugopedius maculipectus,Spot-breasted Wren,SOBW
rubwre1,Pheugopedius rutilus,Rufous-breasted Wren,RBSW
spbwre2,Pheugopedius sclateri,Speckle-breasted Wren,
banwre1,Thryophilus pleurostictus,Banded Wren,BANW
rawwre1,Thryophilus rufalbus,Rufous-and-white Wren,RAWW
antwre2,Thryophilus sernai,Antioquia Wren,
nicwre1,Thryophilus nicefori,Niceforo's Wren,
sinwre1,Thryophilus sinaloa,Sinaloa Wren,SIWR
plawre1,Cantorchilus modestus,Cabanis's Wren,CABW
plawre3,Cantorchilus zeledoni,Canebrake Wren,CAKW
istwre1,Cantorchilus elutus,Isthmian Wren,ISWR
cibwar1,Bradypterus cinnamomeus,Cinnamon Bracken Warbler,
gryemt1,Bradypterus seebohmi,Grey Emutail,
bretai1,Bradypterus brunneus,Brown Emutail,
jrswar1,Bradypterus grandis,Dja River Scrub Warbler,
afbwar1,Bradypterus baboecala,Little Rush Warbler,
wwswar1,Bradypterus carpalis,White-winged Swamp Warbler,
grswar1,Bradypterus graueri,Grauer's Swamp Warbler,
hirwar2,Bradypterus centralis,Highland Rush Warbler,
bkcdon,Donacobius atricapilla,Black-capped Donacobius,BCDO
whtoxy1,Oxylabes madagascariensis,White-throated Oxylabes,
lobber1,Bernieria madagascariensis,Long-billed Bernieria,
crywar1,Cryptosylvicola randrianasoloi,Cryptic Warbler,
wetjer2,Hartertula flavoviridis,Wedge-tailed Jery,
thamno2,Thamnornis chloropetoides,Thamnornis,
spetet1,Xanthomixis zosterops,Spectacled Tetraka,
apptet1,Xanthomixis apperti,Appert's Tetraka,
dustet1,Crossleyia tenebrosa,Dusky Tetraka,
gyctet1,Xanthomixis cinereiceps,Grey-crowned Tetraka,
yeboxy1,Crossleyia xanthophrys,Madagascar Yellowbrow,
ranwar1,Randia pseudozosterops,Rand's Warbler,
comjer1,Neomixis tenella,Common Jery,
grejer1,Neomixis viridis,Green Jery,
sttjer1,Neomixis striatigula,Stripe-throated Jery,
refcis1,Cisticola erythrops,Red-faced Cisticola,
sincis1,Cisticola cantans,Singing Cisticola,
whicis1,Cisticola lateralis,Whistling Cisticola,
tricis1,Cisticola woosnami,Trilling Cisticola,
chacis1,Cisticola anonymus,Chattering Cisticola,
bubcis1,Cisticola bulliens,Bubbling Cisticola,
huncis1,Cisticola hunteri,Hunter's Cisticola,
chucis1,Cisticola chubbi,Chubb's Cisticola,
bllcis1,Cisticola nigriloris,Black-lored Cisticola,
rolcis2,Cisticola aberrans,Rock-loving Cisticola,
ratcis1,Cisticola chiniana,Rattling Cisticola,
borcis1,Cisticola bodessa,Boran Cisticola,
chucis2,Cisticola njombe,Churring Cisticola,
ashcis1,Cisticola cinereolus,Ashy Cisticola,
grycis1,Cisticola rufilatus,Tinkling Cisticola,
rehcis2,Cisticola subruficapilla,Grey-backed Cisticola,
waicis1,Cisticola lais,Wailing Cisticola,
waicis2,Cisticola distinctus,Lynes's Cisticola,
wincis2,Cisticola galactotes,Rufous-winged Cisticola,
wincis3,Cisticola marginatus,Winding Cisticola,
wincis4,Cisticola haematocephalus,Coastal Cisticola,
wincis6,Cisticola lugubris,Ethiopian Cisticola,
wincis5,Cisticola luapula,Luapula Cisticola,
chicis1,Cisticola pipiens,Chirping Cisticola,
carcis1,Cisticola carruthersi,Carruthers's Cisticola,
tincis1,Cisticola tinniens,Levaillant's Cisticola,
stocis1,Cisticola robustus,Stout Cisticola,
abecis1,Cisticola aberdare,Aberdare Cisticola,
crocis1,Cisticola natalensis,Croaking Cisticola,
dorcis1,Cisticola guinea,Dorst's Cisticola,
tincis3,Cisticola nana,Tiny Cisticola,
sifcis1,Cisticola brachypterus,Short-winged Cisticola,
rufcis1,Cisticola rufus,Rufous Cisticola,
foxcis1,Cisticola troglodytes,Foxy Cisticola,
pipcis2,Cisticola fulvicapilla,Neddicky,
tabcis1,Cisticola angusticauda,Long-tailed Cisticola,
zitcis1,Cisticola juncidis,Zitting Cisticola,
soccis1,Cisticola haesitatus,Socotra Cisticola,
madcis2,Cisticola cherina,Madagascar Cisticola,
descis1,Cisticola aridulus,Desert Cisticola,
clocis1,Cisticola textrix,Cloud Cisticola,
clscis1,Cisticola dambo,Dambo Cisticola,
pepcis1,Cisticola brunnescens,Pectoral-patch Cisticola,
paccis1,Cisticola cinnamomeus,Pale-crowned Cisticola,
wiscis1,Cisticola ayresii,Wing-snapping Cisticola,
gohcis1,Cisticola exilis,Golden-headed Cisticola,
socwar2,Incana incana,Socotra Warbler,
strpri2,Prinia crinigera,Himalayan Prinia,
strpri8,Prinia striata,Striped Prinia,
bropri1,Prinia polychroa,Brown Prinia,
brnpri2,Prinia cooki,Burmese Prinia,
brnpri3,Prinia rocki,Annam Prinia,
hilpri1,Prinia atrogularis,Black-throated Prinia,
hilpri2,Prinia superciliaris,Hill Prinia,
gycpri1,Prinia cinereocapilla,Grey-crowned Prinia,
rufpri2,Prinia buchanani,Rufous-fronted Prinia,
rufpri1,Prinia rufescens,Rufescent Prinia,
gybpri1,Prinia hodgsonii,Grey-breasted Prinia,
grapri1,Prinia gracilis,Graceful Prinia,
delpri1,Prinia lepida,Delicate Prinia,
junpri1,Prinia sylvatica,Jungle Prinia,
bawpri1,Prinia familiaris,Bar-winged Prinia,
yebpri1,Prinia flaviventris,Yellow-bellied Prinia,
ashpri1,Prinia socialis,Ashy Prinia,
tafpri1,Prinia subflava,Tawny-flanked Prinia,
plapri1,Prinia inornata,Plain Prinia,
palpri1,Prinia somalica,Pale Prinia,
rivpri1,Prinia fluviatilis,River Prinia,
blcpri1,Prinia flavicans,Black-chested Prinia,
karpri1,Prinia maculosa,Karoo Prinia,
drapri1,Prinia hypoxantha,Drakensberg Prinia,
banpri1,Prinia bairdii,Banded Prinia,
banpri3,,,
rewpri1,Prinia erythroptera,Red-winged Prinia,
refwar2,Prinia rufifrons,Red-fronted Prinia,
whcpri2,Schistolais leucopogon,White-chinned Prinia,
silpri2,Schistolais leontica,Sierra Leone Prinia,
nampri1,Phragmacia substriata,Namaqua Warbler,
robpri1,Oreophilais robertsi,Roberts's Warbler,
minmib1,Micromacronus sordidus,Mindanao Miniature Babbler,
grnlon1,Urolais epichlorus,Green Longtail,
blcapa2,Oreolais pulcher,Black-collared Apalis,
ruwapa1,Oreolais ruwenzorii,Rwenzori Apalis,
crilon1,Spiloptila clamans,Cricket Warbler,
bubwar2,Phyllolais pulchella,Buff-bellied Warbler,
batapa2,Apalis thoracica,Bar-throated Apalis,
batapa3,Apalis flavigularis,Yellow-throated Apalis,
batapa4,Apalis fuscigularis,Taita Apalis,
rudapa1,Apalis ruddi,Rudd's Apalis,
yebapa2,,,
yebapa1,Apalis flavida,Yellow-breasted Apalis,
masapa1,Apalis binotata,Lowland Masked Apalis,
blfapa1,Apalis personata,Mountain Masked Apalis,
bltapa1,Apalis jacksoni,Black-throated Apalis,
whwapa1,Apalis chariessa,White-winged Apalis,
blcapa1,Apalis nigriceps,Black-capped Apalis,
blhapa1,Apalis melanocephala,Black-headed Apalis,
chiapa1,Apalis chirindensis,Chirinda Apalis,
chtapa3,Apalis porphyrolaema,Chestnut-throated Apalis,
chaapa1,Apalis chapini,Chapin's Apalis,
shaapa2,Apalis sharpii,Sharpe's Apalis,
butapa1,Apalis rufogularis,Buff-throated Apalis,
karapa1,,,
gosapa1,Apalis goslingi,Gosling's Apalis,
gryapa1,Apalis cinerea,Grey Apalis,
brhapa1,Apalis alticola,Brown-headed Apalis,
ruewar2,Malcorus pectoralis,Rufous-eared Warbler,
oriwar2,Hypergerus atriceps,Oriole Warbler,
gycwar3,Eminia lepida,Grey-capped Warbler,
grbcam1,Camaroptera brachyura,Bleating Camaroptera,
gnbcam3,Camaroptera harterti,Hartert's Camaroptera,
yebcam1,Camaroptera superciliaris,Yellow-browed Camaroptera,
olgcam1,Camaroptera chloronota,Olive-green Camaroptera,
grywrw1,Calamonastes simplex,Grey Wren-Warbler,
miowrw2,Calamonastes undosus,Miombo Wren-Warbler,
miowrw3,Calamonastes stierlingi,Stierling's Wren-Warbler,
bawwar1,Calamonastes fasciolatus,Barred Wren-Warbler,
kopwar1,Euryptila subcinnamomea,Cinnamon-breasted Warbler,
bkcruw1,Bathmocercus cerviniventris,Black-headed Rufous Warbler,
bkfruw1,Bathmocercus rufus,Black-faced Rufous Warbler,
mrmwar1,Scepomycter winifredae,Winifred's Warbler,
mrmwar3,,,
comtai1,Orthotomus sutorius,Common Tailorbird,
dantai1,Orthotomus atrogularis,Dark-necked Tailorbird,
camtai1,Orthotomus chaktomuk,Cambodian Tailorbird,
phitai1,Orthotomus castaneiceps,Visayan Tailorbird,
ruftai1,Orthotomus frontalis,Rufous-fronted Tailorbird,
gybtai1,Orthotomus derbianus,Grey-backed Tailorbird,
ruttai1,Orthotomus sericeus,Rufous-tailed Tailorbird,
ashtai1,Orthotomus ruficeps,Ashy Tailorbird,
olbtai1,Orthotomus sepium,Olive-backed Tailorbird,
whetai1,Orthotomus cinereiceps,White-eared Tailorbird,
whbtai1,Orthotomus nigriceps,Black-headed Tailorbird,
yebtai1,Orthotomus samarensis,Yellow-breasted Tailorbird,
lobtai1,Artisornis moreaui,Long-billed Forest Warbler,
afrtai2,Artisornis metopias,Red-capped Forest Warbler,
whtwar1,Poliolais lopezi,White-tailed Warbler,
yebere1,Eremomela icteropygialis,Yellow-bellied Eremomela,
salere1,,,
yevere1,Eremomela flavicrissalis,Yellow-vented Eremomela,
senere1,Eremomela pusilla,Senegal Eremomela,
grbere1,Eremomela canescens,Green-backed Eremomela,
greere1,Eremomela scotops,Green-capped Eremomela,
yerere1,Eremomela gregalis,Karoo Eremomela,
bunere1,Eremomela usticollis,Burnt-necked Eremomela,
rucere1,Eremomela badiceps,Rufous-crowned Eremomela,
turere1,Eremomela turneri,Turner's Eremomela,
blnere1,Eremomela atricollis,Black-necked Eremomela,
shtwhy1,Vidua regia,Shaft-tailed Whydah,
eapwhy1,Vidua paradisaea,Long-tailed Paradise Whydah,
nopwhy1,Vidua orientalis,Sahel Paradise Whydah,
ltpwhy1,Vidua interjecta,Exclamatory Paradise Whydah,
btpwhy1,Vidua obtusa,Broad-tailed Paradise Whydah,
oliwar,Peucedramus taeniatus,Olive Warbler,OLWA
alpacc1,Prunella collaris,Alpine Accentor,
himacc1,Prunella himalayana,Altai Accentor,
robacc1,Prunella rubeculoides,Robin Accentor,
rubacc1,Prunella strophiata,Rufous-breasted Accentor,
sibacc,Prunella montanella,Siberian Accentor,SIAC
broacc1,Prunella fulvescens,Brown Accentor,
radacc2,Prunella ocularis,Radde's Accentor,
bltacc1,Prunella atrogularis,Black-throated Accentor,
monacc1,Prunella koslowi,Kozlov's Accentor,
dunnoc1,Prunella modularis,Dunnock,
japacc1,Prunella rubida,Japanese Accentor,
mabacc1,Prunella immaculata,Maroon-backed Accentor,
forwag1,Dendronanthus indicus,Forest Wagtail,
eaywag1,Motacilla flava,Western Yellow Wagtail,
eaywag,Motacilla tschutschensis,Eastern Yellow Wagtail,EYWA
citwag,Motacilla citreola,Citrine Wagtail,CIWA
capwag1,Motacilla capensis,Cape Wagtail,
madwag1,Motacilla flaviventris,Madagascar Wagtail,
grywag,Motacilla cinerea,Grey Wagtail,GRAW
mouwag1,Motacilla clara,Mountain Wagtail,
whiwag,Motacilla alba,White Wagtail,WHWA
afpwag1,Motacilla aguimp,African Pied Wagtail,
mekwag1,Motacilla samveasnae,Mekong Wagtail,
japwag1,Motacilla grandis,Japanese Wagtail,
whbwag1,Motacilla maderaspatensis,White-browed Wagtail,
shalon1,Macronyx sharpei,Sharpe's Longclaw,
abylon1,Macronyx flavicollis,Abyssinian Longclaw,
fuelon2,Macronyx fuelleborni,Fülleborn's Longclaw,
ortlon1,Macronyx capensis,Cape Longclaw,
yetlon1,Macronyx croceus,Yellow-throated Longclaw,
panlon1,Macronyx aurantiigula,Pangani Longclaw,
rotlon1,Macronyx ameliae,Rosy-throated Longclaw,
ricpip1,Anthus richardi,Richard's Pipit,
oripip1,Anthus rufulus,Paddyfield Pipit,
auspip2,Anthus australis,Australian Pipit,
auspip3,Anthus novaeseelandiae,New Zealand Pipit,
afrpip1,Anthus cinnamomeus,African Pipit,
moupip1,Anthus hoeschi,Mountain Pipit,
blypip1,Anthus godlewskii,Blyth's Pipit,
tawpip1,Anthus campestris,Tawny Pipit,
lobpip1,Anthus similis,Long-billed Pipit,
lobpip7,Anthus nicholsoni,Nicholson's Pipit,
woopip1,Anthus nyassae,Wood Pipit,
bufpip1,Anthus vaalensis,Buffy Pipit,
plbpip1,Anthus leucophrys,Plain-backed Pipit,
lolpip1,Anthus pallidiventris,Long-legged Pipit,
meapip1,Anthus pratensis,Meadow Pipit,MEPI
dausta1,Agropsar sturninus,Daurian Starling,
chcsta1,Agropsar philippensis,Chestnut-cheeked Starling,
whssta2,Sturnia sinensis,White-shouldered Starling,
chtsta2,Sturnia malabarica,Chestnut-tailed Starling,
whhsta2,Sturnia erythropygia,White-headed Starling,
malsta1,Sturnia blythii,,
brasta1,Sturnia pagodarum,Brahminy Starling,
whfsta2,Sturnornis albofrontatus,White-faced Starling,
rossta2,Pastor roseus,Rosy Starling,
eursta,Sturnus vulgaris,Common Starling,EUST
sposta1,Sturnus unicolor,Spotless Starling,
watsta1,Creatophora cinerea,Wattled Starling,
bbgsta1,Notopholia corusca,Black-bellied Starling,
phgsta1,Hylopsar purpureiceps,Purple-headed Starling,
ctgsta1,Hylopsar cupreocauda,Copper-tailed Starling,
capgls1,Lamprotornis nitens,Cape Starling,
gbesta1,Lamprotornis chalybaeus,Greater Blue-eared Starling,
lbesta1,Lamprotornis chloropterus,Lesser Blue-eared Starling,
btgsta1,Lamprotornis chalcurus,Bronze-tailed Starling,
spgsta1,Lamprotornis splendidus,Splendid Starling,
pugsta1,Lamprotornis purpureus,Purple Starling,
ruegls1,Lamprotornis purpuroptera,Rüppell's Starling,
ltgsta1,Lamprotornis caudatus,Long-tailed Glossy Starling,
gobsta5,Lamprotornis regius,Golden-breasted Starling,
megsta1,Lamprotornis mevesii,Meves's Starling,
bugsta1,Lamprotornis australis,Burchell's Starling,
stgsta1,Lamprotornis acuticaudus,Sharp-tailed Starling,
supsta1,Lamprotornis superbus,Superb Starling,
hilsta1,Lamprotornis hildebrandti,Hildebrandt's Starling,
shesta1,Lamprotornis shelleyi,Shelley's Starling,
chbsta1,Lamprotornis pulcher,Chestnut-bellied Starling,
ashsta2,Lamprotornis unicolor,Ashy Starling,
fissta1,Lamprotornis fischeri,Fischer's Starling,
afpsta1,Lamprotornis bicolor,Pied Starling,
whcsta3,Lamprotornis albicapillus,White-crowned Starling,
madsta1,Hartlaubius auratus,Madagascar Starling,
vibsta2,Cinnyricinclus leucogaster,Violet-backed Starling,
rewsta1,Onychognathus morio,Red-winged Starling,
slbsta1,Onychognathus tenuirostris,Slender-billed Starling,
chwsta1,Onychognathus fulgidus,Chestnut-winged Starling,
walsta1,Onychognathus walleri,Waller's Starling,
somsta1,Onychognathus blythii,Somali Starling,
trista1,Onychognathus tristramii,Tristram's Starling,
pawsta1,Onychognathus nabouroup,Pale-winged Starling,
brcsta1,Onychognathus salvadorii,Bristle-crowned Starling,
whbsta1,Onychognathus albirostris,White-billed Starling,
neusta1,Onychognathus neumanni,Neumann's Starling,
stusta1,Poeoptera stuhlmanni,Stuhlmann's Starling,
kensta1,Poeoptera kenricki,Kenrick's Starling,
natsta1,Poeoptera lugubris,Narrow-tailed Starling,
shasta2,Pholia sharpii,Sharpe's Starling,
abbsta2,Arizelopsar femoralis,Abbott's Starling,
whcsta2,Grafisia torquata,White-collared Starling,
magsta1,Speculipastor bicolor,Magpie Starling,
babsta1,Neocichla gutturalis,Babbling Starling,
stsrha2,Rhabdornis mystacalis,Stripe-headed Rhabdornis,
stbrha1,Rhabdornis inornatus,Stripe-breasted Rhabdornis,
yeboxp1,Buphagus africanus,Yellow-billed Oxpecker,
reboxp1,Buphagus erythroryncha,Red-billed Oxpecker,
moublu,Sialia currucoides,Mountain Bluebird,MOBL
wesblu,Sialia mexicana,Western Bluebird,WEBL
easblu,Sialia sialis,Eastern Bluebird,EABL
fifthr1,Stizorhina finschi,Finsch's Rufous Thrush,
rufthr1,Stizorhina fraseri,Fraser's Rufous Thrush,
wtathr1,Neocossyphus poensis,White-tailed Ant Thrush,
rtathr1,Neocossyphus rufus,Red-tailed Ant Thrush,
boucha1,Pinarornis plumosus,Boulder Chat,
brbsol1,Myadestes occidentalis,Brown-backed Solitaire,BBSO
slcsol1,Myadestes unicolor,Slate-colored Solitaire,SCSO
towsol,Myadestes townsendi,Townsend's Solitaire,TOSO
puaioh,Myadestes palmeri,Puaiohi,PUAI
omao,Myadestes obscurus,Omao,OMAO
cubsol1,Myadestes elisabeth,Cuban Solitaire,CUSO
rutsol1,Myadestes genibarbis,Rufous-throated Solitaire,RTSO
blfsol1,Myadestes melanops,Black-faced Solitaire,BFSO
varsol1,Myadestes coloratus,Varied Solitaire,VASO
andsol1,Myadestes ralloides,Andean Solitaire,
sulthr1,Turdus turdoides,Sulawesi Thrush,
fruith1,Chlamydochaera jefferyi,Fruithunter,
purcoc1,Cochoa purpurea,Purple Cochoa,
grecoc1,Cochoa viridis,Green Cochoa,
varthr,Ixoreus naevius,Varied Thrush,VATH
aztthr,Ridgwayia pinicola,Aztec Thrush,AZTH
rubsol1,Cichlopsis leucogenys,Rufous-brown Solitaire,
blasol1,Entomodestes coracinus,Black Solitaire,
whesol1,Entomodestes leucotis,White-eared Solitaire,
misthr1,Turdus viscivorus,Mistle Thrush,MITH
afrthr1,Turdus pelios,African Thrush,
abythr1,Turdus abyssinicus,Abyssinian Thrush,
olithr2,Turdus olivaceus,Olive Thrush,
kurthr1,Turdus libonyana,Kurrichane Thrush,
comthr1,Turdus bewsheri,Comoro Thrush,
abethr1,Turdus tephronotus,Bare-eyed Thrush,
karthr1,Turdus smithi,Karoo Thrush,
chibla1,Turdus mandarinus,Chinese Blackbird,
balwar1,Curruca balearica,Balearic Warbler,
fitmyz1,Myzornis pyrrhoura,Fire-tailed Myzornis,
rutbab1,Moupinia poecilotis,Rufous-tailed Babbler,
gobful1,Lioparus chrysotis,Golden-breasted Fulvetta,
yeebab1,Chrysomma sinense,Yellow-eyed Babbler,
jerbab1,Chrysomma altirostre,Jerdon's Babbler,
beibab1,Rhopophilus pekinensis,Beijing Babbler,
speful1,Fulvetta ruficapilla,Spectacled Fulvetta,
indful1,Fulvetta danisi,Indochinese Fulvetta,
chiful1,Fulvetta striaticollis,Chinese Fulvetta,
whbful1,Fulvetta vinipectus,White-browed Fulvetta,
ludful1,Fulvetta ludlowi,Brown-throated Fulvetta,
sttful2,Fulvetta manipurensis,Manipur Fulvetta,
sttful1,Fulvetta cinereiceps,Grey-hooded Fulvetta,
taiful1,Fulvetta formosana,Taiwan Fulvetta,
wrenti,Chamaea fasciata,Wrentit,WREN
reepar3,Paradoxornis heudei,Reed Parrotbill,
blbpar2,Paradoxornis flavirostris,Black-breasted Parrotbill,
spbpar1,Paradoxornis guttaticollis,Spot-breasted Parrotbill,
grepar1,Paradoxornis aemodius,Great Parrotbill,
bropar1,Paradoxornis unicolor,Brown Parrotbill,
thtpar1,Paradoxornis paradoxus,Three-toed Parrotbill,
gyhpar3,Paradoxornis gularis,Grey-headed Parrotbill,
bkhpar1,Paradoxornis margaritae,Black-headed Parrotbill,
ruhpar3,Paradoxornis ruficeps,White-breasted Parrotbill,
ruhpar2,Paradoxornis bakeri,Rufous-headed Parrotbill,
shtpar3,Suthora davidiana,Short-tailed Parrotbill,
fulpar1,Suthora fulvifrons,Fulvous Parrotbill,
bltpar1,Suthora nipalensis,Black-throated Parrotbill,
golpar2,Suthora verreauxi,Golden Parrotbill,
spepar2,Suthora conspicillata,Spectacled Parrotbill,
gyhpar4,Suthora zappeyi,Grey-hooded Parrotbill,
brwpar2,,,
vitpar1,Suthora webbiana,Vinous-throated Parrotbill,
astpar1,Suthora alphonsiana,Ashy-throated Parrotbill,
rutpar2,Suthora przewalskii,Przevalski's Parrotbill,
whcyuh1,Parayuhina diademata,White-collared Yuhina,
chcyuh1,Staphida everetti,Chestnut-crested Yuhina,
stryuh1,Staphida castaniceps,Striated Yuhina,
indyuh1,Staphida torqueola,Indochinese Yuhina,
blcyuh1,Yuhina nigrimenta,Black-chinned Yuhina,
taiyuh1,Yuhina brunneiceps,Taiwan Yuhina,
whiyuh1,Yuhina flavicollis,Whiskered Yuhina,
buryuh1,Yuhina humilis,Burmese Yuhina,
whnyuh1,Yuhina bakeri,White-naped Yuhina,
sttyuh1,Yuhina gularis,Stripe-throated Yuhina,
ruvyuh1,Yuhina occipitalis,Rufous-vented Yuhina,
fltbab1,Dasycrotapha speciosa,Flame-templed Babbler,
vispyb1,Dasycrotapha pygmaea,Visayan Pygmy Babbler,
pygbab1,Dasycrotapha plateni,Mindanao Pygmy Babbler,
rucbab3,Sterrhoptilus capitalis,Rusty-crowned Babbler,
bkcbab3,Sterrhoptilus affinis,Calabarzon Babbler,
pasbab1,Zosterornis hypogrammicus,Palawan Striped Babbler,
chfbab1,Zosterornis whiteheadi,Chestnut-faced Babbler,
nesbab1,Zosterornis nigrorum,Negros Striped Babbler,
giweye1,Megazosterops palauensis,Giant White-eye,
gyhwhe1,Heleia pinaiae,Grey-hooded Heleia,
pyweye1,Heleia squamifrons,Pygmy Heleia,
minwhe1,Heleia goodfellowi,Mindanao Heleia,
sthwhe1,Heleia squamiceps,Sulawesi Heleia,
whbwhe1,Heleia superciliaris,Eyebrowed Heleia,
dacwhe1,Heleia dohertyi,Crested Heleia,
timwhe1,Heleia muelleri,Timor Heleia,
flowhe1,Heleia crassirostris,Thick-billed Heleia,
ysweye1,Heleia wallacei,Yellow-spectacled Heleia,
bonhon1,Apalopteron familiare,Bonin White-eye,
ceywhe1,Zosterops ceylonensis,Sri Lanka White-eye,
yelwhe1,Zosterops nigrorum,Yellowish White-eye,
bkcwhe1,Zosterops atricapilla,Black-capped White-eye,
wbweye1,Zosterops abyssinicus,Abyssinian White-eye,
whbwhe3,Zosterops flavilateralis,Pale White-eye,
brrwhe9,Zosterops mbuluensis,Mbulu White-eye,
cfweye1,Zosterops erythropleurus,Chestnut-flanked White-eye,
swiwhe1,Zosterops simplex,Swinhoe's White-eye,
mouble1,Zosterops emiliae,Mountain Blackeye,
warwhe1,Zosterops japonicus,Warbling White-eye,WAWE
loweye2,Zosterops meyeni,Lowland White-eye,
coweye1,Zosterops mouroniensis,Karthala White-eye,
reuwhe1,Zosterops olivaceus,Reunion Olive White-eye,
mauwhe1,Zosterops chloronothos,Mauritius Olive White-eye,
maswhe2,Zosterops borbonicus,Reunion Grey White-eye,
maswhe3,Zosterops mauritianus,Mauritius Grey White-eye,
afywhe1,Zosterops stenocricotus,Forest White-eye,
afywhe3,Zosterops stuhlmanni,Green White-eye,
brrwhe8,Zosterops eurycricotus,Broad-ringed White-eye,
heuwhe2,Zosterops poliogastrus,Ethiopian White-eye,
brrwhe3,Zosterops kikuyuensis,Kikuyu White-eye,
abywhe1,Zosterops socotranus,Socotra White-eye,
anweye1,Zosterops griseovirescens,Annobon White-eye,
brrwhe4,Zosterops silvanus,Taita White-eye,
afywhe2,Zosterops senegalensis,Northern Yellow White-eye,
capwhe6,Zosterops pallidus,Orange River White-eye,
capwhe2,Zosterops virens,Cape White-eye,
afywhe4,Zosterops anderssoni,Southern Yellow White-eye,
peweye1,Zosterops vaughani,Pemba White-eye,
seywhe1,Zosterops modestus,Seychelles White-eye,
madwhe1,Zosterops maderaspatanus,Malagasy White-eye,
kirwhe1,Zosterops kirki,Kirk's White-eye,
maywhe1,Zosterops mayottensis,Mayotte White-eye,
bcweye2,Zosterops atrifrons,Black-crowned White-eye,
bkrwhe1,Zosterops anomalus,Black-ringed White-eye,
bfweye1,Zosterops minor,Black-fronted White-eye,
wtweye1,Zosterops meeki,Tagula White-eye,
crtwhe2,Zosterops dehaani,Morotai White-eye,
crtwhe1,Zosterops atriceps,Cream-throated White-eye,
burwhe1,Zosterops buruensis,Buru White-eye,
serwhe1,Zosterops stalkeri,Seram White-eye,
asbwhe1,Zosterops citrinella,Ashy-bellied White-eye,
ayweye3,Zosterops luteus,Canary White-eye,
silver3,Zosterops lateralis,Silvereye,
humwhe1,Zosterops auriventer,Hume's White-eye,
sanwhe2,Zosterops melanurus,Sangkar White-eye,
evweye1,Zosterops everetti,Everett's White-eye,
baweye2,Zosterops vellalavella,Vella Lavella White-eye,
sacwhe1,Zosterops sanctaecrucis,Santa Cruz White-eye,
capwhe3,Zosterops fuscicapilla,Capped White-eye,
capwhe8,,,
yfweye1,Zosterops flavifrons,Vanuatu White-eye,
vanwhe1,Zosterops gibbsi,Vanikoro White-eye,
laweye1,Zosterops explorator,Fiji White-eye,
bhweye1,Zosterops hypoxanthus,Bismarck White-eye,
biweye1,Zosterops mysorensis,Biak White-eye,
gytwhe2,Zosterops hamlini,Bougainville White-eye,
gytwhe1,,,
yapwhe1,Zosterops oleagineus,Olive-colored White-eye,
duweye1,Zosterops finschii,Dusky White-eye,
koswhe1,Zosterops cinereus,Kosrae White-eye,
rotwhe1,Zosterops rotensis,Rota White-eye,
ytweye1,Zosterops metcalfii,Yellow-throated White-eye,
ngweye1,Zosterops novaeguineae,Papuan White-eye,
ambwhe1,Zosterops kuehni,Ambon White-eye,
grkwhe1,Zosterops grayi,Kai Besar White-eye,
spweye2,Zosterops luteirostris,Gizo White-eye,
likwhe1,Zosterops uropygialis,Kai Kecil White-eye,
gaweye1,Zosterops splendidus,Ranongga White-eye,
soiwhe3,Zosterops tetiparius,Dark-eyed White-eye,
brweye1,Zosterops conspicillatus,Bridled White-eye,
ciweye1,Zosterops semperi,Citrine White-eye,
loweye1,Zosterops griseotinctus,Louisiade White-eye,
kulwhe1,Zosterops murphyi,Kolombangara White-eye,
llweye1,Zosterops inornatus,Large Lifou White-eye,
sbweye1,Zosterops tenuirostris,Slender-billed White-eye,
slweye1,Zosterops minutus,Small Lifou White-eye,
gnbwhe1,Zosterops xanthochroa,Green-backed White-eye,
chcbab1,Timalia pileata,Chestnut-capped Babbler,
tabbab1,Dumetia hyperythra,Tawny-bellied Babbler,
dafbab1,Dumetia atriceps,Dark-fronted Babbler,
gyftib1,Mixornis kelleyi,Grey-faced Tit-Babbler,
gyctib1,Mixornis flavicollis,Grey-cheeked Tit-Babbler,
sttbab1,Mixornis gularis,Pin-striped Tit-Babbler,
bostib1,Mixornis bornensis,Bold-striped Tit-Babbler,
fbtbab1,Macronus ptilosus,Fluffy-backed Tit-Babbler,
brtbab1,Macronus striaticeps,Brown Tit-Babbler,
golbab1,Cyanoderma chrysaeum,Golden Babbler,
chwbab1,Cyanoderma erythropterum,Chestnut-winged Babbler,
chwbab3,Cyanoderma bicolor,Bicolored Babbler,
crcbab1,Cyanoderma melanothorax,Crescent-chested Babbler,
rufbab2,,,
blcbab2,Cyanoderma pyrrhops,Black-chinned Babbler,
rucbab1,Cyanoderma ruficeps,Rufous-capped Babbler,
bucbab1,,,
rtwbab1,Spelaeornis caudatus,Rufous-throated Wren-Babbler,
miswrb1,Spelaeornis badeigularis,Mishmi Wren-Babbler,
bwwbab1,Spelaeornis troglodytoides,Bar-winged Wren-Babbler,
patwrb1,Spelaeornis kinneari,Pale-throated Wren-Babbler,
ltwbab1,Spelaeornis chocolatinus,Naga Wren-Babbler,
chhwrb1,Spelaeornis oatesi,Chin Hills Wren-Babbler,
tbwbab1,Spelaeornis longicaudatus,Tawny-breasted Wren-Babbler,
gybwrb1,Spelaeornis reptatus,Grey-bellied Wren-Babbler,
blalau1,Melanocichla lugubris,Black Laughingthrush,
bahlau1,Melanocichla calva,Bare-headed Laughingthrush,
cobscb1,Pomatorhinus ferruginosus,Black-crowned Scimitar Babbler,
rbsbab1,Pomatorhinus ochraceiceps,Red-billed Scimitar Babbler,
sbsbab1,Pomatorhinus superciliaris,Slender-billed Scimitar Babbler,
sbsbab3,Pomatorhinus ruficollis,Streak-breasted Scimitar Babbler,
taiscb1,Pomatorhinus musicus,Taiwan Scimitar Babbler,
wbsbab1,Pomatorhinus schisticeps,White-browed Scimitar Babbler,
insbab1,Pomatorhinus horsfieldii,Indian Scimitar Babbler,
srlscb1,Pomatorhinus melanurus,Sri Lanka Scimitar Babbler,
chbscb2,Pomatorhinus bornensis,Sunda Scimitar Babbler,
chbscb1,Pomatorhinus montanus,Javan Scimitar Babbler,
lasbab1,Erythrogenys hypoleucos,Large Scimitar Babbler,
rcsbab1,Erythrogenys erythrogenys,Rusty-cheeked Scimitar Babbler,
spbscb1,Erythrogenys mcclellandi,Spot-breasted Scimitar Babbler,
bksscb1,Erythrogenys gravivox,Black-streaked Scimitar Babbler,
gysscb1,Erythrogenys swinhoei,Grey-sided Scimitar Babbler,
sbsbab2,Erythrogenys erythrocnemis,Black-necklaced Scimitar Babbler,
bltbab1,Stachyris nigricollis,Black-throated Babbler,
whbbab2,Stachyris grammiceps,White-breasted Babbler,
chrbab1,Stachyris maculata,Chestnut-rumped Babbler,
gytbab1,Stachyris nigriceps,Grey-throated Babbler,
gyhbab1,Stachyris poliocephala,Grey-headed Babbler,
nonbab1,Stachyris nonggangensis,Nonggang Babbler,
soobab1,Stachyris herberti,Sooty Babbler,
wbwbab1,Stachyris humei,Sikkim Wedge-billed Babbler,
chbbab1,Stachyris roberti,Cachar Wedge-billed Babbler,
whnbab1,Stachyris leucotis,White-necked Babbler,
whbbab1,Stachyris thoracica,White-bibbed Babbler,
sntbab1,Stachyris oglei,Snowy-throated Babbler,
spnbab1,Stachyris strialata,Spot-necked Babbler,
rurgra1,Graminicola bengalensis,Indian Grassbird,
chigra1,Graminicola striatus,Chinese Grassbird,
lawbab1,Turdinus macrodactylus,Large Wren-Babbler,
mawbab1,Turdinus marmoratus,Marbled Wren-Babbler,
btwbab1,Turdinus atrigularis,Black-throated Wren-Babbler,
socbab1,Malacopteron affine,Sooty-capped Babbler,
gybbab1,Malacopteron albogulare,Grey-breasted Babbler,
sccbab1,Malacopteron cinereum,Scaly-crowned Babbler,
rucbab2,Malacopteron magnum,Rufous-crowned Babbler,
moubab1,Malacopteron magnirostre,Moustached Babbler,
palbab1,Malacopteron palawanense,Melodious Babbler,
whhbab2,Gampsorhynchus rufulus,White-hooded Babbler,
colbab1,Gampsorhynchus torquatus,Collared Babbler,
yetful1,Schoeniparus cinereus,Yellow-throated Fulvetta,
ruwful1,Schoeniparus castaneceps,Rufous-winged Fulvetta,
bkcful1,Schoeniparus klossi,Black-crowned Fulvetta,
gofful2,Schoeniparus variegaticeps,Golden-fronted Fulvetta,
rutful1,Schoeniparus rufogularis,Rufous-throated Fulvetta,
rucful1,Schoeniparus dubius,Rusty-capped Fulvetta,
dusful1,Schoeniparus brunneus,Dusky Fulvetta,
putbab1,Pellorneum ruficeps,Puff-throated Babbler,
bncbab1,Pellorneum fuscocapillus,Brown-capped Babbler,
marbab2,Pellorneum palustre,Marsh Babbler,
bkcbab1,Pellorneum nigrocapitatum,Malayan Black-capped Babbler,
blcbab1,,,
shtbab1,Pellorneum malaccense,Short-tailed Babbler,
ashbab1,Pellorneum cinereiceps,Ashy-headed Babbler,
sptbab1,Pellorneum albiventre,Spot-throated Babbler,
bubbab1,Pellorneum tickelli,Buff-breasted Babbler,
sumbab1,Pellorneum buettikoferi,Sumatran Babbler,
tembab1,Pellorneum pyrrogenys,Temminck's Babbler,
whcbab1,Pellorneum rostratum,White-chested Babbler,
ferbab1,Pellorneum bicolor,Ferruginous Babbler,
sulbab1,Pellorneum celebense,Sulawesi Babbler,
ruvpri1,Laticilla burnesii,Rufous-vented Grass Babbler,
swapri1,Laticilla cinerascens,Swamp Grass Babbler,
broill1,Illadopsis fulvescens,Brown Illadopsis,
pabill1,Illadopsis rufipennis,Pale-breasted Illadopsis,
pabill3,Illadopsis distans,Tanzanian Illadopsis,
mouill1,Illadopsis pyrrhoptera,Mountain Illadopsis,
blaill1,Illadopsis cleaveri,Blackcap Illadopsis,
scbill1,Illadopsis albipectus,Scaly-breasted Illadopsis,
thrbab1,Illadopsis turdina,Spotted Thrush-Babbler,
puvill1,Illadopsis puveli,Puvel's Illadopsis,
ruwill1,Illadopsis rufescens,Rufous-winged Illadopsis,
stwbab3,Kenopia striata,Striped Wren-Babbler,
abbbab1,Malacocincla abbotti,Abbott's Babbler,
horbab2,Malacocincla sepiaria,Horsfield's Babbler,
mowbab1,Gypsophila crassa,Mountain Wren-Babbler,
stwbab1,Gypsophila brevicaudata,Streaked Wren-Babbler,
limwrb4,Gypsophila annamensis,Annam Limestone Babbler,
limwrb2,Gypsophila calcicola,Rufous Limestone Babbler,
limwrb3,Gypsophila crispifrons,Variable Limestone Babbler,
rbwbab1,Gypsophila rufipectus,Rusty-breasted Wren-Babbler,
stwbab2,Ptilocichla mindanensis,Striated Wren-Babbler,
bowbab1,Ptilocichla leucogrammica,Bornean Wren-Babbler,
fawbab1,Ptilocichla falcata,Falcated Wren-Babbler,
eywbab1,Napothera epilepidota,Eyebrowed Wren-Babbler,
lbwbab1,Napothera malacoptila,Long-billed Wren-Babbler,
sumwrb1,Napothera albostriata,Sumatran Wren-Babbler,
whtwrb1,Napothera pasquieri,White-throated Wren-Babbler,
namscb1,Napothera naungmungensis,Naung Mung Scimitar Babbler,
stsbab1,Napothera danjoui,Short-tailed Scimitar Babbler,
brcful1,Alcippe poioicephala,Brown-cheeked Fulvetta,
bkbful1,Alcippe grotei,Black-browed Fulvetta,
broful1,Alcippe brunneicauda,Brown Fulvetta,
javful1,Alcippe pyrrhoptera,Javan Fulvetta,
nepful1,Alcippe nipalensis,Nepal Fulvetta,
gycful3,Alcippe davidi,David's Fulvetta,
gycful5,Alcippe hueti,Huet's Fulvetta,
gycful1,Alcippe morrisonia,Grey-cheeked Fulvetta,
gycful4,Alcippe fratercula,Yunnan Fulvetta,
mouful1,Alcippe peracensis,Mountain Fulvetta,
strlau2,Grammatoptila striata,Striated Laughingthrush,
cutia1,Cutia nipalensis,Himalayan Cutia,
viecut1,Cutia legalleni,Vietnamese Cutia,
scalau1,Trochalopteron subunicolor,Scaly Laughingthrush,
brclau1,Trochalopteron austeni,Brown-capped Laughingthrush,
blwlau1,Trochalopteron squamatum,Blue-winged Laughingthrush,
strlau1,Trochalopteron lineatum,Streaked Laughingthrush,
bhulau1,Trochalopteron imbricatum,Bhutan Laughingthrush,
strlau3,Trochalopteron virgatum,Striped Laughingthrush,
varlau1,Trochalopteron variegatum,Variegated Laughingthrush,
blflau1,Trochalopteron affine,Black-faced Laughingthrush,
whwlau1,Trochalopteron morrisonianum,White-whiskered Laughingthrush,
prhlau1,Trochalopteron henrici,Brown-cheeked Laughingthrush,
elllau1,Trochalopteron elliotii,Elliot's Laughingthrush,
retlau1,Trochalopteron milnei,Red-tailed Laughingthrush,
chclau2,Trochalopteron erythrocephalum,Chestnut-crowned Laughingthrush,
asslau1,Trochalopteron chrysopterum,Assam Laughingthrush,
rewlau1,Trochalopteron formosum,Red-winged Laughingthrush,
sielau1,Trochalopteron melanostigma,Silver-eared Laughingthrush,
mallau1,Trochalopteron peninsulae,Malayan Laughingthrush,
bkclau1,Montecincla jerdoni,Banasura Laughingthrush,
bkclau2,Montecincla cachinnans,Nilgiri Laughingthrush,
kerlau2,Montecincla fairbanki,Palani Laughingthrush,
lotsib1,Heterophasia picaoides,Long-tailed Sibia,
whesib1,Heterophasia auricularis,White-eared Sibia,
rufsib1,Heterophasia capistrata,Rufous Sibia,
beasib1,Heterophasia pulchella,Beautiful Sibia,
grysib1,Heterophasia gracilis,Grey Sibia,
blbsib1,Heterophasia melanoleuca,Dark-backed Sibia,
blhsib1,Heterophasia desgodinsi,Black-headed Sibia,
hotbar1,Actinodura nipalensis,Hoary-throated Barwing,
taibar1,Actinodura morrisoniana,Taiwan Barwing,
sttbar1,Actinodura waldeni,Streak-throated Barwing,
strbar1,Actinodura souliei,Streaked Barwing,
blwmin1,Actinodura cyanouroptera,Blue-winged Minla,
chtmin1,Actinodura strigula,Bar-throated Minla,
rufbar1,Actinodura egertoni,Rusty-fronted Barwing,
spebar1,Actinodura ramsayi,Spectacled Barwing,
bkcbar1,Actinodura sodangorum,Black-crowned Barwing,
retmin1,Minla ignotincta,Red-tailed Minla,
rubsib1,Leioptila annectens,Rufous-backed Sibia,
stelio1,Liocichla steerii,Taiwan Liocichla,
reflio2,Liocichla phoenicea,Red-faced Liocichla,
reflio3,Liocichla ripponi,Scarlet-faced Liocichla,
lagbab2,Argya malcolmi,Large Grey Babbler,
ashlau1,Argya cinereifrons,Ashy-headed Laughingthrush,
slbbab1,Argya longirostris,Slender-billed Babbler,
rufbab3,Argya subrufa,Rufous Babbler,
orbbab1,Argya rufescens,Orange-billed Babbler,
junbab2,Argya striata,Jungle Babbler,
yebbab1,Argya affinis,Yellow-billed Babbler,
rufcha2,Argya rubiginosa,Rufous Chatterer,
scacha1,Argya aylmeri,Scaly Chatterer,
irabab1,Argya altirostris,Iraq Babbler,
combab1,Argya huttoni,Afghan Babbler,
combab3,Argya caudata,Common Babbler,
fulcha1,Argya fulva,Fulvous Babbler,
arabab1,Argya squamiceps,Arabian Babbler,
strbab1,Argya earlei,Striated Babbler,
whtbab1,Argya gularis,White-throated Babbler,
spibab1,Turdoides nipalensis,Spiny Babbler,
capbab1,Turdoides atripennis,Capuchin Babbler,
wtmbab1,Turdoides gilberti,White-throated Mountain Babbler,
brobab1,Turdoides plebejus,Brown Babbler,
whrbab2,Turdoides leucopygia,White-rumped Babbler,
hipbab1,Turdoides hindei,Hinde's Babbler,
scabab2,Turdoides squamulata,Scaly Babbler,
tanfin1,Oreothraupis arremonops,Tanager Finch,
ytbtan1,Chlorospingus flavigularis,Yellow-throated Chlorospingus,YTCH
shbbut1,Chlorospingus parvirostris,Yellow-whiskered Chlorospingus,
atbtan1,Chlorospingus canigularis,Ashy-throated Chlorospingus,ATCH
scbtan1,Chlorospingus pileatus,Sooty-capped Chlorospingus,SCCH
cobtan1,Chlorospingus flavopectus,Common Chlorospingus,COCL
tabtan1,Chlorospingus tacarcunae,Tacarcuna Chlorospingus,TACH
dubtan1,Chlorospingus semifuscus,Dusky Chlorospingus,
tumspa1,Rhynchospiza stolzmanni,Tumbes Sparrow,
stcspa2,Rhynchospiza dabbenei,Yungas Sparrow,
stcspa3,Rhynchospiza strigiceps,Chaco Sparrow,
ruwspa,Peucaea carpalis,Rufous-winged Sparrow,RWSP
citspa1,Peucaea sumichrasti,Cinnamon-tailed Sparrow,CTSP
sthspa1,Peucaea ruficauda,Stripe-headed Sparrow,SHSP
blcspa1,Peucaea humeralis,Black-chested Sparrow,BCHS
brispa1,Peucaea mystacalis,Bridled Sparrow,BRIS
botspa,Peucaea botterii,Botteri's Sparrow,BOSP
casspa,Peucaea cassinii,Cassin's Sparrow,CASP
bacspa,Peucaea aestivalis,Bachman's Sparrow,BACS
graspa,Ammodramus savannarum,Grasshopper Sparrow,GRSP
graspa1,Ammodramus humeralis,Grassland Sparrow,
yebspa1,Ammodramus aurifrons,Yellow-browed Sparrow,
olispa,Arremonops rufivirgatus,Olive Sparrow,OLSP
grbspa1,Arremonops chloronotus,Green-backed Sparrow,GBSP
blsspa1,Arremonops conirostris,Black-striped Sparrow,BSTS
tocspa1,Arremonops tocuyensis,Tocuyo Sparrow,
fisspa,Amphispizopsis quinquestriata,Five-striped Sparrow,FSSP
bktspa,Amphispiza bilineata,Black-throated Sparrow,BTSP
larspa,Chondestes grammacus,Lark Sparrow,LASP
larbun,Calamospiza melanocorys,Lark Bunting,LARB
chispa,Spizella passerina,Chipping Sparrow,CHSP
clcspa,Spizella pallida,Clay-colored Sparrow,CCSP
bkcspa,Spizella atrogularis,Black-chinned Sparrow,BCSP
fiespa,Spizella pusilla,Field Sparrow,FISP
brespa,Spizella breweri,Brewer's Sparrow,BRSP
worspa,Spizella wortheni,Worthen's Sparrow,WOSP
sthbrf4,Arremon basilicus,Sierra Nevada Brushfinch,
sthbrf5,Arremon perijanus,Perija Brushfinch,
sthbrf3,Arremon costaricensis,Costa Rican Brushfinch,CRBR
sthbrf1,Arremon atricapillus,Black-headed Brushfinch,BHBR
sthbrf8,Arremon assimilis,Grey-browed Brushfinch,
sthbrf2,Arremon torquatus,White-browed Brushfinch,
orbspa1,Arremon aurantiirostris,Orange-billed Sparrow,OBSP
blcspa2,,,
gowspa1,Arremon schlegeli,Golden-winged Sparrow,
pecspa1,Arremon taciturnus,Pectoral Sparrow,
safspa1,Arremon franciscanus,Sao Francisco Sparrow,
hacspa1,Arremon semitorquatus,Half-collared Sparrow,
sabspa4,Arremon dorbignii,Moss-backed Sparrow,
sabspa1,Arremon flavirostris,Saffron-billed Sparrow,
gsbfin1,Arremon virenticeps,Green-striped Brushfinch,GSBR
ccbfin,Arremon brunneinucha,Chestnut-capped Brushfinch,CCBR
soffin1,Arremon crassirostris,Sooty-faced Finch,SFFI
olifin1,Arremon castaneiceps,Olive Finch,
foxsp2,,,
foxsp3,,,
foxsp4,,,
foxspa,Passerella iliaca,Fox Sparrow,FOSP
amtspa,Spizelloides arborea,American Tree Sparrow,ATSP
voljun1,Junco vulcani,Volcano Junco,VOJU
daejun,Junco hyemalis,Dark-eyed Junco,DEJU
yeejun,Junco phaeonotus,Yellow-eyed Junco,YEJU
yeejun2,Junco bairdi,Baird's Junco,BAJU
rucspa1,Zonotrichia capensis,Rufous-collared Sparrow,RCOS
whcspa,Zonotrichia leucophrys,White-crowned Sparrow,WCSP
gocspa,Zonotrichia atricapilla,Golden-crowned Sparrow,GCSP
harspa,Zonotrichia querula,Harris's Sparrow,HASP
whtspa,Zonotrichia albicollis,White-throated Sparrow,WTSP
sagspa1,Artemisiospiza nevadensis,Sagebrush Sparrow,SABS
belspa2,Artemisiospiza belli,Bell's Sparrow,BESP
strspa1,Oriturus superciliosus,Striped Sparrow,SSPA
vesspa,Pooecetes gramineus,Vesper Sparrow,VESP
lecspa,Ammospiza leconteii,LeConte's Sparrow,LCSP
seaspa,Ammospiza maritima,Seaside Sparrow,SESP
nstspa,Ammospiza nelsoni,Nelson's Sparrow,NESP
sstspa,Ammospiza caudacuta,Saltmarsh Sparrow,SALS
baispa,Centronyx bairdii,Baird's Sparrow,BAIS
henspa,Centronyx henslowii,Henslow's Sparrow,HESP
savspa,Passerculus sandwichensis,Savannah Sparrow,SAVS
simspa1,Xenospiza baileyi,Sierra Madre Sparrow,SMSP
sonspa,Melospiza melodia,Song Sparrow,SOSP
linspa,Melospiza lincolnii,Lincoln's Sparrow,LISP
swaspa,Melospiza georgiana,Swamp Sparrow,SWSP
laffin1,Pezopetes capitalis,Large-footed Finch,LFFI
zapspa1,Torreornis inexpectata,Zapata Sparrow,ZASP
whcbul2,Pycnonotus leucogenys,Himalayan Bulbul,
whsbul1,Pycnonotus xanthopygos,White-spectacled Bulbul,
blfbul1,Pycnonotus nigricans,African Red-eyed Bulbul,
combul4,,,
combul5,,,
combul6,,,
capbul1,Pycnonotus capensis,Cape Bulbul,
afrmar2,Pseudochelidon eurystomina,African River Martin,
sqtsaw1,Psalidoprocne nitens,Square-tailed Saw-wing,
blksaw1,Psalidoprocne pristoptera,Black Saw-wing,
whhsaw1,Psalidoprocne albiceps,White-headed Saw-wing,
banmar1,Neophedina cincta,Banded Martin,
bramar1,Phedinopsis brazzae,Brazza's Martin,
masmar1,Phedina borbonica,Mascarene Martin,
banswa,Riparia riparia,Sand Martin,BANS
pasmar1,Riparia diluta,Pale Martin,
plamar1,Riparia paludicola,Brown-throated Martin,
gytmar1,Riparia chinensis,Grey-throated Martin,
treswa,Tachycineta bicolor,Tree Swallow,TRES
vigswa,Tachycineta thalassina,Violet-green Swallow,VGSW
whrswa1,Tachycineta leucorrhoa,White-rumped Swallow,
chiswa1,Tachycineta leucopyga,Chilean Swallow,
tumswa1,Tachycineta stolzmanni,Tumbes Swallow,
manswa1,Tachycineta albilinea,Mangrove Swallow,MANS
whwswa1,Tachycineta albiventer,White-winged Swallow,
whbswa2,Atticora fasciata,White-banded Swallow,
blcswa1,Atticora pileata,Black-capped Swallow,BCSW
whtswa1,Atticora tibialis,White-thighed Swallow,WTGS
bawswa1,Pygochelidon cyanoleuca,Blue-and-white Swallow,BAWS
blcswa2,Pygochelidon melanoleuca,Black-collared Swallow,
tahswa2,Alopochelidon fucata,Tawny-headed Swallow,
pafswa1,Orochelidon flavipes,Pale-footed Swallow,
brbswa1,Orochelidon murina,Brown-bellied Swallow,
andswa2,Orochelidon andecola,Andean Swallow,
nrwswa,Stelgidopteryx serripennis,Northern Rough-winged Swallow,NRWS
srwswa1,Stelgidopteryx ruficollis,Southern Rough-winged Swallow,SRWS
brcmar1,Progne tapera,Brown-chested Martin,BCMA
permar1,Progne murphyi,Peruvian Martin,
purmar,Progne subis,Purple Martin,PUMA
soumar,Progne elegans,Southern Martin,SOMA
gybmar,Progne chalybea,Grey-breasted Martin,GYBM
cubmar,Progne cryptoleuca,Cuban Martin,CUMA
carmar1,Progne dominicensis,Caribbean Martin,CAMA
gyrswa1,Pseudhirundo griseopyga,Grey-rumped Swallow,
whbswa3,Cheramoeca leucosterna,White-backed Swallow,
eurcrm1,Ptyonoprogne rupestris,Eurasian Crag Martin,
rocmar1,Ptyonoprogne obsoleta,Pale Crag Martin,
rocmar2,,,
duscrm1,Ptyonoprogne concolor,Dusky Crag Martin,
barswa1,Hirundo nigrorufa,Black-and-rufous Swallow,
piwswa1,Hirundo leucosoma,Pied-winged Swallow,
pebswa1,Hirundo dimidiata,Pearl-breasted Swallow,
pacswa1,Hirundo javanica,Pacific Swallow,
pacswa3,Hirundo domicola,Hill Swallow,
welswa1,Hirundo neoxena,Welcome Swallow,
whtswa3,Hirundo albigularis,White-throated Swallow,
witswa1,Hirundo smithii,Wire-tailed Swallow,
wtbswa1,Hirundo nigrita,White-bibbed Swallow,
barswa,Hirundo rustica,Barn Swallow,BARS
angswa1,Hirundo angolensis,Angola Swallow,
recswa1,Hirundo lucida,Red-chested Swallow,
ethswa1,Hirundo aethiopica,Ethiopian Swallow,
cohmar1,,,
comhom2,Delichon lagopodum,Siberian House Martin,SIHM
nephom1,Delichon nipalense,Nepal House Martin,
ashmar1,Delichon dasypus,Asian House Martin,
rucswa2,Cecropis semirufa,Red-breasted Swallow,
mosswa2,Cecropis senegalensis,Mosque Swallow,
lessts1,Cecropis abyssinica,Lesser Striped Swallow,
grests1,Cecropis cucullata,Greater Striped Swallow,
rerswa1,,,
srlswa1,Cecropis hyperythra,Sri Lanka Swallow,
strswa2,,,
rubswa1,Cecropis badia,Rufous-bellied Swallow,
cliswa,Petrochelidon pyrrhonota,American Cliff Swallow,CLSW
cavswa,Petrochelidon fulva,Cave Swallow,CASW
chcswa2,Petrochelidon rufocollaris,Chestnut-collared Swallow,
preswa2,Petrochelidon preussi,Preuss's Cliff Swallow,
retswa2,Petrochelidon rufigula,Red-throated Cliff Swallow,
soaswa2,Petrochelidon spilodera,South African Cliff Swallow,
sttswa2,Petrochelidon fluvicola,Streak-throated Swallow,
faimar2,Petrochelidon ariel,Fairy Martin,
tremar2,Petrochelidon nigricans,Tree Martin,
chicup1,,,
taiwrb1,Pnoepyga formosana,Taiwan Cupwing,
immwrb1,Pnoepyga immaculata,Nepal Cupwing,
pywbab1,Pnoepyga pusilla,Pygmy Cupwing,
mogwar1,Melocichla mentalis,Moustached Grass Warbler,
capgra1,Sphenoeacus afer,Cape Grassbird,
damroc1,Achaetops pycnopygius,Rockrunner,
yellon1,Macrosphenus flavicans,Yellow Longbill,
kemlon1,Macrosphenus kempi,Kemp's Longbill,
grylon1,Macrosphenus concolor,Grey Longbill,
pullon1,Macrosphenus pulitzeri,Pulitzer's Longbill,
krelon1,Macrosphenus kretschmeri,Kretschmer's Longbill,
norcro1,Sylvietta brachyura,Northern Crombec,
refcro1,Sylvietta whytii,Red-faced Crombec,
capcro1,Sylvietta rufescens,Long-billed Crombec,
reccro1,Sylvietta ruficapilla,Red-capped Crombec,
grecro1,Sylvietta virens,Green Crombec,
lebcro1,Sylvietta denti,Lemon-bellied Crombec,
whbcro2,Sylvietta leucophrys,White-browed Crombec,
viswar1,Cryptillas victorini,Victorin's Warbler,
yebwar1,Abroscopus superciliaris,Yellow-bellied Warbler,
rufwar1,Abroscopus albogularis,Rufous-faced Warbler,
blfwar1,Abroscopus schisticeps,Black-faced Warbler,
moutai2,Phyllergates cucullatus,Mountain Tailorbird,
ruhtai2,Phyllergates heterolaemus,Rufous-headed Tailorbird,
brbwar1,Tickellia hodgsoni,Broad-billed Warbler,
phbwar1,Horornis seebohmi,Philippine Bush Warbler,
jabwar,Horornis diphone,Japanese Bush Warbler,JBWA
manbuw1,Horornis canturians,Manchurian Bush Warbler,
pabwar1,Horornis annae,Palau Bush Warbler,
tabwar1,Horornis carolinae,Tanimbar Bush Warbler,
shawar1,Horornis parens,Shade Bush Warbler,
odedi1,Horornis haddeni,Bougainville Bush Warbler,
fibwar1,Horornis ruficapilla,Fiji Bush Warbler,
bfbwar1,Horornis fortipes,Brown-flanked Bush Warbler,
yebbuw2,Horornis brunnescens,Hume's Bush Warbler,
ybbwar1,Horornis acanthizoides,Yellow-bellied Bush Warbler,
subwar4,,,
abbwar1,Horornis flavolivaceus,Aberrant Bush Warbler,
gybtes1,Tesia cyaniventer,Grey-bellied Tesia,
ructes1,Tesia everetti,Russet-capped Tesia,
javtes1,Tesia superciliaris,Javan Tesia,
cetwar1,Cettia cetti,Cetti's Warbler,
ccbwar1,Cettia major,Chestnut-crowned Bush Warbler,
gysbuw1,Cettia brunnifrons,Grey-sided Bush Warbler,
chhtes1,Cettia castaneocoronata,Chestnut-headed Tesia,
asistu1,Urosphena squameiceps,Asian Stubtail,
borstu1,Urosphena whiteheadi,Bornean Stubtail,
timstu1,Urosphena subulata,Timor Stubtail,
neuwar1,Hemitesia neumanni,Neumann's Warbler,
stswar1,Scotocerca inquieta,Streaked Scrub Warbler,
yelfly2,Erythrocercus holochlorus,Little Yellow Flycatcher,
chcfly1,Erythrocercus mccallii,Chestnut-capped Flycatcher,
livfly1,Erythrocercus livingstonei,Livingstone's Flycatcher,
grehyl1,Hylia prasina,Green Hylia,
tithyl1,Pholidornis rushiae,Tit Hylia,
atlfly1,Ficedula speculigera,Atlas Pied Flycatcher,
rucfly3,Ficedula riedeli,Tanimbar Flycatcher,
barfly1,Ficedula nigrorufa,Black-and-orange Flycatcher,
rucfly1,Ficedula dumetoria,Rufous-chested Flycatcher,
furfly1,Ficedula disposita,Furtive Flycatcher,
palfly1,Ficedula platenae,Palawan Flycatcher,
sumfly1,Ficedula harterti,Sumba Flycatcher,
blbfly2,Ficedula timorensis,Black-banded Flycatcher,
lisfly1,Ficedula basilanica,Little Slaty Flycatcher,
rutfly7,Ficedula crypta,Cryptic Flycatcher,
bunfly1,Ficedula luzoniensis,Bundok Flycatcher,
lomfly1,Ficedula bonthaina,Lompobattang Flycatcher,
damfly1,Ficedula henrici,Damar Flycatcher,
alsred1,Phoenicurus alaschanicus,Przevalski's Redstart,
rubred2,Phoenicurus erythronotus,Eversmann's Redstart,
bucred1,Phoenicurus coeruleocephala,Blue-capped Redstart,
blared1,Phoenicurus ochruros,Black Redstart,
comred2,Phoenicurus phoenicurus,Common Redstart,CRET
hodred1,Phoenicurus hodgsoni,Hodgson's Redstart,
whtred1,Phoenicurus schisticeps,White-throated Redstart,
daured1,Phoenicurus auroreus,Daurian Redstart,
moured1,Phoenicurus moussieri,Moussier's Redstart,
whwred2,Phoenicurus erythrogastrus,Güldenstädt's Redstart,
blfred1,Phoenicurus frontalis,Blue-fronted Redstart,
plured1,Phoenicurus fuliginosus,Plumbeous Water Redstart,
whcred1,Phoenicurus leucocephalus,White-capped Redstart,
wwccha1,Monticola semirufus,White-winged Cliff Chat,
carthr1,Monticola rupestris,Cape Rock Thrush,
serthr1,Monticola explorator,Sentinel Rock Thrush,
strthr1,Monticola brevipes,Short-toed Rock Thrush,
mirthr1,Monticola angolensis,Miombo Rock Thrush,
rtrthr1,Monticola saxatilis,Common Rock Thrush,RTRT
lirthr1,Monticola rufocinereus,Little Rock Thrush,
burthr,Monticola solitarius,Blue Rock Thrush,
cbrthr1,Monticola rufiventris,Chestnut-bellied Rock Thrush,
bcrthr1,Monticola cinclorhyncha,Blue-capped Rock Thrush,
wtrthr1,Monticola gularis,White-throated Rock Thrush,
litrot1,Monticola imerina,Littoral Rock Thrush,
forrot2,Monticola sharpei,Forest Rock Thrush,
whinch1,Saxicola rubetra,Whinchat,
whbbus4,Saxicola macrorhynchus,White-browed Bush Chat,
whtbus1,Saxicola insignis,White-throated Bush Chat,
caisto1,Saxicola dacotiae,Canary Islands Stonechat,
stonec4,Saxicola rubicola,European Stonechat,
sibsto1,Saxicola maurus,Siberian Stonechat,ASST
stonec7,Saxicola stejnegeri,,
afrsto1,Saxicola torquatus,African Stonechat,
stonec6,,,
reusto1,Saxicola tectes,Reunion Stonechat,
whtsto2,Saxicola leucurus,White-tailed Stonechat,
piebus1,Saxicola caprata,Pied Bush Chat,
jerbus1,Saxicola jerdoni,Jerdon's Bush Chat,
grybus1,Saxicola ferreus,Grey Bush Chat,
timbus1,Saxicola gutturalis,White-bellied Bush Chat,
busbus1,Campicoloides bifasciatus,Buff-streaked Chat,
siccha1,Emarginata sinuata,Sickle-winged Chat,
karcha1,Emarginata schlegelii,Karoo Chat,
moocha1,Pinarochroa sordida,Moorland Chat,
moccha1,Thamnolaea cinnamomeiventris,Mocking Cliff Chat,
soocha1,Myrmecocichla nigra,Sooty Chat,
noacha1,Myrmecocichla aethiops,Anteater Chat,
soacha1,Myrmecocichla formicivora,Ant-eating Chat,
ruecha1,Myrmecocichla melaena,Rüppell's Black Chat,
mouwhe1,Myrmecocichla monticola,Mountain Chat,
whbcha2,Myrmecocichla arnotti,Arnot's Chat,
ruacha1,,,
norwhe,Oenanthe oenanthe,Northern Wheatear,NOWH
norwhe3,Oenanthe seebohmi,Atlas Wheatear,
capwhe1,Oenanthe pileata,Capped Wheatear,
rebwhe2,Oenanthe bottae,Buff-breasted Wheatear,
heuwhe1,Oenanthe heuglinii,Heuglin's Wheatear,
isawhe1,Oenanthe isabellina,Isabelline Wheatear,
hoowhe1,Oenanthe monacha,Hooded Wheatear,
deswhe1,Oenanthe deserti,Desert Wheatear,
bkewhe1,Oenanthe hispanica,Western Black-eared Wheatear,
bkewhe2,Oenanthe melanoleuca,Eastern Black-eared Wheatear,
cypwhe1,Oenanthe cypriaca,Cyprus Wheatear,
piewhe1,Oenanthe pleschanka,Pied Wheatear,PIWH
wfbcha1,Oenanthe albifrons,White-fronted Black Chat,
rerwhe1,Oenanthe moesta,Red-rumped Wheatear,
blacks1,Oenanthe melanura,Blackstart,
famcha1,Oenanthe familiaris,Familiar Chat,
brtcha1,Oenanthe scotocerca,Brown-tailed Rock Chat,
somcha1,Oenanthe dubia,Sombre Rock Chat,
indcha1,Oenanthe fusca,Brown Rock Chat,
varwhe1,Oenanthe picata,Variable Wheatear,
blawhe1,Oenanthe leucura,Black Wheatear,
mouwhe4,Oenanthe lugubris,Abyssinian Wheatear,
whtwhe1,Oenanthe leucopyga,White-crowned Wheatear,
humwhe2,Oenanthe albonigra,Hume's Wheatear,
finwhe1,Oenanthe finschii,Finsch's Wheatear,
mouwhe6,,,
mouwhe2,Oenanthe lugens,Mourning Wheatear,
mouwhe7,,,
mouwhe5,Oenanthe lugentoides,Arabian Wheatear,
retwhe3,Oenanthe xanthoprymna,Kurdish Wheatear,
retwhe2,Oenanthe chrysopygia,Red-tailed Wheatear,
hercha1,Namibornis herero,Herero Chat,
grcfly3,Humblotia flavirostris,Humblot's Flycatcher,
whtdip1,Cinclus cinclus,White-throated Dipper,
brodip1,Cinclus pallasii,Brown Dipper,
amedip,Cinclus mexicanus,American Dipper,AMDI
whcdip1,Cinclus leucocephalus,White-capped Dipper,
rutdip1,Cinclus schulzii,Rufous-throated Dipper,
philea1,Chloropsis flavipennis,Philippine Leafbird,
yetlea1,Chloropsis palawanensis,Yellow-throated Leafbird,
leglea1,Chloropsis cyanopogon,Lesser Green Leafbird,
blwlea1,Chloropsis moluccensis,Blue-winged Leafbird,
borlea1,Chloropsis kinabaluensis,Bornean Leafbird,
jerlea1,Chloropsis jerdoni,Jerdon's Leafbird,
goflea1,Chloropsis aurifrons,Golden-fronted Leafbird,
orblea1,Chloropsis hardwickii,Orange-bellied Leafbird,
orblea3,,,
olbflo1,Pachyglossa olivacea,Olive-backed Flowerpecker,
yebflo2,Prionochilus maculatus,Yellow-breasted Flowerpecker,
crbflo1,Prionochilus percussus,Crimson-breasted Flowerpecker,
palflo1,Prionochilus plateni,Palawan Flowerpecker,
yerflo1,Prionochilus xanthopygius,Yellow-rumped Flowerpecker,
scbflo2,Prionochilus thoracicus,Scarlet-breasted Flowerpecker,
speflo1,Dicaeum dayakorum,Spectacled Flowerpecker,
gorflo1,Dicaeum annae,Golden-rumped Flowerpecker,
thbflo1,Pachyglossa agilis,Thick-billed Flowerpecker,
thbflo3,,,
whiflo1,Pachyglossa propria,Whiskered Flowerpecker,
yevflo1,Pachyglossa chrysorrhea,Yellow-vented Flowerpecker,
yebflo1,Pachyglossa melanozantha,Yellow-bellied Flowerpecker,
whtflo1,Pachyglossa vincens,Legge's Flowerpecker,
yesflo1,Dicaeum aureolimbatum,Yellow-sided Flowerpecker,
olcflo1,Dicaeum nigrilore,Olive-capped Flowerpecker,
bicflo1,Dicaeum bicolor,Bicolored Flowerpecker,
resflo1,Dicaeum australe,Red-keeled Flowerpecker,
rekflo1,Dicaeum haematostictum,Black-belted Flowerpecker,
sccflo1,Dicaeum retrocinctum,Scarlet-collared Flowerpecker,
cebflo1,Dicaeum quadricolor,Cebu Flowerpecker,
orbflo1,Dicaeum trigonostigma,Orange-bellied Flowerpecker,
whbflo1,Dicaeum hypoleucum,Buzzing Flowerpecker,
pabflo1,Dicaeum erythrorhynchos,Pale-billed Flowerpecker,
plaflo1,Dicaeum concolor,Nilgiri Flowerpecker,
plaflo2,Dicaeum minullum,Plain Flowerpecker,
andflo1,Dicaeum virescens,Andaman Flowerpecker,
pygflo1,Dicaeum pygmaeum,Pygmy Flowerpecker,
crcflo1,Dicaeum nehrkorni,Crimson-crowned Flowerpecker,
flbflo2,Dicaeum erythrothorax,Buru Flowerpecker,
flbflo3,Dicaeum schistaceiceps,Halmahera Flowerpecker,
ashflo1,Dicaeum vulneratum,Ashy Flowerpecker,
olcflo2,Dicaeum pectorale,Olive-crowned Flowerpecker,
recflo1,Dicaeum geelvinkianum,Red-capped Flowerpecker,
louflo1,Dicaeum nitidum,Louisiade Flowerpecker,
rebflo1,Dicaeum eximium,Red-banded Flowerpecker,
midflo1,Dicaeum aeneum,Midget Flowerpecker,
motflo1,Dicaeum tristrami,Mottled Flowerpecker,
blfflo1,Dicaeum igniferum,Black-fronted Flowerpecker,
recflo2,Dicaeum maugei,Red-chested Flowerpecker,
mistle1,Dicaeum hirundinaceum,Mistletoebird,
gysflo1,Dicaeum celebicum,Grey-sided Flowerpecker,
blsflo1,Dicaeum monticolum,Black-sided Flowerpecker,
fibflo2,,,
blbflo1,,,
scbflo1,Dicaeum cruentatum,Scarlet-backed Flowerpecker,
schflo1,Dicaeum trochileum,Scarlet-headed Flowerpecker,
rucsun2,Chalcoparia singalensis,Ruby-cheeked Sunbird,
sctsun2,Deleornis fraseri,Fraser's Sunbird,
gyhsun1,Deleornis axillaris,Grey-headed Sunbird,
plbsun1,Anthreptes reichenowi,Plain-backed Sunbird,
ancsun1,Anthreptes anchietae,Anchieta's Sunbird,
plasun1,Anthreptes simplex,Plain Sunbird,
pltsun2,Anthreptes malacensis,Brown-throated Sunbird,
retsun3,Anthreptes rhodolaemus,Red-throated Sunbird,
mobsun1,Anthreptes gabonicus,Mangrove Sunbird,
wvbsun1,Anthreptes longuemarei,Western Violet-backed Sunbird,
kvbsun1,Anthreptes orientalis,Eastern Violet-backed Sunbird,
ligsun2,Anthreptes seimundi,Little Green Sunbird,
gresun1,,,
grnsun2,Anthreptes tephrolaemus,Grey-chinned Sunbird,
bansun1,Anthreptes rubritorques,Banded Green Sunbird,
colsun2,Hedydipna collaris,Collared Sunbird,
pygsun2,Hedydipna platura,Pygmy Sunbird,
nivsun2,Hedydipna metallica,Nile Valley Sunbird,
amasun2,Hedydipna pallidigaster,Amani Sunbird,
reisun2,Anabathmis reichenbachii,Reichenbach's Sunbird,
orbsun2,Anthobaphes violacea,Orange-breasted Sunbird,
gnhsun1,Cyanomitra verticalis,Green-headed Sunbird,
btbsun2,Cyanomitra cyanolaema,Blue-throated Brown Sunbird,
camsun2,Cyanomitra oritis,Cameroon Sunbird,
buhsun1,Cyanomitra alinae,Blue-headed Sunbird,
eaosun1,Cyanomitra olivacea,Olive Sunbird,
mocsun2,Cyanomitra veroxii,Grey Sunbird,
butsun2,Chalcomitra adelberti,Buff-throated Sunbird,
carsun2,Chalcomitra fuliginosa,Carmelite Sunbird,
gntsun1,Chalcomitra rubescens,Green-throated Sunbird,
amesun2,Chalcomitra amethystina,Amethyst Sunbird,
sccsun2,Chalcomitra senegalensis,Scarlet-chested Sunbird,
hunsun2,Chalcomitra hunteri,Hunter's Sunbird,
socsun2,Chalcomitra balfouri,Socotra Sunbird,
pursun3,Leptocoma zeylonica,Purple-rumped Sunbird,
crbsun2,Leptocoma minima,Crimson-backed Sunbird,
putsun3,Leptocoma sperata,Purple-throated Sunbird,
vahsun1,Leptocoma brasiliana,Van Hasselt's Sunbird,
blksun1,Leptocoma aspasia,Black Sunbird,
cotsun2,Leptocoma calcostetha,Copper-throated Sunbird,
bocsun2,Nectarinia bocagii,Bocage's Sunbird,
tacsun1,Nectarinia tacazze,Tacazze Sunbird,
brosun1,Nectarinia kilimensis,Bronze Sunbird,
malsun1,Nectarinia famosa,Malachite Sunbird,
retsun2,Nectarinia johnstoni,Scarlet-tufted Sunbird,
gowsun2,Drepanorhynchus reichenowi,Golden-winged Sunbird,
olbsun3,Cinnyris chloropygius,Olive-bellied Sunbird,
tinsun2,Cinnyris minullus,Tiny Sunbird,
miosun3,Cinnyris manoensis,Eastern Miombo Sunbird,
miosun2,Cinnyris gertrudis,Western Miombo Sunbird,
sdcsun3,Cinnyris chalybeus,Southern Double-collared Sunbird,
neesun2,Cinnyris neergaardi,Neergaard's Sunbird,
stusun1,Cinnyris stuhlmanni,Rwenzori Double-collared Sunbird,
mdcsun3,Cinnyris ludovicensis,Ludwig's Double-collared Sunbird,
ndcsun2,Cinnyris reichenowi,Northern Double-collared Sunbird,
gdcsun2,Cinnyris afer,Greater Double-collared Sunbird,
regsun2,Cinnyris regius,Regal Sunbird,
edcsun3,Cinnyris mediocris,Eastern Double-collared Sunbird,
edcsun4,Cinnyris usambaricus,Usambara Double-collared Sunbird,
morsun2,Cinnyris moreaui,Moreau's Sunbird,
lovsun3,Cinnyris loveridgei,Loveridge's Sunbird,
beasun2,Cinnyris pulchellus,Beautiful Sunbird,
marsun2,Cinnyris mariquensis,Marico Sunbird,
shesun2,Cinnyris shelleyi,Shelley's Sunbird,
recsun2,Cinnyris erythrocercus,Red-chested Sunbird,
bkbsun1,Cinnyris nectarinioides,Black-bellied Sunbird,
pubsun4,Cinnyris bifasciatus,Purple-banded Sunbird,
tsasun1,Cinnyris tsavoensis,Tsavo Sunbird,
pemsun2,Cinnyris pembae,Pemba Sunbird,
ortsun3,Cinnyris bouvieri,Orange-tufted Sunbird,
palsun2,Cinnyris osea,Palestine Sunbird,
shisun3,Cinnyris habessinicus,Abyssinian Sunbird,
splsun2,Cinnyris coccinigastrus,Splendid Sunbird,
johsun2,Cinnyris johannae,Johanna's Sunbird,
supsun2,Cinnyris superbus,Superb Sunbird,
ruwsun2,Cinnyris rufipennis,Rufous-winged Sunbird,
oussun2,Cinnyris oustaleti,Oustalet's Sunbird,
whbsun2,Cinnyris talatala,White-bellied Sunbird,
varsun2,Cinnyris venustus,Variable Sunbird,
dussun2,Cinnyris fuscus,Dusky Sunbird,
urssun2,Cinnyris ursulae,Ursula's Sunbird,
batsun2,Cinnyris batesi,Bates's Sunbird,
copsun2,Cinnyris cupreus,Copper Sunbird,
pursun4,Cinnyris asiaticus,Purple Sunbird,
yebdac1,Dacnis flaviventer,Yellow-bellied Dacnis,
turdac1,Dacnis hartlaubi,Turquoise Dacnis,
blfdac1,Dacnis lineata,Black-faced Dacnis,
bkfdac1,,,
blldac1,Dacnis nigripes,Black-legged Dacnis,
whbdac1,Dacnis albiventris,White-bellied Dacnis,
mccfin1,Saltatricula multicolor,Many-colored Chaco Finch,
bltsal1,Saltatricula atricollis,Black-throated Saltator,
orisal1,Saltator orenocensis,Orinoco Saltator,
grwsal1,Saltator similis,Green-winged Saltator,
grasal2,Saltator grandis,Cinnamon-bellied Saltator,CIBS
grasal4,Saltator olivascens,Olive-grey Saltator,
grasal3,Saltator coerulescens,Bluish-grey Saltator,
strsal1,Saltator striatipectus,Streaked Saltator,SSAL
butsal1,Saltator maximus,Buff-throated Saltator,BTSA
blwsal1,Saltator atripennis,Black-winged Saltator,
blhsal1,Saltator atriceps,Black-headed Saltator,BHSA
blcsal1,Saltator nigriceps,Black-cowled Saltator,
bltgro2,Saltator fuliginosus,Black-throated Grosbeak,
slcgro1,Saltator grossus,Slate-colored Grosbeak,SCOG
massal1,Saltator cinctus,Masked Saltator,
thbsal1,Saltator maxillosus,Thick-billed Saltator,
gobsal1,Saltator aurantiirostris,Golden-billed Saltator,
banana,Coereba flaveola,Bananaquit,BANA
yefgra1,Tiaris olivaceus,Yellow-faced Grassquit,YFGR
orange1,Euneornis campestris,Orangequit,ORAN
purbul1,Melopyrrha portoricensis,Puerto Rican Bullfinch,PRBU
grabul1,Melopyrrha violacea,Greater Antillean Bullfinch,GABU
cubbul1,,,
yesgra1,Loxipasser anoxanthus,Yellow-shouldered Grassquit,YSGR
barbul1,Loxigilla barbadensis,Barbados Bullfinch,BABU
leabul1,Loxigilla noctis,Lesser Antillean Bullfinch,LANB
bkfgra,Melanospiza bicolor,Black-faced Grassquit,BFGR
soogra2,Asemospiza fuliginosa,Sooty Grassquit,
ducgra2,Asemospiza obscura,Dull-colored Grassquit,
warfin1,Certhidea olivacea,Green Warbler-Finch,
grywaf1,Certhidea fusca,Grey Warbler-Finch,
vegfin2,Platyspiza crassirostris,Vegetarian Finch,
metfin1,Camarhynchus pauper,Medium Tree Finch,
woofin1,Camarhynchus pallidus,Woodpecker Finch,
smtfin1,Camarhynchus parvulus,Small Tree Finch,
latfin1,Camarhynchus psittacula,Large Tree Finch,
smgfin1,Geospiza fuliginosa,Small Ground Finch,
larcaf2,Geospiza conirostris,Espanola Cactus Finch,
lagfin1,Geospiza magnirostris,Large Ground Finch,
cocfin3,Geospiza scandens,Common Cactus Finch,
megfin1,Geospiza fortis,Medium Ground Finch,
blbgra1,Volatinia jacarina,Blue-black Grassquit,BGRA
bawtan1,Conothraupis speculigera,Black-and-white Tanager,
cobtan2,Conothraupis mesoleuca,Cone-billed Tanager,
ructan4,Creurgops verticalis,Rufous-crested Tanager,
grhtan1,Eucometis penicillata,Grey-headed Tanager,GHET
blgtan1,Trichothraupis melanops,Black-goggled Tanager,
flctan1,Loriotus cristatus,Flame-crested Tanager,
whstan1,Loriotus luctuosus,White-shouldered Tanager,WSTA
yectan1,Loriotus rufiventer,Yellow-crested Tanager,
pilfin1,Coryphospingus pileatus,Grey Pileated Finch,
recfin1,Coryphospingus cucullatus,Red Pileated Finch,
fuctan1,Tachyphonus surinamus,Fulvous-crested Tanager,
tactan1,Tachyphonus delatrii,Tawny-crested Tanager,TCTA
whltan1,Tachyphonus rufus,White-lined Tanager,WLTA
restan1,Tachyphonus phoenicius,Red-shouldered Tanager,
ructan1,Tachyphonus coronatus,Ruby-crowned Tanager,
crbfin1,Rhodospingus cruentus,Crimson-breasted Finch,
wwstan1,Lanio versicolor,White-winged Shrike-Tanager,
fustan1,Lanio fulvus,Fulvous Shrike-Tanager,
btstan1,Lanio aurantius,Black-throated Shrike-Tanager,BTST
wtstan1,Lanio leucothorax,White-throated Shrike-Tanager,WTST
crctan1,Ramphocelus sanguinolentus,Crimson-collared Tanager,CCTA
flrtan1,Ramphocelus flammigerus,Flame-rumped Tanager,FRTA
flrtan3,,,
y00599,Ramphocelus passerinii,Scarlet-rumped Tanager,SCRT
bratan1,Ramphocelus bresilius,,
crbtan1,Ramphocelus dimidiatus,Crimson-backed Tanager,CBTA
mactan1,Ramphocelus nigrogularis,Masked Crimson Tanager,
bkbtan1,Ramphocelus melanogaster,Huallaga Tanager,
lessee2,Sporophila bouvronides,Lesson's Seedeater,LESE
linsee1,Sporophila lineola,Lined Seedeater,LISE
whcsee2,Sporophila torqueola,Cinnamon-rumped Seedeater,CRSE
whcsee1,Sporophila morelleti,Morelet's Seedeater,MOSE
varsee3,Sporophila corvina,Variable Seedeater,VASE
grysee1,Sporophila intermedia,Grey Seedeater,
wibsee1,Sporophila americana,Wing-barred Seedeater,
whnsee1,Sporophila fringilloides,White-naped Seedeater,
caqsee1,,,
bawsee1,Sporophila luctuosa,Black-and-white Seedeater,
docsee1,Sporophila caerulescens,Double-collared Seedeater,
yebsee1,Sporophila nigricollis,Yellow-bellied Seedeater,YBSE
dubsee1,Sporophila ardesiaca,Dubois's Seedeater,
tbsfin1,Sporophila funerea,Thick-billed Seed Finch,TBSF
cbsfin,Sporophila angolensis,Chestnut-bellied Seed Finch,
nisfin1,Sporophila nuttingi,Nicaraguan Seed Finch,NISF
gbsfin1,Sporophila maximiliani,Great-billed Seed Finch,
lbsfin1,Sporophila crassirostris,Large-billed Seed Finch,LBSF
bbsfin1,Sporophila atrirostris,Black-billed Seed Finch,
slcsee1,Sporophila schistacea,Slate-colored Seedeater,SCSE
temsee1,Sporophila falcirostris,Temminck's Seedeater,
bufsee1,Sporophila frontalis,Buffy-fronted Seedeater,
plusee1,Sporophila plumbea,Plumbeous Seedeater,
trosee1,Sporophila beltoni,Tropeiro Seedeater,
rucsee1,Sporophila collaris,Rusty-collared Seedeater,
whtsee1,Sporophila albogularis,White-throated Seedeater,
whbsee1,Sporophila leucoptera,White-bellied Seedeater,
pabsee1,Sporophila peruviana,Parrot-billed Seedeater,
chtsee1,Sporophila telasco,Chestnut-throated Seedeater,
chbsee1,Sporophila castaneiventris,Chestnut-bellied Seedeater,
rubsee1,Sporophila minuta,Ruddy-breasted Seedeater,RBSE
capsee1,Sporophila bouvreuil,Copper Seedeater,
batsee2,Sporophila nigrorufa,Black-and-tawny Seedeater,
tabsee1,Sporophila hypoxantha,Tawny-bellied Seedeater,
datsee1,Sporophila ruficollis,Dark-throated Seedeater,
pebsee1,Sporophila pileata,Pearly-bellied Seedeater,
rursee1,Sporophila hypochroma,Rufous-rumped Seedeater,
chesee1,Sporophila cinnamomea,Chestnut Seedeater,
marsee1,Sporophila palustris,Marsh Seedeater,
blbsee2,Sporophila melanogaster,Black-bellied Seedeater,
cinfin1,Piezorina cinerea,Cinereous Finch,
slbfin3,Xenospingus concolor,Slender-billed Finch,
gyhbut1,Cnemoscopus rubrirostris,Grey-hooded Bush Tanager,
blhhem1,Pseudospingus verticalis,Black-headed Hemispingus,
bowfin1,Poospiza boliviana,Bolivian Warbling Finch,
barwaf1,Poospiza nigrorufa,Black-and-rufous Warbling Finch,
barwaf2,Poospiza whitii,Black-and-chestnut Warbling Finch,
cowfin1,Poospiza hispaniolensis,Collared Warbling Finch,
tumfin1,Poospiza baeri,Tucuman Mountain Finch,
comfin1,Poospiza garleppi,Cochabamba Mountain Finch,
rubhem1,Poospiza rufosuperciliaris,Rufous-browed Hemispingus,
gychem1,Kleinothraupis reyi,Grey-capped Hemispingus,
blchem1,Kleinothraupis atropileus,Black-capped Hemispingus,
bkchem2,,,
orbhem1,Kleinothraupis calophrys,Orange-browed Hemispingus,
olehem1,Sphenopsis frontalis,Oleaginous Hemispingus,
blehem1,Sphenopsis melanotis,Black-eared Hemispingus,
bkehem3,,,
bkehem1,,,
fuhtan1,Thlypopsis fulviceps,Fulvous-headed Tanager,
bubtan1,Thlypopsis inornata,Buff-bellied Tanager,
orhtan1,Thlypopsis sordida,Orange-headed Tanager,
chhtan1,Thlypopsis pyrrhocoma,Chestnut-headed Tanager,
raytan1,Thlypopsis ruficeps,Rust-and-yellow Tanager,
suphem1,Thlypopsis superciliaris,Superciliaried Hemispingus,
ructan3,Thlypopsis ornata,Rufous-chested Tanager,
brftan1,Thlypopsis pectoralis,Brown-flanked Tanager,
bcwfin1,Castanozoster thoracicus,Bay-chested Warbling Finch,
ltrfin1,Donacospiza albifrons,Long-tailed Reed Finch,
whrtan1,Cypsnagra hirundinacea,White-rumped Tanager,
rswfin1,Poospizopsis hypochondria,,
cbmfin1,Poospizopsis caesar,Chestnut-breasted Mountain Finch,
bbbtan1,Urothraupis stolzmanni,Black-backed Bush Tanager,
pardus2,Nephelornis oneilli,Pardusco,
rrwfin1,Microspingus lateralis,Buff-throated Warbling Finch,
gytwaf1,Microspingus cabanisi,Grey-throated Warbling Finch,
rbwfin2,Microspingus erythrophrys,Rusty-browed Warbling Finch,
ptwfin1,Microspingus alticola,Plain-tailed Warbling Finch,
riwfin1,Microspingus torquatus,Ringed Warbling Finch,
thshem1,Microspingus trifasciatus,Three-striped Hemispingus,
bcwfin2,Microspingus melanoleucus,Black-capped Warbling Finch,
ciwfin1,Microspingus cinereus,Cinereous Warbling Finch,
pebcon1,Conirostrum margaritae,Pearly-breasted Conebill,
biccon1,Conirostrum bicolor,Bicolored Conebill,
chvcon1,Conirostrum speciosum,Chestnut-vented Conebill,
whecon1,Conirostrum leucogenys,White-eared Conebill,WECO
capcon1,Conirostrum albifrons,Capped Conebill,
giacon1,Conirostrum binghami,Giant Conebill,
blbcon1,Conirostrum sitticolor,Blue-backed Conebill,
whbcon1,Conirostrum ferrugineiventre,White-browed Conebill,
tamcon1,Conirostrum tamarugense,Tamarugo Conebill,
rubcon1,Conirostrum rufum,Rufous-browed Conebill,
cincon1,Conirostrum cinereum,Cinereous Conebill,
styfin1,Sicalis citrina,Stripe-tailed Yellow Finch,
sutfin1,Sicalis taczanowskii,Sulphur-throated Finch,
bryfin1,Sicalis uropygialis,Bright-rumped Yellow Finch,
saffin,Sicalis flaveola,Saffron Finch,SAFI
ofyfin1,Sicalis columbiana,Orange-fronted Yellow Finch,
gryfin1,Sicalis luteola,Grassland Yellow Finch,GRYF
chyfin1,Sicalis luteocephala,Citron-headed Yellow Finch,
payfin1,Sicalis lebruni,Patagonian Yellow Finch,
gryfin3,Sicalis olivascens,Greenish Yellow Finch,
monyef1,Sicalis mendozae,Monte Yellow Finch,
gryfin2,Sicalis auriventris,Greater Yellow Finch,
rayfin1,Sicalis raimondii,Raimondi's Yellow Finch,
puyfin1,Sicalis lutea,Puna Yellow Finch,
gyhsif1,Phrygilus gayi,Grey-hooded Sierra Finch,
pasfin1,Phrygilus patagonicus,Patagonian Sierra Finch,
bhsfin1,Phrygilus atriceps,Black-hooded Sierra Finch,
pesfin1,Phrygilus punensis,Peruvian Sierra Finch,
wilfin3,Nesospiza wilkinsi,Wilkins's Finch,
nigfin3,Nesospiza questi,Nightingale Island Finch,
cawfin1,Melanodera melanodera,White-bridled Finch,
yebfin1,Melanodera xanthogramma,Yellow-bridled Finch,
absfin1,Geospizopsis plebejus,Ash-breasted Sierra Finch,
plsfin1,Geospizopsis unicolor,Plumbeous Sierra Finch,
unifin1,Haplospiza unicolor,Uniform Finch,
slafin1,Haplospiza rustica,Slaty Finch,SLFI
pebfin1,Acanthidops bairdi,Peg-billed Finch,PBFI
tildac1,Xenodacnis parina,Tit-like Dacnis,
rbsfin1,Idiopsar dorsalis,Red-backed Sierra Finch,
wtsfin1,Idiopsar erythronotus,White-throated Sierra Finch,
wwdfin1,Idiopsar speculifer,Glacier Finch,
shtfin1,Idiopsar brachyurus,Boulder Finch,
batsee1,Catamenia analis,Band-tailed Seedeater,
plcsee1,Catamenia inornata,Plain-colored Seedeater,
parsee1,Catamenia homochroa,Paramo Seedeater,
debflo1,Diglossa glauca,Golden-eyed Flowerpiercer,
bluflo1,Diglossa caerulescens,Bluish Flowerpiercer,
masflo1,Diglossa cyanea,Masked Flowerpiercer,
indflo1,Diglossa indigotica,Indigo Flowerpiercer,
rusflo1,Diglossa sittoides,Rusty Flowerpiercer,
slaflo1,Diglossa plumbea,Slaty Flowerpiercer,SLFL
cibflo1,Diglossa baritula,Cinnamon-bellied Flowerpiercer,CBFL
mouflo1,Diglossa mystacalis,Moustached Flowerpiercer,
gloflo1,Diglossa lafresnayii,Glossy Flowerpiercer,
chbflo1,Diglossa gloriosissima,Chestnut-bellied Flowerpiercer,
greflo1,Diglossa major,Greater Flowerpiercer,
whsflo1,Diglossa albilatera,White-sided Flowerpiercer,
gybflo1,Diglossa carbonaria,Grey-bellied Flowerpiercer,
bktflo1,Diglossa brunneiventris,Black-throated Flowerpiercer,
merflo1,Diglossa gloriosa,Merida Flowerpiercer,
blkflo1,Diglossa humeralis,Black Flowerpiercer,
vertan1,Calochaetes coccineus,Vermilion Tanager,
pumtan2,Iridosornis porphyrocephalus,Purplish-mantled Tanager,
yettan1,Iridosornis analis,Yellow-throated Tanager,
goctan3,Iridosornis jelskii,Golden-collared Tanager,
yestan1,Iridosornis reinhardti,Yellow-scarfed Tanager,
goctan4,Iridosornis rufivertex,Golden-crowned Tanager,
fabtan1,Pipraeidea melanonota,Fawn-breasted Tanager,
baytan3,Rauenia bonariensis,Blue-and-yellow Tanager,
rubsal1,Pseudosaltator rufiventris,Rufous-bellied Mountain Tanager,
bbmtan1,Dubusia taeniata,Buff-banded Mountain Tanager,
cbmtan1,Dubusia castaneoventris,Chestnut-bellied Mountain Tanager,
homtan1,Buthraupis montana,Hooded Mountain Tanager,
blctan2,Sporathraupis cyanocephala,Blue-capped Tanager,
mamtan1,Tephrophilus wetmorei,Masked Mountain Tanager,
grgtan1,Chlorornis riefferii,Grass-green Tanager,
bcmtan1,Cnemathraupis eximia,Black-chested Mountain Tanager,
gbmtan1,Cnemathraupis aureodorsalis,Golden-backed Mountain Tanager,
bwmtan1,Anisognathus somptuosus,Blue-winged Mountain Tanager,
bcmtan2,Anisognathus notabilis,Black-chinned Mountain Tanager,
bkcmot1,Anisognathus melanogenys,Santa Marta Mountain Tanager,
sbmtan1,Anisognathus igniventris,Scarlet-bellied Mountain Tanager,
lamtan1,Anisognathus lacrymosus,Lacrimose Mountain Tanager,
glgtan1,Chlorochrysa phoenicotis,Glistening-green Tanager,
multan1,Chlorochrysa nitidissima,Multicolored Tanager,
oretan1,Chlorochrysa calliparaea,Orange-eared Tanager,
orttan1,Wetmorethraupis sterrhopteron,Orange-throated Tanager,
ygbtan1,Bangsia flavovirens,Yellow-green Tanager,
gortan1,Bangsia aureocincta,Gold-ringed Tanager,
mobtan1,Bangsia edwardsi,Moss-backed Tanager,
goctan1,Bangsia rothschildi,Golden-chested Tanager,
eurnut1,,,
rebcho1,Pyrrhocorax pyrrhocorax,Red-billed Chough,
yebcho1,Pyrrhocorax graculus,Alpine Chough,
piapia1,Ptilostomus afer,Piapiac,
eurjac,Coloeus monedula,Western Jackdaw,
daujac1,Coloeus dauuricus,Daurian Jackdaw,
houcro1,Corvus splendens,House Crow,
neccro1,Corvus moneduloides,New Caledonian Crow,
bancro1,Corvus unicolor,Banggai Crow,
slbcro1,,,
slbcro4,,,
slbcro3,Corvus violaceus,Violet Crow,
pipcro1,Corvus typicus,Piping Crow,
flocro1,Corvus florensis,Flores Crow,
marcro1,Corvus kubaryi,Mariana Crow,
lobcro1,Corvus validus,Long-billed Crow,
guacro1,Corvus woodfordi,White-billed Crow,
boucro1,Corvus meeki,Bougainville Crow,
brhcro1,Corvus fuscicapillus,Brown-headed Crow,
grycro1,Corvus tristis,Grey Crow,
capcro2,Corvus capensis,Cape Crow,
rook1,Corvus frugilegus,Rook,ROOK
amecro,Corvus brachyrhynchos,American Crow,AMCR
tamcro,Corvus imparatus,Tamaulipas Crow,TACR
sincro1,Corvus sinaloae,Sinaloa Crow,SICR
fiscro,Corvus ossifragus,Fish Crow,FICR
palcro2,,,
cupcro1,Corvus minutus,Cuban Palm Crow,CUPC
jamcro1,Corvus jamaicensis,Jamaican Crow,JACR
cubcro1,Corvus nasicus,Cuban Crow,CUCR
whncro1,Corvus leucognaphalus,White-necked Crow,WNCR
carcro1,Corvus corone,Carrion Crow,
hoocro1,Corvus cornix,,HCRW
colcro1,Corvus torquatus,Collared Crow,
labcro1,Corvus macrorhynchos,Large-billed Crow,
labcro4,,,
labcro3,,,
torcro2,Corvus orru,Torresian Crow,
torcro3,Corvus insularis,Bismarck Crow,
litcro1,Corvus bennetti,Little Crow,
forrav1,Corvus tasmanicus,Forest Raven,
litrav1,Corvus mellori,Little Raven,
ausrav1,Corvus coronoides,Australian Raven,
brnrav1,Corvus ruficollis,Brown-necked Raven,
somcro2,Corvus edithae,Somali Crow,
comrav,Corvus corax,Northern Raven,CORA
chirav,Corvus cryptoleucus,Chihuahuan Raven,CHRA
fatrav1,Corvus rhipidurus,Fan-tailed Raven,
whnrav1,Corvus albicollis,White-necked Raven,
thbrav1,Corvus crassirostris,Thick-billed Raven,
whwcho1,Corcorax melanorhamphos,White-winged Chough,
apostl1,Struthidea cinerea,Apostlebird,
lesmel1,Melampitta lugubris,Lesser Melampitta,
gremel1,Megalampitta gigantea,Greater Melampitta,
bucifr1,Ifrita kowaldi,Blue-capped Ifrit,
parcro1,,,
paradi3,Lycocorax obiensis,Obi Paradise-crow,
glmman2,Manucodia ater,Glossy-mantled Manucode,
crcman2,Manucodia chalybatus,Crinkle-collared Manucode,
cucman1,Manucodia comrii,Curl-crested Manucode,
truman1,Phonygammus keraudrenii,Trumpet Manucode,
lotpar1,Paradigalla carunculata,Long-tailed Paradigalla,
splast1,Astrapia splendidissima,Splendid Astrapia,
ritast1,Astrapia mayeri,Ribbon-tailed Astrapia,
prsast1,Astrapia stephaniae,Princess Stephanie's Astrapia,
huoast1,Astrapia rothschildi,Huon Astrapia,
wespar1,Parotia sefilata,Western Parotia,
carpar1,Parotia carolae,Queen Carola's Parotia,
lawpar1,,,
wahpar1,Parotia wahnesi,Wahnes's Parotia,
kospar1,Pteridophora alberti,King of Saxony Bird-of-paradise,
grsbop1,Lophorina latipennis,Greater Lophorina,
vosbop1,Lophorina superba,Vogelkop Lophorina,
parrif1,Ptiloris paradiseus,Paradise Riflebird,
vicrif1,Ptiloris victoriae,Victoria's Riflebird,
magrif3,Ptiloris magnificus,Magnificent Riflebird,
magrif2,Ptiloris intercedens,Growling Riflebird,
blasic1,Epimachus fastosus,Black Sicklebill,
brosic1,Epimachus meyeri,Brown Sicklebill,
blbsic1,Drepanornis albertisi,Black-billed Sicklebill,
pabsic1,Drepanornis bruijnii,Pale-billed Sicklebill,
mbopar2,Diphyllodes magnificus,Magnificent Bird-of-paradise,
wbopar1,Diphyllodes respublica,Wilson's Bird-of-paradise,
kbopar1,Cicinnurus regius,King Bird-of-paradise,
walsta2,Semioptera wallacii,Standardwing,
twwbop1,Seleucidis melanoleucus,Twelve-wired Bird-of-paradise,
gbopar2,Paradisaea apoda,Greater Bird-of-paradise,
rbopar1,Paradisaea raggiana,Raggiana Bird-of-paradise,
lbopar1,Paradisaea minor,Lesser Bird-of-paradise,
rbopar2,Paradisaea rubra,Red Bird-of-paradise,
ebopar1,Paradisaea guilielmi,Emperor Bird-of-paradise,
bbopar1,Paradisornis rudolphi,Blue Bird-of-paradise,
whfrob1,Eopsaltria leucops,White-faced Robin,
payrob1,Eopsaltria capito,Pale-yellow Robin,
whbrob1,Eopsaltria georgiana,White-breasted Robin,
yelrob1,Eopsaltria australis,Eastern Yellow Robin,
gybrob1,Eopsaltria griseogularis,Western Yellow Robin,
olyrob1,Eopsaltria placens,Banded Yellow Robin,
hoorob1,Melanodryas cucullata,Hooded Robin,
dusrob1,Melanodryas vittata,Dusky Robin,
whwrob2,Melanodryas sigillata,White-winged Robin,
smorob2,Melanodryas cryptoleuca,Smoky Robin,
bugrob1,Melanodryas cyanus,Slaty Robin,
whrrob2,Melanodryas bimaculata,White-rumped Robin,
manrob1,Melanodryas pulverulenta,Mangrove Robin,
blcrob1,Leucophantes brachyurus,Black-chinned Robin,
blsrob2,Poecilodryas hypoleuca,Black-sided Robin,
whbrob2,Poecilodryas superciliosa,White-browed Robin,
bltrob1,Plesiodryas albonotata,Black-throated Robin,
gyhrob1,Heteromyias albispecularis,Ashy Robin,
ashrob2,Heteromyias armiti,Black-capped Robin,
gyhrob2,Heteromyias cinereifrons,Grey-headed Robin,
papscr2,Drymodes beccarii,Papuan Scrub Robin,
nosrob1,Drymodes superciliaris,Northern Scrub Robin,
sosrob1,Drymodes brunneopygia,Southern Scrub Robin,
lebfly3,Microeca flavigaster,Lemon-bellied Flyrobin,
gobfly2,Microeca hemixantha,Golden-bellied Flyrobin,
jacwin1,Microeca fascinans,Jacky Winter,
torfly1,Monachella muelleriana,Torrent Flyrobin,
yebrob1,Cryptomicroeca flaviventris,Yellow-bellied Flyrobin,
yelfly4,Kempiella griseoceps,Yellow-legged Flyrobin,
olifly3,Kempiella flavovirescens,Olive Flyrobin,
canfly2,Devioeca papuana,Canary Flyrobin,
garrob1,Eugerygone rubra,Garnet Robin,
rosrob1,Petroica rosea,Rose Robin,
pinrob1,Petroica rodinogaster,Pink Robin,
snmrob1,Petroica archboldi,Snow Mountain Robin,
alprob1,Petroica bivittata,Mountain Robin,
flarob1,Petroica phoenicea,Flame Robin,
pacrob3,Petroica polymorpha,Solomons Robin,
pacrob1,Petroica pusilla,Pacific Robin,
pacrob2,Petroica multicolor,Norfolk Robin,
scarob2,Petroica boodang,Scarlet Robin,
recrob1,Petroica goodenovii,Red-capped Robin,
tomtit1,Petroica macrocephala,Tomtit,
nezrob2,Petroica longipes,North Island Robin,
nezrob3,Petroica australis,South Island Robin,
charob1,Petroica traversi,Black Robin,
grbrob1,Pachycephalopsis hattamensis,Green-backed Robin,
grgrob1,Amalocichla sclateriana,Greater Ground Robin,
legrob1,Amalocichla incerta,Lesser Ground Robin,
whnroc1,Picathartes gymnocephalus,White-necked Rockfowl,
rufroc1,Chaetops frenatus,Cape Rockjumper,
orbroc1,Chaetops aurantius,Drakensberg Rockjumper,
marbab1,Eupetes macrocerus,Rail-babbler,
bohwax,Bombycilla garrulus,Bohemian Waxwing,BOWA
japwax1,Bombycilla japonica,Japanese Waxwing,
cedwax,Bombycilla cedrorum,Cedar Waxwing,CEDW
bayfly1,Phainoptila melanoxantha,Black-and-yellow Phainoptila,BAYS
grsfly1,Ptiliogonys cinereus,Grey Silky-flycatcher,GRSF
ltsfly1,Ptiliogonys caudatus,Long-tailed Silky-flycatcher,LTSF
phaino,Phainopepla nitens,Phainopepla,PHAI
hypoco1,Hypocolius ampelinus,Grey Hypocolius,
palmch1,Dulus dominicus,Palmchat,PALM
olfwhi1,Hylocitrea bonensis,Hylocitrea,
yebfan1,Chelidorhynx hypoxanthus,Yellow-bellied Fantail,
faifly1,Stenostira scita,Fairy Flycatcher,
eurgre1,Chloris chloris,European Greenfinch,
origre,Chloris sinica,Oriental Greenfinch,ORGR
origre6,,,
yebgre4,Chloris spinoides,Yellow-breasted Greenfinch,
viegre2,Chloris monguilloti,Vietnamese Greenfinch,
bkhgre1,Chloris ambigua,Black-headed Greenfinch,
desfin2,Rhodospiza obsoleta,Desert Finch,
gowgro2,Rhynchostruthus percivali,Arabian Golden-winged Grosbeak,
orifin1,Linurgus olivaceus,Oriole Finch,
afrcit1,Crithagra citrinelloides,African Citril,
wescit1,Crithagra frontalis,Western Citril,
soucit1,Crithagra hyposticta,Southern Citril,
blfcan1,Crithagra capistrata,Black-faced Canary,
papcan1,Crithagra koliensis,Papyrus Canary,
forcan1,Crithagra scotops,Forest Canary,
whrsee,Crithagra leucopygia,White-rumped Seedeater,
bltcan1,Crithagra atrogularis,Black-throated Canary,
yerser1,Crithagra xanthopygia,Yellow-rumped Seedeater,
reisee2,Crithagra reichenowi,Reichenow's Seedeater,
olrser1,Crithagra rothschildi,Arabian Serin,
yetser1,Crithagra flavigula,Yellow-throated Seedeater,
salser1,Crithagra xantholaema,Salvadori's Seedeater,
yefcan,Crithagra mozambica,Yellow-fronted Canary,YFCA
whbcan1,Crithagra dorsostriata,White-bellied Canary,
ankser2,Crithagra ankoberensis,Ankober Serin,
yemser1,Crithagra menachensis,Yemen Serin,
capsis2,Crithagra totta,Cape Siskin,
drasis2,Crithagra symonsi,Drakensberg Siskin,
norgrc1,Crithagra donaldsoni,Northern Grosbeak-Canary,
sougrc1,Crithagra buchanani,Southern Grosbeak-Canary,
yelcan1,Crithagra flaviventris,Yellow Canary,
brican1,Crithagra sulphurata,Brimstone Canary,
sthsee2,Crithagra gularis,Streaky-headed Seedeater,
sthsee3,Crithagra canicapilla,West African Seedeater,
blesee1,Crithagra mennelli,Black-eared Seedeater,
brrsee1,Crithagra tristriata,Brown-rumped Seedeater,
whtcan1,Crithagra albogularis,White-throated Canary,
thbsee1,Crithagra burtoni,Thick-billed Seedeater,
strsee1,Crithagra striolata,Streaky Seedeater,
tansee1,Crithagra melanochroa,Kipengere Seedeater,
procan1,Crithagra leucoptera,Protea Canary,
twite1,Linaria flavirostris,Twite,
eurlin1,Linaria cannabina,Common Linnet,
yemlin1,Linaria yemenensis,Yemen Linnet,
comred,,,
lesred1,,,
hoared,,,
parcro2,Loxia pytyopsittacus,Parrot Crossbill,
scocro1,Loxia scotica,Scottish Crossbill,
reblei,Leiothrix lutea,Red-billed Leiothrix,RBLE
melthr,Garrulax canorus,Chinese Hwamei,HWAM
