composite,scientific_name,ebird_code,common_name,alpha
Abroscopus albogularis_Rufous-faced Warbler,Abroscopus albogularis,rufwar1,Rufous-faced Warbler,
Abroscopus schisticeps_Black-faced Warbler,Abroscopus schisticeps,blfwar1,Black-faced Warbler,
Abroscopus superciliaris_Yellow-bellied Warbler,Abroscopus superciliaris,yebwar1,Yellow-bellied Warbler,
Aburria aburri_Wattled Guan,Aburria aburri,watgua1,Wattled Guan,
Acanthagenys rufogularis_Spiny-cheeked Honeyeater,Acanthagenys rufogularis,spchon1,Spiny-cheeked Honeyeater,
Acanthidops bairdi_Peg-billed Finch,Acanthidops bairdi,pebfin1,Peg-billed Finch,PBFI
Acanthis cabaret_Lesser Redpoll,Acanthis cabaret,,,
Acanthis flammea_Common Redpoll,Acanthis flammea,redpol1,Redpoll,REDP
Acanthis hornemanni_Hoary Redpoll,Acanthis hornemanni,,,
Acanthisitta chloris_Rifleman,Acanthisitta chloris,riflem1,Rifleman,
Acanthiza apicalis_Inland Thornbill,Acanthiza apicalis,inltho1,Inland Thornbill,
Acanthiza chrysorrhoa_Yellow-rumped Thornbill,Acanthiza chrysorrhoa,yertho1,Yellow-rumped Thornbill,
Acanthiza ewingii_Tasmanian Thornbill,Acanthiza ewingii,tastho1,Tasmanian Thornbill,
Acanthiza inornata_Western Thornbill,Acanthiza inornata,westho1,Western Thornbill,
Acanthiza lineata_Striated Thornbill,Acanthiza lineata,strtho1,Striated Thornbill,
Acanthiza nana_Yellow Thornbill,Acanthiza nana,yeltho1,Yellow Thornbill,
Acanthiza pusilla_Brown Thornbill,Acanthiza pusilla,brotho1,Brown Thornbill,
Acanthiza reguloides_Buff-rumped Thornbill,Acanthiza reguloides,burtho1,Buff-rumped Thornbill,
Acanthiza uropygialis_Chestnut-rumped Thornbill,Acanthiza uropygialis,chrtho1,Chestnut-rumped Thornbill,
Acanthorhynchus superciliosus_Western Spinebill,Acanthorhynchus superciliosus,wesspi1,Western Spinebill,
Acanthorhynchus tenuirostris_Eastern Spinebill,Acanthorhynchus tenuirostris,easspi1,Eastern Spinebill,
Accipiter badius_Shikra,Accipiter badius,,,
Accipiter bicolor_Bicolored Hawk,Accipiter bicolor,,,
Accipiter cirrocephalus_Collared Sparrowhawk,Accipiter cirrocephalus,,,
Accipiter cooperii_Cooper's Hawk,Accipiter cooperii,,,
Accipiter fasciatus_Brown Goshawk,Accipiter fasciatus,,,
Accipiter gentilis_Northern Goshawk,Accipiter gentilis,,,
Accipiter gularis_Japanese Sparrowhawk,Accipiter gularis,,,
Accipiter hiogaster_Variable Goshawk,Accipiter hiogaster,,,
Accipiter melanoleucus_Black Goshawk,Accipiter melanoleucus,,,
Accipiter minullus_Little Sparrowhawk,Accipiter minullus,,,
Accipiter nisus_Eurasian Sparrowhawk,Accipiter nisus,eurspa1,Eurasian Sparrowhawk,
Accipiter novaehollandiae_Gray Goshawk,Accipiter novaehollandiae,,,
Accipiter poliogaster_Gray-bellied Hawk,Accipiter poliogaster,gybhaw1,Grey-bellied Hawk,GBEH
Accipiter soloensis_Chinese Sparrowhawk,Accipiter soloensis,,,
Accipiter striatus_Sharp-shinned Hawk,Accipiter striatus,shshaw,Sharp-shinned Hawk,SSHA
Accipiter superciliosus_Tiny Hawk,Accipiter superciliosus,,,
Accipiter tachiro_African Goshawk,Accipiter tachiro,,,
Accipiter trinotatus_Spot-tailed Goshawk,Accipiter trinotatus,,,
Accipiter trivirgatus_Crested Goshawk,Accipiter trivirgatus,,,
Accipiter virgatus_Besra,Accipiter virgatus,,,
Aceros nipalensis_Rufous-necked Hornbill,Aceros nipalensis,runhor1,Rufous-necked Hornbill,
Achaetops pycnopygius_Rockrunner,Achaetops pycnopygius,damroc1,Rockrunner,
Acridotheres burmannicus_Vinous-breasted Starling,Acridotheres burmannicus,vibsta1,Burmese Myna,
Acridotheres cristatellus_Crested Myna,Acridotheres cristatellus,cremyn,Crested Myna,
Acridotheres fuscus_Jungle Myna,Acridotheres fuscus,junmyn1,Jungle Myna,
Acridotheres ginginianus_Bank Myna,Acridotheres ginginianus,banmyn1,Bank Myna,
Acridotheres grandis_Great Myna,Acridotheres grandis,whvmyn1,Great Myna,
Acridotheres javanicus_Javan Myna,Acridotheres javanicus,whvmyn,Javan Myna,
Acridotheres tristis_Common Myna,Acridotheres tristis,commyn,Common Myna,COMY
Acris crepitans_Northern Cricket Frog,Acris crepitans,,,
Acris gryllus_Southern Cricket Frog,Acris gryllus,,,
Acrobatornis fonsecai_Pink-legged Graveteiro,Acrobatornis fonsecai,pilgra1,Pink-legged Graveteiro,
Acrocephalus agricola_Paddyfield Warbler,Acrocephalus agricola,padwar1,Paddyfield Warbler,
Acrocephalus arundinaceus_Great Reed Warbler,Acrocephalus arundinaceus,grrwar1,Great Reed Warbler,
Acrocephalus australis_Australian Reed Warbler,Acrocephalus australis,aurwar1,Australian Reed Warbler,
Acrocephalus baeticatus_African Reed Warbler,Acrocephalus baeticatus,,,
Acrocephalus bistrigiceps_Black-browed Reed Warbler,Acrocephalus bistrigiceps,bbrwar1,Black-browed Reed Warbler,
Acrocephalus concinens_Blunt-winged Warbler,Acrocephalus concinens,blwwar1,Blunt-winged Warbler,
Acrocephalus dumetorum_Blyth's Reed Warbler,Acrocephalus dumetorum,blrwar1,Blyth's Reed Warbler,BREW
Acrocephalus gracilirostris_Lesser Swamp Warbler,Acrocephalus gracilirostris,leswar1,Lesser Swamp Warbler,
Acrocephalus griseldis_Basra Reed Warbler,Acrocephalus griseldis,barwar2,Basra Reed Warbler,
Acrocephalus melanopogon_Moustached Warbler,Acrocephalus melanopogon,mouwar1,Moustached Warbler,
Acrocephalus newtoni_Madagascar Swamp Warbler,Acrocephalus newtoni,maswar1,Madagascar Swamp Warbler,
Acrocephalus orientalis_Oriental Reed Warbler,Acrocephalus orientalis,orrwar1,Oriental Reed Warbler,
Acrocephalus paludicola_Aquatic Warbler,Acrocephalus paludicola,aquwar1,Aquatic Warbler,
Acrocephalus palustris_Marsh Warbler,Acrocephalus palustris,marwar3,Marsh Warbler,
Acrocephalus rufescens_Greater Swamp Warbler,Acrocephalus rufescens,grswar2,Greater Swamp Warbler,
Acrocephalus schoenobaenus_Sedge Warbler,Acrocephalus schoenobaenus,sedwar1,Sedge Warbler,SEWA
Acrocephalus scirpaceus_Eurasian Reed Warbler,Acrocephalus scirpaceus,eurwar1,Common Reed Warbler,
Acrocephalus stentoreus_Clamorous Reed Warbler,Acrocephalus stentoreus,clrwar1,Clamorous Reed Warbler,
Acrocephalus tangorum_Manchurian Reed Warbler,Acrocephalus tangorum,manrew1,Manchurian Reed Warbler,
Acropternis orthonyx_Ocellated Tapaculo,Acropternis orthonyx,ocetap1,Ocellated Tapaculo,
Actenoides concretus_Rufous-collared Kingfisher,Actenoides concretus,ruckin1,Rufous-collared Kingfisher,
Actenoides lindsayi_Spotted Kingfisher,Actenoides lindsayi,spokin1,Spotted Wood Kingfisher,
Actenoides monachus_Green-backed Kingfisher,Actenoides monachus,grbkin1,Green-backed Kingfisher,
Actinodura cyanouroptera_Blue-winged Minla,Actinodura cyanouroptera,blwmin1,Blue-winged Minla,
Actinodura egertoni_Rusty-fronted Barwing,Actinodura egertoni,rufbar1,Rusty-fronted Barwing,
Actinodura nipalensis_Hoary-throated Barwing,Actinodura nipalensis,hotbar1,Hoary-throated Barwing,
Actinodura ramsayi_Spectacled Barwing,Actinodura ramsayi,spebar1,Spectacled Barwing,
Actinodura strigula_Chestnut-tailed Minla,Actinodura strigula,chtmin1,Bar-throated Minla,
Actinodura waldeni_Streak-throated Barwing,Actinodura waldeni,sttbar1,Streak-throated Barwing,
Actitis hypoleucos_Common Sandpiper,Actitis hypoleucos,comsan,Common Sandpiper,COSA
Actitis macularius_Spotted Sandpiper,Actitis macularius,sposan,Spotted Sandpiper,SPSA
Actophilornis africanus_African Jacana,Actophilornis africanus,afrjac1,African Jacana,
Adelomyia melanogenys_Speckled Hummingbird,Adelomyia melanogenys,spehum1,Speckled Hummingbird,
Aechmophorus clarkii_Clark's Grebe,Aechmophorus clarkii,clagre,Clark's Grebe,CLGR
Aechmophorus occidentalis_Western Grebe,Aechmophorus occidentalis,wesgre,Western Grebe,WEGR
Aegithalos caudatus_Long-tailed Tit,Aegithalos caudatus,lottit1,Long-tailed Tit,
Aegithalos concinnus_Black-throated Tit,Aegithalos concinnus,blttit2,Black-throated Bushtit,
Aegithalos glaucogularis_Silver-throated Tit,Aegithalos glaucogularis,lottit5,Silver-throated Bushtit,
Aegithalos iouschistos_Black-browed Tit,Aegithalos iouschistos,bkbtit3,Black-browed Bushtit,
Aegithalos niveogularis_White-throated Tit,Aegithalos niveogularis,whttit1,White-throated Bushtit,
Aegithina nigrolutea_White-tailed Iora,Aegithina nigrolutea,whtior1,Marshall's Iora,
Aegithina tiphia_Common Iora,Aegithina tiphia,comior1,Common Iora,
Aegithina viridissima_Green Iora,Aegithina viridissima,greior2,Green Iora,
Aegolius acadicus_Northern Saw-whet Owl,Aegolius acadicus,nswowl,Northern Saw-whet Owl,NSWO
Aegolius funereus_Boreal Owl,Aegolius funereus,borowl,Boreal Owl,BOOW
Aegolius harrisii_Buff-fronted Owl,Aegolius harrisii,bufowl1,Buff-fronted Owl,
Aegolius ridgwayi_Unspotted Saw-whet Owl,Aegolius ridgwayi,uswowl1,Unspotted Saw-whet Owl,USWO
Aegotheles cristatus_Australian Owlet-nightjar,Aegotheles cristatus,auonig1,Australian Owlet-nightjar,
Aegypius monachus_Cinereous Vulture,Aegypius monachus,cinvul1,Cinereous Vulture,
Aerodramus bartschi_Mariana Swiftlet,Aerodramus bartschi,marswi,Mariana Swiftlet,MASW
Aerodramus fuciphagus_White-nest Swiftlet,Aerodramus fuciphagus,y00731,Edible-nest Swiftlet,
Aerodramus maximus_Black-nest Swiftlet,Aerodramus maximus,blnswi1,Black-nest Swiftlet,
Aeronautes andecolus_Andean Swift,Aeronautes andecolus,andswi1,Andean Swift,
Aeronautes montivagus_White-tipped Swift,Aeronautes montivagus,whtswi1,White-tipped Swift,
Aeronautes saxatalis_White-throated Swift,Aeronautes saxatalis,whtswi,White-throated Swift,WTSW
Aethia pusilla_Least Auklet,Aethia pusilla,leaauk,Least Auklet,LEAU
Aethia pygmaea_Whiskered Auklet,Aethia pygmaea,whiauk,Whiskered Auklet,WHAU
Aethopyga christinae_Fork-tailed Sunbird,Aethopyga christinae,fotsun1,Fork-tailed Sunbird,
Aethopyga gouldiae_Mrs. Gould's Sunbird,Aethopyga gouldiae,gousun1,Mrs. Gould's Sunbird,
Aethopyga ignicauda_Fire-tailed Sunbird,Aethopyga ignicauda,fitsun1,Fire-tailed Sunbird,
Aethopyga nipalensis_Green-tailed Sunbird,Aethopyga nipalensis,grtsun1,Green-tailed Sunbird,
Aethopyga saturata_Black-throated Sunbird,Aethopyga saturata,bltsun1,Black-throated Sunbird,
Aethopyga siparaja_Crimson Sunbird,Aethopyga siparaja,eacsun1,Crimson Sunbird,
Aethopyga temminckii_Temminck's Sunbird,Aethopyga temminckii,temsun1,Temminck's Sunbird,
Aethopyga vigorsii_Vigors's Sunbird,Aethopyga vigorsii,wecsun1,Vigors's Sunbird,
Agapornis canus_Gray-headed Lovebird,Agapornis canus,gyhlov1,Grey-headed Lovebird,
Agapornis fischeri_Fischer's Lovebird,Agapornis fischeri,fislov1,Fischer's Lovebird,
Agapornis personatus_Yellow-collared Lovebird,Agapornis personatus,yeclov,Yellow-collared Lovebird,
Agapornis roseicollis_Rosy-faced Lovebird,Agapornis roseicollis,peflov,Rosy-faced Lovebird,RFLO
Agapornis taranta_Black-winged Lovebird,Agapornis taranta,blwlov1,Black-winged Lovebird,
Agelaioides badius_Grayish Baywing,Agelaioides badius,bawcow4,Greyish Baywing,
Agelaius phoeniceus_Red-winged Blackbird,Agelaius phoeniceus,rewbla,Red-winged Blackbird,RWBL
Agelaius tricolor_Tricolored Blackbird,Agelaius tricolor,tribla,Tricolored Blackbird,TRBL
Agelasticus cyanopus_Unicolored Blackbird,Agelasticus cyanopus,unibla2,Unicolored Blackbird,
Agelasticus thilius_Yellow-winged Blackbird,Agelasticus thilius,yewbla2,Yellow-winged Blackbird,
Agelasticus xanthophthalmus_Pale-eyed Blackbird,Agelasticus xanthophthalmus,paebla2,Pale-eyed Blackbird,
Aglaiocercus coelestis_Violet-tailed Sylph,Aglaiocercus coelestis,vitsyl1,Violet-tailed Sylph,
Aglaiocercus kingii_Long-tailed Sylph,Aglaiocercus kingii,lotsyl1,Long-tailed Sylph,
Agriornis montanus_Black-billed Shrike-Tyrant,Agriornis montanus,bkbsht1,Black-billed Shrike-Tyrant,
Agropsar philippensis_Chestnut-cheeked Starling,Agropsar philippensis,chcsta1,Chestnut-cheeked Starling,
Agropsar sturninus_Daurian Starling,Agropsar sturninus,dausta1,Daurian Starling,
Ailuroedus crassirostris_Green Catbird,Ailuroedus crassirostris,grecat1,Green Catbird,
Ailuroedus maculosus_Spotted Catbird,Ailuroedus maculosus,spocat2,Spotted Catbird,
Aimophila notosticta_Oaxaca Sparrow,Aimophila notosticta,oaxspa1,Oaxaca Sparrow,OASP
Aimophila rufescens_Rusty Sparrow,Aimophila rufescens,russpa1,Rusty Sparrow,RUSP
Aimophila ruficeps_Rufous-crowned Sparrow,Aimophila ruficeps,rucspa,Rufous-crowned Sparrow,RCSP
Aix galericulata_Mandarin Duck,Aix galericulata,manduc,Mandarin Duck,
Aix sponsa_Wood Duck,Aix sponsa,wooduc,Wood Duck,WODU
Akletos goeldii_Goeldi's Antbird,Akletos goeldii,goeant1,Goeldi's Antbird,
Akletos melanoceps_White-shouldered Antbird,Akletos melanoceps,whsant1,White-shouldered Antbird,
Alaemon alaudipes_Greater Hoopoe-Lark,Alaemon alaudipes,grhlar1,Greater Hoopoe-Lark,
Alauda arvensis_Eurasian Skylark,Alauda arvensis,skylar,Eurasian Skylark,EUSK
Alauda gulgula_Oriental Skylark,Alauda gulgula,orisky1,Oriental Skylark,
Alaudala cheleensis_Asian Short-toed Lark,Alaudala cheleensis,lstlar2,Asian Short-toed Lark,
Alaudala heinei_Turkestan Short-toed Lark,Alaudala heinei,tstlar1,Turkestan Short-toed Lark,
Alaudala raytal_Sand Lark,Alaudala raytal,sanlar1,Sand Lark,
Alaudala rufescens_Mediterranean Short-toed Lark,Alaudala rufescens,mstlar1,Mediterranean Short-toed Lark,
Alaudala somalica_Somali Short-toed Lark,Alaudala somalica,sstlar1,Somali Short-toed Lark,
Alca torda_Razorbill,Alca torda,razorb,Razorbill,RAZO
Alcedo atthis_Common Kingfisher,Alcedo atthis,comkin1,Common Kingfisher,
Alcedo meninting_Blue-eared Kingfisher,Alcedo meninting,blekin1,Blue-eared Kingfisher,
Alcippe brunneicauda_Brown Fulvetta,Alcippe brunneicauda,broful1,Brown Fulvetta,
Alcippe fratercula_Yunnan Fulvetta,Alcippe fratercula,gycful4,Yunnan Fulvetta,
Alcippe hueti_Huet's Fulvetta,Alcippe hueti,gycful5,Huet's Fulvetta,
Alcippe morrisonia_Morrison's Fulvetta,Alcippe morrisonia,gycful1,Grey-cheeked Fulvetta,
Alcippe nipalensis_Nepal Fulvetta,Alcippe nipalensis,nepful1,Nepal Fulvetta,
Alcippe peracensis_Mountain Fulvetta,Alcippe peracensis,mouful1,Mountain Fulvetta,
Alcippe poioicephala_Brown-cheeked Fulvetta,Alcippe poioicephala,brcful1,Brown-cheeked Fulvetta,
Alcippe pyrrhoptera_Javan Fulvetta,Alcippe pyrrhoptera,javful1,Javan Fulvetta,
Aleadryas rufinucha_Rufous-naped Bellbird,Aleadryas rufinucha,runwhi1,Rufous-naped Bellbird,
Alectoris barbara_Barbary Partridge,Alectoris barbara,barpar2,Barbary Partridge,
Alectoris chukar_Chukar,Alectoris chukar,chukar,Chukar Partridge,CHUK
Alectoris graeca_Rock Partridge,Alectoris graeca,rocpar2,Rock Partridge,
Alectoris rufa_Red-legged Partridge,Alectoris rufa,relpar1,Red-legged Partridge,
Alectura lathami_Australian Brushturkey,Alectura lathami,ausbrt1,Australian Brushturkey,
Alethe castanea_Fire-crested Alethe,Alethe castanea,ficale2,Fire-crested Alethe,
Alethe diademata_White-tailed Alethe,Alethe diademata,ficale3,White-tailed Alethe,
Alipiopsitta xanthops_Yellow-faced Parrot,Alipiopsitta xanthops,yefpar5,Yellow-faced Parrot,
Alisterus scapularis_Australian King-Parrot,Alisterus scapularis,aukpar1,Australian King Parrot,
Allenia fusca_Scaly-breasted Thrasher,Allenia fusca,scbthr,Scaly-breasted Thrasher,SBTH
Allonemobius allardi_Allard's Ground Cricket,Allonemobius allardi,,,
Allonemobius tinnulus_Tinkling Ground Cricket,Allonemobius tinnulus,,,
Allonemobius walkeri_Walker's Ground Cricket,Allonemobius walkeri,,,
Alophoixus finschii_Finsch's Bulbul,Alophoixus finschii,,,
Alophoixus flaveolus_White-throated Bulbul,Alophoixus flaveolus,whtbul1,White-throated Bulbul,
Alophoixus ochraceus_Ochraceous Bulbul,Alophoixus ochraceus,ochbul2,Ochraceous Bulbul,
Alophoixus pallidus_Puff-throated Bulbul,Alophoixus pallidus,putbul1,Puff-throated Bulbul,
Alophoixus phaeocephalus_Yellow-bellied Bulbul,Alophoixus phaeocephalus,yebbul2,Yellow-bellied Bulbul,
Alophoixus tephrogenys_Gray-cheeked Bulbul,Alophoixus tephrogenys,gycbul2,Grey-cheeked Bulbul,
Alopochelidon fucata_Tawny-headed Swallow,Alopochelidon fucata,tahswa2,Tawny-headed Swallow,
Alopochen aegyptiaca_Egyptian Goose,Alopochen aegyptiaca,egygoo,Egyptian Goose,EGGO
Alouatta pigra_Mexican Black Howler Monkey,Alouatta pigra,,,
Amalocichla incerta_Lesser Ground-Robin,Amalocichla incerta,legrob1,Lesser Ground Robin,
Amandava amandava_Red Avadavat,Amandava amandava,redava,Red Avadavat,REAV
Amaurolimnas concolor_Uniform Crake,Amaurolimnas concolor,unicra1,Uniform Crake,UNIC
Amaurornis isabellina_Isabelline Bush-hen,Amaurornis isabellina,isabuh1,Isabelline Bush-hen,
Amaurornis moluccana_Pale-vented Bush-hen,Amaurornis moluccana,rutbuh1,Pale-vented Bush-hen,
Amaurornis phoenicurus_White-breasted Waterhen,Amaurornis phoenicurus,whbwat1,White-breasted Waterhen,
Amaurospiza concolor_Blue Seedeater,Amaurospiza concolor,blusee1,Blue Seedeater,BLSE
Amaurospiza moesta_Blackish-blue Seedeater,Amaurospiza moesta,blbsee3,Blackish-blue Seedeater,
Amazilia luciae_Honduran Emerald,Amazilia luciae,honeme1,Honduran Emerald,HOEM
Amazilia rutila_Cinnamon Hummingbird,Amazilia rutila,cinhum1,Cinnamon Hummingbird,CIHU
Amazilia tzacatl_Rufous-tailed Hummingbird,Amazilia tzacatl,rtlhum,Rufous-tailed Hummingbird,RTAH
Amazilia yucatanensis_Buff-bellied Hummingbird,Amazilia yucatanensis,bubhum,Buff-bellied Hummingbird,BBEH
Amazilis amazilia_Amazilia Hummingbird,Amazilis amazilia,amahum1,Amazilia Hummingbird,AMHU
Amazona aestiva_Turquoise-fronted Parrot,Amazona aestiva,bufpar,Turquoise-fronted Amazon,
Amazona agilis_Black-billed Parrot,Amazona agilis,blbpar1,Black-billed Amazon,BBPA
Amazona albifrons_White-fronted Parrot,Amazona albifrons,whfpar1,White-fronted Amazon,WFPA
Amazona amazonica_Orange-winged Parrot,Amazona amazonica,orwpar,Orange-winged Amazon,
Amazona auropalliata_Yellow-naped Parrot,Amazona auropalliata,yenpar1,Yellow-naped Amazon,YNPA
Amazona autumnalis_Red-lored Parrot,Amazona autumnalis,relpar,Red-lored Amazon,RLPA
Amazona brasiliensis_Red-tailed Parrot,Amazona brasiliensis,retpar1,Red-tailed Amazon,
Amazona dufresniana_Blue-cheeked Parrot,Amazona dufresniana,blcpar2,Blue-cheeked Amazon,
Amazona farinosa_Mealy Parrot,Amazona farinosa,meapar,Mealy Amazon,MEAP
Amazona festiva_Festive Parrot,Amazona festiva,fespar1,Festive Amazon,
Amazona finschi_Lilac-crowned Parrot,Amazona finschi,licpar,Lilac-crowned Amazon,LCPA
Amazona kawalli_Kawall's Parrot,Amazona kawalli,kawpar1,Kawall's Amazon,
Amazona leucocephala_Cuban Parrot,Amazona leucocephala,cubpar1,Cuban Amazon,CPAT
Amazona mercenarius_Scaly-naped Parrot,Amazona mercenarius,scnpar1,Scaly-naped Amazon,
Amazona ochrocephala_Yellow-crowned Parrot,Amazona ochrocephala,ywcpar,Yellow-crowned Amazon,YCRP
Amazona oratrix_Yellow-headed Parrot,Amazona oratrix,yehpar,Yellow-headed Amazon,YHPA
Amazona rhodocorytha_Red-browed Parrot,Amazona rhodocorytha,rebpar7,Red-browed Amazon,
Amazona tucumana_Tucuman Parrot,Amazona tucumana,tucpar1,Tucuman Amazon,
Amazona ventralis_Hispaniolan Parrot,Amazona ventralis,hispar1,Hispaniolan Amazon,HPAT
Amazona vinacea_Vinaceous-breasted Parrot,Amazona vinacea,vinpar1,Vinaceous-breasted Amazon,
Amazona viridigenalis_Red-crowned Parrot,Amazona viridigenalis,recpar,Red-crowned Amazon,RCPA
Amazona xantholora_Yellow-lored Parrot,Amazona xantholora,yelpar1,Yucatan Amazon,YLPA
Amazonetta brasiliensis_Brazilian Teal,Amazonetta brasiliensis,bratea1,Brazilian Teal,
Amblycercus holosericeus_Yellow-billed Cacique,Amblycercus holosericeus,yebcac1,Yellow-billed Cacique,YBIC
Amblycorypha alexanderi_Clicker Round-winged Katydid,Amblycorypha alexanderi,,,
Amblycorypha longinicta_Common Virtuoso Katydid,Amblycorypha longinicta,,,
Amblycorypha oblongifolia_Oblong-winged Katydid,Amblycorypha oblongifolia,,,
Amblycorypha rotundifolia_Rattler Round-winged Katydid,Amblycorypha rotundifolia,,,
Amblyornis newtoniana_Golden Bowerbird,Amblyornis newtoniana,,,
Amblyospiza albifrons_Grosbeak Weaver,Amblyospiza albifrons,growea1,Thick-billed Weaver,
Amblyramphus holosericeus_Scarlet-headed Blackbird,Amblyramphus holosericeus,schbla1,Scarlet-headed Blackbird,
Ammodramus aurifrons_Yellow-browed Sparrow,Ammodramus aurifrons,yebspa1,Yellow-browed Sparrow,
Ammodramus humeralis_Grassland Sparrow,Ammodramus humeralis,graspa1,Grassland Sparrow,
Ammodramus savannarum_Grasshopper Sparrow,Ammodramus savannarum,graspa,Grasshopper Sparrow,GRSP
Ammomanes cinctura_Bar-tailed Lark,Ammomanes cinctura,batlar1,Bar-tailed Lark,
Ammomanes deserti_Desert Lark,Ammomanes deserti,deslar1,Desert Lark,
Ammomanes phoenicura_Rufous-tailed Lark,Ammomanes phoenicura,rutlar2,Rufous-tailed Lark,
Ammonastes pelzelni_Gray-bellied Antbird,Ammonastes pelzelni,gybant1,Grey-bellied Antbird,
Ammospiza caudacuta_Saltmarsh Sparrow,Ammospiza caudacuta,sstspa,Saltmarsh Sparrow,SALS
Ammospiza leconteii_LeConte's Sparrow,Ammospiza leconteii,lecspa,LeConte's Sparrow,LCSP
Ammospiza maritima_Seaside Sparrow,Ammospiza maritima,seaspa,Seaside Sparrow,SESP
Ammospiza nelsoni_Nelson's Sparrow,Ammospiza nelsoni,nstspa,Nelson's Sparrow,NESP
Ampelioides tschudii_Scaled Fruiteater,Ampelioides tschudii,scafru1,Scaled Fruiteater,
Ampelion rubrocristatus_Red-crested Cotinga,Ampelion rubrocristatus,reccot1,Red-crested Cotinga,
Ampelion rufaxilla_Chestnut-crested Cotinga,Ampelion rufaxilla,chccot1,Chestnut-crested Cotinga,
Ampelornis griseiceps_Gray-headed Antbird,Ampelornis griseiceps,gyhant1,Grey-headed Antbird,
Amphispiza bilineata_Black-throated Sparrow,Amphispiza bilineata,bktspa,Black-throated Sparrow,BTSP
Amphispizopsis quinquestriata_Five-striped Sparrow,Amphispizopsis quinquestriata,fisspa,Five-striped Sparrow,FSSP
Anabacerthia amaurotis_White-browed Foliage-gleaner,Anabacerthia amaurotis,whbfog1,White-browed Foliage-gleaner,
Anabacerthia lichtensteini_Ochre-breasted Foliage-gleaner,Anabacerthia lichtensteini,obfgle2,Ochre-breasted Foliage-gleaner,
Anabacerthia ruficaudata_Rufous-tailed Foliage-gleaner,Anabacerthia ruficaudata,rutfog1,Rufous-tailed Foliage-gleaner,
Anabacerthia striaticollis_Montane Foliage-gleaner,Anabacerthia striaticollis,mofgle1,Montane Foliage-gleaner,
Anabacerthia variegaticeps_Scaly-throated Foliage-gleaner,Anabacerthia variegaticeps,stfgle1,Scaly-throated Foliage-gleaner,STFG
Anabazenops dorsalis_Dusky-cheeked Foliage-gleaner,Anabazenops dorsalis,ducfog1,Bamboo Foliage-gleaner,
Anabazenops fuscus_White-collared Foliage-gleaner,Anabazenops fuscus,wcfgle1,White-collared Foliage-gleaner,
Anairetes alpinus_Ash-breasted Tit-Tyrant,Anairetes alpinus,abttyr1,Ash-breasted Tit-Tyrant,
Anairetes flavirostris_Yellow-billed Tit-Tyrant,Anairetes flavirostris,ybttyr1,Yellow-billed Tit-Tyrant,
Anairetes nigrocristatus_Black-crested Tit-Tyrant,Anairetes nigrocristatus,bkctit1,Black-crested Tit-Tyrant,
Anairetes parulus_Tufted Tit-Tyrant,Anairetes parulus,tuttyr1,Tufted Tit-Tyrant,
Anairetes reguloides_Pied-crested Tit-Tyrant,Anairetes reguloides,pcttyr1,Pied-crested Tit-Tyrant,
Anas acuta_Northern Pintail,Anas acuta,norpin,Northern Pintail,NOPI
Anas andium_Andean Teal,Anas andium,spetea3,Andean Teal,
Anas castanea_Chestnut Teal,Anas castanea,chetea1,Chestnut Teal,
Anas crecca_Green-winged Teal,Anas crecca,gnwtea,Green-winged Teal,GWTE
Anas diazi_Mexican Duck,Anas diazi,mexduc,Mexican Duck,MEDU
Anas flavirostris_Yellow-billed Teal,Anas flavirostris,yebtea1,Yellow-billed Teal,
Anas fulvigula_Mottled Duck,Anas fulvigula,motduc,Mottled Duck,MODU
Anas georgica_Yellow-billed Pintail,Anas georgica,yebpin1,Yellow-billed Pintail,
Anas gracilis_Gray Teal,Anas gracilis,gretea1,Grey Teal,
Anas platyrhynchos_Mallard,Anas platyrhynchos,mallar3,Mallard,MALL
Anas poecilorhyncha_Indian Spot-billed Duck,Anas poecilorhyncha,isbduc1,Indian Spot-billed Duck,
Anas rubripes_American Black Duck,Anas rubripes,ambduc,American Black Duck,ABDU
Anas superciliosa_Pacific Black Duck,Anas superciliosa,pabduc1,Pacific Black Duck,
Anas undulata_Yellow-billed Duck,Anas undulata,yebduc1,Yellow-billed Duck,
Anas wyvilliana_Hawaiian Duck,Anas wyvilliana,hawduc,Hawaiian Duck,HAWD
Anas zonorhyncha_Eastern Spot-billed Duck,Anas zonorhyncha,spbduc,Eastern Spot-billed Duck,ESBD
Anastomus oscitans_Asian Openbill,Anastomus oscitans,asiope1,Asian Openbill,
Anaxipha exigua_Say's Trig,Anaxipha exigua,,,
Anaxyrus americanus_American Toad,Anaxyrus americanus,,,
Anaxyrus canorus_Yosemite Toad,Anaxyrus canorus,,,
Anaxyrus cognatus_Great Plains Toad,Anaxyrus cognatus,,,
Anaxyrus fowleri_Fowler's Toad,Anaxyrus fowleri,,,
Anaxyrus houstonensis_Houston Toad,Anaxyrus houstonensis,,,
Anaxyrus microscaphus_Arizona Toad,Anaxyrus microscaphus,,,
Anaxyrus quercicus_Oak Toad,Anaxyrus quercicus,,,
Anaxyrus speciosus_Texas Toad,Anaxyrus speciosus,,,
Anaxyrus terrestris_Southern Toad,Anaxyrus terrestris,,,
Anaxyrus woodhousii_Woodhouse's Toad,Anaxyrus woodhousii,,,
Ancistrops strigilatus_Chestnut-winged Hookbill,Ancistrops strigilatus,chwhoo1,Chestnut-winged Hookbill,
Andigena hypoglauca_Gray-breasted Mountain-Toucan,Andigena hypoglauca,gybmot1,Grey-breasted Mountain Toucan,
Andigena laminirostris_Plate-billed Mountain-Toucan,Andigena laminirostris,pbmtou1,Plate-billed Mountain Toucan,
Andigena nigrirostris_Black-billed Mountain-Toucan,Andigena nigrirostris,bbmtou1,Black-billed Mountain Toucan,
Androdon aequatorialis_Tooth-billed Hummingbird,Androdon aequatorialis,tobhum1,Tooth-billed Hummingbird,TBHU
Andropadus importunus_Sombre Greenbul,Andropadus importunus,somgre1,Sombre Greenbul,
Anhima cornuta_Horned Screamer,Anhima cornuta,horscr1,Horned Screamer,
Anhinga anhinga_Anhinga,Anhinga anhinga,anhing,Anhinga,ANHI
Anhinga melanogaster_Oriental Darter,Anhinga melanogaster,darter2,Oriental Darter,
Anhinga novaehollandiae_Australasian Darter,Anhinga novaehollandiae,darter4,Australasian Darter,
Anisognathus igniventris_Scarlet-bellied Mountain Tanager,Anisognathus igniventris,sbmtan1,Scarlet-bellied Mountain Tanager,
Anisognathus lacrymosus_Lacrimose Mountain Tanager,Anisognathus lacrymosus,lamtan1,Lacrimose Mountain Tanager,
Anisognathus somptuosus_Blue-winged Mountain Tanager,Anisognathus somptuosus,bwmtan1,Blue-winged Mountain Tanager,
Anodorhynchus hyacinthinus_Hyacinth Macaw,Anodorhynchus hyacinthinus,hyamac1,Hyacinth Macaw,
Anodorhynchus leari_Indigo Macaw,Anodorhynchus leari,indmac1,Lear's Macaw,
Anorrhinus galeritus_Bushy-crested Hornbill,Anorrhinus galeritus,buchor1,Bushy-crested Hornbill,
Anous ceruleus_Blue-gray Noddy,Anous ceruleus,bugnod,Blue Noddy,BGNO
Anous minutus_Black Noddy,Anous minutus,blknod,Black Noddy,BLNO
Anous stolidus_Brown Noddy,Anous stolidus,brnnod,Brown Noddy,BRNO
Anous tenuirostris_Lesser Noddy,Anous tenuirostris,lesnod1,Lesser Noddy,
Anser albifrons_Greater White-fronted Goose,Anser albifrons,gwfgoo,Greater White-fronted Goose,GWFG
Anser anser_Graylag Goose,Anser anser,gragoo,Greylag Goose,GRGO
Anser brachyrhynchus_Pink-footed Goose,Anser brachyrhynchus,pifgoo,Pink-footed Goose,PFGO
Anser caerulescens_Snow Goose,Anser caerulescens,snogoo,Snow Goose,SNGO
Anser canagicus_Emperor Goose,Anser canagicus,empgoo,Emperor Goose,EMGO
Anser cygnoides_Swan Goose,Anser cygnoides,swagoo1,Swan Goose,
Anser erythropus_Lesser White-fronted Goose,Anser erythropus,lwfgoo,Lesser White-fronted Goose,LWFG
Anser fabalis_Taiga Bean-Goose,Anser fabalis,taibeg1,Taiga Bean Goose,TABG
Anser indicus_Bar-headed Goose,Anser indicus,bahgoo,Bar-headed Goose,
Anser rossii_Ross's Goose,Anser rossii,rosgoo,Ross's Goose,ROGO
Anser serrirostris_Tundra Bean-Goose,Anser serrirostris,tunbeg1,Tundra Bean Goose,TUBG
Anseranas semipalmata_Magpie Goose,Anseranas semipalmata,maggoo1,Magpie Goose,
Anthipes monileger_White-gorgeted Flycatcher,Anthipes monileger,whgfly1,White-gorgeted Flycatcher,
Anthipes solitaris_Rufous-browed Flycatcher,Anthipes solitaris,rubfly3,Rufous-browed Flycatcher,
Anthobaphes violacea_Orange-breasted Sunbird,Anthobaphes violacea,orbsun2,Orange-breasted Sunbird,
Anthochaera carunculata_Red Wattlebird,Anthochaera carunculata,redwat1,Red Wattlebird,
Anthochaera chrysoptera_Little Wattlebird,Anthochaera chrysoptera,bruwat1,Little Wattlebird,
Anthochaera lunulata_Western Wattlebird,Anthochaera lunulata,litwat1,Western Wattlebird,
Anthochaera paradoxa_Yellow Wattlebird,Anthochaera paradoxa,yelwat1,Yellow Wattlebird,
Anthochaera phrygia_Regent Honeyeater,Anthochaera phrygia,reghon1,Regent Honeyeater,
Anthornis melanura_New Zealand Bellbird,Anthornis melanura,nezbel1,New Zealand Bellbird,
Anthoscopus minutus_Southern Penduline-Tit,Anthoscopus minutus,soptit1,Cape Penduline Tit,
Anthoscopus musculus_Mouse-colored Penduline-Tit,Anthoscopus musculus,mcptit1,Mouse-colored Penduline Tit,
Anthracoceros albirostris_Oriental Pied-Hornbill,Anthracoceros albirostris,orphor1,Oriental Pied Hornbill,
Anthracoceros coronatus_Malabar Pied-Hornbill,Anthracoceros coronatus,maphor1,Malabar Pied Hornbill,
Anthracoceros malayanus_Black Hornbill,Anthracoceros malayanus,blahor1,Black Hornbill,
Anthracothorax nigricollis_Black-throated Mango,Anthracothorax nigricollis,bltman1,Black-throated Mango,BTMA
Anthreptes malacensis_Brown-throated Sunbird,Anthreptes malacensis,pltsun2,Brown-throated Sunbird,
Anthreptes orientalis_Eastern Violet-backed Sunbird,Anthreptes orientalis,kvbsun1,Eastern Violet-backed Sunbird,
Anthropoides paradiseus_Blue Crane,Anthropoides paradiseus,,,
Anthropoides virgo_Demoiselle Crane,Anthropoides virgo,,,
Anthus berthelotii_Berthelot's Pipit,Anthus berthelotii,berpip1,Berthelot's Pipit,
Anthus bogotensis_Paramo Pipit,Anthus bogotensis,parpip1,Paramo Pipit,
Anthus campestris_Tawny Pipit,Anthus campestris,tawpip1,Tawny Pipit,
Anthus cervinus_Red-throated Pipit,Anthus cervinus,retpip,Red-throated Pipit,RTPI
Anthus chacoensis_Pampas Pipit,Anthus chacoensis,chapip1,Pampas Pipit,
Anthus cinnamomeus_African Pipit,Anthus cinnamomeus,afrpip1,African Pipit,
Anthus correndera_Correndera Pipit,Anthus correndera,corpip1,Correndera Pipit,
Anthus crenatus_Yellow-tufted Pipit,Anthus crenatus,yetpip1,African Rock Pipit,
Anthus furcatus_Short-billed Pipit,Anthus furcatus,shbpip1,Short-billed Pipit,
Anthus godlewskii_Blyth's Pipit,Anthus godlewskii,blypip1,Blyth's Pipit,
Anthus gustavi_Pechora Pipit,Anthus gustavi,pecpip,Pechora Pipit,PEPI
Anthus hellmayri_Hellmayr's Pipit,Anthus hellmayri,helpip1,Hellmayr's Pipit,
Anthus hodgsoni_Olive-backed Pipit,Anthus hodgsoni,olbpip,Olive-backed Pipit,OBPI
Anthus leucophrys_Plain-backed Pipit,Anthus leucophrys,plbpip1,Plain-backed Pipit,
Anthus lineiventris_Striped Pipit,Anthus lineiventris,strpip1,Striped Pipit,
Anthus lutescens_Yellowish Pipit,Anthus lutescens,,,
Anthus nattereri_Ochre-breasted Pipit,Anthus nattereri,ocbpip1,Ochre-breasted Pipit,
Anthus novaeseelandiae_Australasian Pipit,Anthus novaeseelandiae,auspip3,New Zealand Pipit,
Anthus peruvianus_Peruvian Pipit,Anthus peruvianus,yelpip3,Peruvian Pipit,
Anthus petrosus_Rock Pipit,Anthus petrosus,rocpip1,European Rock Pipit,
Anthus pratensis_Meadow Pipit,Anthus pratensis,meapip1,Meadow Pipit,MEPI
Anthus richardi_Richard's Pipit,Anthus richardi,ricpip1,Richard's Pipit,
Anthus roseatus_Rosy Pipit,Anthus roseatus,rospip1,Rosy Pipit,
Anthus rubescens_American Pipit,Anthus rubescens,amepip,American Pipit,AMPI
Anthus rufulus_Paddyfield Pipit,Anthus rufulus,oripip1,Paddyfield Pipit,
Anthus similis_Long-billed Pipit,Anthus similis,lobpip1,Long-billed Pipit,
Anthus spinoletta_Water Pipit,Anthus spinoletta,watpip1,Water Pipit,
Anthus spragueii_Sprague's Pipit,Anthus spragueii,sprpip,Sprague's Pipit,SPPI
Anthus sylvanus_Upland Pipit,Anthus sylvanus,uplpip1,Upland Pipit,
Anthus trivialis_Tree Pipit,Anthus trivialis,trepip,Tree Pipit,TRPI
Antigone antigone_Sarus Crane,Antigone antigone,sarcra1,Sarus Crane,
Antigone canadensis_Sandhill Crane,Antigone canadensis,sancra,Sandhill Crane,SACR
Antigone rubicunda_Brolga,Antigone rubicunda,brolga1,Brolga,
Antigone vipio_White-naped Crane,Antigone vipio,whncra1,White-naped Crane,
Antilophia bokermanni_Araripe Manakin,Antilophia bokermanni,,,
Antilophia galeata_Helmeted Manakin,Antilophia galeata,,,
Antrostomus arizonae_Mexican Whip-poor-will,Antrostomus arizonae,souwpw1,Mexican Whip-poor-will,MWPW
Antrostomus badius_Yucatan Nightjar,Antrostomus badius,yucnig1,Yucatan Nightjar,YUNI
Antrostomus carolinensis_Chuck-will's-widow,Antrostomus carolinensis,chwwid,Chuck-will's-widow,CWWI
Antrostomus noctitherus_Puerto Rican Nightjar,Antrostomus noctitherus,purnig1,Puerto Rican Nightjar,PRNI
Antrostomus ridgwayi_Buff-collared Nightjar,Antrostomus ridgwayi,bucnig,Buff-collared Nightjar,BCNI
Antrostomus rufus_Rufous Nightjar,Antrostomus rufus,rufnig1,Rufous Nightjar,RUNI
Antrostomus salvini_Tawny-collared Nightjar,Antrostomus salvini,tacnig1,Tawny-collared Nightjar,TCNI
Antrostomus saturatus_Dusky Nightjar,Antrostomus saturatus,dusnig1,Dusky Nightjar,DUNI
Antrostomus sericocaudatus_Silky-tailed Nightjar,Antrostomus sericocaudatus,sitnig1,Silky-tailed Nightjar,
Antrostomus vociferus_Eastern Whip-poor-will,Antrostomus vociferus,easwpw1,Eastern Whip-poor-will,EWPW
Anumbius annumbi_Firewood-gatherer,Anumbius annumbi,firgat1,Firewood-gatherer,
Anurolimnas castaneiceps_Chestnut-headed Crake,Anurolimnas castaneiceps,chhcra1,Chestnut-headed Crake,
Anurolimnas fasciatus_Black-banded Crake,Anurolimnas fasciatus,,,
Anurolimnas viridis_Russet-crowned Crake,Anurolimnas viridis,,,
Apalis alticola_Brown-headed Apalis,Apalis alticola,brhapa1,Brown-headed Apalis,
Apalis chapini_Chapin's Apalis,Apalis chapini,chaapa1,Chapin's Apalis,
Apalis cinerea_Gray Apalis,Apalis cinerea,gryapa1,Grey Apalis,
Apalis flavida_Yellow-breasted Apalis,Apalis flavida,yebapa1,Yellow-breasted Apalis,
Apalis jacksoni_Black-throated Apalis,Apalis jacksoni,bltapa1,Black-throated Apalis,
Apalis melanocephala_Black-headed Apalis,Apalis melanocephala,blhapa1,Black-headed Apalis,
Apalis personata_Black-faced Apalis,Apalis personata,blfapa1,Mountain Masked Apalis,
Apalis porphyrolaema_Chestnut-throated Apalis,Apalis porphyrolaema,chtapa3,Chestnut-throated Apalis,
Apalis ruddi_Rudd's Apalis,Apalis ruddi,rudapa1,Rudd's Apalis,
Apalis rufogularis_Buff-throated Apalis,Apalis rufogularis,butapa1,Buff-throated Apalis,
Apalis sharpii_Sharpe's Apalis,Apalis sharpii,shaapa2,Sharpe's Apalis,
Apalis thoracica_Bar-throated Apalis,Apalis thoracica,batapa2,Bar-throated Apalis,
Apaloderma narina_Narina Trogon,Apaloderma narina,nartro1,Narina Trogon,
Apaloderma vittatum_Bar-tailed Trogon,Apaloderma vittatum,battro1,Bar-tailed Trogon,
Aphanotriccus audax_Black-billed Flycatcher,Aphanotriccus audax,blbfly1,Black-billed Flycatcher,BLBF
Aphanotriccus capitalis_Tawny-chested Flycatcher,Aphanotriccus capitalis,tacfly1,Tawny-chested Flycatcher,TCFL
Aphelocephala leucopsis_Southern Whiteface,Aphelocephala leucopsis,souwhi1,Southern Whiteface,
Aphelocoma californica_California Scrub-Jay,Aphelocoma californica,cowscj1,California Scrub Jay,CASJ
Aphelocoma coerulescens_Florida Scrub-Jay,Aphelocoma coerulescens,flsjay,Florida Scrub Jay,FLSJ
Aphelocoma ultramarina_Transvolcanic Jay,Aphelocoma ultramarina,mexjay3,Transvolcanic Jay,TRJA
Aphelocoma unicolor_Unicolored Jay,Aphelocoma unicolor,unijay1,Unicolored Jay,UNJA
Aphelocoma wollweberi_Mexican Jay,Aphelocoma wollweberi,mexjay4,Mexican Jay,MEJA
Aphelocoma woodhouseii_Woodhouse's Scrub-Jay,Aphelocoma woodhouseii,wooscj2,Woodhouse's Scrub Jay,WOSJ
Aphrastura spinicauda_Thorn-tailed Rayadito,Aphrastura spinicauda,thtray1,Thorn-tailed Rayadito,
Apis mellifera_Honey Bee,Apis mellifera,,,
Aplonis atrifusca_Samoan Starling,Aplonis atrifusca,samsta1,Samoan Starling,
Aplonis grandis_Brown-winged Starling,Aplonis grandis,brwsta1,Brown-winged Starling,
Aplonis metallica_Metallic Starling,Aplonis metallica,metsta1,Metallic Starling,
Aplonis mysolensis_Moluccan Starling,Aplonis mysolensis,molsta1,Moluccan Starling,
Aplonis opaca_Micronesian Starling,Aplonis opaca,micsta1,Micronesian Starling,
Aplonis panayensis_Asian Glossy Starling,Aplonis panayensis,asgsta1,Asian Glossy Starling,
Aplonis tabuensis_Polynesian Starling,Aplonis tabuensis,polsta1,Polynesian Starling,
Aprosmictus erythropterus_Red-winged Parrot,Aprosmictus erythropterus,rewpar1,Red-winged Parrot,
Aptenodytes patagonicus_King Penguin,Aptenodytes patagonicus,kinpen1,King Penguin,
Apteryx mantelli_North Island Brown Kiwi,Apteryx mantelli,nibkiw1,North Island Brown Kiwi,
Apus affinis_Little Swift,Apus affinis,litswi1,Little Swift,
Apus apus_Common Swift,Apus apus,comswi,Common Swift,COSW
Apus caffer_White-rumped Swift,Apus caffer,whrswi1,White-rumped Swift,
Apus melba_Alpine Swift,Apus melba,,,
Apus nipalensis_House Swift,Apus nipalensis,houswi1,House Swift,
Apus pacificus_Pacific Swift,Apus pacificus,fotswi,Fork-tailed Swift,FTSW
Apus pallidus_Pallid Swift,Apus pallidus,palswi3,Pallid Swift,
Apus unicolor_Plain Swift,Apus unicolor,plaswi1,Plain Swift,
Aquila adalberti_Spanish Eagle,Aquila adalberti,spaeag1,Spanish Imperial Eagle,
Aquila chrysaetos_Golden Eagle,Aquila chrysaetos,goleag,Golden Eagle,GOEA
Aquila heliaca_Imperial Eagle,Aquila heliaca,impeag1,Eastern Imperial Eagle,
Aquila nipalensis_Steppe Eagle,Aquila nipalensis,steeag1,Steppe Eagle,
Ara ambiguus_Great Green Macaw,Ara ambiguus,grgmac,Great Green Macaw,GGMA
Ara ararauna_Blue-and-yellow Macaw,Ara ararauna,baymac,Blue-and-yellow Macaw,BAYM
Ara chloropterus_Red-and-green Macaw,Ara chloropterus,ragmac1,Red-and-green Macaw,RAGM
Ara glaucogularis_Blue-throated Macaw,Ara glaucogularis,bltmac1,Blue-throated Macaw,
Ara macao_Scarlet Macaw,Ara macao,scamac1,Scarlet Macaw,SCMA
Ara militaris_Military Macaw,Ara militaris,milmac,Military Macaw,MIMA
Ara severus_Chestnut-fronted Macaw,Ara severus,chfmac1,Chestnut-fronted Macaw,CFMA
Arachnothera chrysogenys_Yellow-eared Spiderhunter,Arachnothera chrysogenys,yeespi1,Yellow-eared Spiderhunter,
Arachnothera crassirostris_Thick-billed Spiderhunter,Arachnothera crassirostris,thbspi1,Thick-billed Spiderhunter,
Arachnothera flavigaster_Spectacled Spiderhunter,Arachnothera flavigaster,spespi2,Spectacled Spiderhunter,
Arachnothera longirostra_Little Spiderhunter,Arachnothera longirostra,litspi1,Little Spiderhunter,
Arachnothera magna_Streaked Spiderhunter,Arachnothera magna,strspi1,Streaked Spiderhunter,
Aramides albiventris_Russet-naped Wood-Rail,Aramides albiventris,runwor1,Russet-naped Wood Rail,RSWR
Aramides axillaris_Rufous-necked Wood-Rail,Aramides axillaris,rnwrai1,Rufous-necked Wood Rail,RNWR
Aramides cajaneus_Gray-cowled Wood-Rail,Aramides cajaneus,gycwor1,Grey-cowled Wood Rail,GCWR
Aramides saracura_Slaty-breasted Wood-Rail,Aramides saracura,sbwrai1,Slaty-breasted Wood Rail,
Aramides wolfi_Brown Wood-Rail,Aramides wolfi,brwrai1,Brown Wood Rail,
Aramides ypecaha_Giant Wood-Rail,Aramides ypecaha,giwrai1,Giant Wood Rail,
Aramus guarauna_Limpkin,Aramus guarauna,limpki,Limpkin,LIMP
Aratinga auricapillus_Golden-capped Parakeet,Aratinga auricapillus,gocpar2,Golden-capped Parakeet,
Aratinga jandaya_Jandaya Parakeet,Aratinga jandaya,janpar1,Jandaya Parakeet,
Aratinga nenday_Nanday Parakeet,Aratinga nenday,bkhpar,Nanday Parakeet,NAPA
Aratinga weddellii_Dusky-headed Parakeet,Aratinga weddellii,duhpar,Dusky-headed Parakeet,
Arborophila atrogularis_White-cheeked Partridge,Arborophila atrogularis,whcpar1,White-cheeked Partridge,
Arborophila brunneopectus_Bar-backed Partridge,Arborophila brunneopectus,babpar1,Bar-backed Partridge,
Arborophila crudigularis_Taiwan Partridge,Arborophila crudigularis,taipar1,Taiwan Partridge,
Arborophila hyperythra_Red-breasted Partridge,Arborophila hyperythra,rebpar5,Red-breasted Partridge,
Arborophila javanica_Chestnut-bellied Partridge,Arborophila javanica,chbpar1,Chestnut-bellied Partridge,
Arborophila mandellii_Chestnut-breasted Partridge,Arborophila mandellii,chbpar2,Chestnut-breasted Partridge,
Arborophila rufogularis_Rufous-throated Partridge,Arborophila rufogularis,rutpar1,Rufous-throated Partridge,
Arborophila torqueola_Hill Partridge,Arborophila torqueola,hilpar1,Hill Partridge,
Archilochus alexandri_Black-chinned Hummingbird,Archilochus alexandri,bkchum,Black-chinned Hummingbird,BCHU
Archilochus colubris_Ruby-throated Hummingbird,Archilochus colubris,rthhum,Ruby-throated Hummingbird,RTHU
Ardea alba_Great Egret,Ardea alba,greegr,Great Egret,GREG
Ardea cinerea_Gray Heron,Ardea cinerea,graher1,Grey Heron,GRAH
Ardea cocoi_Cocoi Heron,Ardea cocoi,cocher1,Cocoi Heron,COHE
Ardea herodias_Great Blue Heron,Ardea herodias,grbher3,Great Blue Heron,GBHE
Ardea intermedia_Intermediate Egret,Ardea intermedia,integr1,Medium Egret,MEEG
Ardea melanocephala_Black-headed Heron,Ardea melanocephala,blhher1,Black-headed Heron,
Ardea purpurea_Purple Heron,Ardea purpurea,purher1,Purple Heron,PUHE
Ardea sumatrana_Great-billed Heron,Ardea sumatrana,grbher2,Great-billed Heron,
Ardenna bulleri_Buller's Shearwater,Ardenna bulleri,bulshe,Buller's Shearwater,BULS
Ardenna carneipes_Flesh-footed Shearwater,Ardenna carneipes,flfshe,Flesh-footed Shearwater,FFSH
Ardenna creatopus_Pink-footed Shearwater,Ardenna creatopus,pifshe,Pink-footed Shearwater,PFSH
Ardenna grisea_Sooty Shearwater,Ardenna grisea,sooshe,Sooty Shearwater,SOSH
Ardenna pacifica_Wedge-tailed Shearwater,Ardenna pacifica,wetshe,Wedge-tailed Shearwater,WTSH
Ardenna tenuirostris_Short-tailed Shearwater,Ardenna tenuirostris,shtshe,Short-tailed Shearwater,STTS
Ardeola bacchus_Chinese Pond-Heron,Ardeola bacchus,chpher1,Chinese Pond Heron,CHPH
Ardeola grayii_Indian Pond-Heron,Ardeola grayii,inpher1,Indian Pond Heron,
Ardeola ralloides_Squacco Heron,Ardeola ralloides,squher1,Squacco Heron,
Ardeola speciosa_Javan Pond-Heron,Ardeola speciosa,japher1,Javan Pond Heron,
Arenaria interpres_Ruddy Turnstone,Arenaria interpres,rudtur,Ruddy Turnstone,RUTU
Arenaria melanocephala_Black Turnstone,Arenaria melanocephala,blktur,Black Turnstone,BLTU
Argusianus argus_Great Argus,Argusianus argus,grearg1,Great Argus,
Argya affinis_Yellow-billed Babbler,Argya affinis,yebbab1,Yellow-billed Babbler,
Argya caudata_Common Babbler,Argya caudata,combab3,Common Babbler,
Argya earlei_Striated Babbler,Argya earlei,strbab1,Striated Babbler,
Argya malcolmi_Large Gray Babbler,Argya malcolmi,lagbab2,Large Grey Babbler,
Argya striata_Jungle Babbler,Argya striata,junbab2,Jungle Babbler,
Argya subrufa_Rufous Babbler,Argya subrufa,rufbab3,Rufous Babbler,
Arizelocichla masukuensis_Shelley's Greenbul,Arizelocichla masukuensis,shegre1,Shelley's Greenbul,
Arizelocichla milanjensis_Stripe-cheeked Greenbul,Arizelocichla milanjensis,stcgre1,Stripe-cheeked Greenbul,
Arizelocichla nigriceps_Eastern Mountain Greenbul,Arizelocichla nigriceps,easmog2,Black-headed Mountain Greenbul,
Arremon abeillei_Black-capped Sparrow,Arremon abeillei,bkcspa1,Black-capped Sparrow,
Arremon assimilis_Gray-browed Brushfinch,Arremon assimilis,sthbrf8,Grey-browed Brushfinch,
Arremon atricapillus_Black-headed Brushfinch,Arremon atricapillus,sthbrf1,Black-headed Brushfinch,BHBR
Arremon aurantiirostris_Orange-billed Sparrow,Arremon aurantiirostris,orbspa1,Orange-billed Sparrow,OBSP
Arremon basilicus_Sierra Nevada Brushfinch,Arremon basilicus,sthbrf4,Sierra Nevada Brushfinch,
Arremon brunneinucha_Chestnut-capped Brushfinch,Arremon brunneinucha,ccbfin,Chestnut-capped Brushfinch,CCBR
Arremon castaneiceps_Olive Finch,Arremon castaneiceps,olifin1,Olive Finch,
Arremon costaricensis_Costa Rican Brushfinch,Arremon costaricensis,sthbrf3,Costa Rican Brushfinch,CRBR
Arremon crassirostris_Sooty-faced Finch,Arremon crassirostris,soffin1,Sooty-faced Finch,SFFI
Arremon flavirostris_Saffron-billed Sparrow,Arremon flavirostris,sabspa1,Saffron-billed Sparrow,
Arremon franciscanus_Sao Francisco Sparrow,Arremon franciscanus,safspa1,Sao Francisco Sparrow,
Arremon perijanus_Perija Brushfinch,Arremon perijanus,sthbrf5,Perija Brushfinch,
Arremon schlegeli_Golden-winged Sparrow,Arremon schlegeli,gowspa1,Golden-winged Sparrow,
Arremon semitorquatus_Half-collared Sparrow,Arremon semitorquatus,hacspa1,Half-collared Sparrow,
Arremon taciturnus_Pectoral Sparrow,Arremon taciturnus,pecspa1,Pectoral Sparrow,
Arremon torquatus_White-browed Brushfinch,Arremon torquatus,sthbrf2,White-browed Brushfinch,
Arremon virenticeps_Green-striped Brushfinch,Arremon virenticeps,gsbfin1,Green-striped Brushfinch,GSBR
Arremonops chloronotus_Green-backed Sparrow,Arremonops chloronotus,grbspa1,Green-backed Sparrow,GBSP
Arremonops conirostris_Black-striped Sparrow,Arremonops conirostris,blsspa1,Black-striped Sparrow,BSTS
Arremonops rufivirgatus_Olive Sparrow,Arremonops rufivirgatus,olispa,Olive Sparrow,OLSP
Arremonops tocuyensis_Tocuyo Sparrow,Arremonops tocuyensis,tocspa1,Tocuyo Sparrow,
Arses telescopthalmus_Frilled Monarch,Arses telescopthalmus,frimon1,Frilled Monarch,
Artamus cinereus_Black-faced Woodswallow,Artamus cinereus,blfwoo1,Black-faced Woodswallow,
Artamus cyanopterus_Dusky Woodswallow,Artamus cyanopterus,duswoo1,Dusky Woodswallow,
Artamus fuscus_Ashy Woodswallow,Artamus fuscus,ashwoo2,Ashy Woodswallow,
Artamus leucorynchus_White-breasted Woodswallow,Artamus leucorynchus,whbwoo4,White-breasted Woodswallow,
Artamus personatus_Masked Woodswallow,Artamus personatus,maswoo1,Masked Woodswallow,
Artamus superciliosus_White-browed Woodswallow,Artamus superciliosus,whbwoo5,White-browed Woodswallow,
Artemisiospiza belli_Bell's Sparrow,Artemisiospiza belli,belspa2,Bell's Sparrow,BESP
Artemisiospiza nevadensis_Sagebrush Sparrow,Artemisiospiza nevadensis,sagspa1,Sagebrush Sparrow,SABS
Artisornis metopias_African Tailorbird,Artisornis metopias,afrtai2,Red-capped Forest Warbler,
Artisornis moreaui_Long-billed Tailorbird,Artisornis moreaui,lobtai1,Long-billed Forest Warbler,
Arundinax aedon_Thick-billed Warbler,Arundinax aedon,thbwar1,Thick-billed Warbler,TBWA
Arundinicola leucocephala_White-headed Marsh Tyrant,Arundinicola leucocephala,whmtyr1,White-headed Marsh Tyrant,
Asemospiza fuliginosa_Sooty Grassquit,Asemospiza fuliginosa,soogra2,Sooty Grassquit,
Asemospiza obscura_Dull-colored Grassquit,Asemospiza obscura,ducgra2,Dull-colored Grassquit,
Asio clamator_Striped Owl,Asio clamator,strowl1,Striped Owl,STRO
Asio flammeus_Short-eared Owl,Asio flammeus,sheowl,Short-eared Owl,SEOW
Asio grammicus_Jamaican Owl,Asio grammicus,jamowl1,Jamaican Owl,JAOW
Asio otus_Long-eared Owl,Asio otus,loeowl,Long-eared Owl,LEOW
Asio stygius_Stygian Owl,Asio stygius,styowl1,Stygian Owl,STOW
Aspatha gularis_Blue-throated Motmot,Aspatha gularis,bltmot1,Blue-throated Motmot,BTMO
Asthenes anthoides_Austral Canastero,Asthenes anthoides,auscan1,Austral Canastero,
Asthenes baeri_Short-billed Canastero,Asthenes baeri,shbcan1,Short-billed Canastero,
Asthenes coryi_Ochre-browed Thistletail,Asthenes coryi,ocbthi1,Ochre-browed Thistletail,
Asthenes dorbignyi_Creamy-breasted Canastero,Asthenes dorbignyi,crbcan1,Rusty-vented Canastero,
Asthenes flammulata_Many-striped Canastero,Asthenes flammulata,mascan1,Many-striped Canastero,
Asthenes fuliginosa_White-chinned Thistletail,Asthenes fuliginosa,whcthi1,White-chinned Thistletail,
Asthenes griseomurina_Mouse-colored Thistletail,Asthenes griseomurina,mocthi1,Mouse-colored Thistletail,
Asthenes harterti_Black-throated Thistletail,Asthenes harterti,bltthi1,Black-throated Thistletail,
Asthenes helleri_Puna Thistletail,Asthenes helleri,punthi1,Puna Thistletail,
Asthenes heterura_Maquis Canastero,Asthenes heterura,maqcan1,Maquis Canastero,
Asthenes hudsoni_Hudson's Canastero,Asthenes hudsoni,hudcan1,Hudson's Canastero,
Asthenes humilis_Streak-throated Canastero,Asthenes humilis,sttcan1,Streak-throated Canastero,
Asthenes maculicauda_Scribble-tailed Canastero,Asthenes maculicauda,sctcan1,Scribble-tailed Canastero,
Asthenes modesta_Cordilleran Canastero,Asthenes modesta,corcan1,Cordilleran Canastero,
Asthenes moreirae_Itatiaia Spinetail,Asthenes moreirae,itaspi1,Itatiaia Spinetail,
Asthenes ottonis_Rusty-fronted Canastero,Asthenes ottonis,rufcan1,Rusty-fronted Canastero,
Asthenes palpebralis_Eye-ringed Thistletail,Asthenes palpebralis,eyrthi1,Eye-ringed Thistletail,
Asthenes perijana_Perija Thistletail,Asthenes perijana,perthi1,Perija Thistletail,
Asthenes pudibunda_Canyon Canastero,Asthenes pudibunda,cancan1,Canyon Canastero,
Asthenes pyrrholeuca_Sharp-billed Canastero,Asthenes pyrrholeuca,shbcan2,Sharp-billed Canastero,
Asthenes sclateri_Puna Canastero,Asthenes sclateri,,,
Asthenes urubambensis_Line-fronted Canastero,Asthenes urubambensis,lifcan1,Line-fronted Canastero,
Asthenes virgata_Junin Canastero,Asthenes virgata,juncan1,Junin Canastero,
Asthenes wyatti_Streak-backed Canastero,Asthenes wyatti,stbcan9,Streak-backed Canastero,
Atalotriccus pilaris_Pale-eyed Pygmy-Tyrant,Atalotriccus pilaris,peptyr1,Pale-eyed Pygmy Tyrant,
Atelornis crossleyi_Rufous-headed Ground-Roller,Atelornis crossleyi,rhgrol1,Rufous-headed Ground Roller,
Atelornis pittoides_Pitta-like Ground-Roller,Atelornis pittoides,plgrol1,Pitta-like Ground Roller,
Athene blewitti_Forest Owlet,Athene blewitti,forowl1,Forest Owlet,
Athene brama_Spotted Owlet,Athene brama,spoowl1,Spotted Owlet,
Athene cunicularia_Burrowing Owl,Athene cunicularia,burowl,Burrowing Owl,BUOW
Athene noctua_Little Owl,Athene noctua,litowl1,Little Owl,
Athene superciliaris_White-browed Owl,Athene superciliaris,whbowl1,White-browed Owl,
Atimastillas flavicollis_Yellow-throated Greenbul,Atimastillas flavicollis,yetgre2,Yellow-gorgeted Greenbul,
Atlanticus testaceus_Protean Shieldback,Atlanticus testaceus,,,
Atlapetes albinucha_White-naped Brushfinch,Atlapetes albinucha,wnbfin1,White-naped Brushfinch,WNBR
Atlapetes albofrenatus_Moustached Brushfinch,Atlapetes albofrenatus,mobfin1,Moustached Brushfinch,
Atlapetes citrinellus_Yellow-striped Brushfinch,Atlapetes citrinellus,ysbfin1,Yellow-striped Brushfinch,
Atlapetes flaviceps_Yellow-headed Brushfinch,Atlapetes flaviceps,yehbrf1,Yellow-headed Brushfinch,
Atlapetes fulviceps_Fulvous-headed Brushfinch,Atlapetes fulviceps,fhbfin1,Fulvous-headed Brushfinch,
Atlapetes fuscoolivaceus_Dusky-headed Brushfinch,Atlapetes fuscoolivaceus,dhbfin1,Dusky-headed Brushfinch,
Atlapetes latinuchus_Yellow-breasted Brushfinch,Atlapetes latinuchus,yebbrf1,Yellow-breasted Brushfinch,
Atlapetes leucopis_White-rimmed Brushfinch,Atlapetes leucopis,wrbfin1,White-rimmed Brushfinch,
Atlapetes leucopterus_White-winged Brushfinch,Atlapetes leucopterus,wwbfin1,White-winged Brushfinch,
Atlapetes melanocephalus_Santa Marta Brushfinch,Atlapetes melanocephalus,smbfin1,Santa Marta Brushfinch,
Atlapetes melanolaemus_Black-faced Brushfinch,Atlapetes melanolaemus,bkfbrf1,Grey-eared Brushfinch,
Atlapetes pallidiceps_Pale-headed Brushfinch,Atlapetes pallidiceps,phbfin1,Pale-headed Brushfinch,
Atlapetes pallidinucha_Pale-naped Brushfinch,Atlapetes pallidinucha,pnbfin1,Pale-naped Brushfinch,
Atlapetes personatus_Tepui Brushfinch,Atlapetes personatus,tebfin1,Tepui Brushfinch,
Atlapetes pileatus_Rufous-capped Brushfinch,Atlapetes pileatus,rcbfin1,Rufous-capped Brushfinch,RCBR
Atlapetes rufigenis_Rufous-eared Brushfinch,Atlapetes rufigenis,rebfin1,Rufous-eared Brushfinch,
Atlapetes rufinucha_Bolivian Brushfinch,Atlapetes rufinucha,rnbfin1,Bolivian Brushfinch,
Atlapetes schistaceus_Slaty Brushfinch,Atlapetes schistaceus,slabru1,Slaty Brushfinch,
Atlapetes semirufus_Ochre-breasted Brushfinch,Atlapetes semirufus,obbfin1,Ochre-breasted Brushfinch,
Atlapetes tibialis_Yellow-thighed Brushfinch,Atlapetes tibialis,yetfin1,Yellow-thighed Brushfinch,YTBR
Atlapetes tricolor_Tricolored Brushfinch,Atlapetes tricolor,tribrf2,Tricolored Brushfinch,
Atrichornis clamosus_Noisy Scrub-bird,Atrichornis clamosus,nosbir1,Noisy Scrubbird,
Atrichornis rufescens_Rufous Scrub-bird,Atrichornis rufescens,rusbir1,Rufous Scrubbird,
Attagis gayi_Rufous-bellied Seedsnipe,Attagis gayi,rubsee2,Rufous-bellied Seedsnipe,
Atticora fasciata_White-banded Swallow,Atticora fasciata,whbswa2,White-banded Swallow,
Atticora pileata_Black-capped Swallow,Atticora pileata,blcswa1,Black-capped Swallow,BCSW
Atticora tibialis_White-thighed Swallow,Atticora tibialis,whtswa1,White-thighed Swallow,WTGS
Attila bolivianus_Dull-capped Attila,Attila bolivianus,ducatt1,White-eyed Attila,
Attila cinnamomeus_Cinnamon Attila,Attila cinnamomeus,cinatt1,Cinnamon Attila,
Attila citriniventris_Citron-bellied Attila,Attila citriniventris,cibatt1,Citron-bellied Attila,
Attila phoenicurus_Rufous-tailed Attila,Attila phoenicurus,rutatt1,Rufous-tailed Attila,
Attila rufus_Gray-hooded Attila,Attila rufus,gyhatt1,Grey-hooded Attila,
Attila spadiceus_Bright-rumped Attila,Attila spadiceus,brratt1,Bright-rumped Attila,BRAT
Attila torridus_Ochraceous Attila,Attila torridus,ochatt1,Ochraceous Attila,
Augastes lumachella_Hooded Visorbearer,Augastes lumachella,hoovis2,Hooded Visorbearer,
Augastes scutatus_Hyacinth Visorbearer,Augastes scutatus,hyavis1,Hyacinth Visorbearer,
Aulacorhynchus albivitta_Southern Emerald-Toucanet,Aulacorhynchus albivitta,souemt1,Southern Emerald Toucanet,
Aulacorhynchus coeruleicinctis_Blue-banded Toucanet,Aulacorhynchus coeruleicinctis,blbtou1,Blue-banded Toucanet,
Aulacorhynchus derbianus_Chestnut-tipped Toucanet,Aulacorhynchus derbianus,chttou3,Chestnut-tipped Toucanet,
Aulacorhynchus haematopygus_Crimson-rumped Toucanet,Aulacorhynchus haematopygus,crrtou1,Crimson-rumped Toucanet,
Aulacorhynchus prasinus_Northern Emerald-Toucanet,Aulacorhynchus prasinus,noremt1,Northern Emerald Toucanet,NOET
Aulacorhynchus sulcatus_Groove-billed Toucanet,Aulacorhynchus sulcatus,grbtou1,Groove-billed Toucanet,
Auriparus flaviceps_Verdin,Auriparus flaviceps,verdin,Verdin,VERD
Automolus exsertus_Chiriqui Foliage-gleaner,Automolus exsertus,butfog4,Chiriqui Foliage-gleaner,CHFG
Automolus infuscatus_Olive-backed Foliage-gleaner,Automolus infuscatus,obfgle3,Olive-backed Foliage-gleaner,
Automolus leucophthalmus_White-eyed Foliage-gleaner,Automolus leucophthalmus,wefgle1,White-eyed Foliage-gleaner,
Automolus melanopezus_Brown-rumped Foliage-gleaner,Automolus melanopezus,brfgle1,Brown-rumped Foliage-gleaner,
Automolus ochrolaemus_Buff-throated Foliage-gleaner,Automolus ochrolaemus,btfgle1,Ochre-throated Foliage-gleaner,OTFG
Automolus paraensis_Para Foliage-gleaner,Automolus paraensis,parfog1,Para Foliage-gleaner,
Automolus rufipileatus_Chestnut-crowned Foliage-gleaner,Automolus rufipileatus,ccfgle2,Chestnut-crowned Foliage-gleaner,
Automolus subulatus_Striped Woodhaunter,Automolus subulatus,strwoo4,Eastern Woodhaunter,STPW
Aviceda jerdoni_Jerdon's Baza,Aviceda jerdoni,jerbaz1,Jerdon's Baza,
Aviceda leuphotes_Black Baza,Aviceda leuphotes,blabaz1,Black Baza,
Aviceda subcristata_Pacific Baza,Aviceda subcristata,pacbaz1,Pacific Baza,
Aythya affinis_Lesser Scaup,Aythya affinis,lessca,Lesser Scaup,LESC
Aythya americana_Redhead,Aythya americana,redhea,Redhead,REDH
Aythya collaris_Ring-necked Duck,Aythya collaris,rinduc,Ring-necked Duck,RNDU
Aythya ferina_Common Pochard,Aythya ferina,compoc,Common Pochard,COMP
Aythya fuligula_Tufted Duck,Aythya fuligula,tufduc,Tufted Duck,TUDU
Aythya marila_Greater Scaup,Aythya marila,gresca,Greater Scaup,GRSC
Aythya nyroca_Ferruginous Duck,Aythya nyroca,ferduc,Ferruginous Duck,
Aythya valisineria_Canvasback,Aythya valisineria,canvas,Canvasback,CANV
Baeolophus atricristatus_Black-crested Titmouse,Baeolophus atricristatus,blctit4,Black-crested Titmouse,BCTI
Baeolophus bicolor_Tufted Titmouse,Baeolophus bicolor,tuftit,Tufted Titmouse,TUTI
Baeolophus inornatus_Oak Titmouse,Baeolophus inornatus,oaktit,Oak Titmouse,OATI
Baeolophus ridgwayi_Juniper Titmouse,Baeolophus ridgwayi,juntit1,Juniper Titmouse,JUTI
Baeolophus wollweberi_Bridled Titmouse,Baeolophus wollweberi,britit,Bridled Titmouse,BRTI
Baeopogon indicator_Honeyguide Greenbul,Baeopogon indicator,hongre1,Honeyguide Greenbul,
Balearica regulorum_Gray Crowned-Crane,Balearica regulorum,grccra1,Grey Crowned Crane,
Bambusicola fytchii_Mountain Bamboo-Partridge,Bambusicola fytchii,mobpar1,Mountain Bamboo Partridge,
Bambusicola sonorivox_Taiwan Bamboo-Partridge,Bambusicola sonorivox,taibap1,Taiwan Bamboo Partridge,
Bambusicola thoracicus_Chinese Bamboo-Partridge,Bambusicola thoracicus,chbpar3,Chinese Bamboo Partridge,
Bangsia aureocincta_Gold-ringed Tanager,Bangsia aureocincta,gortan1,Gold-ringed Tanager,
Bangsia edwardsi_Moss-backed Tanager,Bangsia edwardsi,mobtan1,Moss-backed Tanager,
Bangsia melanochlamys_Black-and-gold Tanager,Bangsia melanochlamys,bagtan2,Black-and-gold Tanager,
Barnardius zonarius_Australian Ringneck,Barnardius zonarius,polpar1,Australian Ringneck,
Bartramia longicauda_Upland Sandpiper,Bartramia longicauda,uplsan,Upland Sandpiper,UPSA
Baryphthengus martii_Rufous Motmot,Baryphthengus martii,rufmot1,Rufous Motmot,RMOT
Baryphthengus ruficapillus_Rufous-capped Motmot,Baryphthengus ruficapillus,rucmot2,Rufous-capped Motmot,
Basileuterus belli_Golden-browed Warbler,Basileuterus belli,gobwar1,Golden-browed Warbler,GBWA
Basileuterus culicivorus_Golden-crowned Warbler,Basileuterus culicivorus,gcrwar,Golden-crowned Warbler,GCRW
Basileuterus delattrii_Chestnut-capped Warbler,Basileuterus delattrii,rucwar4,Chestnut-capped Warbler,CCAW
Basileuterus lachrymosus_Fan-tailed Warbler,Basileuterus lachrymosus,fatwar,Fan-tailed Warbler,FTWA
Basileuterus melanogenys_Black-cheeked Warbler,Basileuterus melanogenys,blcwar1,Black-cheeked Warbler,BCWA
Basileuterus melanotis_Costa Rican Warbler,Basileuterus melanotis,thswar5,Black-eared Warbler,CRWA
Basileuterus rufifrons_Rufous-capped Warbler,Basileuterus rufifrons,rucwar,Rufous-capped Warbler,RCWA
Basileuterus trifasciatus_Three-banded Warbler,Basileuterus trifasciatus,thbwar2,Three-banded Warbler,
Basileuterus tristriatus_Three-striped Warbler,Basileuterus tristriatus,thswar1,Three-striped Warbler,
Basilinna leucotis_White-eared Hummingbird,Basilinna leucotis,whehum,White-eared Hummingbird,WEHU
Batara cinerea_Giant Antshrike,Batara cinerea,giaant2,Giant Antshrike,
Bathmocercus rufus_Black-faced Rufous-Warbler,Bathmocercus rufus,bkfruw1,Black-faced Rufous Warbler,
Batis capensis_Cape Batis,Batis capensis,capbat10,Cape Batis,
Batis erlangeri_Western Black-headed Batis,Batis erlangeri,bkhbat1,Western Black-headed Batis,
Batis mixta_Short-tailed Batis,Batis mixta,shtbat1,Short-tailed Batis,
Batis molitor_Chinspot Batis,Batis molitor,chibat1,Chinspot Batis,
Batis orientalis_Gray-headed Batis,Batis orientalis,gyhbat1,Grey-headed Batis,
Batis perkeo_Pygmy Batis,Batis perkeo,pygbat1,Pygmy Batis,
Batis pririt_Pririt Batis,Batis pririt,pribat1,Pririt Batis,
Batis soror_Pale Batis,Batis soror,palbat1,Pale Batis,
Batrachostomus affinis_Blyth's Frogmouth,Batrachostomus affinis,javfro2,Blyth's Frogmouth,
Batrachostomus auritus_Large Frogmouth,Batrachostomus auritus,larfro1,Large Frogmouth,
Batrachostomus cornutus_Sunda Frogmouth,Batrachostomus cornutus,sunfro1,Sunda Frogmouth,
Batrachostomus hodgsoni_Hodgson's Frogmouth,Batrachostomus hodgsoni,hodfro1,Hodgson's Frogmouth,
Batrachostomus moniliger_Sri Lanka Frogmouth,Batrachostomus moniliger,ceyfro1,Sri Lanka Frogmouth,
Batrachostomus septimus_Philippine Frogmouth,Batrachostomus septimus,phifro1,Philippine Frogmouth,
Batrachostomus stellatus_Gould's Frogmouth,Batrachostomus stellatus,goufro1,Gould's Frogmouth,
Berenicornis comatus_White-crowned Hornbill,Berenicornis comatus,whchor2,White-crowned Hornbill,
Berlepschia rikeri_Point-tailed Palmcreeper,Berlepschia rikeri,potpal1,Point-tailed Palmcreeper,
Bernieria madagascariensis_Long-billed Bernieria,Bernieria madagascariensis,lobber1,Long-billed Bernieria,
Bias musicus_Black-and-white Shrike-flycatcher,Bias musicus,bawfly1,Black-and-white Shrike-flycatcher,
Biatas nigropectus_White-bearded Antshrike,Biatas nigropectus,whbant2,White-bearded Antshrike,
Biziura lobata_Musk Duck,Biziura lobata,musduc1,Musk Duck,
Bleda canicapillus_Gray-headed Bristlebill,Bleda canicapillus,gyhbri1,Grey-headed Bristlebill,
Bleda notatus_Lesser Bristlebill,Bleda notatus,lesbri1,Yellow-lored Bristlebill,
Bleda syndactylus_Red-tailed Bristlebill,Bleda syndactylus,combri2,Red-tailed Bristlebill,
Blythipicus pyrrhotis_Bay Woodpecker,Blythipicus pyrrhotis,baywoo1,Bay Woodpecker,
Blythipicus rubiginosus_Maroon Woodpecker,Blythipicus rubiginosus,marwoo1,Maroon Woodpecker,
Boissonneaua flavescens_Buff-tailed Coronet,Boissonneaua flavescens,butcor1,Buff-tailed Coronet,
Boissonneaua jardini_Velvet-purple Coronet,Boissonneaua jardini,vepcor1,Velvet-purple Coronet,
Boissonneaua matthewsii_Chestnut-breasted Coronet,Boissonneaua matthewsii,chbcor1,Chestnut-breasted Coronet,
Bolbopsittacus lunulatus_Guaiabero,Bolbopsittacus lunulatus,guaiab1,Guaiabero,
Bolborhynchus lineola_Barred Parakeet,Bolborhynchus lineola,barpar1,Barred Parakeet,BAPA
Bolborhynchus orbygnesius_Andean Parakeet,Bolborhynchus orbygnesius,andpar1,Andean Parakeet,
Bolemoreus frenatus_Bridled Honeyeater,Bolemoreus frenatus,brihon1,Bridled Honeyeater,
Bombycilla cedrorum_Cedar Waxwing,Bombycilla cedrorum,cedwax,Cedar Waxwing,CEDW
Bombycilla garrulus_Bohemian Waxwing,Bombycilla garrulus,bohwax,Bohemian Waxwing,BOWA
Bombycilla japonica_Japanese Waxwing,Bombycilla japonica,japwax1,Japanese Waxwing,
Bonasa umbellus_Ruffed Grouse,Bonasa umbellus,rufgro,Ruffed Grouse,RUGR
Bostrychia carunculata_Wattled Ibis,Bostrychia carunculata,watibi1,Wattled Ibis,
Bostrychia hagedash_Hadada Ibis,Bostrychia hagedash,hadibi1,Hadada Ibis,
Botaurus lentiginosus_American Bittern,Botaurus lentiginosus,amebit,American Bittern,AMBI
Botaurus stellaris_Great Bittern,Botaurus stellaris,grebit1,Eurasian Bittern,
Brachygalba albogularis_White-throated Jacamar,Brachygalba albogularis,whtjac1,White-throated Jacamar,
Brachygalba lugubris_Brown Jacamar,Brachygalba lugubris,brojac2,Brown Jacamar,
Brachypodius eutilotus_Puff-backed Bulbul,Brachypodius eutilotus,,,
Brachypodius melanocephalos_Black-headed Bulbul,Brachypodius melanocephalos,,,
Brachypodius melanoleucos_Black-and-white Bulbul,Brachypodius melanoleucos,,,
Brachypodius priocephalus_Gray-headed Bulbul,Brachypodius priocephalus,,,
Brachypodius urostictus_Yellow-wattled Bulbul,Brachypodius urostictus,,,
Brachypteryx cruralis_Himalayan Shortwing,Brachypteryx cruralis,whbsho4,Himalayan Shortwing,
Brachypteryx goodfellowi_Taiwan Shortwing,Brachypteryx goodfellowi,whbsho6,Taiwan Shortwing,
Brachypteryx hyperythra_Rusty-bellied Shortwing,Brachypteryx hyperythra,rubsho1,Rusty-bellied Shortwing,
Brachypteryx leucophris_Lesser Shortwing,Brachypteryx leucophris,lessho1,Lesser Shortwing,
Brachypteryx montana_White-browed Shortwing,Brachypteryx montana,whbsho10,Javan Shortwing,
Brachyramphus marmoratus_Marbled Murrelet,Brachyramphus marmoratus,marmur,Marbled Murrelet,MAMU
Bradornis microrhynchus_African Gray Flycatcher,Bradornis microrhynchus,afgfly1,African Grey Flycatcher,
Bradypterus baboecala_Little Rush Warbler,Bradypterus baboecala,afbwar1,Little Rush Warbler,
Bradypterus barratti_Barratt's Warbler,Bradypterus barratti,afswar1,Barratt's Warbler,
Bradypterus brunneus_Brown Emutail,Bradypterus brunneus,bretai1,Brown Emutail,
Bradypterus carpalis_White-winged Swamp Warbler,Bradypterus carpalis,wwswar1,White-winged Swamp Warbler,
Bradypterus cinnamomeus_Cinnamon Bracken-Warbler,Bradypterus cinnamomeus,cibwar1,Cinnamon Bracken Warbler,
Bradypterus lopezi_Evergreen-forest Warbler,Bradypterus lopezi,camscw1,Evergreen Forest Warbler,
Bradypterus sylvaticus_Knysna Warbler,Bradypterus sylvaticus,knswar1,Knysna Warbler,
Branta bernicla_Brant,Branta bernicla,brant,Brant Goose,BRAN
Branta canadensis_Canada Goose,Branta canadensis,cangoo,Canada Goose,CANG
Branta hutchinsii_Cackling Goose,Branta hutchinsii,cacgoo1,Cackling Goose,CACG
Branta leucopsis_Barnacle Goose,Branta leucopsis,bargoo,Barnacle Goose,BARG
Branta sandvicensis_Hawaiian Goose,Branta sandvicensis,hawgoo,Nene,HAGO
Brotogeris chiriri_Yellow-chevroned Parakeet,Brotogeris chiriri,yecpar,Yellow-chevroned Parakeet,YCPA
Brotogeris chrysoptera_Golden-winged Parakeet,Brotogeris chrysoptera,gowpar2,Golden-winged Parakeet,
Brotogeris cyanoptera_Cobalt-winged Parakeet,Brotogeris cyanoptera,cowpar1,Cobalt-winged Parakeet,
Brotogeris jugularis_Orange-chinned Parakeet,Brotogeris jugularis,orcpar,Orange-chinned Parakeet,OCPA
Brotogeris pyrrhoptera_Gray-cheeked Parakeet,Brotogeris pyrrhoptera,gycpar1,Grey-cheeked Parakeet,
Brotogeris sanctithomae_Tui Parakeet,Brotogeris sanctithomae,tuipar1,Tui Parakeet,
Brotogeris tirica_Plain Parakeet,Brotogeris tirica,plapar1,Plain Parakeet,
Brotogeris versicolurus_White-winged Parakeet,Brotogeris versicolurus,whwpar,White-winged Parakeet,WWPA
Bubalornis albirostris_White-billed Buffalo-Weaver,Bubalornis albirostris,wbbwea1,White-billed Buffalo Weaver,
Bubalornis niger_Red-billed Buffalo-Weaver,Bubalornis niger,rbbwea1,Red-billed Buffalo Weaver,
Bubo africanus_Spotted Eagle-Owl,Bubo africanus,spoeao2,Spotted Eagle-Owl,
Bubo bengalensis_Rock Eagle-Owl,Bubo bengalensis,roeowl1,Indian Eagle-Owl,
Bubo bubo_Eurasian Eagle-Owl,Bubo bubo,eueowl1,Eurasian Eagle-Owl,
Bubo coromandus_Dusky Eagle-Owl,Bubo coromandus,,,
Bubo lacteus_Verreaux's Eagle-Owl,Bubo lacteus,,,
Bubo nipalensis_Spot-bellied Eagle-Owl,Bubo nipalensis,,,
Bubo scandiacus_Snowy Owl,Bubo scandiacus,snoowl1,Snowy Owl,SNOW
Bubo sumatranus_Barred Eagle-Owl,Bubo sumatranus,,,
Bubo virginianus_Great Horned Owl,Bubo virginianus,grhowl,Great Horned Owl,GHOW
Bubulcus ibis_Cattle Egret,Bubulcus ibis,,,
Bucanetes githagineus_Trumpeter Finch,Bucanetes githagineus,trufin2,Trumpeter Finch,
Buccanodon duchaillui_Yellow-spotted Barbet,Buccanodon duchaillui,yesbar1,Yellow-spotted Barbet,
Bucco capensis_Collared Puffbird,Bucco capensis,colpuf1,Collared Puffbird,
Bucco macrodactylus_Chestnut-capped Puffbird,Bucco macrodactylus,chcpuf1,Chestnut-capped Puffbird,
Bucco tamatia_Spotted Puffbird,Bucco tamatia,spopuf1,Spotted Puffbird,
Bucephala albeola_Bufflehead,Bucephala albeola,buffle,Bufflehead,BUFF
Bucephala clangula_Common Goldeneye,Bucephala clangula,comgol,Common Goldeneye,COGO
Bucephala islandica_Barrow's Goldeneye,Bucephala islandica,bargol,Barrow's Goldeneye,BAGO
Buceros bicornis_Great Hornbill,Buceros bicornis,grehor1,Great Hornbill,
Buceros hydrocorax_Rufous Hornbill,Buceros hydrocorax,rufhor1,Rufous Hornbill,
Buceros rhinoceros_Rhinoceros Hornbill,Buceros rhinoceros,rhihor1,Rhinoceros Hornbill,
Buceros vigil_Helmeted Hornbill,Buceros vigil,,,
Bucorvus leadbeateri_Southern Ground-Hornbill,Bucorvus leadbeateri,soghor1,Southern Ground Hornbill,
Bulweria bulwerii_Bulwer's Petrel,Bulweria bulwerii,bulpet,Bulwer's Petrel,BUPE
Buphagus africanus_Yellow-billed Oxpecker,Buphagus africanus,yeboxp1,Yellow-billed Oxpecker,
Buphagus erythrorynchus_Red-billed Oxpecker,Buphagus erythrorynchus,,,
Burhinus bistriatus_Double-striped Thick-knee,Burhinus bistriatus,,,
Burhinus capensis_Spotted Thick-knee,Burhinus capensis,sptkne1,Spotted Thick-knee,
Burhinus grallarius_Bush Thick-knee,Burhinus grallarius,butkne1,Bush Stone-curlew,
Burhinus indicus_Indian Thick-knee,Burhinus indicus,indthk1,Indian Stone-curlew,
Burhinus oedicnemus_Eurasian Thick-knee,Burhinus oedicnemus,eutkne1,Eurasian Stone-curlew,
Burhinus senegalensis_Senegal Thick-knee,Burhinus senegalensis,setkne1,Senegal Thick-knee,
Burhinus superciliaris_Peruvian Thick-knee,Burhinus superciliaris,,,
Burhinus vermiculatus_Water Thick-knee,Burhinus vermiculatus,watkne1,Water Thick-knee,
Busarellus nigricollis_Black-collared Hawk,Busarellus nigricollis,blchaw1,Black-collared Hawk,BCHA
Butastur indicus_Gray-faced Buzzard,Butastur indicus,gyfbuz1,Grey-faced Buzzard,
Butastur teesa_White-eyed Buzzard,Butastur teesa,whebuz1,White-eyed Buzzard,
Buteo albigula_White-throated Hawk,Buteo albigula,whthaw1,White-throated Hawk,
Buteo albonotatus_Zone-tailed Hawk,Buteo albonotatus,zothaw,Zone-tailed Hawk,ZTHA
Buteo augur_Augur Buzzard,Buteo augur,augbuz2,Augur Buzzard,
Buteo brachypterus_Madagascar Buzzard,Buteo brachypterus,madbuz1,Madagascar Buzzard,
Buteo brachyurus_Short-tailed Hawk,Buteo brachyurus,shthaw,Short-tailed Hawk,STHA
Buteo buteo_Common Buzzard,Buteo buteo,combuz1,Common Buzzard,
Buteo jamaicensis_Red-tailed Hawk,Buteo jamaicensis,rethaw,Red-tailed Hawk,RTHA
Buteo japonicus_Eastern Buzzard,Buteo japonicus,combuz6,Eastern Buzzard,
Buteo lagopus_Rough-legged Hawk,Buteo lagopus,rolhaw,Rough-legged Buzzard,RLHA
Buteo lineatus_Red-shouldered Hawk,Buteo lineatus,reshaw,Red-shouldered Hawk,RSHA
Buteo nitidus_Gray-lined Hawk,Buteo nitidus,gryhaw3,Grey-lined Hawk,GLHA
Buteo oreophilus_Mountain Buzzard,Buteo oreophilus,moubuz2,Mountain Buzzard,
Buteo plagiatus_Gray Hawk,Buteo plagiatus,gryhaw2,Grey Hawk,GRHA
Buteo platypterus_Broad-winged Hawk,Buteo platypterus,brwhaw,Broad-winged Hawk,BWHA
Buteo regalis_Ferruginous Hawk,Buteo regalis,ferhaw,Ferruginous Hawk,FEHA
Buteo ridgwayi_Ridgway's Hawk,Buteo ridgwayi,ridhaw1,Ridgway's Hawk,RIHA
Buteo solitarius_Hawaiian Hawk,Buteo solitarius,hawhaw,Hawaiian Hawk,HAWH
Buteo swainsoni_Swainson's Hawk,Buteo swainsoni,swahaw,Swainson's Hawk,SWHA
Buteogallus anthracinus_Common Black Hawk,Buteogallus anthracinus,comblh1,Common Black Hawk,COBH
Buteogallus coronatus_Chaco Eagle,Buteogallus coronatus,croeag1,Chaco Eagle,
Buteogallus meridionalis_Savanna Hawk,Buteogallus meridionalis,savhaw1,Savanna Hawk,SAHA
Buteogallus schistaceus_Slate-colored Hawk,Buteogallus schistaceus,slchaw2,Slate-colored Hawk,
Buteogallus solitarius_Solitary Eagle,Buteogallus solitarius,soleag1,Solitary Eagle,SOEA
Buteogallus urubitinga_Great Black Hawk,Buteogallus urubitinga,grbhaw1,Great Black Hawk,GBHA
Buthraupis montana_Hooded Mountain Tanager,Buthraupis montana,homtan1,Hooded Mountain Tanager,
Butorides striata_Striated Heron,Butorides striata,strher,Striated Heron,STRH
Butorides virescens_Green Heron,Butorides virescens,grnher,Green Heron,GRHE
Bycanistes albotibialis_White-thighed Hornbill,Bycanistes albotibialis,whthor1,White-thighed Hornbill,
Bycanistes brevis_Silvery-cheeked Hornbill,Bycanistes brevis,sichor1,Silvery-cheeked Hornbill,
Bycanistes bucinator_Trumpeter Hornbill,Bycanistes bucinator,truhor1,Trumpeter Hornbill,
Bycanistes fistulator_Piping Hornbill,Bycanistes fistulator,piphor1,Piping Hornbill,
Bycanistes subcylindricus_Black-and-white-casqued Hornbill,Bycanistes subcylindricus,bawhor2,Black-and-white-casqued Hornbill,
Cacatua alba_White Cockatoo,Cacatua alba,whicoc1,White Cockatoo,
Cacatua ducorpsii_Ducorps's Cockatoo,Cacatua ducorpsii,duccoc1,Solomons Corella,
Cacatua galerita_Sulphur-crested Cockatoo,Cacatua galerita,succoc,Sulphur-crested Cockatoo,
Cacatua goffiniana_Tanimbar Corella,Cacatua goffiniana,tancoc1,Tanimbar Corella,
Cacatua sanguinea_Little Corella,Cacatua sanguinea,litcor2,Little Corella,
Cacatua tenuirostris_Long-billed Corella,Cacatua tenuirostris,lobcor1,Long-billed Corella,
Cacicus cela_Yellow-rumped Cacique,Cacicus cela,yercac1,Yellow-rumped Cacique,YRCA
Cacicus chrysonotus_Mountain Cacique,Cacicus chrysonotus,moucac1,Mountain Cacique,
Cacicus chrysopterus_Golden-winged Cacique,Cacicus chrysopterus,gowcac1,Golden-winged Cacique,
Cacicus haemorrhous_Red-rumped Cacique,Cacicus haemorrhous,rercac1,Red-rumped Cacique,
Cacicus latirostris_Band-tailed Cacique,Cacicus latirostris,batoro1,Band-tailed Cacique,
Cacicus oseryi_Casqued Cacique,Cacicus oseryi,casoro2,Casqued Cacique,
Cacicus solitarius_Solitary Black Cacique,Cacicus solitarius,sobcac1,Solitary Cacique,
Cacicus uropygialis_Scarlet-rumped Cacique,Cacicus uropygialis,scrcac1,Scarlet-rumped Cacique,SRCA
Cacomantis castaneiventris_Chestnut-breasted Cuckoo,Cacomantis castaneiventris,chbcuc3,Chestnut-breasted Cuckoo,
Cacomantis flabelliformis_Fan-tailed Cuckoo,Cacomantis flabelliformis,fatcuc1,Fan-tailed Cuckoo,
Cacomantis leucolophus_White-crowned Koel,Cacomantis leucolophus,,,
Cacomantis merulinus_Plaintive Cuckoo,Cacomantis merulinus,placuc1,Plaintive Cuckoo,
Cacomantis pallidus_Pallid Cuckoo,Cacomantis pallidus,,,
Cacomantis passerinus_Gray-bellied Cuckoo,Cacomantis passerinus,placuc3,Grey-bellied Cuckoo,
Cacomantis sonneratii_Banded Bay Cuckoo,Cacomantis sonneratii,babcuc2,Banded Bay Cuckoo,
Cacomantis variolosus_Brush Cuckoo,Cacomantis variolosus,brucuc3,Sahul Brush Cuckoo,
Cairina moschata_Muscovy Duck,Cairina moschata,musduc,Muscovy Duck,MUDU
Calamanthus fuliginosus_Striated Fieldwren,Calamanthus fuliginosus,strfie1,Striated Fieldwren,
Calamonastes fasciolatus_Barred Wren-Warbler,Calamonastes fasciolatus,bawwar1,Barred Wren-Warbler,
Calamonastes simplex_Gray Wren-Warbler,Calamonastes simplex,grywrw1,Grey Wren-Warbler,
Calamonastes stierlingi_Stierling's Wren-Warbler,Calamonastes stierlingi,miowrw3,Stierling's Wren-Warbler,
Calamospiza melanocorys_Lark Bunting,Calamospiza melanocorys,larbun,Lark Bunting,LARB
Calandrella acutirostris_Hume's Lark,Calandrella acutirostris,humlar1,Hume's Short-toed Lark,
Calandrella brachydactyla_Greater Short-toed Lark,Calandrella brachydactyla,gstlar1,Greater Short-toed Lark,
Calandrella cinerea_Red-capped Lark,Calandrella cinerea,reclar1,Red-capped Lark,
Calandrella dukhunensis_Mongolian Short-toed Lark,Calandrella dukhunensis,sstlar4,Mongolian Short-toed Lark,
Calcarius lapponicus_Lapland Longspur,Calcarius lapponicus,laplon,Lapland Longspur,LALO
Calcarius ornatus_Chestnut-collared Longspur,Calcarius ornatus,chclon,Chestnut-collared Longspur,CCLO
Calcarius pictus_Smith's Longspur,Calcarius pictus,smilon,Smith's Longspur,SMLO
Calendulauda africanoides_Fawn-colored Lark,Calendulauda africanoides,faclar8,Fawn-colored Lark,
Calendulauda albescens_Karoo Lark,Calendulauda albescens,karlar2,Karoo Lark,
Calendulauda alopex_Foxy Lark,Calendulauda alopex,,,
Calendulauda poecilosterna_Pink-breasted Lark,Calendulauda poecilosterna,piblar3,Pink-breasted Lark,
Calendulauda sabota_Sabota Lark,Calendulauda sabota,sablar2,Sabota Lark,
Calicalicus madagascariensis_Red-tailed Vanga,Calicalicus madagascariensis,retvan1,Red-tailed Vanga,
Calidris acuminata_Sharp-tailed Sandpiper,Calidris acuminata,shtsan,Sharp-tailed Sandpiper,SPTS
Calidris alba_Sanderling,Calidris alba,sander,Sanderling,SAND
Calidris alpina_Dunlin,Calidris alpina,dunlin,Dunlin,DUNL
Calidris bairdii_Baird's Sandpiper,Calidris bairdii,baisan,Baird's Sandpiper,BASA
Calidris canutus_Red Knot,Calidris canutus,redkno,Red Knot,REKN
Calidris falcinellus_Broad-billed Sandpiper,Calidris falcinellus,brbsan,Broad-billed Sandpiper,BBIS
Calidris ferruginea_Curlew Sandpiper,Calidris ferruginea,cursan,Curlew Sandpiper,CUSA
Calidris fuscicollis_White-rumped Sandpiper,Calidris fuscicollis,whrsan,White-rumped Sandpiper,WRSA
Calidris himantopus_Stilt Sandpiper,Calidris himantopus,stisan,Stilt Sandpiper,STSA
Calidris maritima_Purple Sandpiper,Calidris maritima,pursan,Purple Sandpiper,PUSA
Calidris mauri_Western Sandpiper,Calidris mauri,wessan,Western Sandpiper,WESA
Calidris melanotos_Pectoral Sandpiper,Calidris melanotos,pecsan,Pectoral Sandpiper,PESA
Calidris minuta_Little Stint,Calidris minuta,litsti,Little Stint,LIST
Calidris minutilla_Least Sandpiper,Calidris minutilla,leasan,Least Sandpiper,LESA
Calidris ptilocnemis_Rock Sandpiper,Calidris ptilocnemis,rocsan,Rock Sandpiper,ROSA
Calidris pugnax_Ruff,Calidris pugnax,ruff,Ruff,RUFF
Calidris pusilla_Semipalmated Sandpiper,Calidris pusilla,semsan,Semipalmated Sandpiper,SESA
Calidris pygmaea_Spoon-billed Sandpiper,Calidris pygmaea,spbsan1,Spoon-billed Sandpiper,
Calidris ruficollis_Red-necked Stint,Calidris ruficollis,rensti,Red-necked Stint,RNST
Calidris subminuta_Long-toed Stint,Calidris subminuta,lotsti,Long-toed Stint,LTST
Calidris subruficollis_Buff-breasted Sandpiper,Calidris subruficollis,bubsan,Buff-breasted Sandpiper,BBSA
Calidris temminckii_Temminck's Stint,Calidris temminckii,temsti,Temminck's Stint,TEST
Calidris tenuirostris_Great Knot,Calidris tenuirostris,grekno,Great Knot,GRKN
Calidris virgata_Surfbird,Calidris virgata,surfbi,Surfbird,SURF
Caligavis chrysops_Yellow-faced Honeyeater,Caligavis chrysops,yefhon1,Yellow-faced Honeyeater,
Caligavis subfrenata_Black-throated Honeyeater,Caligavis subfrenata,blthon1,Black-throated Honeyeater,
Callacanthis burtoni_Spectacled Finch,Callacanthis burtoni,spefin1,Spectacled Finch,
Callaeas wilsoni_North Island Kokako,Callaeas wilsoni,kokako3,North Island Kokako,
Calliope calliope_Siberian Rubythroat,Calliope calliope,sibrub,Siberian Rubythroat,SIRU
Calliope pectardens_Firethroat,Calliope pectardens,fireth1,Firethroat,
Calliope pectoralis_Himalayan Rubythroat,Calliope pectoralis,himrub1,Himalayan Rubythroat,
Calliope tschebaiewi_Chinese Rubythroat,Calliope tschebaiewi,chirub1,Chinese Rubythroat,
Callipepla californica_California Quail,Callipepla californica,calqua,California Quail,CAQU
Callipepla douglasii_Elegant Quail,Callipepla douglasii,elequa,Elegant Quail,ELQU
Callipepla gambelii_Gambel's Quail,Callipepla gambelii,gamqua,Gambel's Quail,GAQU
Callipepla squamata_Scaled Quail,Callipepla squamata,scaqua,Scaled Quail,SCQU
Callocephalon fimbriatum_Gang-gang Cockatoo,Callocephalon fimbriatum,gagcoc1,Gang-gang Cockatoo,
Calocitta colliei_Black-throated Magpie-Jay,Calocitta colliei,,,
Calocitta formosa_White-throated Magpie-Jay,Calocitta formosa,,,
Calonectris diomedea_Cory's Shearwater,Calonectris diomedea,scoshe1,Scopoli's Shearwater,SCSH
Caloramphus fuliginosus_Brown Barbet,Caloramphus fuliginosus,brnbar2,Brown Barbet,
Calothorax lucifer_Lucifer Hummingbird,Calothorax lucifer,luchum,Lucifer Sheartail,LUHU
Calypte anna_Anna's Hummingbird,Calypte anna,annhum,Anna's Hummingbird,ANHU
Calypte costae_Costa's Hummingbird,Calypte costae,coshum,Costa's Hummingbird,COHU
Calyptomena viridis_Green Broadbill,Calyptomena viridis,grebro1,Green Broadbill,
Calyptomena whiteheadi_Whitehead's Broadbill,Calyptomena whiteheadi,whibro1,Whitehead's Broadbill,
Calyptophilus frugivorus_Eastern Chat-Tanager,Calyptophilus frugivorus,eactan1,Eastern Chat-Tanager,EACT
Calyptophilus tertius_Western Chat-Tanager,Calyptophilus tertius,wectan1,Western Chat-Tanager,WECT
Calyptorhynchus banksii_Red-tailed Black-Cockatoo,Calyptorhynchus banksii,rtbcoc1,Red-tailed Black Cockatoo,
Calyptorhynchus funereus_Yellow-tailed Black-Cockatoo,Calyptorhynchus funereus,,,
Calyptorhynchus lathami_Glossy Black-Cockatoo,Calyptorhynchus lathami,glbcoc1,Glossy Black Cockatoo,
Calyptorhynchus latirostris_Carnaby's Black-Cockatoo,Calyptorhynchus latirostris,,,
Camaroptera brachyura_Green-backed Camaroptera,Camaroptera brachyura,grbcam1,Bleating Camaroptera,
Camaroptera chloronota_Olive-green Camaroptera,Camaroptera chloronota,olgcam1,Olive-green Camaroptera,
Camaroptera superciliaris_Yellow-browed Camaroptera,Camaroptera superciliaris,yebcam1,Yellow-browed Camaroptera,
Campephaga flava_Black Cuckooshrike,Campephaga flava,blkcus1,Black Cuckooshrike,
Campephaga quiscalina_Purple-throated Cuckooshrike,Campephaga quiscalina,putcus1,Purple-throated Cuckooshrike,
Campephilus gayaquilensis_Guayaquil Woodpecker,Campephilus gayaquilensis,guawoo2,Guayaquil Woodpecker,
Campephilus guatemalensis_Pale-billed Woodpecker,Campephilus guatemalensis,pabwoo1,Pale-billed Woodpecker,PBIW
Campephilus haematogaster_Crimson-bellied Woodpecker,Campephilus haematogaster,crbwoo1,Crimson-bellied Woodpecker,CBWO
Campephilus leucopogon_Cream-backed Woodpecker,Campephilus leucopogon,crbwoo2,Cream-backed Woodpecker,
Campephilus magellanicus_Magellanic Woodpecker,Campephilus magellanicus,magwoo1,Magellanic Woodpecker,
Campephilus melanoleucos_Crimson-crested Woodpecker,Campephilus melanoleucos,crcwoo1,Crimson-crested Woodpecker,CCRW
Campephilus pollens_Powerful Woodpecker,Campephilus pollens,powwoo1,Powerful Woodpecker,
Campephilus robustus_Robust Woodpecker,Campephilus robustus,robwoo1,Robust Woodpecker,
Campephilus rubricollis_Red-necked Woodpecker,Campephilus rubricollis,renwoo1,Red-necked Woodpecker,
Campethera abingoni_Golden-tailed Woodpecker,Campethera abingoni,gotwoo1,Golden-tailed Woodpecker,
Campethera cailliautii_Green-backed Woodpecker,Campethera cailliautii,,,
Campethera mombassica_Mombasa Woodpecker,Campethera mombassica,momwoo1,Mombasa Woodpecker,
Campethera nubica_Nubian Woodpecker,Campethera nubica,nubwoo1,Nubian Woodpecker,
Camptostoma imberbe_Northern Beardless-Tyrannulet,Camptostoma imberbe,nobtyr,Northern Beardless Tyrannulet,NOBT
Camptostoma obsoletum_Southern Beardless-Tyrannulet,Camptostoma obsoletum,sobtyr1,Southern Beardless Tyrannulet,SOBT
Campylopterus falcatus_Lazuline Sabrewing,Campylopterus falcatus,lazsab1,Lazuline Sabrewing,
Campylopterus hemileucurus_Violet Sabrewing,Campylopterus hemileucurus,viosab1,Violet Sabrewing,VISA
Campylopterus largipennis_Gray-breasted Sabrewing,Campylopterus largipennis,gybsab1,Grey-breasted Sabrewing,
Campylorhamphus falcularius_Black-billed Scythebill,Campylorhamphus falcularius,blbscy1,Black-billed Scythebill,
Campylorhamphus procurvoides_Curve-billed Scythebill,Campylorhamphus procurvoides,cubscy1,Curve-billed Scythebill,
Campylorhamphus pusillus_Brown-billed Scythebill,Campylorhamphus pusillus,brbscy1,Brown-billed Scythebill,BBSC
Campylorhamphus trochilirostris_Red-billed Scythebill,Campylorhamphus trochilirostris,rebscy1,Red-billed Scythebill,RBSC
Campylorhynchus albobrunneus_White-headed Wren,Campylorhynchus albobrunneus,whhwre1,White-headed Wren,WHWR
Campylorhynchus brunneicapillus_Cactus Wren,Campylorhynchus brunneicapillus,cacwre,Cactus Wren,CACW
Campylorhynchus chiapensis_Giant Wren,Campylorhynchus chiapensis,giawre1,Giant Wren,GIWR
Campylorhynchus fasciatus_Fasciated Wren,Campylorhynchus fasciatus,faswre1,Fasciated Wren,
Campylorhynchus griseus_Bicolored Wren,Campylorhynchus griseus,bicwre1,Bicolored Wren,BIWR
Campylorhynchus gularis_Spotted Wren,Campylorhynchus gularis,spowre1,Spotted Wren,SPWR
Campylorhynchus jocosus_Boucard's Wren,Campylorhynchus jocosus,bouwre1,Boucard's Wren,BOWR
Campylorhynchus megalopterus_Gray-barred Wren,Campylorhynchus megalopterus,grbwre1,Grey-barred Wren,GBWR
Campylorhynchus nuchalis_Stripe-backed Wren,Campylorhynchus nuchalis,stbwre2,Stripe-backed Wren,
Campylorhynchus rufinucha_Rufous-naped Wren,Campylorhynchus rufinucha,runwre2,Veracruz Wren,VEWR
Campylorhynchus turdinus_Thrush-like Wren,Campylorhynchus turdinus,thlwre1,Thrush-like Wren,
Campylorhynchus yucatanicus_Yucatan Wren,Campylorhynchus yucatanicus,yucwre1,Yucatan Wren,YUWR
Campylorhynchus zonatus_Band-backed Wren,Campylorhynchus zonatus,babwre1,Band-backed Wren,BABW
Canachites canadensis_Spruce Grouse,Canachites canadensis,sprgro,Spruce Grouse,SPGR
Canis latrans_Coyote,Canis latrans,,,
Canis lupus_Gray Wolf,Canis lupus,,,
Cantorchilus elutus_Isthmian Wren,Cantorchilus elutus,istwre1,Isthmian Wren,ISWR
Cantorchilus guarayanus_Fawn-breasted Wren,Cantorchilus guarayanus,fabwre1,Fawn-breasted Wren,
Cantorchilus leucopogon_Stripe-throated Wren,Cantorchilus leucopogon,sttwre1,Stripe-throated Wren,STWR
Cantorchilus leucotis_Buff-breasted Wren,Cantorchilus leucotis,bubwre1,Buff-breasted Wren,BBRW
Cantorchilus longirostris_Long-billed Wren,Cantorchilus longirostris,lobwre1,Long-billed Wren,
Cantorchilus modestus_Cabanis's Wren,Cantorchilus modestus,plawre1,Cabanis's Wren,CABW
Cantorchilus nigricapillus_Bay Wren,Cantorchilus nigricapillus,baywre1,Bay Wren,BAYW
Cantorchilus semibadius_Riverside Wren,Cantorchilus semibadius,rivwre1,Riverside Wren,RIWR
Cantorchilus superciliaris_Superciliated Wren,Cantorchilus superciliaris,supwre1,Superciliated Wren,
Cantorchilus thoracicus_Stripe-breasted Wren,Cantorchilus thoracicus,stbwre1,Stripe-breasted Wren,SIBW
Cantorchilus zeledoni_Canebrake Wren,Cantorchilus zeledoni,plawre3,Canebrake Wren,CAKW
Capito auratus_Gilded Barbet,Capito auratus,gilbar1,Gilded Barbet,
Capito aurovirens_Scarlet-crowned Barbet,Capito aurovirens,sccbar1,Scarlet-crowned Barbet,
Capito dayi_Black-girdled Barbet,Capito dayi,blgbar1,Black-girdled Barbet,
Capito hypoleucus_White-mantled Barbet,Capito hypoleucus,whmbar1,White-mantled Barbet,
Capito niger_Black-spotted Barbet,Capito niger,blsbar1,Black-spotted Barbet,
Capito quinticolor_Five-colored Barbet,Capito quinticolor,ficbar1,Five-colored Barbet,
Capito squamatus_Orange-fronted Barbet,Capito squamatus,orfbar1,Orange-fronted Barbet,
Capito wallacei_Scarlet-banded Barbet,Capito wallacei,scbbar2,Scarlet-banded Barbet,
Caprimulgus affinis_Savanna Nightjar,Caprimulgus affinis,savnig1,Savanna Nightjar,
Caprimulgus asiaticus_Indian Nightjar,Caprimulgus asiaticus,indnig1,Indian Nightjar,
Caprimulgus atripennis_Jerdon's Nightjar,Caprimulgus atripennis,jernig1,Jerdon's Nightjar,
Caprimulgus clarus_Slender-tailed Nightjar,Caprimulgus clarus,sltnig1,Slender-tailed Nightjar,
Caprimulgus climacurus_Long-tailed Nightjar,Caprimulgus climacurus,lotnig1,Long-tailed Nightjar,
Caprimulgus europaeus_Eurasian Nightjar,Caprimulgus europaeus,eurnig1,European Nightjar,
Caprimulgus fossii_Square-tailed Nightjar,Caprimulgus fossii,sqtnig1,Square-tailed Nightjar,
Caprimulgus indicus_Jungle Nightjar,Caprimulgus indicus,grynig2,Jungle Nightjar,
Caprimulgus jotaka_Gray Nightjar,Caprimulgus jotaka,grynig1,Grey Nightjar,GRNI
Caprimulgus macrurus_Large-tailed Nightjar,Caprimulgus macrurus,latnig2,Large-tailed Nightjar,
Caprimulgus madagascariensis_Madagascar Nightjar,Caprimulgus madagascariensis,madnig1,Madagascar Nightjar,
Caprimulgus manillensis_Philippine Nightjar,Caprimulgus manillensis,phinig1,Philippine Nightjar,
Caprimulgus natalensis_Swamp Nightjar,Caprimulgus natalensis,swanig1,Swamp Nightjar,
Caprimulgus nigriscapularis_Black-shouldered Nightjar,Caprimulgus nigriscapularis,,,
Caprimulgus pectoralis_Fiery-necked Nightjar,Caprimulgus pectoralis,finnig1,Fiery-necked Nightjar,
Caprimulgus poliocephalus_Abyssinian Nightjar,Caprimulgus poliocephalus,monnig1,Montane Nightjar,
Caprimulgus ruficollis_Red-necked Nightjar,Caprimulgus ruficollis,rennig1,Red-necked Nightjar,
Caprimulgus rufigena_Rufous-cheeked Nightjar,Caprimulgus rufigena,rucnig1,Rufous-cheeked Nightjar,
Caprimulgus tristigma_Freckled Nightjar,Caprimulgus tristigma,frenig1,Freckled Nightjar,
Capsiempis flaveola_Yellow Tyrannulet,Capsiempis flaveola,yeltyr1,Yellow Tyrannulet,YETY
Caracara plancus_Crested Caracara,Caracara plancus,y00678,Crested Caracara,CRCA
Cardellina canadensis_Canada Warbler,Cardellina canadensis,canwar,Canada Warbler,CAWA
Cardellina pusilla_Wilson's Warbler,Cardellina pusilla,wlswar,Wilson's Warbler,WIWA
Cardellina rubra_Red Warbler,Cardellina rubra,redwar1,Red Warbler,REWA
Cardellina rubrifrons_Red-faced Warbler,Cardellina rubrifrons,refwar,Red-faced Warbler,RFWA
Cardellina versicolor_Pink-headed Warbler,Cardellina versicolor,pihwar1,Pink-headed Warbler,PHWA
Cardinalis cardinalis_Northern Cardinal,Cardinalis cardinalis,norcar,Northern Cardinal,NOCA
Cardinalis phoeniceus_Vermilion Cardinal,Cardinalis phoeniceus,vercar1,Vermilion Cardinal,
Cardinalis sinuatus_Pyrrhuloxia,Cardinalis sinuatus,pyrrhu,Pyrrhuloxia,PYRR
Carduelis carduelis_European Goldfinch,Carduelis carduelis,eurgol,European Goldfinch,EGOL
Carduelis citrinella_Citril Finch,Carduelis citrinella,citfin1,Citril Finch,
Carduelis corsicana_Corsican Finch,Carduelis corsicana,corfin1,Corsican Finch,
Cariama cristata_Red-legged Seriema,Cariama cristata,relser1,Red-legged Seriema,
Carpococcyx radiceus_Bornean Ground-Cuckoo,Carpococcyx radiceus,bogcuc1,Bornean Ground Cuckoo,
Carpococcyx renauldi_Coral-billed Ground-Cuckoo,Carpococcyx renauldi,cbgcuc1,Coral-billed Ground Cuckoo,
Carpodacus dubius_Chinese White-browed Rosefinch,Carpodacus dubius,cwbros1,Chinese White-browed Rosefinch,
Carpodacus erythrinus_Common Rosefinch,Carpodacus erythrinus,comros,Common Rosefinch,CORO
Carpodacus puniceus_Red-fronted Rosefinch,Carpodacus puniceus,refros1,Red-fronted Rosefinch,
Carpodacus rodochroa_Pink-browed Rosefinch,Carpodacus rodochroa,pibros2,Pink-browed Rosefinch,
Carpodacus rubicilla_Great Rosefinch,Carpodacus rubicilla,greros1,Great Rosefinch,
Carpodacus rubicilloides_Streaked Rosefinch,Carpodacus rubicilloides,strros1,Streaked Rosefinch,
Carpodacus sibiricus_Long-tailed Rosefinch,Carpodacus sibiricus,lotros1,Long-tailed Rosefinch,
Carpodacus synoicus_Sinai Rosefinch,Carpodacus synoicus,sinros1,Sinai Rosefinch,
Carpodacus thura_Himalayan White-browed Rosefinch,Carpodacus thura,whbros1,Himalayan White-browed Rosefinch,
Carpornis cucullata_Hooded Berryeater,Carpornis cucullata,hoober2,Hooded Berryeater,
Carpornis melanocephala_Black-headed Berryeater,Carpornis melanocephala,bkhber1,Black-headed Berryeater,
Carpospiza brachydactyla_Pale Rockfinch,Carpospiza brachydactyla,palroc1,Pale Rockfinch,
Carterornis chrysomela_Golden Monarch,Carterornis chrysomela,golmon1,Golden Monarch,
Carterornis leucotis_White-eared Monarch,Carterornis leucotis,whemon1,White-eared Monarch,
Carterornis pileatus_White-naped Monarch,Carterornis pileatus,whnmon1,White-naped Monarch,
Caryothraustes canadensis_Yellow-green Grosbeak,Caryothraustes canadensis,yeggro1,Yellow-green Grosbeak,YGGR
Caryothraustes poliogaster_Black-faced Grosbeak,Caryothraustes poliogaster,blfgro1,Black-faced Grosbeak,BFAG
Casiornis rufus_Rufous Casiornis,Casiornis rufus,rufcas2,Rufous Casiornis,
Cassiculus melanicterus_Yellow-winged Cacique,Cassiculus melanicterus,yewcac1,Mexican Cacique,YWCA
Casuarius casuarius_Southern Cassowary,Casuarius casuarius,soucas1,Southern Cassowary,
Catamblyrhynchus diadema_Plushcap,Catamblyrhynchus diadema,plushc1,Plushcap,
Catamenia analis_Band-tailed Seedeater,Catamenia analis,batsee1,Band-tailed Seedeater,
Catamenia homochroa_Paramo Seedeater,Catamenia homochroa,parsee1,Paramo Seedeater,
Catamenia inornata_Plain-colored Seedeater,Catamenia inornata,plcsee1,Plain-colored Seedeater,
Cathartes aura_Turkey Vulture,Cathartes aura,turvul,Turkey Vulture,TUVU
Catharus aurantiirostris_Orange-billed Nightingale-Thrush,Catharus aurantiirostris,obnthr1,Orange-billed Nightingale-Thrush,OBNT
Catharus bicknelli_Bicknell's Thrush,Catharus bicknelli,bicthr,Bicknell's Thrush,BITH
Catharus dryas_Yellow-throated Nightingale-Thrush,Catharus dryas,spnthr1,Yellow-throated Nightingale-Thrush,YTNT
Catharus frantzii_Ruddy-capped Nightingale-Thrush,Catharus frantzii,rcnthr1,Ruddy-capped Nightingale-Thrush,RCNT
Catharus fuscater_Slaty-backed Nightingale-Thrush,Catharus fuscater,sbnthr1,Slaty-backed Nightingale-Thrush,SBNT
Catharus fuscescens_Veery,Catharus fuscescens,veery,Veery,VEER
Catharus gracilirostris_Black-billed Nightingale-Thrush,Catharus gracilirostris,bbnthr1,Black-billed Nightingale-Thrush,BBNT
Catharus guttatus_Hermit Thrush,Catharus guttatus,herthr,Hermit Thrush,HETH
Catharus maculatus_Speckled Nightingale-Thrush,Catharus maculatus,sponit2,Speckled Nightingale-Thrush,
Catharus mexicanus_Black-headed Nightingale-Thrush,Catharus mexicanus,bhnthr1,Black-headed Nightingale-Thrush,BHNT
Catharus minimus_Gray-cheeked Thrush,Catharus minimus,gycthr,Grey-cheeked Thrush,GCTH
Catharus occidentalis_Russet Nightingale-Thrush,Catharus occidentalis,runthr1,Russet Nightingale-Thrush,RUNT
Catharus ustulatus_Swainson's Thrush,Catharus ustulatus,swathr,Swainson's Thrush,SWTH
Catherpes mexicanus_Canyon Wren,Catherpes mexicanus,canwre,Canyon Wren,CANW
Catreus wallichii_Cheer Pheasant,Catreus wallichii,chephe1,Cheer Pheasant,
Cecropis abyssinica_Lesser Striped Swallow,Cecropis abyssinica,lessts1,Lesser Striped Swallow,
Cecropis cucullata_Greater Striped Swallow,Cecropis cucullata,grests1,Greater Striped Swallow,
Cecropis daurica_Red-rumped Swallow,Cecropis daurica,y00621,Eastern Red-rumped Swallow,
Cecropis semirufa_Rufous-chested Swallow,Cecropis semirufa,rucswa2,Red-breasted Swallow,
Cecropis striolata_Striated Swallow,Cecropis striolata,,,
Celeus castaneus_Chestnut-colored Woodpecker,Celeus castaneus,chcwoo1,Chestnut-colored Woodpecker,CCOW
Celeus elegans_Chestnut Woodpecker,Celeus elegans,chewoo2,Chestnut Woodpecker,
Celeus flavescens_Blond-crested Woodpecker,Celeus flavescens,blcwoo4,Blond-crested Woodpecker,
Celeus flavus_Cream-colored Woodpecker,Celeus flavus,crcwoo2,Cream-colored Woodpecker,
Celeus galeatus_Helmeted Woodpecker,Celeus galeatus,helwoo1,Helmeted Woodpecker,
Celeus grammicus_Scale-breasted Woodpecker,Celeus grammicus,,,
Celeus loricatus_Cinnamon Woodpecker,Celeus loricatus,cinwoo1,Cinnamon Woodpecker,CIWO
Celeus lugubris_Pale-crested Woodpecker,Celeus lugubris,pacwoo1,Pale-crested Woodpecker,
Celeus obrieni_Kaempfer's Woodpecker,Celeus obrieni,caawoo1,Kaempfer's Woodpecker,
Celeus ochraceus_Ochre-backed Woodpecker,Celeus ochraceus,blcwoo5,Ochre-backed Woodpecker,
Celeus spectabilis_Rufous-headed Woodpecker,Celeus spectabilis,ruhwoo1,Rufous-headed Woodpecker,
Celeus torquatus_Ringed Woodpecker,Celeus torquatus,rinwoo1,Ringed Woodpecker,
Celeus undatus_Waved Woodpecker,Celeus undatus,wavwoo5,Variable Woodpecker,
Centrocercus urophasianus_Greater Sage-Grouse,Centrocercus urophasianus,saggro,Sage Grouse,GRSG
Centronyx bairdii_Baird's Sparrow,Centronyx bairdii,baispa,Baird's Sparrow,BAIS
Centronyx henslowii_Henslow's Sparrow,Centronyx henslowii,henspa,Henslow's Sparrow,HESP
Centropus andamanensis_Andaman Coucal,Centropus andamanensis,andcou1,Andaman Coucal,
Centropus bengalensis_Lesser Coucal,Centropus bengalensis,lescou1,Lesser Coucal,
Centropus celebensis_Bay Coucal,Centropus celebensis,baycou1,Bay Coucal,
Centropus chlororhynchos_Green-billed Coucal,Centropus chlororhynchos,grbcou2,Green-billed Coucal,
Centropus leucogaster_Black-throated Coucal,Centropus leucogaster,bltcou1,Black-throated Coucal,
Centropus melanops_Black-faced Coucal,Centropus melanops,blfcou1,Black-faced Coucal,
Centropus menbeki_Greater Black Coucal,Centropus menbeki,grbcou1,Ivory-billed Coucal,
Centropus milo_Buff-headed Coucal,Centropus milo,buhcou1,Buff-headed Coucal,
Centropus monachus_Blue-headed Coucal,Centropus monachus,blhcou2,Blue-headed Coucal,
Centropus phasianinus_Pheasant Coucal,Centropus phasianinus,phecou2,Pheasant Coucal,
Centropus rectunguis_Short-toed Coucal,Centropus rectunguis,shtcou1,Short-toed Coucal,
Centropus senegalensis_Senegal Coucal,Centropus senegalensis,sencou1,Senegal Coucal,
Centropus sinensis_Greater Coucal,Centropus sinensis,grecou1,Greater Coucal,
Centropus superciliosus_White-browed Coucal,Centropus superciliosus,whbcou2,White-browed Coucal,
Centropus toulou_Malagasy Coucal,Centropus toulou,madcou1,Malagasy Coucal,
Centropus viridis_Philippine Coucal,Centropus viridis,phicou1,Philippine Coucal,
Cephalopterus penduliger_Long-wattled Umbrellabird,Cephalopterus penduliger,lowumb1,Long-wattled Umbrellabird,
Cepphus columba_Pigeon Guillemot,Cepphus columba,piggui,Pigeon Guillemot,PIGU
Cepphus grylle_Black Guillemot,Cepphus grylle,blkgui,Black Guillemot,BLGU
Ceratogymna atrata_Black-casqued Hornbill,Ceratogymna atrata,blchor1,Black-casqued Hornbill,
Ceratopipra chloromeros_Round-tailed Manakin,Ceratopipra chloromeros,rotman1,Round-tailed Manakin,
Ceratopipra cornuta_Scarlet-horned Manakin,Ceratopipra cornuta,schman1,Scarlet-horned Manakin,
Ceratopipra erythrocephala_Golden-headed Manakin,Ceratopipra erythrocephala,gohman1,Golden-headed Manakin,GHMA
Ceratopipra mentalis_Red-capped Manakin,Ceratopipra mentalis,recman1,Red-capped Manakin,RCMA
Ceratopipra rubrocapilla_Red-headed Manakin,Ceratopipra rubrocapilla,rehman1,Red-headed Manakin,
Cercibis oxycerca_Sharp-tailed Ibis,Cercibis oxycerca,shtibi1,Sharp-tailed Ibis,
Cercococcyx mechowi_Dusky Long-tailed Cuckoo,Cercococcyx mechowi,dltcuc1,Dusky Long-tailed Cuckoo,
Cercococcyx montanus_Barred Long-tailed Cuckoo,Cercococcyx montanus,bltcuc1,Barred Long-tailed Cuckoo,
Cercococcyx olivinus_Olive Long-tailed Cuckoo,Cercococcyx olivinus,oltcuc1,Olive Long-tailed Cuckoo,
Cercomacra brasiliana_Rio de Janeiro Antbird,Cercomacra brasiliana,rdjant1,Rio de Janeiro Antbird,
Cercomacra carbonaria_Rio Branco Antbird,Cercomacra carbonaria,ribant1,Rio Branco Antbird,
Cercomacra cinerascens_Gray Antbird,Cercomacra cinerascens,gryant2,Grey Antbird,
Cercomacra ferdinandi_Bananal Antbird,Cercomacra ferdinandi,banant1,Bananal Antbird,
Cercomacra manu_Manu Antbird,Cercomacra manu,manant1,Manu Antbird,
Cercomacra melanaria_Mato Grosso Antbird,Cercomacra melanaria,magant1,Mato Grosso Antbird,
Cercomacra nigricans_Jet Antbird,Cercomacra nigricans,jetant1,Jet Antbird,JEAN
Cercomacroides fuscicauda_Riparian Antbird,Cercomacroides fuscicauda,blaant5,Riparian Antbird,
Cercomacroides laeta_Willis's Antbird,Cercomacroides laeta,wilant1,Willis's Antbird,
Cercomacroides nigrescens_Blackish Antbird,Cercomacroides nigrescens,blaant4,Blackish Antbird,
Cercomacroides parkeri_Parker's Antbird,Cercomacroides parkeri,parant2,Parker's Antbird,
Cercomacroides serva_Black Antbird,Cercomacroides serva,blaant2,Black Antbird,
Cercomacroides tyrannina_Dusky Antbird,Cercomacroides tyrannina,dusant1,Dusky Antbird,DUAN
Cercotrichas barbata_Miombo Scrub-Robin,Cercotrichas barbata,,,
Cercotrichas coryphoeus_Karoo Scrub-Robin,Cercotrichas coryphoeus,,,
Cercotrichas galactotes_Rufous-tailed Scrub-Robin,Cercotrichas galactotes,rutscr1,Rufous-tailed Scrub Robin,
Cercotrichas hartlaubi_Brown-backed Scrub-Robin,Cercotrichas hartlaubi,bbsrob1,Brown-backed Scrub Robin,
Cercotrichas leucophrys_Red-backed Scrub-Robin,Cercotrichas leucophrys,rbsrob1,White-browed Scrub Robin,
Cercotrichas paena_Kalahari Scrub-Robin,Cercotrichas paena,kasrob1,Kalahari Scrub Robin,
Cercotrichas podobe_Black Scrub-Robin,Cercotrichas podobe,blsrob1,Black Scrub Robin,
Cercotrichas quadrivirgata_Bearded Scrub-Robin,Cercotrichas quadrivirgata,,,
Cercotrichas signata_Brown Scrub-Robin,Cercotrichas signata,,,
Certhia americana_Brown Creeper,Certhia americana,brncre,Brown Creeper,BRCR
Certhia brachydactyla_Short-toed Treecreeper,Certhia brachydactyla,shttre1,Short-toed Treecreeper,
Certhia discolor_Sikkim Treecreeper,Certhia discolor,bnttre1,Sikkim Treecreeper,
Certhia familiaris_Eurasian Treecreeper,Certhia familiaris,eurtre1,Eurasian Treecreeper,
Certhia himalayana_Bar-tailed Treecreeper,Certhia himalayana,battre1,Bar-tailed Treecreeper,
Certhia hodgsoni_Hodgson's Treecreeper,Certhia hodgsoni,eurtre3,Hodgson's Treecreeper,
Certhia manipurensis_Hume's Treecreeper,Certhia manipurensis,bnttre2,Hume's Treecreeper,
Certhiasomus stictolaemus_Spot-throated Woodcreeper,Certhiasomus stictolaemus,sptwoo1,Spot-throated Woodcreeper,
Certhiaxis cinnamomeus_Yellow-chinned Spinetail,Certhiaxis cinnamomeus,yecspi2,Yellow-chinned Spinetail,
Certhiaxis mustelinus_Red-and-white Spinetail,Certhiaxis mustelinus,rawspi2,Red-and-white Spinetail,
Certhilauda chuana_Short-clawed Lark,Certhilauda chuana,shclar1,Short-clawed Lark,
Certhilauda semitorquata_Eastern Long-billed Lark,Certhilauda semitorquata,elblar1,Eastern Long-billed Lark,
Certhilauda subcoronata_Karoo Long-billed Lark,Certhilauda subcoronata,klblar6,Karoo Long-billed Lark,
Certhionyx variegatus_Pied Honeyeater,Certhionyx variegatus,piehon1,Pied Honeyeater,
Ceryle rudis_Pied Kingfisher,Ceryle rudis,piekin1,Pied Kingfisher,
Cettia brunnifrons_Gray-sided Bush Warbler,Cettia brunnifrons,gysbuw1,Grey-sided Bush Warbler,
Cettia castaneocoronata_Chestnut-headed Tesia,Cettia castaneocoronata,chhtes1,Chestnut-headed Tesia,
Cettia cetti_Cetti's Warbler,Cettia cetti,cetwar1,Cetti's Warbler,
Cettia major_Chestnut-crowned Bush Warbler,Cettia major,ccbwar1,Chestnut-crowned Bush Warbler,
Ceuthmochares aereus_Blue Malkoha,Ceuthmochares aereus,yellow5,Blue Malkoha,
Ceuthmochares australis_Green Malkoha,Ceuthmochares australis,yellow6,Green Malkoha,
Ceyx azureus_Azure Kingfisher,Ceyx azureus,azukin1,Azure Kingfisher,
Ceyx erithaca_Black-backed Dwarf-Kingfisher,Ceyx erithaca,bkbkin1,Black-backed Dwarf Kingfisher,
Chaetocercus mulsant_White-bellied Woodstar,Chaetocercus mulsant,whbwoo6,White-bellied Woodstar,
Chaetops frenatus_Cape Rockjumper,Chaetops frenatus,rufroc1,Cape Rockjumper,
Chaetura brachyura_Short-tailed Swift,Chaetura brachyura,shtswi1,Short-tailed Swift,STSW
Chaetura chapmani_Chapman's Swift,Chaetura chapmani,chaswi2,Chapman's Swift,CHAS
Chaetura cinereiventris_Gray-rumped Swift,Chaetura cinereiventris,grrswi1,Grey-rumped Swift,GRSW
Chaetura meridionalis_Sick's Swift,Chaetura meridionalis,sicswi1,Sick's Swift,SISW
Chaetura pelagica_Chimney Swift,Chaetura pelagica,chiswi,Chimney Swift,CHSW
Chaetura spinicaudus_Band-rumped Swift,Chaetura spinicaudus,barswi,Band-rumped Swift,BRSW
Chaetura vauxi_Vaux's Swift,Chaetura vauxi,vauswi,Vaux's Swift,VASW
Chalcomitra amethystina_Amethyst Sunbird,Chalcomitra amethystina,amesun2,Amethyst Sunbird,
Chalcomitra senegalensis_Scarlet-chested Sunbird,Chalcomitra senegalensis,sccsun2,Scarlet-chested Sunbird,
Chalcoparia singalensis_Ruby-cheeked Sunbird,Chalcoparia singalensis,rucsun2,Ruby-cheeked Sunbird,
Chalcophaps indica_Asian Emerald Dove,Chalcophaps indica,emedov2,Common Emerald Dove,
Chalcophaps longirostris_Pacific Emerald Dove,Chalcophaps longirostris,emedov3,Pacific Emerald Dove,
Chalcophaps stephani_Stephan's Dove,Chalcophaps stephani,stedov1,Stephan's Emerald Dove,
Chalybura buffonii_White-vented Plumeleteer,Chalybura buffonii,whvplu1,White-vented Plumeleteer,WVPL
Chalybura urochrysia_Bronze-tailed Plumeleteer,Chalybura urochrysia,brtplu1,Bronze-tailed Plumeleteer,BTPL
Chamaea fasciata_Wrentit,Chamaea fasciata,wrenti,Wrentit,WREN
Chamaepetes goudotii_Sickle-winged Guan,Chamaepetes goudotii,siwgua1,Sickle-winged Guan,
Chamaepetes unicolor_Black Guan,Chamaepetes unicolor,blagua1,Black Guan,BLAG
Chamaetylas fuelleborni_White-chested Alethe,Chamaetylas fuelleborni,whcale1,White-chested Alethe,
Chamaetylas poliocephala_Brown-chested Alethe,Chamaetylas poliocephala,brcale1,Brown-chested Alethe,
Chamaeza campanisona_Short-tailed Antthrush,Chamaeza campanisona,shtant1,Short-tailed Antthrush,
Chamaeza meruloides_Such's Antthrush,Chamaeza meruloides,sucant1,Cryptic Antthrush,
Chamaeza mollissima_Barred Antthrush,Chamaeza mollissima,barant2,Barred Antthrush,
Chamaeza nobilis_Striated Antthrush,Chamaeza nobilis,strant3,Striated Antthrush,
Chamaeza ruficauda_Rufous-tailed Antthrush,Chamaeza ruficauda,rutant2,Rufous-tailed Antthrush,
Chamaeza turdina_Schwartz's Antthrush,Chamaeza turdina,schant1,Schwartz's Antthrush,
Charadrius alexandrinus_Kentish Plover,Charadrius alexandrinus,,,
Charadrius bicinctus_Double-banded Plover,Charadrius bicinctus,,,
Charadrius collaris_Collared Plover,Charadrius collaris,,,
Charadrius dubius_Little Ringed Plover,Charadrius dubius,,,
Charadrius falklandicus_Two-banded Plover,Charadrius falklandicus,,,
Charadrius hiaticula_Common Ringed Plover,Charadrius hiaticula,corplo,Common Ringed Plover,CRPL
Charadrius javanicus_Javan Plover,Charadrius javanicus,,,
Charadrius leschenaultii_Greater Sand-Plover,Charadrius leschenaultii,,,
Charadrius melodus_Piping Plover,Charadrius melodus,pipplo,Piping Plover,PIPL
Charadrius modestus_Rufous-chested Dotterel,Charadrius modestus,,,
Charadrius mongolus_Lesser Sand-Plover,Charadrius mongolus,,,
Charadrius montanus_Mountain Plover,Charadrius montanus,,,
Charadrius morinellus_Eurasian Dotterel,Charadrius morinellus,,,
Charadrius nivosus_Snowy Plover,Charadrius nivosus,,,
Charadrius peronii_Malaysian Plover,Charadrius peronii,,,
Charadrius placidus_Long-billed Plover,Charadrius placidus,,,
Charadrius semipalmatus_Semipalmated Plover,Charadrius semipalmatus,semplo,Semipalmated Plover,SEPL
Charadrius tricollaris_Three-banded Plover,Charadrius tricollaris,,,
Charadrius veredus_Oriental Plover,Charadrius veredus,,,
Charadrius vociferus_Killdeer,Charadrius vociferus,killde,Killdeer,KILL
Charadrius wilsonia_Wilson's Plover,Charadrius wilsonia,,,
Charitospiza eucosma_Coal-crested Finch,Charitospiza eucosma,cocfin2,Coal-crested Finch,
Charmosyna papou_Papuan Lorikeet,Charmosyna papou,paplor1,West Papuan Lorikeet,
Chasiempis ibidis_Oahu Elepaio,Chasiempis ibidis,elepai4,Oahu Elepaio,OAEL
Chasiempis sandwichensis_Hawaii Elepaio,Chasiempis sandwichensis,elepai,Hawaii Elepaio,HAEL
Chasiempis sclateri_Kauai Elepaio,Chasiempis sclateri,elepai5,Kauai Elepaio,KAEL
Chauna chavaria_Northern Screamer,Chauna chavaria,norscr1,Northern Screamer,
Chauna torquata_Southern Screamer,Chauna torquata,souscr1,Southern Screamer,
Chelidoptera tenebrosa_Swallow-winged Puffbird,Chelidoptera tenebrosa,swwpuf1,Swallow-winged Puffbird,
Chelidorhynx hypoxanthus_Yellow-bellied Fairy-Fantail,Chelidorhynx hypoxanthus,yebfan1,Yellow-bellied Fantail,
Chenonetta jubata_Maned Duck,Chenonetta jubata,manduc1,Maned Duck,
Chersomanes albofasciata_Spike-heeled Lark,Chersomanes albofasciata,sphlar12,Spike-heeled Lark,
Chersophilus duponti_Dupont's Lark,Chersophilus duponti,duplar1,Dupont's Lark,
Chionomesa fimbriata_Glittering-throated Emerald,Chionomesa fimbriata,glteme1,Glittering-throated Emerald,
Chionomesa lactea_Sapphire-spangled Emerald,Chionomesa lactea,saseme1,Sapphire-spangled Emerald,
Chiroxiphia boliviana_Yungas Manakin,Chiroxiphia boliviana,yunman1,Yungas Manakin,
Chiroxiphia caudata_Swallow-tailed Manakin,Chiroxiphia caudata,swtman1,Blue Manakin,
Chiroxiphia lanceolata_Lance-tailed Manakin,Chiroxiphia lanceolata,latman1,Lance-tailed Manakin,LATM
Chiroxiphia linearis_Long-tailed Manakin,Chiroxiphia linearis,lotman1,Long-tailed Manakin,LOTM
Chiroxiphia pareola_Blue-backed Manakin,Chiroxiphia pareola,blbman1,Blue-backed Manakin,
Chlamydera maculata_Spotted Bowerbird,Chlamydera maculata,spobow1,Spotted Bowerbird,
Chlamydera nuchalis_Great Bowerbird,Chlamydera nuchalis,grebow1,Great Bowerbird,
Chlidonias albostriatus_Black-fronted Tern,Chlidonias albostriatus,blfter1,Black-fronted Tern,
Chlidonias hybrida_Whiskered Tern,Chlidonias hybrida,whiter2,Whiskered Tern,WHST
Chlidonias leucopterus_White-winged Tern,Chlidonias leucopterus,whwter,White-winged Tern,WWTE
Chlidonias niger_Black Tern,Chlidonias niger,blkter,Black Tern,BLTE
Chloephaga picta_Upland Goose,Chloephaga picta,uplgoo1,Upland Goose,
Chlorestes candida_White-bellied Emerald,Chlorestes candida,whbeme1,White-bellied Emerald,WBEM
Chlorestes cyanus_White-chinned Sapphire,Chlorestes cyanus,whcsap1,White-chinned Sapphire,
Chlorestes eliciae_Blue-throated Goldentail,Chlorestes eliciae,bltgol1,Blue-throated Sapphire,BTRG
Chlorestes julie_Violet-bellied Hummingbird,Chlorestes julie,vibhum1,Violet-bellied Hummingbird,VBHU
Chlorestes notata_Blue-chinned Sapphire,Chlorestes notata,bucsap1,Blue-chinned Sapphire,
Chloris chloris_European Greenfinch,Chloris chloris,eurgre1,European Greenfinch,
Chloris monguilloti_Vietnamese Greenfinch,Chloris monguilloti,viegre2,Vietnamese Greenfinch,
Chloris sinica_Oriental Greenfinch,Chloris sinica,origre,Oriental Greenfinch,ORGR
Chloris spinoides_Yellow-breasted Greenfinch,Chloris spinoides,yebgre4,Yellow-breasted Greenfinch,
Chloroceryle aenea_American Pygmy Kingfisher,Chloroceryle aenea,ampkin1,American Pygmy Kingfisher,APKI
Chloroceryle amazona_Amazon Kingfisher,Chloroceryle amazona,amakin1,Amazon Kingfisher,AMKI
Chloroceryle americana_Green Kingfisher,Chloroceryle americana,grnkin,Green Kingfisher,GKIN
Chloroceryle inda_Green-and-rufous Kingfisher,Chloroceryle inda,garkin1,Green-and-rufous Kingfisher,GARK
Chlorochrysa phoenicotis_Glistening-green Tanager,Chlorochrysa phoenicotis,glgtan1,Glistening-green Tanager,
Chlorocichla flaviventris_Yellow-bellied Greenbul,Chlorocichla flaviventris,yebgre1,Yellow-bellied Greenbul,
Chlorocichla laetissima_Joyful Greenbul,Chlorocichla laetissima,joygre1,Joyful Greenbul,
Chlorocichla simplex_Simple Greenbul,Chlorocichla simplex,simgre1,Simple Greenbul,
Chlorodrepanis flava_Oahu Amakihi,Chlorodrepanis flava,oahama,Oahu Amakihi,OAAM
Chlorodrepanis stejnegeri_Kauai Amakihi,Chlorodrepanis stejnegeri,kauama,Kauai Amakihi,KAAM
Chlorodrepanis virens_Hawaii Amakihi,Chlorodrepanis virens,hawama,Hawaii Amakihi,HAAM
Chlorophanes spiza_Green Honeycreeper,Chlorophanes spiza,grehon1,Green Honeycreeper,GRHO
Chlorophonia callophrys_Golden-browed Chlorophonia,Chlorophonia callophrys,gobchl1,Golden-browed Chlorophonia,GBCH
Chlorophonia cyanea_Blue-naped Chlorophonia,Chlorophonia cyanea,blnchl1,Blue-naped Chlorophonia,
Chlorophonia cyanocephala_Golden-rumped Euphonia,Chlorophonia cyanocephala,goreup1,Golden-rumped Euphonia,
Chlorophonia elegantissima_Elegant Euphonia,Chlorophonia elegantissima,eleeup1,Elegant Euphonia,ELEU
Chlorophonia flavirostris_Yellow-collared Chlorophonia,Chlorophonia flavirostris,yecchl1,Yellow-collared Chlorophonia,YCCH
Chlorophonia musica_Antillean Euphonia,Chlorophonia musica,anteup2,Hispaniolan Euphonia,HIEU
Chlorophonia occipitalis_Blue-crowned Chlorophonia,Chlorophonia occipitalis,blcchl1,Blue-crowned Chlorophonia,BCRC
Chlorophonia pyrrhophrys_Chestnut-breasted Chlorophonia,Chlorophonia pyrrhophrys,chbchl1,Chestnut-breasted Chlorophonia,
Chloropicus fuscescens_Cardinal Woodpecker,Chloropicus fuscescens,,,
Chloropicus goertae_African Gray Woodpecker,Chloropicus goertae,,,
Chloropicus griseocephalus_Olive Woodpecker,Chloropicus griseocephalus,,,
Chloropicus namaquus_Bearded Woodpecker,Chloropicus namaquus,beawoo1,Bearded Woodpecker,
Chloropicus spodocephalus_Mountain Gray Woodpecker,Chloropicus spodocephalus,,,
Chloropsis aurifrons_Golden-fronted Leafbird,Chloropsis aurifrons,goflea1,Golden-fronted Leafbird,
Chloropsis cochinchinensis_Blue-winged Leafbird,Chloropsis cochinchinensis,buwlea2,Javan Leafbird,
Chloropsis cyanopogon_Lesser Green Leafbird,Chloropsis cyanopogon,leglea1,Lesser Green Leafbird,
Chloropsis hardwickii_Orange-bellied Leafbird,Chloropsis hardwickii,orblea1,Orange-bellied Leafbird,
Chloropsis jerdoni_Jerdon's Leafbird,Chloropsis jerdoni,jerlea1,Jerdon's Leafbird,
Chloropsis sonnerati_Greater Green Leafbird,Chloropsis sonnerati,grglea1,Greater Green Leafbird,
Chlorornis riefferii_Grass-green Tanager,Chlorornis riefferii,grgtan1,Grass-green Tanager,
Chlorospingus canigularis_Ashy-throated Chlorospingus,Chlorospingus canigularis,atbtan1,Ashy-throated Chlorospingus,ATCH
Chlorospingus flavigularis_Yellow-throated Chlorospingus,Chlorospingus flavigularis,ytbtan1,Yellow-throated Chlorospingus,YTCH
Chlorospingus flavopectus_Common Chlorospingus,Chlorospingus flavopectus,cobtan1,Common Chlorospingus,COCL
Chlorospingus pileatus_Sooty-capped Chlorospingus,Chlorospingus pileatus,scbtan1,Sooty-capped Chlorospingus,SCCH
Chlorospingus semifuscus_Dusky Chlorospingus,Chlorospingus semifuscus,dubtan1,Dusky Chlorospingus,
Chlorostilbon gibsoni_Red-billed Emerald,Chlorostilbon gibsoni,rebeme1,Red-billed Emerald,
Chlorostilbon lucidus_Glittering-bellied Emerald,Chlorostilbon lucidus,glbeme1,Glittering-bellied Emerald,
Chlorostilbon mellisugus_Blue-tailed Emerald,Chlorostilbon mellisugus,blteme1,Blue-tailed Emerald,
Chlorothraupis carmioli_Carmiol's Tanager,Chlorothraupis carmioli,olitan1,Carmiol's Tanager,CATA
Chlorothraupis olivacea_Lemon-spectacled Tanager,Chlorothraupis olivacea,lestan,Lemon-spectacled Tanager,LSTA
Chlorothraupis stolzmanni_Ochre-breasted Tanager,Chlorothraupis stolzmanni,ocbtan1,Ochre-breasted Tanager,
Cholornis unicolor_Brown Parrotbill,Cholornis unicolor,,,
Chondestes grammacus_Lark Sparrow,Chondestes grammacus,larspa,Lark Sparrow,LASP
Chondrohierax uncinatus_Hook-billed Kite,Chondrohierax uncinatus,hobkit,Hook-billed Kite,HBKI
Chordeiles acutipennis_Lesser Nighthawk,Chordeiles acutipennis,lesnig,Lesser Nighthawk,LENI
Chordeiles gundlachii_Antillean Nighthawk,Chordeiles gundlachii,antnig,Antillean Nighthawk,ANNI
Chordeiles minor_Common Nighthawk,Chordeiles minor,comnig,Common Nighthawk,CONI
Chordeiles nacunda_Nacunda Nighthawk,Chordeiles nacunda,nacnig1,Nacunda Nighthawk,
Chordeiles pusillus_Least Nighthawk,Chordeiles pusillus,leanig1,Least Nighthawk,
Chroicocephalus brunnicephalus_Brown-headed Gull,Chroicocephalus brunnicephalus,bnhgul1,Brown-headed Gull,
Chroicocephalus cirrocephalus_Gray-hooded Gull,Chroicocephalus cirrocephalus,grhgul,Grey-headed Gull,GHGU
Chroicocephalus genei_Slender-billed Gull,Chroicocephalus genei,slbgul1,Slender-billed Gull,
Chroicocephalus maculipennis_Brown-hooded Gull,Chroicocephalus maculipennis,brhgul2,Brown-hooded Gull,
Chroicocephalus novaehollandiae_Silver Gull,Chroicocephalus novaehollandiae,silgul2,Silver Gull,
Chroicocephalus philadelphia_Bonaparte's Gull,Chroicocephalus philadelphia,bongul,Bonaparte's Gull,BOGU
Chroicocephalus ridibundus_Black-headed Gull,Chroicocephalus ridibundus,bkhgul,Black-headed Gull,BHGU
Chroicocephalus serranus_Andean Gull,Chroicocephalus serranus,andgul1,Andean Gull,
Chrysococcyx basalis_Horsfield's Bronze-Cuckoo,Chrysococcyx basalis,,,
Chrysococcyx caprius_Dideric Cuckoo,Chrysococcyx caprius,didcuc1,Diederik Cuckoo,
Chrysococcyx cupreus_African Emerald Cuckoo,Chrysococcyx cupreus,afecuc1,African Emerald Cuckoo,
Chrysococcyx klaas_Klaas's Cuckoo,Chrysococcyx klaas,klacuc1,Klaas's Cuckoo,
Chrysococcyx lucidus_Shining Bronze-Cuckoo,Chrysococcyx lucidus,,,
Chrysococcyx maculatus_Asian Emerald Cuckoo,Chrysococcyx maculatus,asecuc1,Asian Emerald Cuckoo,
Chrysococcyx minutillus_Little Bronze-Cuckoo,Chrysococcyx minutillus,,,
Chrysococcyx osculans_Black-eared Cuckoo,Chrysococcyx osculans,,,
Chrysococcyx xanthorhynchus_Violet Cuckoo,Chrysococcyx xanthorhynchus,viocuc1,Violet Cuckoo,
Chrysocolaptes festivus_White-naped Woodpecker,Chrysocolaptes festivus,whnwoo1,White-naped Woodpecker,
Chrysocolaptes guttacristatus_Greater Flameback,Chrysocolaptes guttacristatus,grefla1,Greater Flameback,
Chrysolampis mosquitus_Ruby-topaz Hummingbird,Chrysolampis mosquitus,ruthum1,Ruby-topaz Hummingbird,RTOH
Chrysolophus amherstiae_Lady Amherst's Pheasant,Chrysolophus amherstiae,laaphe1,Lady Amherst's Pheasant,
Chrysolophus pictus_Golden Pheasant,Chrysolophus pictus,golphe,Golden Pheasant,
Chrysomma altirostre_Jerdon's Babbler,Chrysomma altirostre,jerbab1,Jerdon's Babbler,
Chrysomma sinense_Yellow-eyed Babbler,Chrysomma sinense,yeebab1,Yellow-eyed Babbler,
Chrysomus icterocephalus_Yellow-hooded Blackbird,Chrysomus icterocephalus,yehbla2,Yellow-hooded Blackbird,YHOB
Chrysomus ruficapillus_Chestnut-capped Blackbird,Chrysomus ruficapillus,chcbla2,Chestnut-capped Blackbird,
Chrysophlegma flavinucha_Greater Yellownape,Chrysophlegma flavinucha,greyel1,Greater Yellownape,
Chrysophlegma mentale_Checker-throated Woodpecker,Chrysophlegma mentale,chtwoo1,Checker-throated Woodpecker,
Chrysophlegma miniaceum_Banded Woodpecker,Chrysophlegma miniaceum,banwoo2,Banded Woodpecker,
Chrysothlypis chrysomelas_Black-and-yellow Tanager,Chrysothlypis chrysomelas,baytan2,Black-and-yellow Tanager,BAYT
Chrysothlypis salmoni_Scarlet-and-white Tanager,Chrysothlypis salmoni,sawtan1,Scarlet-and-white Tanager,
Chrysuronia oenone_Golden-tailed Sapphire,Chrysuronia oenone,gotsap1,Golden-tailed Sapphire,
Chrysuronia versicolor_Versicolored Emerald,Chrysuronia versicolor,vereme1,Versicolored Emerald,
Chunga burmeisteri_Black-legged Seriema,Chunga burmeisteri,bllser1,Black-legged Seriema,
Ciccaba albitarsis_Rufous-banded Owl,Ciccaba albitarsis,,,
Ciccaba huhula_Black-banded Owl,Ciccaba huhula,,,
Ciccaba nigrolineata_Black-and-white Owl,Ciccaba nigrolineata,,,
Ciccaba virgata_Mottled Owl,Ciccaba virgata,,,
Cichladusa arquata_Collared Palm-Thrush,Cichladusa arquata,copthr1,Collared Palm Thrush,
Cichladusa guttata_Spotted Morning-Thrush,Cichladusa guttata,spmthr1,Spotted Palm Thrush,
Cichlocolaptes leucophrus_Pale-browed Treehunter,Cichlocolaptes leucophrus,pabtre1,Pale-browed Treehunter,
Cichlopsis leucogenys_Rufous-brown Solitaire,Cichlopsis leucogenys,rubsol1,Rufous-brown Solitaire,
Cicinnurus magnificus_Magnificent Bird-of-Paradise,Cicinnurus magnificus,,,
Cicinnurus regius_King Bird-of-Paradise,Cicinnurus regius,kbopar1,King Bird-of-paradise,
Cicinnurus respublica_Wilson's Bird-of-Paradise,Cicinnurus respublica,,,
Ciconia ciconia_White Stork,Ciconia ciconia,whisto1,White Stork,
Ciconia nigra_Black Stork,Ciconia nigra,blasto1,Black Stork,
Cinclidium frontale_Blue-fronted Robin,Cinclidium frontale,blfrob1,Blue-fronted Robin,
Cinclocerthia gutturalis_Gray Trembler,Cinclocerthia gutturalis,gratre1,Grey Trembler,GRTR
Cinclodes albidiventris_Chestnut-winged Cinclodes,Cinclodes albidiventris,chwcin1,Chestnut-winged Cinclodes,
Cinclodes albiventris_Cream-winged Cinclodes,Cinclodes albiventris,crwcin1,Cream-winged Cinclodes,
Cinclodes excelsior_Stout-billed Cinclodes,Cinclodes excelsior,stbcin1,Stout-billed Cinclodes,
Cinclodes fuscus_Buff-winged Cinclodes,Cinclodes fuscus,buwcin1,Buff-winged Cinclodes,
Cinclodes nigrofumosus_Seaside Cinclodes,Cinclodes nigrofumosus,seacin1,Chilean Seaside Cinclodes,
Cinclodes oustaleti_Gray-flanked Cinclodes,Cinclodes oustaleti,gyfcin1,Grey-flanked Cinclodes,
Cinclodes pabsti_Long-tailed Cinclodes,Cinclodes pabsti,lotcin1,Long-tailed Cinclodes,
Cinclodes patagonicus_Dark-bellied Cinclodes,Cinclodes patagonicus,dabcin1,Dark-bellied Cinclodes,
Cincloramphus cruralis_Brown Songlark,Cincloramphus cruralis,broson1,Brown Songlark,
Cincloramphus macrurus_Papuan Grassbird,Cincloramphus macrurus,tawgra2,Papuan Grassbird,
Cincloramphus mathewsi_Rufous Songlark,Cincloramphus mathewsi,rufson1,Rufous Songlark,
Cincloramphus timoriensis_Tawny Grassbird,Cincloramphus timoriensis,tawgra3,Tawny Grassbird,
Cinclosoma ajax_Painted Quail-thrush,Cinclosoma ajax,paqthr1,Painted Quail-thrush,
Cinclosoma castaneothorax_Chestnut-breasted Quail-thrush,Cinclosoma castaneothorax,cbqthr1,Chestnut-breasted Quail-thrush,
Cinclosoma punctatum_Spotted Quail-thrush,Cinclosoma punctatum,spqthr1,Spotted Quail-thrush,
Cinclus cinclus_White-throated Dipper,Cinclus cinclus,whtdip1,White-throated Dipper,
Cinclus mexicanus_American Dipper,Cinclus mexicanus,amedip,American Dipper,AMDI
Cinclus pallasii_Brown Dipper,Cinclus pallasii,brodip1,Brown Dipper,
Cinnycerthia fulva_Fulvous Wren,Cinnycerthia fulva,fulwre1,Fulvous Wren,
Cinnycerthia olivascens_Sharpe's Wren,Cinnycerthia olivascens,shawre1,Sepia-brown Wren,
Cinnycerthia peruana_Peruvian Wren,Cinnycerthia peruana,perwre1,Peruvian Wren,
Cinnycerthia unirufa_Rufous Wren,Cinnycerthia unirufa,rufwre1,Rufous Wren,
Cinnyricinclus leucogaster_Violet-backed Starling,Cinnyricinclus leucogaster,vibsta2,Violet-backed Starling,
Cinnyris afer_Greater Double-collared Sunbird,Cinnyris afer,gdcsun2,Greater Double-collared Sunbird,
Cinnyris asiaticus_Purple Sunbird,Cinnyris asiaticus,pursun4,Purple Sunbird,
Cinnyris bifasciatus_Purple-banded Sunbird,Cinnyris bifasciatus,pubsun4,Purple-banded Sunbird,
Cinnyris chalybeus_Southern Double-collared Sunbird,Cinnyris chalybeus,sdcsun3,Southern Double-collared Sunbird,
Cinnyris chloropygius_Olive-bellied Sunbird,Cinnyris chloropygius,olbsun3,Olive-bellied Sunbird,
Cinnyris coccinigastrus_Splendid Sunbird,Cinnyris coccinigastrus,splsun2,Splendid Sunbird,
Cinnyris cupreus_Copper Sunbird,Cinnyris cupreus,copsun2,Copper Sunbird,
Cinnyris erythrocercus_Red-chested Sunbird,Cinnyris erythrocercus,recsun2,Red-chested Sunbird,
Cinnyris fuscus_Dusky Sunbird,Cinnyris fuscus,dussun2,Dusky Sunbird,
Cinnyris gertrudis_Western Miombo Sunbird,Cinnyris gertrudis,miosun2,Western Miombo Sunbird,
Cinnyris habessinicus_Shining Sunbird,Cinnyris habessinicus,shisun3,Abyssinian Sunbird,
Cinnyris jugularis_Olive-backed Sunbird,Cinnyris jugularis,olbsun31,Garden Sunbird,
Cinnyris lotenius_Loten's Sunbird,Cinnyris lotenius,lobsun2,Loten's Sunbird,
Cinnyris mariquensis_Mariqua Sunbird,Cinnyris mariquensis,marsun2,Marico Sunbird,
Cinnyris mediocris_Eastern Double-collared Sunbird,Cinnyris mediocris,edcsun3,Eastern Double-collared Sunbird,
Cinnyris nectarinioides_Black-bellied Sunbird,Cinnyris nectarinioides,bkbsun1,Black-bellied Sunbird,
Cinnyris osea_Palestine Sunbird,Cinnyris osea,palsun2,Palestine Sunbird,
Cinnyris pulchellus_Beautiful Sunbird,Cinnyris pulchellus,beasun2,Beautiful Sunbird,
Cinnyris regius_Regal Sunbird,Cinnyris regius,regsun2,Regal Sunbird,
Cinnyris reichenowi_Northern Double-collared Sunbird,Cinnyris reichenowi,ndcsun2,Northern Double-collared Sunbird,
Cinnyris solaris_Flame-breasted Sunbird,Cinnyris solaris,flbsun2,Flame-breasted Sunbird,
Cinnyris sovimanga_Souimanga Sunbird,Cinnyris sovimanga,sousun2,Souimanga Sunbird,
Cinnyris talatala_White-breasted Sunbird,Cinnyris talatala,whbsun2,White-bellied Sunbird,
Cinnyris venustus_Variable Sunbird,Cinnyris venustus,varsun2,Variable Sunbird,
Circaetus gallicus_Short-toed Snake-Eagle,Circaetus gallicus,shteag1,Short-toed Snake Eagle,
Circus aeruginosus_Eurasian Marsh-Harrier,Circus aeruginosus,wemhar1,Western Marsh Harrier,WMHA
Circus approximans_Swamp Harrier,Circus approximans,swahar1,Swamp Harrier,
Circus buffoni_Long-winged Harrier,Circus buffoni,lowhar1,Long-winged Harrier,LWHA
Circus cyaneus_Hen Harrier,Circus cyaneus,norhar1,Hen Harrier,
Circus hudsonius_Northern Harrier,Circus hudsonius,norhar2,Northern Harrier,NOHA
Circus macrourus_Pallid Harrier,Circus macrourus,palhar1,Pallid Harrier,
Circus melanoleucos_Pied Harrier,Circus melanoleucos,piehar1,Pied Harrier,
Circus pygargus_Montagu's Harrier,Circus pygargus,monhar1,Montagu's Harrier,
Circus spilonotus_Eastern Marsh-Harrier,Circus spilonotus,easmah1,Eastern Marsh Harrier,
Cissa chinensis_Common Green-Magpie,Cissa chinensis,gremag1,Common Green Magpie,
Cissa hypoleuca_Indochinese Green-Magpie,Cissa hypoleuca,yebmag1,Indochinese Green Magpie,
Cissa jefferyi_Bornean Green-Magpie,Cissa jefferyi,borgrm1,Bornean Green Magpie,
Cissopis leverianus_Magpie Tanager,Cissopis leverianus,magtan2,Magpie Tanager,
Cisticola aberrans_Rock-loving Cisticola,Cisticola aberrans,rolcis2,Rock-loving Cisticola,
Cisticola anonymus_Chattering Cisticola,Cisticola anonymus,chacis1,Chattering Cisticola,
Cisticola aridulus_Desert Cisticola,Cisticola aridulus,descis1,Desert Cisticola,
Cisticola ayresii_Wing-snapping Cisticola,Cisticola ayresii,wiscis1,Wing-snapping Cisticola,
Cisticola brachypterus_Siffling Cisticola,Cisticola brachypterus,sifcis1,Short-winged Cisticola,
Cisticola cantans_Singing Cisticola,Cisticola cantans,sincis1,Singing Cisticola,
Cisticola cherina_Madagascar Cisticola,Cisticola cherina,madcis2,Madagascar Cisticola,
Cisticola chiniana_Rattling Cisticola,Cisticola chiniana,ratcis1,Rattling Cisticola,
Cisticola chubbi_Chubb's Cisticola,Cisticola chubbi,chucis1,Chubb's Cisticola,
Cisticola cinereolus_Ashy Cisticola,Cisticola cinereolus,ashcis1,Ashy Cisticola,
Cisticola erythrops_Red-faced Cisticola,Cisticola erythrops,refcis1,Red-faced Cisticola,
Cisticola exilis_Golden-headed Cisticola,Cisticola exilis,gohcis1,Golden-headed Cisticola,
Cisticola fulvicapilla_Piping Cisticola,Cisticola fulvicapilla,pipcis2,Neddicky,
Cisticola haematocephalus_Coastal Cisticola,Cisticola haematocephalus,wincis4,Coastal Cisticola,
Cisticola hunteri_Hunter's Cisticola,Cisticola hunteri,huncis1,Hunter's Cisticola,
Cisticola juncidis_Zitting Cisticola,Cisticola juncidis,zitcis1,Zitting Cisticola,
Cisticola lais_Wailing Cisticola,Cisticola lais,waicis1,Wailing Cisticola,
Cisticola lateralis_Whistling Cisticola,Cisticola lateralis,whicis1,Whistling Cisticola,
Cisticola marginatus_Winding Cisticola,Cisticola marginatus,wincis3,Winding Cisticola,
Cisticola natalensis_Croaking Cisticola,Cisticola natalensis,crocis1,Croaking Cisticola,
Cisticola nigriloris_Black-lored Cisticola,Cisticola nigriloris,bllcis1,Black-lored Cisticola,
Cisticola njombe_Churring Cisticola,Cisticola njombe,chucis2,Churring Cisticola,
Cisticola pipiens_Chirping Cisticola,Cisticola pipiens,chicis1,Chirping Cisticola,
Cisticola robustus_Stout Cisticola,Cisticola robustus,stocis1,Stout Cisticola,
Cisticola subruficapilla_Red-headed Cisticola,Cisticola subruficapilla,rehcis2,Grey-backed Cisticola,
Cisticola textrix_Cloud Cisticola,Cisticola textrix,clocis1,Cloud Cisticola,
Cisticola tinniens_Levaillant's Cisticola,Cisticola tinniens,tincis1,Levaillant's Cisticola,
Cisticola woosnami_Trilling Cisticola,Cisticola woosnami,tricis1,Trilling Cisticola,
Cistothorus apolinari_Apolinar's Wren,Cistothorus apolinari,apowre1,Apolinar's Wren,
Cistothorus palustris_Marsh Wren,Cistothorus palustris,marwre,Marsh Wren,MAWR
Cistothorus platensis_Grass Wren,Cistothorus platensis,sedwre,Grass Wren,GWRE
Cistothorus stellaris_Sedge Wren,Cistothorus stellaris,sedwre1,Sedge Wren,SEWR
Clamator coromandus_Chestnut-winged Cuckoo,Clamator coromandus,chwcuc1,Chestnut-winged Cuckoo,
Clamator glandarius_Great Spotted Cuckoo,Clamator glandarius,grscuc1,Great Spotted Cuckoo,
Clamator jacobinus_Pied Cuckoo,Clamator jacobinus,piecuc1,Jacobin Cuckoo,
Clamator levaillantii_Levaillant's Cuckoo,Clamator levaillantii,levcuc1,Levaillant's Cuckoo,
Clanga clanga_Greater Spotted Eagle,Clanga clanga,grseag1,Greater Spotted Eagle,
Clanga pomarina_Lesser Spotted Eagle,Clanga pomarina,leseag1,Lesser Spotted Eagle,
Clangula hyemalis_Long-tailed Duck,Clangula hyemalis,lotduc,Long-tailed Duck,LTDU
Claravis pretiosa_Blue Ground Dove,Claravis pretiosa,blgdov1,Blue Ground Dove,BGDO
Clibanornis dendrocolaptoides_Canebrake Groundcreeper,Clibanornis dendrocolaptoides,cangro1,Canebrake Groundcreeper,
Clibanornis erythrocephalus_Henna-hooded Foliage-gleaner,Clibanornis erythrocephalus,hhfgle1,Henna-hooded Foliage-gleaner,
Clibanornis rectirostris_Chestnut-capped Foliage-gleaner,Clibanornis rectirostris,ccfgle1,Henna-capped Foliage-gleaner,
Clibanornis rubiginosus_Ruddy Foliage-gleaner,Clibanornis rubiginosus,rufgle1,Ruddy Foliage-gleaner,RUFG
Clibanornis rufipectus_Santa Marta Foliage-gleaner,Clibanornis rufipectus,samfog1,Santa Marta Foliage-gleaner,
Climacteris picumnus_Brown Treecreeper,Climacteris picumnus,brotre2,Brown Treecreeper,
Clytoctantes alixii_Recurve-billed Bushbird,Clytoctantes alixii,rebbus1,Recurve-billed Bushbird,
Clytolaema rubricauda_Brazilian Ruby,Clytolaema rubricauda,,,
Clytorhynchus vitiensis_Fiji Shrikebill,Clytorhynchus vitiensis,fijshr1,Fiji Shrikebill,
Cnemoscopus rubrirostris_Gray-hooded Bush Tanager,Cnemoscopus rubrirostris,gyhbut1,Grey-hooded Bush Tanager,
Cnemotriccus fuscatus_Fuscous Flycatcher,Cnemotriccus fuscatus,fusfly1,Fuscous Flycatcher,
Cnipodectes subbrunneus_Brownish Twistwing,Cnipodectes subbrunneus,brofly1,Brownish Twistwing,BRTW
Coccopygia melanotis_Swee Waxbill,Coccopygia melanotis,swewax3,Swee Waxbill,
Coccopygia quartinia_Yellow-bellied Waxbill,Coccopygia quartinia,yebwax2,Yellow-bellied Waxbill,
Coccothraustes abeillei_Hooded Grosbeak,Coccothraustes abeillei,,,
Coccothraustes coccothraustes_Hawfinch,Coccothraustes coccothraustes,hawfin,Hawfinch,HAWF
Coccothraustes vespertinus_Evening Grosbeak,Coccothraustes vespertinus,,,
Coccycua cinerea_Ash-colored Cuckoo,Coccycua cinerea,asccuc1,Ash-colored Cuckoo,
Coccycua minuta_Little Cuckoo,Coccycua minuta,litcuc2,Little Cuckoo,LITC
Coccyzus americanus_Yellow-billed Cuckoo,Coccyzus americanus,yebcuc,Yellow-billed Cuckoo,YBCU
Coccyzus erythropthalmus_Black-billed Cuckoo,Coccyzus erythropthalmus,bkbcuc,Black-billed Cuckoo,BBCU
Coccyzus euleri_Pearly-breasted Cuckoo,Coccyzus euleri,pebcuc1,Pearly-breasted Cuckoo,PBCU
Coccyzus longirostris_Hispaniolan Lizard-Cuckoo,Coccyzus longirostris,hislic1,Hispaniolan Lizard Cuckoo,HILC
Coccyzus melacoryphus_Dark-billed Cuckoo,Coccyzus melacoryphus,dabcuc1,Dark-billed Cuckoo,DBCU
Coccyzus merlini_Great Lizard-Cuckoo,Coccyzus merlini,grelic1,Great Lizard Cuckoo,GRLC
Coccyzus minor_Mangrove Cuckoo,Coccyzus minor,mancuc,Mangrove Cuckoo,MACU
Coccyzus vieilloti_Puerto Rican Lizard-Cuckoo,Coccyzus vieilloti,purlic1,Puerto Rican Lizard Cuckoo,PRLC
Cochlearius cochlearius_Boat-billed Heron,Cochlearius cochlearius,bobher1,Boat-billed Heron,BBHE
Cochoa viridis_Green Cochoa,Cochoa viridis,grecoc1,Green Cochoa,
Coeligena coeligena_Bronzy Inca,Coeligena coeligena,broinc1,Bronzy Inca,
Coeligena iris_Rainbow Starfrontlet,Coeligena iris,raista1,Rainbow Starfrontlet,
Coeligena lutetiae_Buff-winged Starfrontlet,Coeligena lutetiae,buwsta1,Buff-winged Starfrontlet,
Coeligena wilsoni_Brown Inca,Coeligena wilsoni,broinc2,Brown Inca,
Coereba flaveola_Bananaquit,Coereba flaveola,banana,Bananaquit,BANA
Colaptes atricollis_Black-necked Woodpecker,Colaptes atricollis,blnwoo1,Black-necked Woodpecker,
Colaptes auratus_Northern Flicker,Colaptes auratus,norfli,Northern Flicker,NOFL
Colaptes auricularis_Gray-crowned Woodpecker,Colaptes auricularis,grcwoo1,Grey-crowned Woodpecker,GRCW
Colaptes campestris_Campo Flicker,Colaptes campestris,camfli1,Campo Flicker,
Colaptes chrysoides_Gilded Flicker,Colaptes chrysoides,gilfli,Gilded Flicker,GIFL
Colaptes fernandinae_Fernandina's Flicker,Colaptes fernandinae,ferfli1,Fernandina's Flicker,FEFL
Colaptes melanochloros_Green-barred Woodpecker,Colaptes melanochloros,grbwoo3,Green-barred Woodpecker,
Colaptes pitius_Chilean Flicker,Colaptes pitius,chifli1,Chilean Flicker,
Colaptes punctigula_Spot-breasted Woodpecker,Colaptes punctigula,spbwoo1,Spot-breasted Woodpecker,SBWP
Colaptes rivolii_Crimson-mantled Woodpecker,Colaptes rivolii,crmwoo2,Crimson-mantled Woodpecker,
Colaptes rubiginosus_Golden-olive Woodpecker,Colaptes rubiginosus,goowoo1,Golden-olive Woodpecker,GOWO
Colaptes rupicola_Andean Flicker,Colaptes rupicola,andfli1,Andean Flicker,
Colibri coruscans_Sparkling Violetear,Colibri coruscans,spvear1,Sparkling Violetear,
Colibri cyanotus_Lesser Violetear,Colibri cyanotus,lesvio1,Lesser Violetear,LEVI
Colibri delphinae_Brown Violetear,Colibri delphinae,brvear1,Brown Violetear,BRVI
Colibri serrirostris_White-vented Violetear,Colibri serrirostris,wvvear1,White-vented Violetear,
Colibri thalassinus_Mexican Violetear,Colibri thalassinus,grnvie1,Mexican Violetear,MEVI
Colinus cristatus_Crested Bobwhite,Colinus cristatus,crebob1,Crested Bobwhite,CRBO
Colinus nigrogularis_Black-throated Bobwhite,Colinus nigrogularis,bltbob1,Yucatan Bobwhite,BTBO
Colinus virginianus_Northern Bobwhite,Colinus virginianus,norbob,Northern Bobwhite,NOBO
Colius colius_White-backed Mousebird,Colius colius,whbmou1,White-backed Mousebird,
Colius striatus_Speckled Mousebird,Colius striatus,spemou2,Speckled Mousebird,
Collocalia affinis_Plume-toed Swiftlet,Collocalia affinis,pltswi1,Plume-toed Swiftlet,
Colluricincla boweri_Bower's Shrikethrush,Colluricincla boweri,bowsht1,Bower's Shrikethrush,
Colluricincla harmonica_Gray Shrikethrush,Colluricincla harmonica,grysht1,Grey Shrikethrush,
Colluricincla megarhyncha_Arafura Shrikethrush,Colluricincla megarhyncha,rufsht2,Little Shrikethrush,
Colluricincla rufogaster_Rufous Shrikethrush,Colluricincla rufogaster,,,
Colonia colonus_Long-tailed Tyrant,Colonia colonus,lottyr1,Long-tailed Tyrant,LTTY
Colorhamphus parvirostris_Patagonian Tyrant,Colorhamphus parvirostris,pattyr2,Patagonian Tyrant,
Columba arquatrix_Rameron Pigeon,Columba arquatrix,rampig1,African Olive Pigeon,
Columba delegorguei_Delegorgue's Pigeon,Columba delegorguei,delpig1,Eastern Bronze-naped Pigeon,
Columba guinea_Speckled Pigeon,Columba guinea,spepig1,Speckled Pigeon,
Columba iriditorques_Bronze-naped Pigeon,Columba iriditorques,brnpig1,Western Bronze-naped Pigeon,
Columba janthina_Japanese Wood-Pigeon,Columba janthina,jawpig1,Black Wood Pigeon,
Columba larvata_Lemon Dove,Columba larvata,,,
Columba livia_Rock Pigeon,Columba livia,rocpig,Rock Dove,ROPI
Columba oenas_Stock Dove,Columba oenas,stodov1,Stock Dove,
Columba palumbus_Common Wood-Pigeon,Columba palumbus,cowpig1,Common Wood Pigeon,CWPI
Columba unicincta_Afep Pigeon,Columba unicincta,afepig1,Afep Pigeon,
Columba vitiensis_Metallic Pigeon,Columba vitiensis,metpig1,Metallic Pigeon,
Columbina buckleyi_Ecuadorian Ground Dove,Columbina buckleyi,ecgdov1,Ecuadorian Ground Dove,
Columbina cruziana_Croaking Ground Dove,Columbina cruziana,crgdov1,Croaking Ground Dove,
Columbina cyanopis_Blue-eyed Ground Dove,Columbina cyanopis,begdov2,Blue-eyed Ground Dove,
Columbina inca_Inca Dove,Columbina inca,incdov,Inca Dove,INDO
Columbina minuta_Plain-breasted Ground Dove,Columbina minuta,pbgdov1,Plain-breasted Ground Dove,PBGD
Columbina passerina_Common Ground Dove,Columbina passerina,cogdov,Common Ground Dove,CGDO
Columbina picui_Picui Ground Dove,Columbina picui,pigdov1,Picui Ground Dove,
Columbina squammata_Scaled Dove,Columbina squammata,scadov1,Scaled Dove,
Columbina talpacoti_Ruddy Ground Dove,Columbina talpacoti,rugdov,Ruddy Ground Dove,RGDO
Compsothraupis loricata_Scarlet-throated Tanager,Compsothraupis loricata,scttan1,Scarlet-throated Tanager,
Conioptilon mcilhennyi_Black-faced Cotinga,Conioptilon mcilhennyi,blfcot1,Black-faced Cotinga,
Conirostrum albifrons_Capped Conebill,Conirostrum albifrons,capcon1,Capped Conebill,
Conirostrum bicolor_Bicolored Conebill,Conirostrum bicolor,biccon1,Bicolored Conebill,
Conirostrum binghami_Giant Conebill,Conirostrum binghami,giacon1,Giant Conebill,
Conirostrum cinereum_Cinereous Conebill,Conirostrum cinereum,cincon1,Cinereous Conebill,
Conirostrum leucogenys_White-eared Conebill,Conirostrum leucogenys,whecon1,White-eared Conebill,WECO
Conirostrum margaritae_Pearly-breasted Conebill,Conirostrum margaritae,pebcon1,Pearly-breasted Conebill,
Conirostrum rufum_Rufous-browed Conebill,Conirostrum rufum,rubcon1,Rufous-browed Conebill,
Conirostrum sitticolor_Blue-backed Conebill,Conirostrum sitticolor,blbcon1,Blue-backed Conebill,
Conirostrum speciosum_Chestnut-vented Conebill,Conirostrum speciosum,chvcon1,Chestnut-vented Conebill,
Conirostrum tamarugense_Tamarugo Conebill,Conirostrum tamarugense,tamcon1,Tamarugo Conebill,
Conocephalus brevipennis_Short-winged Meadow Katydid,Conocephalus brevipennis,,,
Conocephalus fasciatus_Slender Meadow Katydid,Conocephalus fasciatus,,,
Conopias albovittatus_White-ringed Flycatcher,Conopias albovittatus,whrfly,White-ringed Flycatcher,WRFL
Conopias cinchoneti_Lemon-browed Flycatcher,Conopias cinchoneti,lebfly2,Lemon-browed Flycatcher,
Conopias parvus_Yellow-throated Flycatcher,Conopias parvus,yetfly2,Yellow-throated Flycatcher,
Conopias trivirgatus_Three-striped Flycatcher,Conopias trivirgatus,thsfly2,Three-striped Flycatcher,
Conopophaga ardesiaca_Slaty Gnateater,Conopophaga ardesiaca,slagna1,Slaty Gnateater,
Conopophaga aurita_Chestnut-belted Gnateater,Conopophaga aurita,chbgna1,Chestnut-belted Gnateater,
Conopophaga castaneiceps_Chestnut-crowned Gnateater,Conopophaga castaneiceps,chcgna1,Chestnut-crowned Gnateater,
Conopophaga cearae_Ceara Gnateater,Conopophaga cearae,rufgna2,Ceara Gnateater,
Conopophaga lineata_Rufous Gnateater,Conopophaga lineata,rufgna3,Rufous Gnateater,
Conopophaga melanogaster_Black-bellied Gnateater,Conopophaga melanogaster,blbgna1,Black-bellied Gnateater,
Conopophaga melanops_Black-cheeked Gnateater,Conopophaga melanops,blcgna1,Black-cheeked Gnateater,
Conopophaga peruviana_Ash-throated Gnateater,Conopophaga peruviana,astgna1,Ash-throated Gnateater,
Conopophila albogularis_Rufous-banded Honeyeater,Conopophila albogularis,rubhon2,Rufous-banded Honeyeater,
Conostoma aemodium_Great Parrotbill,Conostoma aemodium,,,
Conothraupis speculigera_Black-and-white Tanager,Conothraupis speculigera,bawtan1,Black-and-white Tanager,
Contopus caribaeus_Cuban Pewee,Contopus caribaeus,cubpew1,Cuban Pewee,CUPE
Contopus cinereus_Tropical Pewee,Contopus cinereus,tropew3,Southern Tropical Pewee,TROP
Contopus cooperi_Olive-sided Flycatcher,Contopus cooperi,olsfly,Olive-sided Flycatcher,OSFL
Contopus fumigatus_Smoke-colored Pewee,Contopus fumigatus,smcpew1,Smoke-colored Pewee,
Contopus lugubris_Dark Pewee,Contopus lugubris,darpew1,Dark Pewee,DAPE
Contopus nigrescens_Blackish Pewee,Contopus nigrescens,blapew1,Blackish Pewee,
Contopus pertinax_Greater Pewee,Contopus pertinax,grepew,Greater Pewee,GRPE
Contopus sordidulus_Western Wood-Pewee,Contopus sordidulus,wewpew,Western Wood Pewee,WEWP
Contopus virens_Eastern Wood-Pewee,Contopus virens,eawpew,Eastern Wood Pewee,EAWP
Copsychus albiventris_Andaman Shama,Copsychus albiventris,andsha1,Andaman Shama,
Copsychus albospecularis_Madagascar Magpie-Robin,Copsychus albospecularis,mamrob1,Madagascar Magpie-Robin,
Copsychus cebuensis_Black Shama,Copsychus cebuensis,blasha1,Black Shama,
Copsychus fulicatus_Indian Robin,Copsychus fulicatus,indrob1,Indian Robin,
Copsychus luzoniensis_White-browed Shama,Copsychus luzoniensis,whbsha1,White-browed Shama,
Copsychus malabaricus_White-rumped Shama,Copsychus malabaricus,whrsha,White-rumped Shama,WRSH
Copsychus mindanensis_Philippine Magpie-Robin,Copsychus mindanensis,phimar1,Philippine Magpie-Robin,
Copsychus niger_White-vented Shama,Copsychus niger,whvsha1,White-vented Shama,
Copsychus pyrropygus_Rufous-tailed Shama,Copsychus pyrropygus,rutsha2,Rufous-tailed Shama,
Copsychus saularis_Oriental Magpie-Robin,Copsychus saularis,magrob,Oriental Magpie-Robin,
Coracias abyssinicus_Abyssinian Roller,Coracias abyssinicus,abyrol2,Abyssinian Roller,
Coracias benghalensis_Indian Roller,Coracias benghalensis,indrol2,Indian Roller,
Coracias caudatus_Lilac-breasted Roller,Coracias caudatus,librol2,Lilac-breasted Roller,
Coracias garrulus_European Roller,Coracias garrulus,eurrol1,European Roller,
Coracina caesia_Gray Cuckooshrike,Coracina caesia,,,
Coracina cinerea_Madagascar Cuckooshrike,Coracina cinerea,,,
Coracina lineata_Barred Cuckooshrike,Coracina lineata,yeecus1,Barred Cuckooshrike,
Coracina longicauda_Hooded Cuckooshrike,Coracina longicauda,hoocus1,Hooded Cuckooshrike,
Coracina macei_Large Cuckooshrike,Coracina macei,larcuc1,Indian Cuckooshrike,
Coracina novaehollandiae_Black-faced Cuckooshrike,Coracina novaehollandiae,bkfcus1,Black-faced Cuckooshrike,
Coracina papuensis_White-bellied Cuckooshrike,Coracina papuensis,whbcus1,White-bellied Cuckooshrike,
Coracina pectoralis_White-breasted Cuckooshrike,Coracina pectoralis,,,
Coracina striata_Bar-bellied Cuckooshrike,Coracina striata,babcus1,Bar-bellied Cuckooshrike,
Coracopsis nigra_Lesser Vasa Parrot,Coracopsis nigra,blapar1,Lesser Vasa Parrot,
Coracopsis vasa_Greater Vasa Parrot,Coracopsis vasa,vaspar1,Greater Vasa Parrot,
Coragyps atratus_Black Vulture,Coragyps atratus,blkvul,Black Vulture,BLVU
Corapipo altera_White-ruffed Manakin,Corapipo altera,whrman1,White-ruffed Manakin,WRMA
Corapipo gutturalis_White-throated Manakin,Corapipo gutturalis,whtman1,White-throated Manakin,
Corcorax melanorhamphos_White-winged Chough,Corcorax melanorhamphos,whwcho1,White-winged Chough,
Cormobates leucophaea_White-throated Treecreeper,Cormobates leucophaea,whttre3,White-throated Treecreeper,
Cormobates placens_Papuan Treecreeper,Cormobates placens,paptre1,Papuan Treecreeper,
Corthylio calendula_Ruby-crowned Kinglet,Corthylio calendula,ruckin,Ruby-crowned Kinglet,RCKI
Corvus albicollis_White-necked Raven,Corvus albicollis,whnrav1,White-necked Raven,
Corvus albus_Pied Crow,Corvus albus,piecro1,Pied Crow,
Corvus brachyrhynchos_American Crow,Corvus brachyrhynchos,amecro,American Crow,AMCR
Corvus capensis_Cape Crow,Corvus capensis,capcro2,Cape Crow,
Corvus corax_Common Raven,Corvus corax,comrav,Northern Raven,CORA
Corvus cornix_Hooded Crow,Corvus cornix,,,
Corvus corone_Carrion Crow,Corvus corone,carcro1,Carrion Crow,
Corvus coronoides_Australian Raven,Corvus coronoides,ausrav1,Australian Raven,
Corvus cryptoleucus_Chihuahuan Raven,Corvus cryptoleucus,chirav,Chihuahuan Raven,CHRA
Corvus dauuricus_Daurian Jackdaw,Corvus dauuricus,,,
Corvus enca_Slender-billed Crow,Corvus enca,slbcro2,Sunda Crow,
Corvus florensis_Flores Crow,Corvus florensis,flocro1,Flores Crow,
Corvus frugilegus_Rook,Corvus frugilegus,rook1,Rook,ROOK
Corvus hawaiiensis_Hawaiian Crow,Corvus hawaiiensis,hawcro,Hawaiian Crow,HCRO
Corvus imparatus_Tamaulipas Crow,Corvus imparatus,tamcro,Tamaulipas Crow,TACR
Corvus jamaicensis_Jamaican Crow,Corvus jamaicensis,jamcro1,Jamaican Crow,JACR
Corvus leucognaphalus_White-necked Crow,Corvus leucognaphalus,whncro1,White-necked Crow,WNCR
Corvus macrorhynchos_Large-billed Crow,Corvus macrorhynchos,labcro1,Large-billed Crow,
Corvus mellori_Little Raven,Corvus mellori,litrav1,Little Raven,
Corvus monedula_Eurasian Jackdaw,Corvus monedula,,,
Corvus nasicus_Cuban Crow,Corvus nasicus,cubcro1,Cuban Crow,CUCR
Corvus orru_Torresian Crow,Corvus orru,torcro2,Torresian Crow,
Corvus ossifragus_Fish Crow,Corvus ossifragus,fiscro,Fish Crow,FICR
Corvus palmarum_Palm Crow,Corvus palmarum,palcro1,Hispaniolan Palm Crow,HIPC
Corvus rhipidurus_Fan-tailed Raven,Corvus rhipidurus,fatrav1,Fan-tailed Raven,
Corvus ruficollis_Brown-necked Raven,Corvus ruficollis,brnrav1,Brown-necked Raven,
Corvus sinaloae_Sinaloa Crow,Corvus sinaloae,sincro1,Sinaloa Crow,SICR
Corvus splendens_House Crow,Corvus splendens,houcro1,House Crow,
Corvus tasmanicus_Forest Raven,Corvus tasmanicus,forrav1,Forest Raven,
Corvus tristis_Gray Crow,Corvus tristis,grycro1,Grey Crow,
Corvus typicus_Piping Crow,Corvus typicus,pipcro1,Piping Crow,
Corvus validus_Long-billed Crow,Corvus validus,lobcro1,Long-billed Crow,
Corydon sumatranus_Dusky Broadbill,Corydon sumatranus,dusbro1,Dusky Broadbill,
Coryphaspiza melanotis_Black-masked Finch,Coryphaspiza melanotis,blmfin1,Black-masked Finch,
Coryphistera alaudina_Lark-like Brushrunner,Coryphistera alaudina,lalbru1,Lark-like Brushrunner,
Coryphospingus cucullatus_Red-crested Finch,Coryphospingus cucullatus,recfin1,Red Pileated Finch,
Coryphospingus pileatus_Pileated Finch,Coryphospingus pileatus,pilfin1,Grey Pileated Finch,
Corythaeola cristata_Great Blue Turaco,Corythaeola cristata,grbtur1,Great Blue Turaco,
Corythaixoides concolor_Gray Go-away-bird,Corythaixoides concolor,,,
Corythaixoides leucogaster_White-bellied Go-away-bird,Corythaixoides leucogaster,,,
Corythopis delalandi_Southern Antpipit,Corythopis delalandi,souant1,Southern Antpipit,
Corythopis torquatus_Ringed Antpipit,Corythopis torquatus,rinant2,Ringed Antpipit,
Corythornis cristatus_Malachite Kingfisher,Corythornis cristatus,malkin1,Malachite Kingfisher,
Coscoroba coscoroba_Coscoroba Swan,Coscoroba coscoroba,cosswa1,Coscoroba Swan,
Cossypha albicapillus_White-crowned Robin-Chat,Cossypha albicapillus,wcrcha1,White-crowned Robin-Chat,
Cossypha anomala_Olive-flanked Robin-Chat,Cossypha anomala,,,
Cossypha archeri_Archer's Robin-Chat,Cossypha archeri,,,
Cossypha caffra_Cape Robin-Chat,Cossypha caffra,,,
Cossypha cyanocampter_Blue-shouldered Robin-Chat,Cossypha cyanocampter,bsrcha1,Blue-shouldered Robin-Chat,
Cossypha dichroa_Chorister Robin-Chat,Cossypha dichroa,chrcha1,Chorister Robin-Chat,
Cossypha heuglini_White-browed Robin-Chat,Cossypha heuglini,wbrcha2,White-browed Robin-Chat,
Cossypha humeralis_White-throated Robin-Chat,Cossypha humeralis,,,
Cossypha natalensis_Red-capped Robin-Chat,Cossypha natalensis,rcrcha1,Red-capped Robin-Chat,
Cossypha niveicapilla_Snowy-crowned Robin-Chat,Cossypha niveicapilla,scrcha1,Snowy-crowned Robin-Chat,
Cossypha polioptera_Gray-winged Robin-Chat,Cossypha polioptera,,,
Cossypha semirufa_Rüppell's Robin-Chat,Cossypha semirufa,rurcha1,Rüppell's Robin-Chat,
Coturnicops noveboracensis_Yellow Rail,Coturnicops noveboracensis,yelrai,Yellow Rail,YERA
Coturnix coromandelica_Rain Quail,Coturnix coromandelica,raiqua1,Rain Quail,
Coturnix coturnix_Common Quail,Coturnix coturnix,comqua1,Common Quail,
Coturnix delegorguei_Harlequin Quail,Coturnix delegorguei,harqua1,Harlequin Quail,
Coturnix japonica_Japanese Quail,Coturnix japonica,japqua,Japanese Quail,JAQU
Coturnix pectoralis_Stubble Quail,Coturnix pectoralis,stuqua1,Stubble Quail,
Coua caerulea_Blue Coua,Coua caerulea,blucou1,Blue Coua,
Coua coquereli_Coquerel's Coua,Coua coquereli,coqcou1,Coquerel's Coua,
Coua cristata_Crested Coua,Coua cristata,crecou1,Crested Coua,
Coua gigas_Giant Coua,Coua gigas,giacou1,Giant Coua,
Coua reynaudii_Red-fronted Coua,Coua reynaudii,refcou1,Red-fronted Coua,
Coua ruficeps_Red-capped Coua,Coua ruficeps,reccou2,Red-capped Coua,
Coua serriana_Red-breasted Coua,Coua serriana,rebcou1,Red-breasted Coua,
Cracticus cassicus_Hooded Butcherbird,Cracticus cassicus,hoobut1,Hooded Butcherbird,
Cracticus nigrogularis_Pied Butcherbird,Cracticus nigrogularis,piebut1,Pied Butcherbird,
Cracticus quoyi_Black Butcherbird,Cracticus quoyi,,,
Cracticus torquatus_Gray Butcherbird,Cracticus torquatus,grybut1,Grey Butcherbird,
Cranioleuca albicapilla_Creamy-crested Spinetail,Cranioleuca albicapilla,crcspi1,Creamy-crested Spinetail,
Cranioleuca albiceps_Light-crowned Spinetail,Cranioleuca albiceps,licspi1,Light-crowned Spinetail,
Cranioleuca antisiensis_Line-cheeked Spinetail,Cranioleuca antisiensis,licspi5,Line-cheeked Spinetail,
Cranioleuca curtata_Ash-browed Spinetail,Cranioleuca curtata,asbspi1,Ash-browed Spinetail,
Cranioleuca demissa_Tepui Spinetail,Cranioleuca demissa,tepspi1,Tepui Spinetail,
Cranioleuca erythrops_Red-faced Spinetail,Cranioleuca erythrops,refspi1,Red-faced Spinetail,RFSP
Cranioleuca gutturata_Speckled Spinetail,Cranioleuca gutturata,,,
Cranioleuca hellmayri_Streak-capped Spinetail,Cranioleuca hellmayri,stcspi1,Streak-capped Spinetail,
Cranioleuca marcapatae_Marcapata Spinetail,Cranioleuca marcapatae,marspi2,Marcapata Spinetail,
Cranioleuca obsoleta_Olive Spinetail,Cranioleuca obsoleta,olispi1,Olive Spinetail,
Cranioleuca pallida_Pallid Spinetail,Cranioleuca pallida,palspi1,Pallid Spinetail,
Cranioleuca pyrrhophia_Stripe-crowned Spinetail,Cranioleuca pyrrhophia,stcspi2,Stripe-crowned Spinetail,
Cranioleuca semicinerea_Gray-headed Spinetail,Cranioleuca semicinerea,gyhspi1,Grey-headed Spinetail,
Cranioleuca subcristata_Crested Spinetail,Cranioleuca subcristata,crespi1,Crested Spinetail,
Cranioleuca vulpecula_Parker's Spinetail,Cranioleuca vulpecula,parspi1,Parker's Spinetail,
Cranioleuca vulpina_Rusty-backed Spinetail,Cranioleuca vulpina,rubspi4,Rusty-backed Spinetail,
Crateroscelis murina_Rusty Mouse-Warbler,Crateroscelis murina,,,
Crateroscelis robusta_Mountain Mouse-Warbler,Crateroscelis robusta,,,
Crax alberti_Blue-billed Curassow,Crax alberti,bubcur1,Blue-billed Curassow,
Crax alector_Black Curassow,Crax alector,blacur1,Black Curassow,
Crax fasciolata_Bare-faced Curassow,Crax fasciolata,bafcur1,Bare-faced Curassow,
Crax rubra_Great Curassow,Crax rubra,grecur1,Great Curassow,GRCU
Creagrus furcatus_Swallow-tailed Gull,Creagrus furcatus,swtgul1,Swallow-tailed Gull,STGU
Creatophora cinerea_Wattled Starling,Creatophora cinerea,watsta1,Wattled Starling,
Crex crex_Corn Crake,Crex crex,corcra,Corn Crake,CORC
Crinifer piscator_Western Plantain-eater,Crinifer piscator,wesple1,Western Plantain-eater,
Criniger barbatus_Western Bearded-Greenbul,Criniger barbatus,wesbeg1,Western Bearded Greenbul,
Criniger calurus_Red-tailed Greenbul,Criniger calurus,retgre1,Red-tailed Greenbul,
Criniger chloronotus_Eastern Bearded-Greenbul,Criniger chloronotus,easbeg1,Eastern Bearded Greenbul,
Crithagra albogularis_White-throated Canary,Crithagra albogularis,whtcan1,White-throated Canary,
Crithagra atrogularis_Black-throated Canary,Crithagra atrogularis,bltcan1,Black-throated Canary,
Crithagra buchanani_Southern Grosbeak-Canary,Crithagra buchanani,sougrc1,Southern Grosbeak-Canary,
Crithagra dorsostriata_White-bellied Canary,Crithagra dorsostriata,whbcan1,White-bellied Canary,
Crithagra flaviventris_Yellow Canary,Crithagra flaviventris,yelcan1,Yellow Canary,
Crithagra gularis_Streaky-headed Seedeater,Crithagra gularis,sthsee2,Streaky-headed Seedeater,
Crithagra hyposticta_Southern Citril,Crithagra hyposticta,soucit1,Southern Citril,
Crithagra menachensis_Yemen Serin,Crithagra menachensis,yemser1,Yemen Serin,
Crithagra mozambica_Yellow-fronted Canary,Crithagra mozambica,yefcan,Yellow-fronted Canary,YFCA
Crithagra reichenowi_Reichenow's Seedeater,Crithagra reichenowi,reisee2,Reichenow's Seedeater,
Crithagra scotops_Forest Canary,Crithagra scotops,forcan1,Forest Canary,
Crithagra striolata_Streaky Seedeater,Crithagra striolata,strsee1,Streaky Seedeater,
Crithagra sulphurata_Brimstone Canary,Crithagra sulphurata,brican1,Brimstone Canary,
Crossleyia xanthophrys_Yellow-browed Oxylabes,Crossleyia xanthophrys,yeboxy1,Madagascar Yellowbrow,
Crotophaga ani_Smooth-billed Ani,Crotophaga ani,smbani,Smooth-billed Ani,SBAN
Crotophaga major_Greater Ani,Crotophaga major,greani1,Greater Ani,GRTA
Crotophaga sulcirostris_Groove-billed Ani,Crotophaga sulcirostris,grbani,Groove-billed Ani,GBAN
Crypsirina temia_Racket-tailed Treepie,Crypsirina temia,rattre1,Racket-tailed Treepie,
Cryptillas victorini_Victorin's Warbler,Cryptillas victorini,viswar1,Victorin's Warbler,
Cryptoleucopteryx plumbea_Plumbeous Hawk,Cryptoleucopteryx plumbea,pluhaw,Plumbeous Hawk,PLHA
Cryptopezus nattereri_Speckle-breasted Antpitta,Cryptopezus nattereri,spbant1,Speckle-breasted Antpitta,
Cryptopipo holochlora_Green Manakin,Cryptopipo holochlora,greman2,Green Manakin,GMAK
Cryptospiza reichenovii_Red-faced Crimsonwing,Cryptospiza reichenovii,rfcwin1,Red-faced Crimsonwing,
Cryptosylvicola randrianasoloi_Cryptic Warbler,Cryptosylvicola randrianasoloi,crywar1,Cryptic Warbler,
Crypturellus atrocapillus_Black-capped Tinamou,Crypturellus atrocapillus,blctin1,Black-capped Tinamou,
Crypturellus bartletti_Bartlett's Tinamou,Crypturellus bartletti,bartin2,Bartlett's Tinamou,
Crypturellus boucardi_Slaty-breasted Tinamou,Crypturellus boucardi,slbtin1,Slaty-breasted Tinamou,SBTI
Crypturellus cinereus_Cinereous Tinamou,Crypturellus cinereus,cintin1,Cinereous Tinamou,
Crypturellus cinnamomeus_Thicket Tinamou,Crypturellus cinnamomeus,thitin1,Thicket Tinamou,THTI
Crypturellus duidae_Gray-legged Tinamou,Crypturellus duidae,gyltin1,Grey-legged Tinamou,
Crypturellus erythropus_Red-legged Tinamou,Crypturellus erythropus,reltin1,Red-legged Tinamou,
Crypturellus noctivagus_Yellow-legged Tinamou,Crypturellus noctivagus,yeltin1,Yellow-legged Tinamou,
Crypturellus obsoletus_Brown Tinamou,Crypturellus obsoletus,brotin1,Brown Tinamou,
Crypturellus parvirostris_Small-billed Tinamou,Crypturellus parvirostris,smbtin1,Small-billed Tinamou,
Crypturellus soui_Little Tinamou,Crypturellus soui,littin1,Little Tinamou,LITI
Crypturellus strigulosus_Brazilian Tinamou,Crypturellus strigulosus,bratin1,Brazilian Tinamou,
Crypturellus tataupa_Tataupa Tinamou,Crypturellus tataupa,tattin1,Tataupa Tinamou,
Crypturellus transfasciatus_Pale-browed Tinamou,Crypturellus transfasciatus,pabtin1,Pale-browed Tinamou,
Crypturellus undulatus_Undulated Tinamou,Crypturellus undulatus,undtin1,Undulated Tinamou,
Crypturellus variegatus_Variegated Tinamou,Crypturellus variegatus,vartin1,Variegated Tinamou,
Cuculus canorus_Common Cuckoo,Cuculus canorus,comcuc,Common Cuckoo,COCU
Cuculus clamosus_Black Cuckoo,Cuculus clamosus,blacuc1,Black Cuckoo,
Cuculus gularis_African Cuckoo,Cuculus gularis,afrcuc1,African Cuckoo,
Cuculus lepidus_Sunda Cuckoo,Cuculus lepidus,suncuc2,Sunda Cuckoo,
Cuculus micropterus_Indian Cuckoo,Cuculus micropterus,indcuc1,Indian Cuckoo,
Cuculus optatus_Oriental Cuckoo,Cuculus optatus,oricuc2,Oriental Cuckoo,ORCU
Cuculus poliocephalus_Lesser Cuckoo,Cuculus poliocephalus,lescuc1,Lesser Cuckoo,
Cuculus rochii_Madagascar Cuckoo,Cuculus rochii,madcuc1,Madagascar Cuckoo,
Cuculus saturatus_Himalayan Cuckoo,Cuculus saturatus,himcuc1,Himalayan Cuckoo,
Cuculus solitarius_Red-chested Cuckoo,Cuculus solitarius,reccuc1,Red-chested Cuckoo,
Culicicapa ceylonensis_Gray-headed Canary-Flycatcher,Culicicapa ceylonensis,gyhcaf1,Grey-headed Canary-flycatcher,
Culicicapa helianthea_Citrine Canary-Flycatcher,Culicicapa helianthea,citcaf1,Citrine Canary-flycatcher,
Culicivora caudacuta_Sharp-tailed Tyrant,Culicivora caudacuta,shttyr1,Sharp-tailed Grass Tyrant,
Curaeus curaeus_Austral Blackbird,Curaeus curaeus,ausbla1,Austral Blackbird,
Curruca boehmi_Banded Parisoma,Curruca boehmi,banwar2,Banded Parisoma,
Curruca communis_Greater Whitethroat,Curruca communis,grewhi1,Common Whitethroat,
Curruca conspicillata_Spectacled Warbler,Curruca conspicillata,spewar2,Spectacled Warbler,
Curruca crassirostris_Eastern Orphean Warbler,Curruca crassirostris,eaowar2,Eastern Orphean Warbler,
Curruca curruca_Lesser Whitethroat,Curruca curruca,leswhi4,Lesser Whitethroat,
Curruca hortensis_Western Orphean Warbler,Curruca hortensis,weowar2,Western Orphean Warbler,
Curruca iberiae_Western Subalpine Warbler,Curruca iberiae,subwar6,Western Subalpine Warbler,
Curruca melanocephala_Sardinian Warbler,Curruca melanocephala,sarwar1,Sardinian Warbler,
Curruca nisoria_Barred Warbler,Curruca nisoria,barwar1,Barred Warbler,
Curruca subcoerulea_Chestnut-vented Warbler,Curruca subcoerulea,ruvwar2,Chestnut-vented Warbler,
Curruca undata_Dartford Warbler,Curruca undata,darwar1,Dartford Warbler,
Cutia legalleni_Vietnamese Cutia,Cutia legalleni,viecut1,Vietnamese Cutia,
Cutia nipalensis_Himalayan Cutia,Cutia nipalensis,cutia1,Himalayan Cutia,
Cyanerpes caeruleus_Purple Honeycreeper,Cyanerpes caeruleus,purhon1,Purple Honeycreeper,PUHO
Cyanerpes cyaneus_Red-legged Honeycreeper,Cyanerpes cyaneus,relhon1,Red-legged Honeycreeper,RLHO
Cyanicterus cyanicterus_Blue-backed Tanager,Cyanicterus cyanicterus,blbtan2,Blue-backed Tanager,
Cyanistes caeruleus_Eurasian Blue Tit,Cyanistes caeruleus,blutit,Eurasian Blue Tit,
Cyanistes cyanus_Azure Tit,Cyanistes cyanus,azutit2,Azure Tit,
Cyanistes teneriffae_African Blue Tit,Cyanistes teneriffae,afbtit2,African Blue Tit,
Cyanocitta cristata_Blue Jay,Cyanocitta cristata,blujay,Blue Jay,BLJA
Cyanocitta stelleri_Steller's Jay,Cyanocitta stelleri,stejay,Steller's Jay,STJA
Cyanocompsa parellina_Blue Bunting,Cyanocompsa parellina,blubun,Blue Bunting,BLBU
Cyanocorax affinis_Black-chested Jay,Cyanocorax affinis,blcjay1,Black-chested Jay,BCHJ
Cyanocorax beecheii_Purplish-backed Jay,Cyanocorax beecheii,pubjay1,Purplish-backed Jay,PBJA
Cyanocorax caeruleus_Azure Jay,Cyanocorax caeruleus,,,
Cyanocorax cayanus_Cayenne Jay,Cyanocorax cayanus,cayjay1,Cayenne Jay,
Cyanocorax chrysops_Plush-crested Jay,Cyanocorax chrysops,plcjay1,Plush-crested Jay,
Cyanocorax cristatellus_Curl-crested Jay,Cyanocorax cristatellus,cucjay1,Curl-crested Jay,
Cyanocorax cyanomelas_Purplish Jay,Cyanocorax cyanomelas,purjay1,Purplish Jay,
Cyanocorax cyanopogon_White-naped Jay,Cyanocorax cyanopogon,whnjay1,White-naped Jay,
Cyanocorax dickeyi_Tufted Jay,Cyanocorax dickeyi,tufjay1,Tufted Jay,TUJA
Cyanocorax melanocyaneus_Bushy-crested Jay,Cyanocorax melanocyaneus,bucjay1,Bushy-crested Jay,BCRJ
Cyanocorax mystacalis_White-tailed Jay,Cyanocorax mystacalis,whtjay2,White-tailed Jay,
Cyanocorax sanblasianus_San Blas Jay,Cyanocorax sanblasianus,sabjay,San Blas Jay,SBJA
Cyanocorax violaceus_Violaceous Jay,Cyanocorax violaceus,viojay1,Violaceous Jay,
Cyanocorax yncas_Green Jay,Cyanocorax yncas,grnjay,Green Jay,GRJA
Cyanocorax yucatanicus_Yucatan Jay,Cyanocorax yucatanicus,yucjay1,Yucatan Jay,YUJA
Cyanoderma ambiguum_Buff-chested Babbler,Cyanoderma ambiguum,,,
Cyanoderma chrysaeum_Golden Babbler,Cyanoderma chrysaeum,golbab1,Golden Babbler,
Cyanoderma erythropterum_Chestnut-winged Babbler,Cyanoderma erythropterum,chwbab1,Chestnut-winged Babbler,
Cyanoderma melanothorax_Crescent-chested Babbler,Cyanoderma melanothorax,crcbab1,Crescent-chested Babbler,
Cyanoderma pyrrhops_Black-chinned Babbler,Cyanoderma pyrrhops,blcbab2,Black-chinned Babbler,
Cyanoderma ruficeps_Rufous-capped Babbler,Cyanoderma ruficeps,rucbab1,Rufous-capped Babbler,
Cyanoderma rufifrons_Rufous-fronted Babbler,Cyanoderma rufifrons,rufbab10,Rufous-fronted Babbler,
Cyanolanius madagascarinus_Blue Vanga,Cyanolanius madagascarinus,bluvan3,Madagascar Blue Vanga,
Cyanoliseus patagonus_Burrowing Parakeet,Cyanoliseus patagonus,burpar,Burrowing Parrot,
Cyanoloxia brissonii_Ultramarine Grosbeak,Cyanoloxia brissonii,ultgro1,Ultramarine Grosbeak,
Cyanoloxia cyanoides_Blue-black Grosbeak,Cyanoloxia cyanoides,bubgro1,Blue-black Grosbeak,BGRO
Cyanoloxia glaucocaerulea_Glaucous-blue Grosbeak,Cyanoloxia glaucocaerulea,glbgro1,Glaucous-blue Grosbeak,
Cyanoloxia rothschildii_Amazonian Grosbeak,Cyanoloxia rothschildii,bubgro2,Amazonian Grosbeak,
Cyanolyca armillata_Black-collared Jay,Cyanolyca armillata,blcjay2,Black-collared Jay,
Cyanolyca cucullata_Azure-hooded Jay,Cyanolyca cucullata,azhjay1,Azure-hooded Jay,AHJA
Cyanolyca mirabilis_White-throated Jay,Cyanolyca mirabilis,whtjay1,White-throated Jay,WTJA
Cyanolyca nanus_Dwarf Jay,Cyanolyca nanus,dwajay1,Dwarf Jay,DWJA
Cyanolyca pulchra_Beautiful Jay,Cyanolyca pulchra,beajay1,Beautiful Jay,
Cyanolyca pumilo_Black-throated Jay,Cyanolyca pumilo,bltjay1,Black-throated Jay,BTJA
Cyanolyca turcosa_Turquoise Jay,Cyanolyca turcosa,turjay1,Turquoise Jay,
Cyanolyca viridicyanus_White-collared Jay,Cyanolyca viridicyanus,whcjay2,White-collared Jay,
Cyanomitra cyanolaema_Blue-throated Brown Sunbird,Cyanomitra cyanolaema,btbsun2,Blue-throated Brown Sunbird,
Cyanomitra olivacea_Olive Sunbird,Cyanomitra olivacea,eaosun1,Olive Sunbird,
Cyanomitra veroxii_Mouse-colored Sunbird,Cyanomitra veroxii,mocsun2,Grey Sunbird,
Cyanomitra verticalis_Green-headed Sunbird,Cyanomitra verticalis,gnhsun1,Green-headed Sunbird,
Cyanopica cooki_Iberian Magpie,Cyanopica cooki,azwmag3,Iberian Magpie,
Cyanopica cyanus_Azure-winged Magpie,Cyanopica cyanus,azwmag2,Azure-winged Magpie,
Cyanoptila cumatilis_Zappey's Flycatcher,Cyanoptila cumatilis,zapfly1,Zappey's Flycatcher,
Cyanoptila cyanomelana_Blue-and-white Flycatcher,Cyanoptila cyanomelana,bawfly2,Blue-and-white Flycatcher,
Cyanoramphus novaezelandiae_Red-crowned Parakeet,Cyanoramphus novaezelandiae,refpar4,Red-crowned Parakeet,
Cyclarhis gujanensis_Rufous-browed Peppershrike,Cyclarhis gujanensis,rubpep1,Rufous-browed Peppershrike,RBPE
Cyclarhis nigrirostris_Black-billed Peppershrike,Cyclarhis nigrirostris,blbpep1,Black-billed Peppershrike,
Cygnus atratus_Black Swan,Cygnus atratus,blkswa,Black Swan,
Cygnus buccinator_Trumpeter Swan,Cygnus buccinator,truswa,Trumpeter Swan,TRUS
Cygnus columbianus_Tundra Swan,Cygnus columbianus,tunswa,Tundra Swan,TUSW
Cygnus cygnus_Whooper Swan,Cygnus cygnus,whoswa,Whooper Swan,WHOS
Cygnus melancoryphus_Black-necked Swan,Cygnus melancoryphus,blnswa2,Black-necked Swan,
Cygnus olor_Mute Swan,Cygnus olor,mutswa,Mute Swan,MUSW
Cymbilaimus lineatus_Fasciated Antshrike,Cymbilaimus lineatus,fasant1,Fasciated Antshrike,FAAN
Cymbilaimus sanctaemariae_Bamboo Antshrike,Cymbilaimus sanctaemariae,bamant1,Bamboo Antshrike,
Cymbirhynchus macrorhynchos_Black-and-red Broadbill,Cymbirhynchus macrorhynchos,barbro1,Black-and-red Broadbill,
Cynanthus latirostris_Broad-billed Hummingbird,Cynanthus latirostris,brbhum,Broad-billed Hummingbird,BBIH
Cyornis caerulatus_Sunda Blue Flycatcher,Cyornis caerulatus,lobblf1,Sunda Blue Flycatcher,
Cyornis concretus_White-tailed Flycatcher,Cyornis concretus,,,
Cyornis glaucicomans_Chinese Blue Flycatcher,Cyornis glaucicomans,butfly2,Chinese Blue Flycatcher,
Cyornis hainanus_Hainan Blue Flycatcher,Cyornis hainanus,habfly1,Hainan Blue Flycatcher,
Cyornis hoevelli_Blue-fronted Flycatcher,Cyornis hoevelli,,,
Cyornis olivaceus_Fulvous-chested Jungle-Flycatcher,Cyornis olivaceus,fucjuf1,Fulvous-chested Jungle Flycatcher,
Cyornis omissus_Sulawesi Blue Flycatcher,Cyornis omissus,subfly1,Sulawesi Blue Flycatcher,
Cyornis pallidipes_White-bellied Blue Flycatcher,Cyornis pallidipes,wbbfly1,White-bellied Blue Flycatcher,
Cyornis poliogenys_Pale-chinned Blue Flycatcher,Cyornis poliogenys,pacblf1,Pale-chinned Flycatcher,
Cyornis rubeculoides_Blue-throated Flycatcher,Cyornis rubeculoides,butfly1,Blue-throated Blue Flycatcher,
Cyornis rufigastra_Mangrove Blue Flycatcher,Cyornis rufigastra,mabfly2,Mangrove Blue Flycatcher,
Cyornis sumatrensis_Indochinese Blue Flycatcher,Cyornis sumatrensis,tibfly4,Indochinese Blue Flycatcher,
Cyornis superbus_Bornean Blue Flycatcher,Cyornis superbus,bobfly2,Bornean Blue Flycatcher,
Cyornis tickelliae_Tickell's Blue Flycatcher,Cyornis tickelliae,tibfly3,Tickell's Blue Flycatcher,
Cyornis turcosus_Malaysian Blue Flycatcher,Cyornis turcosus,mabfly1,Malaysian Blue Flycatcher,
Cyornis umbratilis_Gray-chested Jungle-Flycatcher,Cyornis umbratilis,gycjuf1,Grey-chested Jungle Flycatcher,
Cyornis unicolor_Pale Blue Flycatcher,Cyornis unicolor,pabfly2,Pale Blue Flycatcher,
Cyornis whitei_Hill Blue Flycatcher,Cyornis whitei,hibfly1,Hill Blue Flycatcher,
Cyphorhinus arada_Musician Wren,Cyphorhinus arada,muswre2,Musician Wren,
Cyphorhinus phaeocephalus_Song Wren,Cyphorhinus phaeocephalus,sonwre1,Song Wren,SONW
Cyphorhinus thoracicus_Chestnut-breasted Wren,Cyphorhinus thoracicus,chbwre3,Southern Chestnut-breasted Wren,
Cypseloides niger_Black Swift,Cypseloides niger,blkswi,American Black Swift,BLSW
Cypsiurus balasiensis_Asian Palm-Swift,Cypsiurus balasiensis,aspswi1,Asian Palm Swift,
Cypsiurus parvus_African Palm-Swift,Cypsiurus parvus,afpswi1,African Palm Swift,
Cypsnagra hirundinacea_White-rumped Tanager,Cypsnagra hirundinacea,whrtan1,White-rumped Tanager,
Cyrtonyx montezumae_Montezuma Quail,Cyrtonyx montezumae,monqua,Montezuma Quail,MONQ
Cyrtonyx ocellatus_Ocellated Quail,Cyrtonyx ocellatus,ocequa1,Ocellated Quail,OCQU
Cyrtoxipha columbiana_Columbian Trig,Cyrtoxipha columbiana,,,
Dacelo gaudichaud_Rufous-bellied Kookaburra,Dacelo gaudichaud,rubkoo1,Rufous-bellied Kookaburra,
Dacelo leachii_Blue-winged Kookaburra,Dacelo leachii,blwkoo1,Blue-winged Kookaburra,
Dacelo novaeguineae_Laughing Kookaburra,Dacelo novaeguineae,laukoo1,Laughing Kookaburra,
Dacnis cayana_Blue Dacnis,Dacnis cayana,bludac1,Blue Dacnis,BLDA
Dacnis flaviventer_Yellow-bellied Dacnis,Dacnis flaviventer,yebdac1,Yellow-bellied Dacnis,
Dacnis lineata_Black-faced Dacnis,Dacnis lineata,blfdac1,Black-faced Dacnis,
Dacnis venusta_Scarlet-thighed Dacnis,Dacnis venusta,sctdac1,Scarlet-thighed Dacnis,STDA
Dactylortyx thoracicus_Singing Quail,Dactylortyx thoracicus,sinqua1,Singing Quail,SIQU
Daphoenositta chrysoptera_Varied Sittella,Daphoenositta chrysoptera,varsit8,Varied Sittella,
Daption capense_Cape Petrel,Daption capense,cappet,Pintado Petrel,
Daptrius ater_Black Caracara,Daptrius ater,blacar1,Black Caracara,
Dasylophus cumingi_Scale-feathered Malkoha,Dasylophus cumingi,scfmal1,Scale-feathered Malkoha,
Dasyornis brachypterus_Eastern Bristlebird,Dasyornis brachypterus,easbri1,Eastern Bristlebird,
Dasyornis broadbenti_Rufous Bristlebird,Dasyornis broadbenti,rufbri1,Rufous Bristlebird,
Dasyornis longirostris_Western Bristlebird,Dasyornis longirostris,wesbri1,Western Bristlebird,
Deconychura longicauda_Long-tailed Woodcreeper,Deconychura longicauda,lotwoo4,Whistling Long-tailed Woodcreeper,LTWO
Delichon dasypus_Asian House-Martin,Delichon dasypus,ashmar1,Asian House Martin,
Delichon urbicum_Common House-Martin,Delichon urbicum,comhom1,Western House Martin,WEHM
Dendragapus fuliginosus_Sooty Grouse,Dendragapus fuliginosus,soogro1,Sooty Grouse,SOGR
Dendragapus obscurus_Dusky Grouse,Dendragapus obscurus,dusgro,Dusky Grouse,DUGR
Dendrexetastes rufigula_Cinnamon-throated Woodcreeper,Dendrexetastes rufigula,citwoo1,Cinnamon-throated Woodcreeper,
Dendrocincla anabatina_Tawny-winged Woodcreeper,Dendrocincla anabatina,tawwoo1,Tawny-winged Woodcreeper,TWWO
Dendrocincla fuliginosa_Plain-brown Woodcreeper,Dendrocincla fuliginosa,plbwoo1,Plain-brown Woodcreeper,PBRW
Dendrocincla homochroa_Ruddy Woodcreeper,Dendrocincla homochroa,rudwoo1,Ruddy Woodcreeper,RUWO
Dendrocincla merula_White-chinned Woodcreeper,Dendrocincla merula,whcwoo1,White-chinned Woodcreeper,
Dendrocincla turdina_Plain-winged Woodcreeper,Dendrocincla turdina,plwwoo1,Plain-winged Woodcreeper,
Dendrocincla tyrannina_Tyrannine Woodcreeper,Dendrocincla tyrannina,tyrwoo1,Tyrannine Woodcreeper,
Dendrocitta cinerascens_Bornean Treepie,Dendrocitta cinerascens,bortre1,Bornean Treepie,
Dendrocitta formosae_Gray Treepie,Dendrocitta formosae,grytre1,Grey Treepie,
Dendrocitta leucogastra_White-bellied Treepie,Dendrocitta leucogastra,whbtre1,White-bellied Treepie,
Dendrocitta vagabunda_Rufous Treepie,Dendrocitta vagabunda,ruftre2,Rufous Treepie,
Dendrocolaptes certhia_Amazonian Barred-Woodcreeper,Dendrocolaptes certhia,amabaw1,Amazonian Barred Woodcreeper,
Dendrocolaptes picumnus_Black-banded Woodcreeper,Dendrocolaptes picumnus,blbwoo1,Black-banded Woodcreeper,BBNW
Dendrocolaptes platyrostris_Planalto Woodcreeper,Dendrocolaptes platyrostris,plawoo1,Planalto Woodcreeper,
Dendrocolaptes sanctithomae_Northern Barred-Woodcreeper,Dendrocolaptes sanctithomae,nobwoo1,Northern Barred Woodcreeper,NOBW
Dendrocopos analis_Freckle-breasted Woodpecker,Dendrocopos analis,frbwoo1,Freckle-breasted Woodpecker,
Dendrocopos darjellensis_Darjeeling Woodpecker,Dendrocopos darjellensis,darwoo1,Darjeeling Woodpecker,
Dendrocopos himalayensis_Himalayan Woodpecker,Dendrocopos himalayensis,himwoo1,Himalayan Woodpecker,
Dendrocopos hyperythrus_Rufous-bellied Woodpecker,Dendrocopos hyperythrus,rubwoo1,Rufous-bellied Woodpecker,
Dendrocopos leucopterus_White-winged Woodpecker,Dendrocopos leucopterus,whwwoo1,White-winged Woodpecker,
Dendrocopos leucotos_White-backed Woodpecker,Dendrocopos leucotos,whbwoo1,White-backed Woodpecker,
Dendrocopos macei_Fulvous-breasted Woodpecker,Dendrocopos macei,fubwoo2,Fulvous-breasted Woodpecker,
Dendrocopos major_Great Spotted Woodpecker,Dendrocopos major,grswoo,Great Spotted Woodpecker,GSWO
Dendrocopos syriacus_Syrian Woodpecker,Dendrocopos syriacus,syrwoo1,Syrian Woodpecker,
Dendrocoptes auriceps_Brown-fronted Woodpecker,Dendrocoptes auriceps,brfwoo1,Brown-fronted Woodpecker,
Dendrocoptes medius_Middle Spotted Woodpecker,Dendrocoptes medius,miswoo1,Middle Spotted Woodpecker,
Dendrocygna arcuata_Wandering Whistling-Duck,Dendrocygna arcuata,wawduc1,Wandering Whistling Duck,
Dendrocygna autumnalis_Black-bellied Whistling-Duck,Dendrocygna autumnalis,bbwduc,Black-bellied Whistling Duck,BBWD
Dendrocygna bicolor_Fulvous Whistling-Duck,Dendrocygna bicolor,fuwduc,Fulvous Whistling Duck,FUWD
Dendrocygna eytoni_Plumed Whistling-Duck,Dendrocygna eytoni,plwduc1,Plumed Whistling Duck,
Dendrocygna javanica_Lesser Whistling-Duck,Dendrocygna javanica,lewduc1,Lesser Whistling Duck,
Dendrocygna viduata_White-faced Whistling-Duck,Dendrocygna viduata,wfwduc1,White-faced Whistling Duck,WFWD
Dendroma erythroptera_Chestnut-winged Foliage-gleaner,Dendroma erythroptera,chwfog1,Chestnut-winged Foliage-gleaner,
Dendroma rufa_Buff-fronted Foliage-gleaner,Dendroma rufa,bffgle,Buff-fronted Foliage-gleaner,BFFG
Dendronanthus indicus_Forest Wagtail,Dendronanthus indicus,forwag1,Forest Wagtail,
Dendroplex picus_Straight-billed Woodcreeper,Dendroplex picus,stbwoo2,Straight-billed Woodcreeper,SGBW
Dendrortyx barbatus_Bearded Wood-Partridge,Dendrortyx barbatus,bewpar1,Bearded Wood Partridge,BEWP
Dendrortyx leucophrys_Buffy-crowned Wood-Partridge,Dendrortyx leucophrys,bcwpar1,Buffy-crowned Wood Partridge,BCWP
Dendrortyx macroura_Long-tailed Wood-Partridge,Dendrortyx macroura,ltwpar1,Long-tailed Wood Partridge,LTWP
Deroptyus accipitrinus_Red-fan Parrot,Deroptyus accipitrinus,refpar3,Red-fan Parrot,
Dicaeum aeneum_Midget Flowerpecker,Dicaeum aeneum,midflo1,Midget Flowerpecker,
Dicaeum agile_Thick-billed Flowerpecker,Dicaeum agile,,,
Dicaeum australe_Red-keeled Flowerpecker,Dicaeum australe,resflo1,Red-keeled Flowerpecker,
Dicaeum chrysorrheum_Yellow-vented Flowerpecker,Dicaeum chrysorrheum,,,
Dicaeum concolor_Nilgiri Flowerpecker,Dicaeum concolor,plaflo1,Nilgiri Flowerpecker,
Dicaeum cruentatum_Scarlet-backed Flowerpecker,Dicaeum cruentatum,scbflo1,Scarlet-backed Flowerpecker,
Dicaeum erythrorhynchos_Pale-billed Flowerpecker,Dicaeum erythrorhynchos,pabflo1,Pale-billed Flowerpecker,
Dicaeum hirundinaceum_Mistletoebird,Dicaeum hirundinaceum,mistle1,Mistletoebird,
Dicaeum ignipectus_Fire-breasted Flowerpecker,Dicaeum ignipectus,fibflo1,Fire-breasted Flowerpecker,
Dicaeum minullum_Plain Flowerpecker,Dicaeum minullum,plaflo2,Plain Flowerpecker,
Dicaeum pygmaeum_Pygmy Flowerpecker,Dicaeum pygmaeum,pygflo1,Pygmy Flowerpecker,
Dicaeum trigonostigma_Orange-bellied Flowerpecker,Dicaeum trigonostigma,orbflo1,Orange-bellied Flowerpecker,
Dicaeum tristrami_Mottled Flowerpecker,Dicaeum tristrami,motflo1,Mottled Flowerpecker,
Dichrozona cincta_Banded Antbird,Dichrozona cincta,banant2,Banded Antbird,
Dicrurus adsimilis_Fork-tailed Drongo,Dicrurus adsimilis,fotdro5,Fork-tailed Drongo,
Dicrurus aeneus_Bronzed Drongo,Dicrurus aeneus,brodro1,Bronzed Drongo,
Dicrurus andamanensis_Andaman Drongo,Dicrurus andamanensis,anddro1,Andaman Drongo,
Dicrurus annectens_Crow-billed Drongo,Dicrurus annectens,crbdro1,Crow-billed Drongo,
Dicrurus atripennis_Shining Drongo,Dicrurus atripennis,shidro1,Shining Drongo,
Dicrurus balicassius_Balicassiao,Dicrurus balicassius,balica1,Balicassiao,
Dicrurus bracteatus_Spangled Drongo,Dicrurus bracteatus,spadro1,Spangled Drongo,
Dicrurus caerulescens_White-bellied Drongo,Dicrurus caerulescens,whbdro1,White-bellied Drongo,
Dicrurus divaricatus_Glossy-backed Drongo,Dicrurus divaricatus,,,
Dicrurus forficatus_Crested Drongo,Dicrurus forficatus,credro1,Crested Drongo,
Dicrurus hottentottus_Hair-crested Drongo,Dicrurus hottentottus,hacdro1,Hair-crested Drongo,
Dicrurus leucophaeus_Ashy Drongo,Dicrurus leucophaeus,ashdro1,Ashy Drongo,
Dicrurus ludwigii_Common Square-tailed Drongo,Dicrurus ludwigii,cstdro1,Square-tailed Drongo,
Dicrurus macrocercus_Black Drongo,Dicrurus macrocercus,bladro1,Black Drongo,
Dicrurus montanus_Sulawesi Drongo,Dicrurus montanus,suldro1,Sulawesi Drongo,
Dicrurus paradiseus_Greater Racket-tailed Drongo,Dicrurus paradiseus,grtdro1,Greater Racket-tailed Drongo,
Dicrurus remifer_Lesser Racket-tailed Drongo,Dicrurus remifer,lrtdro1,Lesser Racket-tailed Drongo,
Diglossa albilatera_White-sided Flowerpiercer,Diglossa albilatera,whsflo1,White-sided Flowerpiercer,
Diglossa baritula_Cinnamon-bellied Flowerpiercer,Diglossa baritula,cibflo1,Cinnamon-bellied Flowerpiercer,CBFL
Diglossa brunneiventris_Black-throated Flowerpiercer,Diglossa brunneiventris,bktflo1,Black-throated Flowerpiercer,
Diglossa caerulescens_Bluish Flowerpiercer,Diglossa caerulescens,bluflo1,Bluish Flowerpiercer,
Diglossa cyanea_Masked Flowerpiercer,Diglossa cyanea,masflo1,Masked Flowerpiercer,
Diglossa glauca_Deep-blue Flowerpiercer,Diglossa glauca,debflo1,Golden-eyed Flowerpiercer,
Diglossa gloriosissima_Chestnut-bellied Flowerpiercer,Diglossa gloriosissima,chbflo1,Chestnut-bellied Flowerpiercer,
Diglossa humeralis_Black Flowerpiercer,Diglossa humeralis,blkflo1,Black Flowerpiercer,
Diglossa indigotica_Indigo Flowerpiercer,Diglossa indigotica,indflo1,Indigo Flowerpiercer,
Diglossa lafresnayii_Glossy Flowerpiercer,Diglossa lafresnayii,gloflo1,Glossy Flowerpiercer,
Diglossa mystacalis_Moustached Flowerpiercer,Diglossa mystacalis,mouflo1,Moustached Flowerpiercer,
Diglossa plumbea_Slaty Flowerpiercer,Diglossa plumbea,slaflo1,Slaty Flowerpiercer,SLFL
Diglossa sittoides_Rusty Flowerpiercer,Diglossa sittoides,rusflo1,Rusty Flowerpiercer,
Dinemellia dinemelli_White-headed Buffalo-Weaver,Dinemellia dinemelli,whbwea1,White-headed Buffalo Weaver,
Dinopium benghalense_Black-rumped Flameback,Dinopium benghalense,bkrfla1,Black-rumped Flameback,
Dinopium javanense_Common Flameback,Dinopium javanense,comfla1,Common Flameback,
Dinopium rafflesii_Olive-backed Woodpecker,Dinopium rafflesii,,,
Diomedea exulans_Wandering Albatross,Diomedea exulans,wanalb1,Snowy Albatross,WAAL
Diopsittaca nobilis_Red-shouldered Macaw,Diopsittaca nobilis,resmac2,Red-shouldered Macaw,
Diuca diuca_Diuca Finch,Diuca diuca,codfin1,Diuca Finch,
Dives dives_Melodious Blackbird,Dives dives,melbla1,Melodious Blackbird,MEBL
Dives warczewiczi_Scrub Blackbird,Dives warczewiczi,scrbla1,Scrub Blackbird,
Dog_Dog,Dog,,,
Dolichonyx oryzivorus_Bobolink,Dolichonyx oryzivorus,boboli,Bobolink,BOBO
Donacobius atricapilla_Black-capped Donacobius,Donacobius atricapilla,bkcdon,Black-capped Donacobius,BCDO
Donacospiza albifrons_Long-tailed Reed Finch,Donacospiza albifrons,ltrfin1,Long-tailed Reed Finch,
Doryfera ludovicae_Green-fronted Lancebill,Doryfera ludovicae,grflan1,Green-fronted Lancebill,GFRL
Drepanis coccinea_Iiwi,Drepanis coccinea,iiwi,Iiwi,IIWI
Drepanornis albertisi_Black-billed Sicklebill,Drepanornis albertisi,blbsic1,Black-billed Sicklebill,
Dromas ardeola_Crab-Plover,Dromas ardeola,craplo1,Crab-plover,
Dromococcyx pavoninus_Pavonine Cuckoo,Dromococcyx pavoninus,pavcuc1,Pavonine Cuckoo,
Dromococcyx phasianellus_Pheasant Cuckoo,Dromococcyx phasianellus,phecuc1,Pheasant Cuckoo,PHCU
Drymodes brunneopygia_Southern Scrub-Robin,Drymodes brunneopygia,sosrob1,Southern Scrub Robin,
Drymophila caudata_East Andean Antbird,Drymophila caudata,lotant1,East Andean Antbird,
Drymophila devillei_Striated Antbird,Drymophila devillei,strant2,Striated Antbird,
Drymophila ferruginea_Ferruginous Antbird,Drymophila ferruginea,ferant1,Ferruginous Antbird,
Drymophila genei_Rufous-tailed Antbird,Drymophila genei,rutant1,Rufous-tailed Antbird,
Drymophila hellmayri_Santa Marta Antbird,Drymophila hellmayri,samant2,Santa Marta Antbird,
Drymophila klagesi_Klages's Antbird,Drymophila klagesi,klaant2,Klages's Antbird,
Drymophila malura_Dusky-tailed Antbird,Drymophila malura,dutant1,Dusky-tailed Antbird,
Drymophila ochropyga_Ochre-rumped Antbird,Drymophila ochropyga,ocrant1,Ochre-rumped Antbird,
Drymophila rubricollis_Bertoni's Antbird,Drymophila rubricollis,berant1,Bertoni's Antbird,
Drymophila squamata_Scaled Antbird,Drymophila squamata,scaant2,Scaled Antbird,
Drymophila striaticeps_Streak-headed Antbird,Drymophila striaticeps,sthant1,Streak-headed Antbird,
Drymornis bridgesii_Scimitar-billed Woodcreeper,Drymornis bridgesii,scbwoo4,Scimitar-billed Woodcreeper,
Dryobates affinis_Red-stained Woodpecker,Dryobates affinis,,,
Dryobates albolarvatus_White-headed Woodpecker,Dryobates albolarvatus,,,
Dryobates arizonae_Arizona Woodpecker,Dryobates arizonae,,,
Dryobates borealis_Red-cockaded Woodpecker,Dryobates borealis,,,
Dryobates callonotus_Scarlet-backed Woodpecker,Dryobates callonotus,,,
Dryobates cassini_Golden-collared Woodpecker,Dryobates cassini,,,
Dryobates cathpharius_Crimson-breasted Woodpecker,Dryobates cathpharius,crbwoo6,Crimson-naped Woodpecker,
Dryobates dignus_Yellow-vented Woodpecker,Dryobates dignus,,,
Dryobates frontalis_Dot-fronted Woodpecker,Dryobates frontalis,,,
Dryobates fumigatus_Smoky-brown Woodpecker,Dryobates fumigatus,,,
Dryobates kirkii_Red-rumped Woodpecker,Dryobates kirkii,,,
Dryobates lignarius_Striped Woodpecker,Dryobates lignarius,,,
Dryobates maculifrons_Yellow-eared Woodpecker,Dryobates maculifrons,,,
Dryobates minor_Lesser Spotted Woodpecker,Dryobates minor,leswoo1,Lesser Spotted Woodpecker,
Dryobates mixtus_Checkered Woodpecker,Dryobates mixtus,,,
Dryobates nigriceps_Bar-bellied Woodpecker,Dryobates nigriceps,,,
Dryobates nuttallii_Nuttall's Woodpecker,Dryobates nuttallii,nutwoo,Nuttall's Woodpecker,NUWO
Dryobates passerinus_Little Woodpecker,Dryobates passerinus,,,
Dryobates pubescens_Downy Woodpecker,Dryobates pubescens,dowwoo,Downy Woodpecker,DOWO
Dryobates scalaris_Ladder-backed Woodpecker,Dryobates scalaris,labwoo,Ladder-backed Woodpecker,LBWO
Dryobates spilogaster_White-spotted Woodpecker,Dryobates spilogaster,,,
Dryobates stricklandi_Strickland's Woodpecker,Dryobates stricklandi,,,
Dryobates villosus_Hairy Woodpecker,Dryobates villosus,,,
Dryocopus javensis_White-bellied Woodpecker,Dryocopus javensis,whbwoo2,White-bellied Woodpecker,
Dryocopus lineatus_Lineated Woodpecker,Dryocopus lineatus,linwoo1,Lineated Woodpecker,LIWO
Dryocopus martius_Black Woodpecker,Dryocopus martius,blawoo1,Black Woodpecker,
Dryocopus pileatus_Pileated Woodpecker,Dryocopus pileatus,pilwoo,Pileated Woodpecker,PIWO
Dryocopus schulzii_Black-bodied Woodpecker,Dryocopus schulzii,blbwoo3,Black-bodied Woodpecker,
Dryolimnas cuvieri_White-throated Rail,Dryolimnas cuvieri,whtrai1,White-throated Rail,
Dryophytes andersonii_Pine Barrens Treefrog,Dryophytes andersonii,,,
Dryophytes arenicolor_Canyon Treefrog,Dryophytes arenicolor,,,
Dryophytes avivoca_Bird-voiced Treefrog,Dryophytes avivoca,,,
Dryophytes chrysoscelis_Cope's Gray Treefrog,Dryophytes chrysoscelis,,,
Dryophytes cinereus_Green Treefrog,Dryophytes cinereus,,,
Dryophytes femoralis_Pine Woods Treefrog,Dryophytes femoralis,,,
Dryophytes gratiosus_Barking Treefrog,Dryophytes gratiosus,,,
Dryophytes squirellus_Squirrel Treefrog,Dryophytes squirellus,,,
Dryophytes versicolor_Gray Treefrog,Dryophytes versicolor,,,
Dryoscopus cubla_Black-backed Puffback,Dryoscopus cubla,blbpuf2,Black-backed Puffback,
Dryoscopus gambensis_Northern Puffback,Dryoscopus gambensis,norpuf1,Northern Puffback,
Dryotriorchis spectabilis_Congo Serpent-Eagle,Dryotriorchis spectabilis,,,
Dubusia castaneoventris_Chestnut-bellied Mountain Tanager,Dubusia castaneoventris,cbmtan1,Chestnut-bellied Mountain Tanager,
Dubusia taeniata_Buff-breasted Mountain Tanager,Dubusia taeniata,bbmtan1,Buff-banded Mountain Tanager,
Ducula aenea_Green Imperial-Pigeon,Ducula aenea,gripig1,Green Imperial Pigeon,
Ducula badia_Mountain Imperial-Pigeon,Ducula badia,moipig1,Mountain Imperial Pigeon,
Ducula basilica_Cinnamon-bellied Imperial-Pigeon,Ducula basilica,cbipig2,Cinnamon-bellied Imperial Pigeon,
Ducula bicolor_Pied Imperial-Pigeon,Ducula bicolor,piipig1,Pied Imperial Pigeon,
Ducula concinna_Elegant Imperial-Pigeon,Ducula concinna,elipig1,Elegant Imperial Pigeon,
Ducula lacernulata_Dark-backed Imperial-Pigeon,Ducula lacernulata,dbipig1,Dark-backed Imperial Pigeon,
Ducula latrans_Peale's Imperial-Pigeon,Ducula latrans,peipig1,Barking Imperial Pigeon,
Ducula pacifica_Pacific Imperial-Pigeon,Ducula pacifica,paipig1,Pacific Imperial Pigeon,
Ducula perspicillata_Spectacled Imperial-Pigeon,Ducula perspicillata,wheimp2,Spectacled Imperial Pigeon,
Ducula pinon_Pinon's Imperial-Pigeon,Ducula pinon,piipig2,Pinon's Imperial Pigeon,
Ducula pistrinaria_Island Imperial-Pigeon,Ducula pistrinaria,isipig1,Island Imperial Pigeon,
Ducula poliocephala_Pink-bellied Imperial-Pigeon,Ducula poliocephala,pbipig1,Pink-bellied Imperial Pigeon,
Ducula rubricera_Red-knobbed Imperial-Pigeon,Ducula rubricera,rkipig1,Red-knobbed Imperial Pigeon,
Ducula spilorrhoa_Torresian Imperial-Pigeon,Ducula spilorrhoa,torimp1,Torresian Imperial Pigeon,
Ducula zoeae_Zoe's Imperial-Pigeon,Ducula zoeae,zoeimp1,Zoe's Imperial Pigeon,
Dulus dominicus_Palmchat,Dulus dominicus,palmch1,Palmchat,PALM
Dumetella carolinensis_Gray Catbird,Dumetella carolinensis,grycat,Grey Catbird,GRCA
Dumetia atriceps_Dark-fronted Babbler,Dumetia atriceps,dafbab1,Dark-fronted Babbler,
Dumetia hyperythra_Tawny-bellied Babbler,Dumetia hyperythra,tabbab1,Tawny-bellied Babbler,
Dysithamnus leucostictus_White-streaked Antvireo,Dysithamnus leucostictus,whsant4,White-streaked Antvireo,
Dysithamnus mentalis_Plain Antvireo,Dysithamnus mentalis,plaant1,Plain Antvireo,PLAN
Dysithamnus occidentalis_Bicolored Antvireo,Dysithamnus occidentalis,bicant4,Bicolored Antvireo,
Dysithamnus plumbeus_Plumbeous Antvireo,Dysithamnus plumbeus,pluant3,Plumbeous Antvireo,
Dysithamnus puncticeps_Spot-crowned Antvireo,Dysithamnus puncticeps,spcant1,Spot-crowned Antvireo,SPCA
Dysithamnus stictothorax_Spot-breasted Antvireo,Dysithamnus stictothorax,spbant5,Spot-breasted Antvireo,
Dysithamnus striaticeps_Streak-crowned Antvireo,Dysithamnus striaticeps,stcant1,Streak-crowned Antvireo,STCA
Dysithamnus xanthopterus_Rufous-backed Antvireo,Dysithamnus xanthopterus,rubant2,Rufous-backed Antvireo,
Eclectus roratus_Eclectus Parrot,Eclectus roratus,eclpar1,Moluccan Eclectus,
Edolisoma montanum_Black-bellied Cicadabird,Edolisoma montanum,bkbcus2,Black-bellied Cuckooshrike,
Edolisoma tenuirostre_Common Cicadabird,Edolisoma tenuirostre,cicada1,Sahul Cicadabird,
Egretta caerulea_Little Blue Heron,Egretta caerulea,libher,Little Blue Heron,LBHE
Egretta eulophotes_Chinese Egret,Egretta eulophotes,chiegr,Chinese Egret,CHEG
Egretta garzetta_Little Egret,Egretta garzetta,litegr,Little Egret,LIEG
Egretta gularis_Western Reef-Heron,Egretta gularis,werher,Western Reef Heron,WERH
Egretta novaehollandiae_White-faced Heron,Egretta novaehollandiae,whfher1,White-faced Heron,
Egretta rufescens_Reddish Egret,Egretta rufescens,redegr,Reddish Egret,REEG
Egretta sacra_Pacific Reef-Heron,Egretta sacra,pacreh1,Pacific Reef Heron,
Egretta thula_Snowy Egret,Egretta thula,snoegr,Snowy Egret,SNEG
Egretta tricolor_Tricolored Heron,Egretta tricolor,triher,Tricolored Heron,TRHE
Elachura formosa_Spotted Elachura,Elachura formosa,spwbab1,Spotted Elachura,
Elaenia albiceps_White-crested Elaenia,Elaenia albiceps,whcela1,White-crested Elaenia,WCEL
Elaenia brachyptera_Coopmans's Elaenia,Elaenia brachyptera,cooela1,Coopmans's Elaenia,
Elaenia chiriquensis_Lesser Elaenia,Elaenia chiriquensis,lesela1,Lesser Elaenia,LEEL
Elaenia cristata_Plain-crested Elaenia,Elaenia cristata,plcela1,Plain-crested Elaenia,
Elaenia fallax_Greater Antillean Elaenia,Elaenia fallax,graela1,Blue Mountain Elaenia,GAEL
Elaenia flavogaster_Yellow-bellied Elaenia,Elaenia flavogaster,yebela1,Yellow-bellied Elaenia,YBEL
Elaenia frantzii_Mountain Elaenia,Elaenia frantzii,mouela1,Mountain Elaenia,MOEL
Elaenia gigas_Mottle-backed Elaenia,Elaenia gigas,mobela1,Mottle-backed Elaenia,
Elaenia martinica_Caribbean Elaenia,Elaenia martinica,carela1,Caribbean Elaenia,CAEL
Elaenia mesoleuca_Olivaceous Elaenia,Elaenia mesoleuca,oliela1,Olivaceous Elaenia,
Elaenia obscura_Highland Elaenia,Elaenia obscura,higela2,Highland Elaenia,
Elaenia olivina_Tepui Elaenia,Elaenia olivina,sieela2,Tepui Elaenia,
Elaenia pallatangae_Sierran Elaenia,Elaenia pallatangae,sieela3,Sierran Elaenia,
Elaenia parvirostris_Small-billed Elaenia,Elaenia parvirostris,smbela1,Small-billed Elaenia,SBEL
Elaenia ruficeps_Rufous-crowned Elaenia,Elaenia ruficeps,rucela1,Rufous-crowned Elaenia,
Elaenia sordida_Small-headed Elaenia,Elaenia sordida,higela3,Small-headed Elaenia,
Elaenia spectabilis_Large Elaenia,Elaenia spectabilis,larela1,Large Elaenia,
Elaenia strepera_Slaty Elaenia,Elaenia strepera,slaela1,Slaty Elaenia,
Elanoides forficatus_Swallow-tailed Kite,Elanoides forficatus,swtkit,Swallow-tailed Kite,STKI
Elanus caeruleus_Black-winged Kite,Elanus caeruleus,bkskit1,Black-winged Kite,
Elanus leucurus_White-tailed Kite,Elanus leucurus,whtkit,White-tailed Kite,WTKI
Electron carinatum_Keel-billed Motmot,Electron carinatum,kebmot1,Keel-billed Motmot,KBMO
Electron platyrhynchum_Broad-billed Motmot,Electron platyrhynchum,brbmot1,Broad-billed Motmot,BBMO
Eleoscytalopus indigoticus_White-breasted Tapaculo,Eleoscytalopus indigoticus,whbtap1,White-breasted Tapaculo,
Eleothreptus anomalus_Sickle-winged Nightjar,Eleothreptus anomalus,siwnig1,Sickle-winged Nightjar,
Eleutherodactylus planirostris_Greenhouse Frog,Eleutherodactylus planirostris,,,
Elliotomyia chionogaster_White-bellied Hummingbird,Elliotomyia chionogaster,whbhum1,White-bellied Hummingbird,
Elminia albonotata_White-tailed Crested-Flycatcher,Elminia albonotata,wtcfly1,White-tailed Crested Flycatcher,
Elminia longicauda_African Blue Flycatcher,Elminia longicauda,afbfly1,African Blue Flycatcher,
Elseyornis melanops_Black-fronted Dotterel,Elseyornis melanops,,,
Emarginata sinuata_Sickle-winged Chat,Emarginata sinuata,siccha1,Sickle-winged Chat,
Emberiza aureola_Yellow-breasted Bunting,Emberiza aureola,yebbun,Yellow-breasted Bunting,YBSB
Emberiza bruniceps_Red-headed Bunting,Emberiza bruniceps,rehbun1,Red-headed Bunting,
Emberiza buchanani_Gray-necked Bunting,Emberiza buchanani,gyhbun1,Grey-necked Bunting,
Emberiza cabanisi_Cabanis's Bunting,Emberiza cabanisi,cabbun1,Cabanis's Bunting,
Emberiza caesia_Cretzschmar's Bunting,Emberiza caesia,crebun2,Cretzschmar's Bunting,
Emberiza calandra_Corn Bunting,Emberiza calandra,corbun1,Corn Bunting,
Emberiza capensis_Cape Bunting,Emberiza capensis,capbun1,Cape Bunting,
Emberiza chrysophrys_Yellow-browed Bunting,Emberiza chrysophrys,yebbun1,Yellow-browed Bunting,YBWB
Emberiza cia_Rock Bunting,Emberiza cia,rocbun1,Rock Bunting,
Emberiza cineracea_Cinereous Bunting,Emberiza cineracea,cinbun1,Cinereous Bunting,
Emberiza cioides_Meadow Bunting,Emberiza cioides,meabun1,Meadow Bunting,
Emberiza cirlus_Cirl Bunting,Emberiza cirlus,cirbun1,Cirl Bunting,
Emberiza citrinella_Yellowhammer,Emberiza citrinella,yellow2,Yellowhammer,
Emberiza elegans_Yellow-throated Bunting,Emberiza elegans,yetbun1,Yellow-throated Bunting,YTBU
Emberiza flaviventris_Golden-breasted Bunting,Emberiza flaviventris,gobbun1,Golden-breasted Bunting,
Emberiza fucata_Chestnut-eared Bunting,Emberiza fucata,chebun2,Chestnut-eared Bunting,
Emberiza godlewskii_Godlewski's Bunting,Emberiza godlewskii,godbun1,Godlewski's Bunting,
Emberiza hortulana_Ortolan Bunting,Emberiza hortulana,ortbun1,Ortolan Bunting,
Emberiza impetuani_Lark-like Bunting,Emberiza impetuani,lalbun1,Lark-like Bunting,
Emberiza lathami_Crested Bunting,Emberiza lathami,crebun1,Crested Bunting,
Emberiza leucocephalos_Pine Bunting,Emberiza leucocephalos,pinbun,Pine Bunting,PIBU
Emberiza melanocephala_Black-headed Bunting,Emberiza melanocephala,blhbun1,Black-headed Bunting,
Emberiza pallasi_Pallas's Bunting,Emberiza pallasi,palbun,Pallas's Reed Bunting,PALB
Emberiza pusilla_Little Bunting,Emberiza pusilla,litbun,Little Bunting,LIBU
Emberiza rustica_Rustic Bunting,Emberiza rustica,rusbun,Rustic Bunting,RUBU
Emberiza sahari_House Bunting,Emberiza sahari,houbun3,House Bunting,
Emberiza schoeniclus_Reed Bunting,Emberiza schoeniclus,reebun,Common Reed Bunting,REBU
Emberiza spodocephala_Black-faced Bunting,Emberiza spodocephala,bkfbun1,Black-faced Bunting,
Emberiza stewarti_White-capped Bunting,Emberiza stewarti,chbbun1,White-capped Bunting,
Emberiza striolata_Striolated Bunting,Emberiza striolata,houbun2,Striolated Bunting,
Emberiza sulphurata_Yellow Bunting,Emberiza sulphurata,yelbun1,Yellow Bunting,
Emberiza tahapisi_Cinnamon-breasted Bunting,Emberiza tahapisi,cibbun1,Cinnamon-breasted Bunting,
Emberiza tristrami_Tristram's Bunting,Emberiza tristrami,tribun1,Tristram's Bunting,
Emberiza variabilis_Gray Bunting,Emberiza variabilis,grybun,Grey Bunting,GRBU
Emberiza yessoensis_Ochre-rumped Bunting,Emberiza yessoensis,ocrbun1,Ochre-rumped Bunting,
Emberizoides herbicola_Wedge-tailed Grass-Finch,Emberizoides herbicola,wtgfin1,Wedge-tailed Grass Finch,WTGF
Emberizoides ypiranganus_Lesser Grass-Finch,Emberizoides ypiranganus,lesgrf1,Lesser Grass Finch,
Embernagra longicauda_Pale-throated Pampa-Finch,Embernagra longicauda,ptpfin1,Serra Finch,
Embernagra platensis_Great Pampa-Finch,Embernagra platensis,grpfin1,Pampa Finch,
Eminia lepida_Gray-capped Warbler,Eminia lepida,gycwar3,Grey-capped Warbler,
Empidonax affinis_Pine Flycatcher,Empidonax affinis,pinfly1,Pine Flycatcher,PINF
Empidonax albigularis_White-throated Flycatcher,Empidonax albigularis,whtfly1,White-throated Flycatcher,WTFL
Empidonax alnorum_Alder Flycatcher,Empidonax alnorum,aldfly,Alder Flycatcher,ALFL
Empidonax atriceps_Black-capped Flycatcher,Empidonax atriceps,blcfly1,Black-capped Flycatcher,BCAF
Empidonax difficilis_Pacific-slope Flycatcher,Empidonax difficilis,wesfly,Western Flycatcher,WEFL
Empidonax flavescens_Yellowish Flycatcher,Empidonax flavescens,yelfly1,Yellowish Flycatcher,YEFL
Empidonax flaviventris_Yellow-bellied Flycatcher,Empidonax flaviventris,yebfly,Yellow-bellied Flycatcher,YBFL
Empidonax fulvifrons_Buff-breasted Flycatcher,Empidonax fulvifrons,bubfly,Buff-breasted Flycatcher,BBFL
Empidonax hammondii_Hammond's Flycatcher,Empidonax hammondii,hamfly,Hammond's Flycatcher,HAFL
Empidonax minimus_Least Flycatcher,Empidonax minimus,leafly,Least Flycatcher,LEFL
Empidonax oberholseri_Dusky Flycatcher,Empidonax oberholseri,dusfly,American Dusky Flycatcher,DUFL
Empidonax occidentalis_Cordilleran Flycatcher,Empidonax occidentalis,,,
Empidonax traillii_Willow Flycatcher,Empidonax traillii,wilfly,Willow Flycatcher,WIFL
Empidonax virescens_Acadian Flycatcher,Empidonax virescens,acafly,Acadian Flycatcher,ACFL
Empidonax wrightii_Gray Flycatcher,Empidonax wrightii,gryfly,American Grey Flycatcher,GRFL
Empidonomus aurantioatrocristatus_Crowned Slaty Flycatcher,Empidonomus aurantioatrocristatus,croslf1,Crowned Slaty Flycatcher,CSFL
Empidonomus varius_Variegated Flycatcher,Empidonomus varius,varfly,Variegated Flycatcher,VAFL
Engine_Engine,Engine,,,
Enicognathus ferrugineus_Austral Parakeet,Enicognathus ferrugineus,auspar1,Austral Parakeet,
Enicognathus leptorhynchus_Slender-billed Parakeet,Enicognathus leptorhynchus,slbpar1,Slender-billed Parakeet,
Enicurus leschenaulti_White-crowned Forktail,Enicurus leschenaulti,whcfor1,White-crowned Forktail,
Enicurus maculatus_Spotted Forktail,Enicurus maculatus,spofor1,Spotted Forktail,
Enicurus schistaceus_Slaty-backed Forktail,Enicurus schistaceus,slbfor1,Slaty-backed Forktail,
Entomodestes coracinus_Black Solitaire,Entomodestes coracinus,blasol1,Black Solitaire,
Entomodestes leucotis_White-eared Solitaire,Entomodestes leucotis,whesol1,White-eared Solitaire,
Entomyzon cyanotis_Blue-faced Honeyeater,Entomyzon cyanotis,blfhon1,Blue-faced Honeyeater,
Environmental_Environmental,Environmental,,,
Eolophus roseicapilla_Galah,Eolophus roseicapilla,galah,Galah,
Eophona migratoria_Yellow-billed Grosbeak,Eophona migratoria,yebgro1,Chinese Grosbeak,
Eophona personata_Japanese Grosbeak,Eophona personata,japgro1,Japanese Grosbeak,
Eopsaltria australis_Eastern Yellow Robin,Eopsaltria australis,yelrob1,Eastern Yellow Robin,
Epimachus fastosus_Black Sicklebill,Epimachus fastosus,blasic1,Black Sicklebill,
Epimachus meyeri_Brown Sicklebill,Epimachus meyeri,brosic1,Brown Sicklebill,
Epinecrophylla amazonica_Rio Madeira Stipplethroat,Epinecrophylla amazonica,madant1,Rio Madeira Stipplethroat,
Epinecrophylla erythrura_Rufous-tailed Stipplethroat,Epinecrophylla erythrura,rutant3,Rufous-tailed Stipplethroat,
Epinecrophylla fulviventris_Checker-throated Stipplethroat,Epinecrophylla fulviventris,chtant1,Checker-throated Stipplethroat,CTST
Epinecrophylla gutturalis_Brown-bellied Stipplethroat,Epinecrophylla gutturalis,brbant2,Brown-bellied Stipplethroat,
Epinecrophylla haematonota_Rufous-backed Stipplethroat,Epinecrophylla haematonota,rubsti1,Rufous-backed Stipplethroat,
Epinecrophylla leucophthalma_White-eyed Stipplethroat,Epinecrophylla leucophthalma,wheant1,White-eyed Stipplethroat,
Epinecrophylla ornata_Ornate Stipplethroat,Epinecrophylla ornata,ornant1,Ornate Stipplethroat,
Epinecrophylla spodionota_Foothill Stipplethroat,Epinecrophylla spodionota,fooant1,Foothill Stipplethroat,
Epthianura tricolor_Crimson Chat,Epthianura tricolor,cricha1,Crimson Chat,
Eremomela gregalis_Yellow-rumped Eremomela,Eremomela gregalis,yerere1,Karoo Eremomela,
Eremomela icteropygialis_Yellow-bellied Eremomela,Eremomela icteropygialis,yebere1,Yellow-bellied Eremomela,
Eremomela pusilla_Senegal Eremomela,Eremomela pusilla,senere1,Senegal Eremomela,
Eremomela scotops_Greencap Eremomela,Eremomela scotops,greere1,Green-capped Eremomela,
Eremophila alpestris_Horned Lark,Eremophila alpestris,horlar,Horned Lark,HOLA
Eremopterix griseus_Ashy-crowned Sparrow-Lark,Eremopterix griseus,ascspl1,Ashy-crowned Sparrow-Lark,
Eremopterix hova_Madagascar Lark,Eremopterix hova,madlar1,Madagascar Lark,
Eremopterix nigriceps_Black-crowned Sparrow-Lark,Eremopterix nigriceps,bcslar1,Black-crowned Sparrow-Lark,
Erithacus rubecula_European Robin,Erithacus rubecula,eurrob1,European Robin,EURO
Erpornis zantholeuca_White-bellied Erpornis,Erpornis zantholeuca,whbyuh1,White-bellied Erpornis,
Erythrocercus holochlorus_Yellow Flycatcher,Erythrocercus holochlorus,yelfly2,Little Yellow Flycatcher,
Erythrogenys erythrocnemis_Black-necklaced Scimitar-Babbler,Erythrogenys erythrocnemis,sbsbab2,Black-necklaced Scimitar Babbler,
Erythrogenys erythrogenys_Rusty-cheeked Scimitar-Babbler,Erythrogenys erythrogenys,rcsbab1,Rusty-cheeked Scimitar Babbler,
Erythrogenys gravivox_Black-streaked Scimitar-Babbler,Erythrogenys gravivox,bksscb1,Black-streaked Scimitar Babbler,
Erythrogenys hypoleucos_Large Scimitar-Babbler,Erythrogenys hypoleucos,lasbab1,Large Scimitar Babbler,
Erythrogenys mcclellandi_Spot-breasted Scimitar-Babbler,Erythrogenys mcclellandi,spbscb1,Spot-breasted Scimitar Babbler,
Erythrogenys swinhoei_Gray-sided Scimitar-Babbler,Erythrogenys swinhoei,gysscb1,Grey-sided Scimitar Babbler,
Erythropitta arquata_Blue-banded Pitta,Erythropitta arquata,blbpit1,Blue-banded Pitta,
Erythropitta erythrogaster_Blue-breasted Pitta,Erythropitta erythrogaster,rebpit1,Philippine Pitta,
Erythropitta granatina_Garnet Pitta,Erythropitta granatina,garpit1,Garnet Pitta,
Erythropitta macklotii_Papuan Pitta,Erythropitta macklotii,pappit1,Papuan Pitta,
Erythropitta rufiventris_North Moluccan Pitta,Erythropitta rufiventris,molpit1,North Moluccan Pitta,
Erythropitta ussheri_Black-crowned Pitta,Erythropitta ussheri,bkhpit1,Black-crowned Pitta,
Erythrura trichroa_Blue-faced Parrotfinch,Erythrura trichroa,blfpar3,Blue-faced Parrotfinch,
Esacus magnirostris_Beach Thick-knee,Esacus magnirostris,beathk1,Beach Stone-curlew,
Esacus recurvirostris_Great Thick-knee,Esacus recurvirostris,grtkne1,Great Stone-curlew,
Estrilda astrild_Common Waxbill,Estrilda astrild,comwax,Common Waxbill,COMW
Estrilda melpoda_Orange-cheeked Waxbill,Estrilda melpoda,orcwax,Orange-cheeked Waxbill,OCHW
Estrilda nonnula_Black-crowned Waxbill,Estrilda nonnula,blcwax2,Black-crowned Waxbill,
Estrilda paludicola_Fawn-breasted Waxbill,Estrilda paludicola,fabwax1,Fawn-breasted Waxbill,
Estrilda troglodytes_Black-rumped Waxbill,Estrilda troglodytes,bkrwax,Black-rumped Waxbill,BLRW
Eubucco bourcierii_Red-headed Barbet,Eubucco bourcierii,rehbar1,Red-headed Barbet,RHBA
Eubucco richardsoni_Lemon-throated Barbet,Eubucco richardsoni,letbar1,Lemon-throated Barbet,
Euchrepomis callinota_Rufous-rumped Antwren,Euchrepomis callinota,rurant1,Rufous-rumped Antwren,RRAN
Euchrepomis humeralis_Chestnut-shouldered Antwren,Euchrepomis humeralis,chsant1,Chestnut-shouldered Antwren,
Euchrepomis spodioptila_Ash-winged Antwren,Euchrepomis spodioptila,aswant1,Ash-winged Antwren,
Eucometis penicillata_Gray-headed Tanager,Eucometis penicillata,grhtan1,Grey-headed Tanager,GHET
Eudocimus albus_White Ibis,Eudocimus albus,whiibi,American White Ibis,WHIB
Eudromia elegans_Elegant Crested-Tinamou,Eudromia elegans,elctin1,Elegant Crested Tinamou,
Eudynamys melanorhynchus_Black-billed Koel,Eudynamys melanorhynchus,bkbkoe1,Black-billed Koel,
Eudynamys orientalis_Pacific Koel,Eudynamys orientalis,asikoe3,Pacific Koel,
Eudynamys scolopaceus_Asian Koel,Eudynamys scolopaceus,asikoe2,Asian Koel,
Eudyptes chrysocome_Southern Rockhopper Penguin,Eudyptes chrysocome,rocpen1,Western Rockhopper Penguin,
Eudyptula minor_Little Penguin,Eudyptula minor,litpen1,Little Penguin,
Eugenes fulgens_Rivoli's Hummingbird,Eugenes fulgens,maghum1,Rivoli's Hummingbird,RIHU
Eugenes spectabilis_Talamanca Hummingbird,Eugenes spectabilis,maghum2,Talamanca Hummingbird,TAHU
Eugralla paradoxa_Ochre-flanked Tapaculo,Eugralla paradoxa,ocftap1,Ochre-flanked Tapaculo,
Eumomota superciliosa_Turquoise-browed Motmot,Eumomota superciliosa,tubmot1,Turquoise-browed Motmot,TBMO
Eumyias albicaudatus_Nilgiri Flycatcher,Eumyias albicaudatus,nilfly2,Nilgiri Flycatcher,
Eumyias indigo_Indigo Flycatcher,Eumyias indigo,indfly1,Indigo Flycatcher,
Eumyias panayensis_Turquoise Flycatcher,Eumyias panayensis,islfly1,Turquoise Flycatcher,
Eumyias thalassinus_Verditer Flycatcher,Eumyias thalassinus,verfly4,Verditer Flycatcher,
Eunemobius carolinus_Carolina Ground Cricket,Eunemobius carolinus,,,
Eunemobius confusus_Confused Ground Cricket,Eunemobius confusus,,,
Euodice cantans_African Silverbill,Euodice cantans,afrsil1,African Silverbill,AFSI
Euodice malabarica_Indian Silverbill,Euodice malabarica,indsil,Indian Silverbill,INSI
Eupetes macrocerus_Malaysian Rail-babbler,Eupetes macrocerus,marbab1,Rail-babbler,
Eupetomena cirrochloris_Sombre Hummingbird,Eupetomena cirrochloris,somhum1,Sombre Hummingbird,
Eupetomena macroura_Swallow-tailed Hummingbird,Eupetomena macroura,swthum1,Swallow-tailed Hummingbird,
Euphagus carolinus_Rusty Blackbird,Euphagus carolinus,rusbla,Rusty Blackbird,RUBL
Euphagus cyanocephalus_Brewer's Blackbird,Euphagus cyanocephalus,brebla,Brewer's Blackbird,BRBL
Eupherusa eximia_Stripe-tailed Hummingbird,Eupherusa eximia,stthum1,Stripe-tailed Hummingbird,STHM
Euphonia affinis_Scrub Euphonia,Euphonia affinis,screup1,Scrub Euphonia,SEUP
Euphonia anneae_Tawny-capped Euphonia,Euphonia anneae,taceup1,Tawny-capped Euphonia,TCEU
Euphonia cayennensis_Golden-sided Euphonia,Euphonia cayennensis,goseup1,Golden-sided Euphonia,
Euphonia chalybea_Green-throated Euphonia,Euphonia chalybea,gnteup1,Green-chinned Euphonia,
Euphonia chlorotica_Purple-throated Euphonia,Euphonia chlorotica,puteup1,Purple-throated Euphonia,
Euphonia chrysopasta_Golden-bellied Euphonia,Euphonia chrysopasta,gobeup1,White-lored Euphonia,
Euphonia concinna_Velvet-fronted Euphonia,Euphonia concinna,vefeup1,Velvet-fronted Euphonia,
Euphonia finschi_Finsch's Euphonia,Euphonia finschi,fineup1,Finsch's Euphonia,
Euphonia fulvicrissa_Fulvous-vented Euphonia,Euphonia fulvicrissa,fuveup1,Fulvous-vented Euphonia,FVEU
Euphonia gouldi_Olive-backed Euphonia,Euphonia gouldi,olbeup1,Olive-backed Euphonia,OBAE
Euphonia hirundinacea_Yellow-throated Euphonia,Euphonia hirundinacea,yeteup1,Yellow-throated Euphonia,YTEU
Euphonia imitans_Spot-crowned Euphonia,Euphonia imitans,spceup1,Spot-crowned Euphonia,SPCE
Euphonia laniirostris_Thick-billed Euphonia,Euphonia laniirostris,thbeup1,Thick-billed Euphonia,TBEU
Euphonia luteicapilla_Yellow-crowned Euphonia,Euphonia luteicapilla,yeceup1,Yellow-crowned Euphonia,YCEU
Euphonia mesochrysa_Bronze-green Euphonia,Euphonia mesochrysa,brgeup1,Bronze-green Euphonia,
Euphonia minuta_White-vented Euphonia,Euphonia minuta,whveup1,White-vented Euphonia,WVEU
Euphonia pectoralis_Chestnut-bellied Euphonia,Euphonia pectoralis,chbeup1,Chestnut-bellied Euphonia,
Euphonia plumbea_Plumbeous Euphonia,Euphonia plumbea,plueup1,Plumbeous Euphonia,
Euphonia rufiventris_Rufous-bellied Euphonia,Euphonia rufiventris,rubeup1,Rufous-bellied Euphonia,
Euphonia trinitatis_Trinidad Euphonia,Euphonia trinitatis,trieup1,Trinidad Euphonia,
Euphonia violacea_Violaceous Euphonia,Euphonia violacea,vioeup1,Violaceous Euphonia,
Euphonia xanthogaster_Orange-bellied Euphonia,Euphonia xanthogaster,orbeup1,Orange-bellied Euphonia,OBEE
Euplectes afer_Yellow-crowned Bishop,Euplectes afer,yecbis,Yellow-crowned Bishop,YCBI
Euplectes ardens_Red-collared Widowbird,Euplectes ardens,recwid3,Red-collared Widowbird,
Euplectes capensis_Yellow Bishop,Euplectes capensis,yelbis1,Yellow Bishop,
Euplectes franciscanus_Northern Red Bishop,Euplectes franciscanus,orabis1,Northern Red Bishop,NRBI
Euplectes hordeaceus_Black-winged Bishop,Euplectes hordeaceus,blwbis1,Black-winged Red Bishop,
Euplectes orix_Southern Red Bishop,Euplectes orix,redbis,Southern Red Bishop,
Euplectes progne_Long-tailed Widowbird,Euplectes progne,lotwid1,Long-tailed Widowbird,
Eupodotis afra_Black Bustard,Eupodotis afra,,,
Eupodotis afraoides_White-quilled Bustard,Eupodotis afraoides,,,
Eupodotis caerulescens_Blue Bustard,Eupodotis caerulescens,blubus1,Blue Korhaan,
Eupodotis ruficrista_Red-crested Bustard,Eupodotis ruficrista,,,
Eupodotis senegalensis_White-bellied Bustard,Eupodotis senegalensis,whbbus2,White-bellied Bustard,
Eupodotis vigorsii_Karoo Bustard,Eupodotis vigorsii,,,
Eupsittula aurea_Peach-fronted Parakeet,Eupsittula aurea,pefpar1,Peach-fronted Parakeet,
Eupsittula cactorum_Cactus Parakeet,Eupsittula cactorum,cacpar1,Caatinga Parakeet,
Eupsittula canicularis_Orange-fronted Parakeet,Eupsittula canicularis,orfpar,Orange-fronted Parakeet,OFPA
Eupsittula nana_Olive-throated Parakeet,Eupsittula nana,oltpar1,Olive-throated Parakeet,OTPA
Eupsittula pertinax_Brown-throated Parakeet,Eupsittula pertinax,brtpar1,Brown-throated Parakeet,BTPA
Euptilotis neoxenus_Eared Quetzal,Euptilotis neoxenus,earque,Eared Quetzal,EAQU
Eurillas ansorgei_Ansorge's Greenbul,Eurillas ansorgei,ansgre1,Ansorge's Greenbul,
Eurillas curvirostris_Plain Greenbul,Eurillas curvirostris,plagre2,Plain Greenbul,
Eurillas latirostris_Yellow-whiskered Greenbul,Eurillas latirostris,yewgre1,Yellow-whiskered Greenbul,
Eurillas virens_Little Greenbul,Eurillas virens,litgre2,Little Greenbul,
Eurocephalus ruppelli_White-rumped Shrike,Eurocephalus ruppelli,whrshr1,Northern White-crowned Shrike,
Eurostopodus argus_Spotted Nightjar,Eurostopodus argus,sponig1,Spotted Nightjar,
Eurostopodus mystacalis_White-throated Nightjar,Eurostopodus mystacalis,whtnig3,White-throated Nightjar,
Eurylaimus javanicus_Banded Broadbill,Eurylaimus javanicus,banbro1,Banded Broadbill,
Eurylaimus ochromalus_Black-and-yellow Broadbill,Eurylaimus ochromalus,baybro1,Black-and-yellow Broadbill,
Eurypyga helias_Sunbittern,Eurypyga helias,sunbit1,Sunbittern,SUNB
Eurystomus glaucurus_Broad-billed Roller,Eurystomus glaucurus,brbrol1,Broad-billed Roller,
Eurystomus orientalis_Dollarbird,Eurystomus orientalis,dollar1,Oriental Dollarbird,
Euscarthmus fulviceps_Fulvous-headed Pygmy-Tyrant,Euscarthmus fulviceps,tacpyt2,Fulvous-faced Scrub Tyrant,
Euscarthmus meloryphus_Rufous-crowned Pygmy-Tyrant,Euscarthmus meloryphus,tacpyt1,Fulvous-crowned Scrub Tyrant,
Euscarthmus rufomarginatus_Rufous-sided Pygmy-Tyrant,Euscarthmus rufomarginatus,rsptyr1,Rufous-sided Scrub Tyrant,
Eutoxeres aquila_White-tipped Sicklebill,Eutoxeres aquila,whtsic1,White-tipped Sicklebill,WTSI
Falco amurensis_Amur Falcon,Falco amurensis,amufal1,Amur Falcon,
Falco berigora_Brown Falcon,Falco berigora,brofal1,Brown Falcon,
Falco columbarius_Merlin,Falco columbarius,merlin,Merlin,MERL
Falco deiroleucus_Orange-breasted Falcon,Falco deiroleucus,orbfal1,Orange-breasted Falcon,OBFA
Falco femoralis_Aplomado Falcon,Falco femoralis,aplfal,Aplomado Falcon,APFA
Falco mexicanus_Prairie Falcon,Falco mexicanus,prafal,Prairie Falcon,PRFA
Falco naumanni_Lesser Kestrel,Falco naumanni,leskes1,Lesser Kestrel,
Falco peregrinus_Peregrine Falcon,Falco peregrinus,perfal,Peregrine Falcon,PEFA
Falco rufigularis_Bat Falcon,Falco rufigularis,batfal1,Bat Falcon,BAFA
Falco rusticolus_Gyrfalcon,Falco rusticolus,gyrfal,Gyrfalcon,GYRF
Falco sparverius_American Kestrel,Falco sparverius,amekes,American Kestrel,AMKE
Falco subbuteo_Eurasian Hobby,Falco subbuteo,eurhob,Eurasian Hobby,EHOB
Falco tinnunculus_Eurasian Kestrel,Falco tinnunculus,eurkes,Common Kestrel,EUKE
Falco vespertinus_Red-footed Falcon,Falco vespertinus,reffal1,Red-footed Falcon,RFFA
Falculea palliata_Sickle-billed Vanga,Falculea palliata,sibvan1,Sickle-billed Vanga,
Falcunculus frontatus_Crested Shrike-tit,Falcunculus frontatus,cresht1,Eastern Shriketit,
Ferminia cerverai_Zapata Wren,Ferminia cerverai,zapwre1,Zapata Wren,ZAWR
Ficedula albicilla_Taiga Flycatcher,Ficedula albicilla,taifly1,Taiga Flycatcher,TAFL
Ficedula albicollis_Collared Flycatcher,Ficedula albicollis,colfly1,Collared Flycatcher,
Ficedula basilanica_Little Slaty Flycatcher,Ficedula basilanica,lisfly1,Little Slaty Flycatcher,
Ficedula dumetoria_Rufous-chested Flycatcher,Ficedula dumetoria,rucfly1,Rufous-chested Flycatcher,
Ficedula elisae_Green-backed Flycatcher,Ficedula elisae,narfly1,Green-backed Flycatcher,
Ficedula erithacus_Slaty-backed Flycatcher,Ficedula erithacus,slbfly1,Slaty-backed Flycatcher,
Ficedula hodgsoni_Pygmy Flycatcher,Ficedula hodgsoni,pybfly1,Pygmy Flycatcher,
Ficedula hyperythra_Snowy-browed Flycatcher,Ficedula hyperythra,snbfly1,Snowy-browed Flycatcher,
Ficedula hypoleuca_European Pied Flycatcher,Ficedula hypoleuca,eupfly1,European Pied Flycatcher,
Ficedula mugimaki_Mugimaki Flycatcher,Ficedula mugimaki,mugfly,Mugimaki Flycatcher,MUFL
Ficedula narcissina_Narcissus Flycatcher,Ficedula narcissina,narfly2,Narcissus Flycatcher,NAFL
Ficedula nigrorufa_Black-and-orange Flycatcher,Ficedula nigrorufa,barfly1,Black-and-orange Flycatcher,
Ficedula parva_Red-breasted Flycatcher,Ficedula parva,rebfly,Red-breasted Flycatcher,
Ficedula ruficauda_Rusty-tailed Flycatcher,Ficedula ruficauda,rutfly6,Rusty-tailed Flycatcher,
Ficedula semitorquata_Semicollared Flycatcher,Ficedula semitorquata,semfly1,Semicollared Flycatcher,
Ficedula strophiata_Rufous-gorgeted Flycatcher,Ficedula strophiata,rugfly1,Rufous-gorgeted Flycatcher,
Ficedula subrubra_Kashmir Flycatcher,Ficedula subrubra,kasfly1,Kashmir Flycatcher,
Ficedula superciliaris_Ultramarine Flycatcher,Ficedula superciliaris,ultfly1,Ultramarine Flycatcher,
Ficedula tricolor_Slaty-blue Flycatcher,Ficedula tricolor,slbfly2,Slaty-blue Flycatcher,
Ficedula westermanni_Little Pied Flycatcher,Ficedula westermanni,lipfly1,Little Pied Flycatcher,
Ficedula zanthopygia_Yellow-rumped Flycatcher,Ficedula zanthopygia,korfly1,Yellow-rumped Flycatcher,
Fireworks_Fireworks,Fireworks,,,
Florisuga fusca_Black Jacobin,Florisuga fusca,blkjac1,Black Jacobin,
Florisuga mellivora_White-necked Jacobin,Florisuga mellivora,whnjac1,White-necked Jacobin,WNJA
Fluvicola albiventer_Black-backed Water-Tyrant,Fluvicola albiventer,bbwtyr1,Black-backed Water Tyrant,
Fluvicola nengeta_Masked Water-Tyrant,Fluvicola nengeta,mawtyr1,Masked Water Tyrant,
Fluvicola pica_Pied Water-Tyrant,Fluvicola pica,piwtyr1,Pied Water Tyrant,PIWT
Formicarius analis_Black-faced Antthrush,Formicarius analis,blfant1,Black-faced Antthrush,BFAN
Formicarius colma_Rufous-capped Antthrush,Formicarius colma,rucant2,Rufous-capped Antthrush,
Formicarius moniliger_Mayan Antthrush,Formicarius moniliger,bkfant2,Mayan Antthrush,MAAN
Formicarius nigricapillus_Black-headed Antthrush,Formicarius nigricapillus,blhant1,Black-headed Antthrush,BHEA
Formicarius rufifrons_Rufous-fronted Antthrush,Formicarius rufifrons,rufant3,Rufous-fronted Antthrush,
Formicarius rufipectus_Rufous-breasted Antthrush,Formicarius rufipectus,rubant1,Rufous-breasted Antthrush,RBAN
Formicivora acutirostris_Marsh Antwren,Formicivora acutirostris,parant1,Marsh Antwren,
Formicivora erythronotos_Black-hooded Antwren,Formicivora erythronotos,blhant4,Black-hooded Antwren,
Formicivora grantsaui_Sincora Antwren,Formicivora grantsaui,sinant1,Sincora Antwren,
Formicivora grisea_White-fringed Antwren,Formicivora grisea,whfant3,Southern White-fringed Antwren,WFRA
Formicivora iheringi_Narrow-billed Antwren,Formicivora iheringi,nabant1,Narrow-billed Antwren,
Formicivora melanogaster_Black-bellied Antwren,Formicivora melanogaster,blbant2,Black-bellied Antwren,
Formicivora rufa_Rusty-backed Antwren,Formicivora rufa,rubant4,Rusty-backed Antwren,
Formicivora serrana_Serra Antwren,Formicivora serrana,serant4,Serra Antwren,
Forpus coelestis_Pacific Parrotlet,Forpus coelestis,pacpar2,Pacific Parrotlet,
Forpus conspicillatus_Spectacled Parrotlet,Forpus conspicillatus,spepar1,Spectacled Parrotlet,SPPA
Forpus cyanopygius_Mexican Parrotlet,Forpus cyanopygius,mexpar1,Mexican Parrotlet,MEXP
Forpus modestus_Dusky-billed Parrotlet,Forpus modestus,dubpar1,Dusky-billed Parrotlet,
Forpus passerinus_Green-rumped Parrotlet,Forpus passerinus,grrpar1,Green-rumped Parrotlet,GRUP
Forpus xanthopterygius_Cobalt-rumped Parrotlet,Forpus xanthopterygius,buwpar3,Cobalt-rumped Parrotlet,
Foudia madagascariensis_Red Fody,Foudia madagascariensis,redfod1,Red Fody,
Foudia rubra_Mauritius Fody,Foudia rubra,maufod1,Mauritius Fody,
Foulehaio carunculatus_Eastern Wattled-Honeyeater,Foulehaio carunculatus,easwah1,Polynesian Wattled Honeyeater,
Foulehaio procerior_Western Wattled-Honeyeater,Foulehaio procerior,weswah1,Kikau,
Francolinus francolinus_Black Francolin,Francolinus francolinus,blkfra,Black Francolin,BLFR
Francolinus pictus_Painted Francolin,Francolinus pictus,paifra1,Painted Francolin,
Francolinus pintadeanus_Chinese Francolin,Francolinus pintadeanus,chifra1,Chinese Francolin,
Fraseria caerulescens_Ashy Flycatcher,Fraseria caerulescens,ashfly1,Ashy Flycatcher,
Fraseria griseigularis_Gray-throated Tit-Flycatcher,Fraseria griseigularis,gyttif1,Grey-throated Tit-Flycatcher,
Fraseria ocreata_African Forest-Flycatcher,Fraseria ocreata,afffly1,Fraser's Forest Flycatcher,
Fraseria plumbea_Gray Tit-Flycatcher,Fraseria plumbea,grytif1,Grey Tit-Flycatcher,
Fratercula arctica_Atlantic Puffin,Fratercula arctica,atlpuf,Atlantic Puffin,ATPU
Frederickena fulva_Fulvous Antshrike,Frederickena fulva,fulant1,Fulvous Antshrike,
Frederickena unduliger_Undulated Antshrike,Frederickena unduliger,undant2,Undulated Antshrike,
Frederickena viridis_Black-throated Antshrike,Frederickena viridis,bltant3,Black-throated Antshrike,
Fregata andrewsi_Christmas Island Frigatebird,Fregata andrewsi,chifri1,Christmas Frigatebird,
Fregata ariel_Lesser Frigatebird,Fregata ariel,lesfri,Lesser Frigatebird,LEFR
Fregata magnificens_Magnificent Frigatebird,Fregata magnificens,magfri,Magnificent Frigatebird,MAFR
Fregata minor_Great Frigatebird,Fregata minor,grefri,Great Frigatebird,GREF
Fringilla coelebs_Common Chaffinch,Fringilla coelebs,comcha,Eurasian Chaffinch,CCHA
Fringilla montifringilla_Brambling,Fringilla montifringilla,brambl,Brambling,BRAM
Fulica alai_Hawaiian Coot,Fulica alai,hawcoo,Hawaiian Coot,HACO
Fulica americana_American Coot,Fulica americana,y00475,American Coot,AMCO
Fulica ardesiaca_Slate-colored Coot,Fulica ardesiaca,slccoo1,Andean Coot,
Fulica armillata_Red-gartered Coot,Fulica armillata,regcoo1,Red-gartered Coot,
Fulica atra_Eurasian Coot,Fulica atra,eurcoo,Eurasian Coot,EUCO
Fulica cristata_Red-knobbed Coot,Fulica cristata,rekcoo1,Red-knobbed Coot,
Fulica gigantea_Giant Coot,Fulica gigantea,giacoo1,Giant Coot,
Fulica rufifrons_Red-fronted Coot,Fulica rufifrons,refcoo1,Red-fronted Coot,
Fulmarus glacialis_Northern Fulmar,Fulmarus glacialis,norful,Northern Fulmar,NOFU
Fulvetta formosana_Taiwan Fulvetta,Fulvetta formosana,taiful1,Taiwan Fulvetta,
Fulvetta ruficapilla_Spectacled Fulvetta,Fulvetta ruficapilla,speful1,Spectacled Fulvetta,
Fulvetta vinipectus_White-browed Fulvetta,Fulvetta vinipectus,whbful1,White-browed Fulvetta,
Furnarius cristatus_Crested Hornero,Furnarius cristatus,crehor1,Crested Hornero,
Furnarius figulus_Wing-banded Hornero,Furnarius figulus,wibhor1,Band-tailed Hornero,
Furnarius leucopus_Pale-legged Hornero,Furnarius leucopus,palhor3,Pale-legged Hornero,
Furnarius minor_Lesser Hornero,Furnarius minor,leshor1,Lesser Hornero,
Furnarius rufus_Rufous Hornero,Furnarius rufus,rufhor2,Rufous Hornero,
Galbalcyrhynchus leucotis_White-eared Jacamar,Galbalcyrhynchus leucotis,whejac1,White-eared Jacamar,
Galbalcyrhynchus purusianus_Purus Jacamar,Galbalcyrhynchus purusianus,purjac2,Purus Jacamar,
Galbula albirostris_Yellow-billed Jacamar,Galbula albirostris,yebjac1,Yellow-billed Jacamar,
Galbula chalcothorax_Purplish Jacamar,Galbula chalcothorax,purjac1,Purplish Jacamar,
Galbula cyanescens_Bluish-fronted Jacamar,Galbula cyanescens,blfjac1,Bluish-fronted Jacamar,
Galbula cyanicollis_Blue-cheeked Jacamar,Galbula cyanicollis,bucjac1,Blue-necked Jacamar,
Galbula dea_Paradise Jacamar,Galbula dea,parjac1,Paradise Jacamar,
Galbula galbula_Green-tailed Jacamar,Galbula galbula,grtjac1,Green-tailed Jacamar,
Galbula leucogastra_Bronzy Jacamar,Galbula leucogastra,brojac1,Bronzy Jacamar,
Galbula pastazae_Coppery-chested Jacamar,Galbula pastazae,cocjac2,Coppery-chested Jacamar,
Galbula ruficauda_Rufous-tailed Jacamar,Galbula ruficauda,rutjac1,Rufous-tailed Jacamar,RTJA
Galbula tombacea_White-chinned Jacamar,Galbula tombacea,whcjac1,White-chinned Jacamar,
Galerida cristata_Crested Lark,Galerida cristata,crelar1,Crested Lark,
Galerida deva_Tawny Lark,Galerida deva,tawlar1,Sykes's Lark,
Galerida magnirostris_Large-billed Lark,Galerida magnirostris,lablar1,Large-billed Lark,
Galerida malabarica_Malabar Lark,Galerida malabarica,mallar1,Malabar Lark,
Galerida theklae_Thekla's Lark,Galerida theklae,thelar1,Thekla's Lark,
Gallicrex cinerea_Watercock,Gallicrex cinerea,waterc1,Watercock,
Gallinago andina_Puna Snipe,Gallinago andina,punsni1,Puna Snipe,
Gallinago delicata_Wilson's Snipe,Gallinago delicata,wilsni1,Wilson's Snipe,WISN
Gallinago gallinago_Common Snipe,Gallinago gallinago,comsni,Common Snipe,COSN
Gallinago hardwickii_Latham's Snipe,Gallinago hardwickii,latsni1,Latham's Snipe,
Gallinago imperialis_Imperial Snipe,Gallinago imperialis,impsni1,Imperial Snipe,
Gallinago jamesoni_Jameson's Snipe,Gallinago jamesoni,andsni1,Jameson's Snipe,
Gallinago magellanica_Magellanic Snipe,Gallinago magellanica,soasni3,Magellanic Snipe,
Gallinago media_Great Snipe,Gallinago media,gresni1,Great Snipe,
Gallinago megala_Swinhoe's Snipe,Gallinago megala,swisni1,Swinhoe's Snipe,
Gallinago nobilis_Noble Snipe,Gallinago nobilis,nobsni1,Noble Snipe,
Gallinago paraguaiae_Paraguayan Snipe,Gallinago paraguaiae,soasni2,Pantanal Snipe,
Gallinago stenura_Pin-tailed Snipe,Gallinago stenura,pitsni,Pin-tailed Snipe,PTSN
Gallinago undulata_Giant Snipe,Gallinago undulata,giasni1,Giant Snipe,
Gallinula chloropus_Eurasian Moorhen,Gallinula chloropus,commoo3,Common Moorhen,COMO
Gallinula galeata_Common Gallinule,Gallinula galeata,comgal1,Common Gallinule,COGA
Gallinula tenebrosa_Dusky Moorhen,Gallinula tenebrosa,dusmoo1,Dusky Moorhen,
Gallirallus australis_Weka,Gallirallus australis,weka1,Weka,
Gallirallus philippensis_Buff-banded Rail,Gallirallus philippensis,bubrai1,Buff-banded Rail,
Gallirallus torquatus_Barred Rail,Gallirallus torquatus,barrai1,Barred Rail,
Galloperdix bicalcarata_Sri Lanka Spurfowl,Galloperdix bicalcarata,ceyspu1,Sri Lanka Spurfowl,
Galloperdix spadicea_Red Spurfowl,Galloperdix spadicea,redspu1,Red Spurfowl,
Gallus gallus_Red Junglefowl,Gallus gallus,redjun,Red Junglefowl,REJU
Gallus lafayettii_Sri Lanka Junglefowl,Gallus lafayettii,ceyjun1,Sri Lanka Junglefowl,
Gallus sonneratii_Gray Junglefowl,Gallus sonneratii,grejun2,Grey Junglefowl,
Gallus varius_Green Junglefowl,Gallus varius,grejun1,Green Junglefowl,
Gampsonyx swainsonii_Pearl Kite,Gampsonyx swainsonii,peakit1,Pearl Kite,PEKI
Gampsorhynchus rufulus_White-hooded Babbler,Gampsorhynchus rufulus,whhbab2,White-hooded Babbler,
Gampsorhynchus torquatus_Collared Babbler,Gampsorhynchus torquatus,colbab1,Collared Babbler,
Garrulax canorus_Chinese Hwamei,Garrulax canorus,melthr,Chinese Hwamei,HWAM
Garrulax leucolophus_White-crested Laughingthrush,Garrulax leucolophus,whclau2,White-crested Laughingthrush,
Garrulax milleti_Black-hooded Laughingthrush,Garrulax milleti,blhlau1,Black-hooded Laughingthrush,
Garrulax monileger_Lesser Necklaced Laughingthrush,Garrulax monileger,lenlau1,Lesser Necklaced Laughingthrush,
Garrulax palliatus_Sunda Laughingthrush,Garrulax palliatus,sunlau1,Sunda Laughingthrush,
Garrulax strepitans_White-necked Laughingthrush,Garrulax strepitans,whnlau1,White-necked Laughingthrush,
Garrulax taewanus_Taiwan Hwamei,Garrulax taewanus,taihwa1,Taiwan Hwamei,
Garrulus glandarius_Eurasian Jay,Garrulus glandarius,eurjay1,Eurasian Jay,
Garrulus lanceolatus_Black-headed Jay,Garrulus lanceolatus,blhjay1,Black-headed Jay,
Garrulus lidthi_Lidth's Jay,Garrulus lidthi,lidjay1,Lidth's Jay,
Gastrophryne carolinensis_Eastern Narrow-mouthed Toad,Gastrophryne carolinensis,,,
Gastrophryne olivacea_Great Plains Narrow-mouthed Toad,Gastrophryne olivacea,,,
Gavia adamsii_Yellow-billed Loon,Gavia adamsii,yebloo,Yellow-billed Loon,YBLO
Gavia arctica_Arctic Loon,Gavia arctica,arcloo,Black-throated Loon,ARLO
Gavia immer_Common Loon,Gavia immer,comloo,Common Loon,COLO
Gavia pacifica_Pacific Loon,Gavia pacifica,pacloo,Pacific Loon,PALO
Gavia stellata_Red-throated Loon,Gavia stellata,retloo,Red-throated Loon,RTLO
Gavicalis fasciogularis_Mangrove Honeyeater,Gavicalis fasciogularis,manhon1,Mangrove Honeyeater,
Gavicalis virescens_Singing Honeyeater,Gavicalis virescens,sinhon1,Singing Honeyeater,
Gecinulus grantia_Pale-headed Woodpecker,Gecinulus grantia,pahwoo1,Pale-headed Woodpecker,
Gecinulus viridis_Bamboo Woodpecker,Gecinulus viridis,bamwoo1,Bamboo Woodpecker,
Gelochelidon nilotica_Gull-billed Tern,Gelochelidon nilotica,gubter2,Gull-billed Tern,GBTE
Geocerthia serrana_Striated Earthcreeper,Geocerthia serrana,strear1,Striated Earthcreeper,
Geococcyx californianus_Greater Roadrunner,Geococcyx californianus,greroa,Greater Roadrunner,GRRO
Geococcyx velox_Lesser Roadrunner,Geococcyx velox,lesroa1,Lesser Roadrunner,LERO
Geoffroyus geoffroyi_Red-cheeked Parrot,Geoffroyus geoffroyi,recpar2,Red-cheeked Parrot,
Geoffroyus heteroclitus_Singing Parrot,Geoffroyus heteroclitus,sinpar1,Song Parrot,
Geokichla citrina_Orange-headed Thrush,Geokichla citrina,orhthr1,Orange-headed Thrush,
Geokichla gurneyi_Orange Ground-Thrush,Geokichla gurneyi,orgthr1,Orange Ground Thrush,
Geokichla guttata_Spotted Ground-Thrush,Geokichla guttata,spgthr1,Spotted Ground Thrush,
Geokichla peronii_Orange-banded Thrush,Geokichla peronii,orbthr1,Orange-sided Thrush,
Geokichla piaggiae_Abyssinian Ground-Thrush,Geokichla piaggiae,abgthr1,Abyssinian Ground Thrush,
Geokichla sibirica_Siberian Thrush,Geokichla sibirica,sibthr1,Siberian Thrush,
Geokichla spiloptera_Spot-winged Thrush,Geokichla spiloptera,spwthr1,Spot-winged Thrush,
Geopelia humeralis_Bar-shouldered Dove,Geopelia humeralis,basdov1,Bar-shouldered Dove,
Geopelia placida_Peaceful Dove,Geopelia placida,peadov1,Peaceful Dove,
Geopelia striata_Zebra Dove,Geopelia striata,zebdov,Zebra Dove,ZEBD
Geositta antarctica_Short-billed Miner,Geositta antarctica,shbmin1,Short-billed Miner,
Geositta cunicularia_Common Miner,Geositta cunicularia,commin1,Common Miner,
Geositta punensis_Puna Miner,Geositta punensis,punmin1,Puna Miner,
Geositta rufipennis_Rufous-banded Miner,Geositta rufipennis,rubmin1,Rufous-banded Miner,
Geositta tenuirostris_Slender-billed Miner,Geositta tenuirostris,slbmin1,Slender-billed Miner,
Geospizopsis plebejus_Ash-breasted Sierra Finch,Geospizopsis plebejus,absfin1,Ash-breasted Sierra Finch,
Geospizopsis unicolor_Plumbeous Sierra Finch,Geospizopsis unicolor,plsfin1,Plumbeous Sierra Finch,
Geothlypis aequinoctialis_Masked Yellowthroat,Geothlypis aequinoctialis,masyel2,Masked Yellowthroat,
Geothlypis beldingi_Belding's Yellowthroat,Geothlypis beldingi,belyel1,Belding's Yellowthroat,BEYE
Geothlypis formosa_Kentucky Warbler,Geothlypis formosa,kenwar,Kentucky Warbler,KEWA
Geothlypis nelsoni_Hooded Yellowthroat,Geothlypis nelsoni,hooyel1,Hooded Yellowthroat,HOYE
Geothlypis philadelphia_Mourning Warbler,Geothlypis philadelphia,mouwar,Mourning Warbler,MOWA
Geothlypis poliocephala_Gray-crowned Yellowthroat,Geothlypis poliocephala,gycyel,Grey-crowned Yellowthroat,GCYE
Geothlypis rostrata_Bahama Yellowthroat,Geothlypis rostrata,bahyel1,Bahama Yellowthroat,BAYE
Geothlypis semiflava_Olive-crowned Yellowthroat,Geothlypis semiflava,olcyel1,Olive-crowned Yellowthroat,OCYE
Geothlypis speciosa_Black-polled Yellowthroat,Geothlypis speciosa,blpyel1,Black-polled Yellowthroat,BPYE
Geothlypis tolmiei_MacGillivray's Warbler,Geothlypis tolmiei,macwar,MacGillivray's Warbler,MGWA
Geothlypis trichas_Common Yellowthroat,Geothlypis trichas,comyel,Common Yellowthroat,COYE
Geotrygon chrysia_Key West Quail-Dove,Geotrygon chrysia,kwqdov,Key West Quail-Dove,KWQD
Geotrygon montana_Ruddy Quail-Dove,Geotrygon montana,ruqdov,Ruddy Quail-Dove,RUQD
Geotrygon violacea_Violaceous Quail-Dove,Geotrygon violacea,viqdov1,Violaceous Quail-Dove,VIQD
Geranoaetus albicaudatus_White-tailed Hawk,Geranoaetus albicaudatus,whthaw,White-tailed Hawk,WTHA
Geranoaetus melanoleucus_Black-chested Buzzard-Eagle,Geranoaetus melanoleucus,bcbeag1,Black-chested Buzzard-Eagle,
Geranoaetus polyosoma_Variable Hawk,Geranoaetus polyosoma,rebhaw2,Variable Hawk,
Geranospiza caerulescens_Crane Hawk,Geranospiza caerulescens,crahaw,Crane Hawk,CRHA
Geronticus eremita_Northern Bald Ibis,Geronticus eremita,waldra1,Northern Bald Ibis,
Gerygone chloronota_Green-backed Gerygone,Gerygone chloronota,gnbger1,Green-backed Gerygone,
Gerygone flavolateralis_Fan-tailed Gerygone,Gerygone flavolateralis,fatger1,Fan-tailed Gerygone,
Gerygone fusca_Western Gerygone,Gerygone fusca,wesger1,Western Gerygone,
Gerygone igata_Gray Gerygone,Gerygone igata,gryger1,Grey Gerygone,
Gerygone levigaster_Mangrove Gerygone,Gerygone levigaster,manger1,Mangrove Gerygone,
Gerygone magnirostris_Large-billed Gerygone,Gerygone magnirostris,labger1,Large-billed Gerygone,
Gerygone mouki_Brown Gerygone,Gerygone mouki,broger1,Brown Gerygone,
Gerygone olivacea_White-throated Gerygone,Gerygone olivacea,whtger1,White-throated Gerygone,
Gerygone palpebrosa_Fairy Gerygone,Gerygone palpebrosa,faiger1,Fairy Gerygone,
Gerygone sulphurea_Golden-bellied Gerygone,Gerygone sulphurea,gobger1,Golden-bellied Gerygone,
Glareola lactea_Small Pratincole,Glareola lactea,smapra1,Small Pratincole,
Glareola maldivarum_Oriental Pratincole,Glareola maldivarum,oripra,Oriental Pratincole,ORPR
Glareola pratincola_Collared Pratincole,Glareola pratincola,colpra,Collared Pratincole,COPR
Glaucestrilda caerulescens_Lavender Waxbill,Glaucestrilda caerulescens,lavwax,Lavender Waxbill,LAVW
Glaucidium bolivianum_Yungas Pygmy-Owl,Glaucidium bolivianum,yupowl1,Yungas Pygmy Owl,
Glaucidium brasilianum_Ferruginous Pygmy-Owl,Glaucidium brasilianum,fepowl,Ferruginous Pygmy Owl,FEPO
Glaucidium capense_African Barred Owlet,Glaucidium capense,afbowl1,African Barred Owlet,
Glaucidium castanopterum_Javan Owlet,Glaucidium castanopterum,javowl1,Javan Owlet,
Glaucidium castanotum_Chestnut-backed Owlet,Glaucidium castanotum,chbowl1,Chestnut-backed Owlet,
Glaucidium costaricanum_Costa Rican Pygmy-Owl,Glaucidium costaricanum,crpowl,Costa Rican Pygmy Owl,CRPO
Glaucidium cuculoides_Asian Barred Owlet,Glaucidium cuculoides,asbowl1,Asian Barred Owlet,
Glaucidium gnoma_Northern Pygmy-Owl,Glaucidium gnoma,nopowl,Northern Pygmy Owl,NOPO
Glaucidium griseiceps_Central American Pygmy-Owl,Glaucidium griseiceps,capowl1,Central American Pygmy Owl,CAPO
Glaucidium hardyi_Amazonian Pygmy-Owl,Glaucidium hardyi,amapyo1,Amazonian Pygmy Owl,
Glaucidium jardinii_Andean Pygmy-Owl,Glaucidium jardinii,anpowl1,Andean Pygmy Owl,
Glaucidium minutissimum_Least Pygmy-Owl,Glaucidium minutissimum,leapyo1,East Brazilian Pygmy Owl,
Glaucidium nana_Austral Pygmy-Owl,Glaucidium nana,aupowl1,Austral Pygmy Owl,
Glaucidium nubicola_Cloud-forest Pygmy-Owl,Glaucidium nubicola,clopyo1,Cloud-forest Pygmy Owl,
Glaucidium palmarum_Colima Pygmy-Owl,Glaucidium palmarum,copowl1,Colima Pygmy Owl,CPYO
Glaucidium parkeri_Subtropical Pygmy-Owl,Glaucidium parkeri,supowl1,Subtropical Pygmy Owl,
Glaucidium passerinum_Eurasian Pygmy-Owl,Glaucidium passerinum,eupowl1,Eurasian Pygmy Owl,
Glaucidium perlatum_Pearl-spotted Owlet,Glaucidium perlatum,pesowl1,Pearl-spotted Owlet,
Glaucidium peruanum_Peruvian Pygmy-Owl,Glaucidium peruanum,pepowl1,Pacific Pygmy Owl,
Glaucidium radiatum_Jungle Owlet,Glaucidium radiatum,junowl1,Jungle Owlet,
Glaucidium sanchezi_Tamaulipas Pygmy-Owl,Glaucidium sanchezi,tapowl1,Tamaulipas Pygmy Owl,TAPO
Glaucidium siju_Cuban Pygmy-Owl,Glaucidium siju,cupowl1,Cuban Pygmy Owl,CUPO
Glaucidium tephronotum_Red-chested Owlet,Glaucidium tephronotum,recowl1,Red-chested Owlet,
Glaucis dohrnii_Hook-billed Hermit,Glaucis dohrnii,hobher2,Hook-billed Hermit,
Glaucis hirsutus_Rufous-breasted Hermit,Glaucis hirsutus,rubher,Rufous-breasted Hermit,RBHE
Gliciphila melanops_Tawny-crowned Honeyeater,Gliciphila melanops,tachon1,Tawny-crowned Honeyeater,
Glossopsitta concinna_Musk Lorikeet,Glossopsitta concinna,,,
Glyphorynchus spirurus_Wedge-billed Woodcreeper,Glyphorynchus spirurus,webwoo1,Wedge-billed Woodcreeper,WBWO
Gnorimopsar chopi_Chopi Blackbird,Gnorimopsar chopi,chobla1,Chopi Blackbird,
Gorsachius melanolophus_Malayan Night-Heron,Gorsachius melanolophus,manher1,Malayan Night Heron,
Gracula indica_Southern Hill Myna,Gracula indica,sohmyn1,Southern Hill Myna,
Gracula ptilogenys_Sri Lanka Myna,Gracula ptilogenys,ceymyn1,Sri Lanka Hill Myna,
Gracula religiosa_Common Hill Myna,Gracula religiosa,hilmyn,Common Hill Myna,
Gracupica contra_Asian Pied Starling,Gracupica contra,aspsta2,Indian Pied Myna,
Gracupica nigricollis_Black-collared Starling,Gracupica nigricollis,bkcsta1,Black-collared Starling,
Grallaria albigula_White-throated Antpitta,Grallaria albigula,whtant2,White-throated Antpitta,
Grallaria alleni_Moustached Antpitta,Grallaria alleni,mouant1,Moustached Antpitta,
Grallaria andicolus_Stripe-headed Antpitta,Grallaria andicolus,sthant2,Stripe-headed Antpitta,
Grallaria bangsi_Santa Marta Antpitta,Grallaria bangsi,samant1,Santa Marta Antpitta,
Grallaria blakei_Chestnut Antpitta,Grallaria blakei,cheant2,Chestnut Antpitta,
Grallaria cajamarcae_Cajamarca Antpitta,Grallaria cajamarcae,rufant8,Cajamarca Antpitta,
Grallaria capitalis_Bay Antpitta,Grallaria capitalis,bayant1,Bay Antpitta,
Grallaria carrikeri_Pale-billed Antpitta,Grallaria carrikeri,pabant1,Pale-billed Antpitta,
Grallaria dignissima_Ochre-striped Antpitta,Grallaria dignissima,ocsant1,Ochre-striped Antpitta,
Grallaria erythroleuca_Red-and-white Antpitta,Grallaria erythroleuca,rawant1,Red-and-white Antpitta,
Grallaria erythrotis_Rufous-faced Antpitta,Grallaria erythrotis,rufant2,Rufous-faced Antpitta,
Grallaria flavotincta_Yellow-breasted Antpitta,Grallaria flavotincta,yebant1,Yellow-breasted Antpitta,
Grallaria gigantea_Giant Antpitta,Grallaria gigantea,giaant1,Giant Antpitta,
Grallaria gravesi_Chachapoyas Antpitta,Grallaria gravesi,chaant5,Chachapoyas Antpitta,
Grallaria griseonucha_Gray-naped Antpitta,Grallaria griseonucha,gynant1,Grey-naped Antpitta,
Grallaria guatimalensis_Scaled Antpitta,Grallaria guatimalensis,scaant1,Scaled Antpitta,SCAA
Grallaria haplonota_Plain-backed Antpitta,Grallaria haplonota,plbant1,Plain-backed Antpitta,
Grallaria hypoleuca_White-bellied Antpitta,Grallaria hypoleuca,whbant3,White-bellied Antpitta,
Grallaria kaestneri_Cundinamarca Antpitta,Grallaria kaestneri,cunant1,Cundinamarca Antpitta,
Grallaria milleri_Brown-banded Antpitta,Grallaria milleri,brbant1,Brown-banded Antpitta,
Grallaria nuchalis_Chestnut-naped Antpitta,Grallaria nuchalis,chnant1,Chestnut-naped Antpitta,
Grallaria occabambae_Urubamba Antpitta,Grallaria occabambae,rufant10,Urubamba Antpitta,
Grallaria przewalskii_Rusty-tinged Antpitta,Grallaria przewalskii,rutant5,Rusty-tinged Antpitta,
Grallaria quitensis_Tawny Antpitta,Grallaria quitensis,tawant3,Tawny Antpitta,
Grallaria ridgelyi_Jocotoco Antpitta,Grallaria ridgelyi,jocant1,Jocotoco Antpitta,
Grallaria ruficapilla_Chestnut-crowned Antpitta,Grallaria ruficapilla,chcant2,Chestnut-crowned Antpitta,
Grallaria rufocinerea_Bicolored Antpitta,Grallaria rufocinerea,bicant3,Bicolored Antpitta,
Grallaria rufula_Muisca Antpitta,Grallaria rufula,rufant7,Muisca Antpitta,
Grallaria saturata_Equatorial Antpitta,Grallaria saturata,equant1,Equatorial Antpitta,
Grallaria squamigera_Undulated Antpitta,Grallaria squamigera,undant1,Undulated Antpitta,
Grallaria urraoensis_Urrao Antpitta,Grallaria urraoensis,antant1,Urrao Antpitta,
Grallaria varia_Variegated Antpitta,Grallaria varia,varant2,Variegated Antpitta,
Grallaria watkinsi_Watkins's Antpitta,Grallaria watkinsi,watant1,Watkins's Antpitta,
Grallaricula cucullata_Hooded Antpitta,Grallaricula cucullata,hooant1,Hooded Antpitta,
Grallaricula ferrugineipectus_Rusty-breasted Antpitta,Grallaricula ferrugineipectus,rubant5,Rusty-breasted Antpitta,
Grallaricula flavirostris_Ochre-breasted Antpitta,Grallaricula flavirostris,ocbant1,Ochre-breasted Antpitta,OBAN
Grallaricula leymebambae_Leymebamba Antpitta,Grallaricula leymebambae,rubant7,Rufous-breasted Antpitta,
Grallaricula lineifrons_Crescent-faced Antpitta,Grallaricula lineifrons,crfant1,Crescent-faced Antpitta,
Grallaricula nana_Slate-crowned Antpitta,Grallaricula nana,slcant2,Slaty-crowned Antpitta,
Grallaricula ochraceifrons_Ochre-fronted Antpitta,Grallaricula ochraceifrons,ocfant1,Ochre-fronted Antpitta,
Grallaricula peruviana_Peruvian Antpitta,Grallaricula peruviana,perant1,Peruvian Antpitta,
Grallina cyanoleuca_Magpie-lark,Grallina cyanoleuca,maglar1,Magpie-lark,
Grammatoptila striata_Striated Laughingthrush,Grammatoptila striata,strlau2,Striated Laughingthrush,
Granatellus pelzelni_Rose-breasted Chat,Granatellus pelzelni,robcha1,Rose-breasted Chat,
Granatellus sallaei_Gray-throated Chat,Granatellus sallaei,grtcha1,Grey-throated Chat,GTCH
Granatellus venustus_Red-breasted Chat,Granatellus venustus,rebcha1,Red-breasted Chat,RBRC
Granatina ianthinogaster_Purple Grenadier,Granatina ianthinogaster,purgre2,Purple Grenadier,
Grantiella picta_Painted Honeyeater,Grantiella picta,paihon1,Painted Honeyeater,
Graydidascalus brachyurus_Short-tailed Parrot,Graydidascalus brachyurus,shtpar2,Short-tailed Parrot,
Grus americana_Whooping Crane,Grus americana,whocra,Whooping Crane,WHCR
Grus grus_Common Crane,Grus grus,comcra,Common Crane,CCRA
Grus japonensis_Red-crowned Crane,Grus japonensis,reccra1,Red-crowned Crane,
Grus monacha_Hooded Crane,Grus monacha,hoocra1,Hooded Crane,HOCR
Grus nigricollis_Black-necked Crane,Grus nigricollis,blncra1,Black-necked Crane,
Gryllus assimilis_Gryllus assimilis,Gryllus assimilis,,,
Gryllus fultoni_Southern Wood Cricket,Gryllus fultoni,,,
Gryllus pennsylvanicus_Fall Field Cricket,Gryllus pennsylvanicus,,,
Gryllus rubens_Southeastern Field Cricket,Gryllus rubens,,,
Guaruba guarouba_Golden Parakeet,Guaruba guarouba,golpar3,Golden Parakeet,
Gubernatrix cristata_Yellow Cardinal,Gubernatrix cristata,yelcar1,Yellow Cardinal,
Gubernetes yetapa_Streamer-tailed Tyrant,Gubernetes yetapa,stttyr2,Streamer-tailed Tyrant,
Guira guira_Guira Cuckoo,Guira guira,guicuc1,Guira Cuckoo,
Gun_Gun,Gun,,,
Guttera pucherani_Crested Guineafowl,Guttera pucherani,cregui3,Eastern Crested Guineafowl,
Gygis alba_White Tern,Gygis alba,whiter,Atlantic White Tern,WHTT
Gymnasio nudipes_Puerto Rican Owl,Gymnasio nudipes,prsowl,Puerto Rican Owl,PRIO
Gymnobucco bonapartei_Gray-throated Barbet,Gymnobucco bonapartei,gytbar1,Grey-throated Barbet,
Gymnobucco calvus_Naked-faced Barbet,Gymnobucco calvus,nafbar1,Naked-faced Barbet,
Gymnocichla nudiceps_Bare-crowned Antbird,Gymnocichla nudiceps,bacant1,Bare-crowned Antbird,BACA
Gymnomystax mexicanus_Oriole Blackbird,Gymnomystax mexicanus,oribla1,Oriole Blackbird,
Gymnomyza brunneirostris_Duetting Giant-Honeyeater,Gymnomyza brunneirostris,duegih1,Duetting Giant Honeyeater,
Gymnomyza samoensis_Mao,Gymnomyza samoensis,mao1,Mao,
Gymnopithys bicolor_Bicolored Antbird,Gymnopithys bicolor,bicant2,Bicolored Antbird,BIAN
Gymnopithys leucaspis_White-cheeked Antbird,Gymnopithys leucaspis,whcant1,White-cheeked Antbird,
Gymnopithys rufigula_Rufous-throated Antbird,Gymnopithys rufigula,rutant4,Rufous-throated Antbird,
Gymnorhina tibicen_Australian Magpie,Gymnorhina tibicen,ausmag2,Australian Magpie,
Gymnorhinus cyanocephalus_Pinyon Jay,Gymnorhinus cyanocephalus,pinjay,Pinyon Jay,PIJA
Gymnoris dentata_Sahel Bush Sparrow,Gymnoris dentata,buspet1,Sahel Bush Sparrow,
Gymnoris pyrgita_Yellow-spotted Bush Sparrow,Gymnoris pyrgita,yespet1,Yellow-spotted Bush Sparrow,
Gymnoris superciliaris_Yellow-throated Bush Sparrow,Gymnoris superciliaris,yetpet1,Yellow-throated Bush Sparrow,
Gymnoris xanthocollis_Yellow-throated Sparrow,Gymnoris xanthocollis,chspet1,Yellow-throated Sparrow,
Gyps fulvus_Eurasian Griffon,Gyps fulvus,eurgri1,Griffon Vulture,
Gyps himalayensis_Himalayan Griffon,Gyps himalayensis,himgri1,Himalayan Vulture,
Gypsophila brevicaudata_Streaked Wren-Babbler,Gypsophila brevicaudata,stwbab1,Streaked Wren-Babbler,
Gypsophila rufipectus_Rusty-breasted Wren-Babbler,Gypsophila rufipectus,rbwbab1,Rusty-breasted Wren-Babbler,
Habia atrimaxillaris_Black-cheeked Ant-Tanager,Habia atrimaxillaris,,,
Habia cristata_Crested Ant-Tanager,Habia cristata,,,
Habia fuscicauda_Red-throated Ant-Tanager,Habia fuscicauda,,,
Habia gutturalis_Sooty Ant-Tanager,Habia gutturalis,,,
Habia rubica_Red-crowned Ant-Tanager,Habia rubica,rcatan1,Red-crowned Ant Tanager,RCAT
Haematopus ater_Blackish Oystercatcher,Haematopus ater,blaoys1,Blackish Oystercatcher,
Haematopus bachmani_Black Oystercatcher,Haematopus bachmani,blkoys,Black Oystercatcher,BLOY
Haematopus finschi_South Island Oystercatcher,Haematopus finschi,soioys1,South Island Oystercatcher,
Haematopus fuliginosus_Sooty Oystercatcher,Haematopus fuliginosus,soooys1,Sooty Oystercatcher,
Haematopus leucopodus_Magellanic Oystercatcher,Haematopus leucopodus,magoys1,Magellanic Oystercatcher,
Haematopus longirostris_Pied Oystercatcher,Haematopus longirostris,pieoys1,Pied Oystercatcher,
Haematopus ostralegus_Eurasian Oystercatcher,Haematopus ostralegus,euroys1,Eurasian Oystercatcher,EUOY
Haematopus palliatus_American Oystercatcher,Haematopus palliatus,ameoys,American Oystercatcher,AMOY
Haematopus unicolor_Variable Oystercatcher,Haematopus unicolor,varoys1,Variable Oystercatcher,
Haematortyx sanguiniceps_Crimson-headed Partridge,Haematortyx sanguiniceps,crhpar1,Crimson-headed Partridge,
Haemorhous cassinii_Cassin's Finch,Haemorhous cassinii,casfin,Cassin's Finch,CAFI
Haemorhous mexicanus_House Finch,Haemorhous mexicanus,houfin,House Finch,HOFI
Haemorhous purpureus_Purple Finch,Haemorhous purpureus,purfin,Purple Finch,PUFI
Hafferia fortis_Sooty Antbird,Hafferia fortis,sooant1,Sooty Antbird,
Hafferia immaculata_Blue-lored Antbird,Hafferia immaculata,immant1,Blue-lored Antbird,
Hafferia zeledoni_Zeledon's Antbird,Hafferia zeledoni,zelant1,Zeledon's Antbird,ZEAN
Halcyon albiventris_Brown-hooded Kingfisher,Halcyon albiventris,brhkin1,Brown-hooded Kingfisher,
Halcyon badia_Chocolate-backed Kingfisher,Halcyon badia,chbkin2,Chocolate-backed Kingfisher,
Halcyon chelicuti_Striped Kingfisher,Halcyon chelicuti,strkin1,Striped Kingfisher,
Halcyon coromanda_Ruddy Kingfisher,Halcyon coromanda,rudkin1,Ruddy Kingfisher,
Halcyon gularis_Brown-breasted Kingfisher,Halcyon gularis,bnbkin1,Brown-breasted Kingfisher,
Halcyon leucocephala_Gray-headed Kingfisher,Halcyon leucocephala,gyhkin1,Grey-headed Kingfisher,
Halcyon malimbica_Blue-breasted Kingfisher,Halcyon malimbica,blbkin4,Blue-breasted Kingfisher,
Halcyon pileata_Black-capped Kingfisher,Halcyon pileata,blckin1,Black-capped Kingfisher,
Halcyon senegalensis_Woodland Kingfisher,Halcyon senegalensis,wookin1,Woodland Kingfisher,
Halcyon smyrnensis_White-throated Kingfisher,Halcyon smyrnensis,whtkin2,White-throated Kingfisher,
Haliaeetus albicilla_White-tailed Eagle,Haliaeetus albicilla,whteag,White-tailed Eagle,WTEA
Haliaeetus humilis_Lesser Fish-Eagle,Haliaeetus humilis,,,
Haliaeetus ichthyaetus_Gray-headed Fish-Eagle,Haliaeetus ichthyaetus,,,
Haliaeetus leucocephalus_Bald Eagle,Haliaeetus leucocephalus,baleag,Bald Eagle,BAEA
Haliaeetus leucogaster_White-bellied Sea-Eagle,Haliaeetus leucogaster,,,
Haliaeetus pelagicus_Steller's Sea-Eagle,Haliaeetus pelagicus,stseag,Steller's Sea Eagle,STSE
Haliaeetus vocifer_African Fish-Eagle,Haliaeetus vocifer,,,
Haliastur indus_Brahminy Kite,Haliastur indus,brakit1,Brahminy Kite,
Haliastur sphenurus_Whistling Kite,Haliastur sphenurus,whikit1,Whistling Kite,
Hapalocrex flaviventer_Yellow-breasted Crake,Hapalocrex flaviventer,,,
Hapalopsittaca amazonina_Rusty-faced Parrot,Hapalopsittaca amazonina,rufpar2,Rusty-faced Parrot,
Hapalopsittaca fuertesi_Indigo-winged Parrot,Hapalopsittaca fuertesi,inwpar1,Fuertes's Parrot,
Hapaloptila castanea_White-faced Nunbird,Hapaloptila castanea,whfnun2,White-faced Nunbird,
Haplophaedia aureliae_Greenish Puffleg,Haplophaedia aureliae,grepuf1,Greenish Puffleg,GRPU
Haplospiza unicolor_Uniform Finch,Haplospiza unicolor,unifin1,Uniform Finch,
Harpactes ardens_Philippine Trogon,Harpactes ardens,phitro1,Philippine Trogon,
Harpactes diardii_Diard's Trogon,Harpactes diardii,diatro1,Diard's Trogon,
Harpactes duvaucelii_Scarlet-rumped Trogon,Harpactes duvaucelii,scrtro1,Scarlet-rumped Trogon,
Harpactes erythrocephalus_Red-headed Trogon,Harpactes erythrocephalus,rehtro1,Red-headed Trogon,
Harpactes fasciatus_Malabar Trogon,Harpactes fasciatus,maltro1,Malabar Trogon,
Harpactes kasumba_Red-naped Trogon,Harpactes kasumba,rentro1,Red-naped Trogon,
Harpactes oreskios_Orange-breasted Trogon,Harpactes oreskios,orbtro2,Orange-breasted Trogon,
Harpactes orrhophaeus_Cinnamon-rumped Trogon,Harpactes orrhophaeus,cirtro1,Cinnamon-rumped Trogon,
Harpactes wardi_Ward's Trogon,Harpactes wardi,wartro1,Ward's Trogon,
Harpagus bidentatus_Double-toothed Kite,Harpagus bidentatus,dotkit1,Double-toothed Kite,DTKI
Harpagus diodon_Rufous-thighed Kite,Harpagus diodon,rutkit1,Rufous-thighed Kite,
Harpia harpyja_Harpy Eagle,Harpia harpyja,hareag1,Harpy Eagle,HAEA
Harpyopsis novaeguineae_New Guinea Eagle,Harpyopsis novaeguineae,negeag1,Papuan Eagle,
Hedydipna collaris_Collared Sunbird,Hedydipna collaris,colsun2,Collared Sunbird,
Hedydipna metallica_Nile Valley Sunbird,Hedydipna metallica,nivsun2,Nile Valley Sunbird,
Hedydipna platura_Pygmy Sunbird,Hedydipna platura,pygsun2,Pygmy Sunbird,
Heliangelus amethysticollis_Amethyst-throated Sunangel,Heliangelus amethysticollis,amtsun3,Amethyst-throated Sunangel,
Heliangelus exortis_Tourmaline Sunangel,Heliangelus exortis,tousun1,Tourmaline Sunangel,
Heliangelus viola_Purple-throated Sunangel,Heliangelus viola,putsun1,Purple-throated Sunangel,
Helicolestes hamatus_Slender-billed Kite,Helicolestes hamatus,slbkit1,Slender-billed Kite,SBKI
Heliobletus contaminatus_Sharp-billed Treehunter,Heliobletus contaminatus,shbtre1,Sharp-billed Treehunter,
Heliodoxa jacula_Green-crowned Brilliant,Heliodoxa jacula,grcbri1,Green-crowned Brilliant,GCBR
Heliodoxa leadbeateri_Violet-fronted Brilliant,Heliodoxa leadbeateri,vifbri1,Violet-fronted Brilliant,
Heliodoxa rubinoides_Fawn-breasted Brilliant,Heliodoxa rubinoides,fabbri1,Fawn-breasted Brilliant,
Heliomaster constantii_Plain-capped Starthroat,Heliomaster constantii,plcsta,Plain-capped Starthroat,PCST
Heliomaster longirostris_Long-billed Starthroat,Heliomaster longirostris,lobsta1,Long-billed Starthroat,LBST
Heliornis fulica_Sungrebe,Heliornis fulica,sungre1,Sungrebe,SUNG
Heliothryx auritus_Black-eared Fairy,Heliothryx auritus,bkefai1,Black-eared Fairy,
Hellmayrea gularis_White-browed Spinetail,Hellmayrea gularis,whbspi2,White-browed Spinetail,
Helmitheros vermivorum_Worm-eating Warbler,Helmitheros vermivorum,woewar1,Worm-eating Warbler,WEWA
Helopsaltes certhiola_Pallas's Grasshopper Warbler,Helopsaltes certhiola,pagwar1,Pallas's Grasshopper Warbler,PGWA
Helopsaltes ochotensis_Middendorff's Grasshopper Warbler,Helopsaltes ochotensis,migwar,Middendorff's Grasshopper Warbler,MGRW
Helopsaltes pryeri_Marsh Grassbird,Helopsaltes pryeri,margra1,Marsh Grassbird,
Hemicircus canente_Heart-spotted Woodpecker,Hemicircus canente,heswoo1,Heart-spotted Woodpecker,
Hemicircus concretus_Gray-and-buff Woodpecker,Hemicircus concretus,gabwoo3,Grey-and-buff Woodpecker,
Hemignathus wilsoni_Akiapolaau,Hemignathus wilsoni,akiapo,Akiapolaau,AKIA
Hemiprocne comata_Whiskered Treeswift,Hemiprocne comata,whitre1,Whiskered Treeswift,
Hemiprocne coronata_Crested Treeswift,Hemiprocne coronata,cretre1,Crested Treeswift,
Hemiprocne longipennis_Gray-rumped Treeswift,Hemiprocne longipennis,gyrtre1,Grey-rumped Treeswift,
Hemiprocne mystacea_Moustached Treeswift,Hemiprocne mystacea,moutre1,Moustached Treeswift,
Hemipus hirundinaceus_Black-winged Flycatcher-shrike,Hemipus hirundinaceus,bwfshr2,Black-winged Flycatcher-shrike,
Hemipus picatus_Bar-winged Flycatcher-shrike,Hemipus picatus,bwfshr1,Bar-winged Flycatcher-shrike,
Hemithraupis flavicollis_Yellow-backed Tanager,Hemithraupis flavicollis,yebtan1,Yellow-backed Tanager,YBTA
Hemithraupis guira_Guira Tanager,Hemithraupis guira,guitan1,Guira Tanager,
Hemithraupis ruficapilla_Rufous-headed Tanager,Hemithraupis ruficapilla,ruhtan1,Rufous-headed Tanager,
Hemitriccus cinnamomeipectus_Cinnamon-breasted Tody-Tyrant,Hemitriccus cinnamomeipectus,cbttyr1,Cinnamon-breasted Tody-Tyrant,
Hemitriccus cohnhafti_Acre Tody-Tyrant,Hemitriccus cohnhafti,acrtot1,Acre Tody-Tyrant,
Hemitriccus diops_Drab-breasted Pygmy-Tyrant,Hemitriccus diops,drbpyt1,Drab-breasted Bamboo Tyrant,
Hemitriccus flammulatus_Flammulated Pygmy-Tyrant,Hemitriccus flammulatus,flapyt1,Flammulated Bamboo Tyrant,
Hemitriccus furcatus_Fork-tailed Pygmy-Tyrant,Hemitriccus furcatus,fotpyt1,Fork-tailed Tody-Tyrant,
Hemitriccus granadensis_Black-throated Tody-Tyrant,Hemitriccus granadensis,btttyr1,Black-throated Tody-Tyrant,
Hemitriccus griseipectus_White-bellied Tody-Tyrant,Hemitriccus griseipectus,whbtot1,White-bellied Tody-Tyrant,
Hemitriccus inornatus_Pelzeln's Tody-Tyrant,Hemitriccus inornatus,pettyr1,Pelzeln's Tody-Tyrant,
Hemitriccus iohannis_Johannes's Tody-Tyrant,Hemitriccus iohannis,jottyr1,Johannes's Tody-Tyrant,
Hemitriccus margaritaceiventer_Pearly-vented Tody-Tyrant,Hemitriccus margaritaceiventer,pvttyr1,Pearly-vented Tody-Tyrant,
Hemitriccus minimus_Zimmer's Tody-Tyrant,Hemitriccus minimus,zittyr1,Zimmer's Tody-Tyrant,
Hemitriccus minor_Snethlage's Tody-Tyrant,Hemitriccus minor,snttyr1,Snethlage's Tody-Tyrant,
Hemitriccus nidipendulus_Hangnest Tody-Tyrant,Hemitriccus nidipendulus,hattyr1,Hangnest Tody-Tyrant,
Hemitriccus obsoletus_Brown-breasted Pygmy-Tyrant,Hemitriccus obsoletus,bnbpyt1,Brown-breasted Bamboo Tyrant,
Hemitriccus orbitatus_Eye-ringed Tody-Tyrant,Hemitriccus orbitatus,erttyr1,Eye-ringed Tody-Tyrant,
Hemitriccus rufigularis_Buff-throated Tody-Tyrant,Hemitriccus rufigularis,btttyr2,Buff-throated Tody-Tyrant,
Hemitriccus spodiops_Yungas Tody-Tyrant,Hemitriccus spodiops,yuttyr1,Yungas Tody-Tyrant,
Hemitriccus striaticollis_Stripe-necked Tody-Tyrant,Hemitriccus striaticollis,snttyr2,Stripe-necked Tody-Tyrant,
Hemitriccus zosterops_White-eyed Tody-Tyrant,Hemitriccus zosterops,wettyr1,White-eyed Tody-Tyrant,
Hemixos castanonotus_Chestnut Bulbul,Hemixos castanonotus,chebul1,Chestnut Bulbul,
Hemixos cinereus_Cinereous Bulbul,Hemixos cinereus,cinbul1,Cinereous Bulbul,
Hemixos flavala_Ashy Bulbul,Hemixos flavala,ashbul1,Ashy Bulbul,
Henicorhina anachoreta_Hermit Wood-Wren,Henicorhina anachoreta,gybwow3,Hermit Wood Wren,
Henicorhina leucophrys_Gray-breasted Wood-Wren,Henicorhina leucophrys,gbwwre1,Grey-breasted Wood Wren,GBWW
Henicorhina leucoptera_Bar-winged Wood-Wren,Henicorhina leucoptera,bwwwre1,Bar-winged Wood Wren,
Henicorhina leucosticta_White-breasted Wood-Wren,Henicorhina leucosticta,wbwwre1,White-breasted Wood Wren,WBWW
Henicorhina negreti_Munchique Wood-Wren,Henicorhina negreti,munwow1,Munchique Wood Wren,
Herpetotheres cachinnans_Laughing Falcon,Herpetotheres cachinnans,laufal1,Laughing Falcon,LAFA
Herpsilochmus atricapillus_Black-capped Antwren,Herpsilochmus atricapillus,blcant2,Black-capped Antwren,
Herpsilochmus axillaris_Yellow-breasted Antwren,Herpsilochmus axillaris,yebant2,Yellow-breasted Antwren,
Herpsilochmus dorsimaculatus_Spot-backed Antwren,Herpsilochmus dorsimaculatus,spbant4,Spot-backed Antwren,
Herpsilochmus dugandi_Dugand's Antwren,Herpsilochmus dugandi,dugant1,Dugand's Antwren,
Herpsilochmus frater_Rusty-winged Antwren,Herpsilochmus frater,ruwant3,Rusty-winged Antwren,RWAN
Herpsilochmus gentryi_Ancient Antwren,Herpsilochmus gentryi,ancant1,Ancient Antwren,
Herpsilochmus longirostris_Large-billed Antwren,Herpsilochmus longirostris,labant1,Large-billed Antwren,
Herpsilochmus motacilloides_Creamy-bellied Antwren,Herpsilochmus motacilloides,crbant1,Creamy-bellied Antwren,
Herpsilochmus parkeri_Ash-throated Antwren,Herpsilochmus parkeri,astant1,Ash-throated Antwren,
Herpsilochmus pectoralis_Pectoral Antwren,Herpsilochmus pectoralis,pecant1,Pectoral Antwren,
Herpsilochmus pileatus_Bahia Antwren,Herpsilochmus pileatus,bahant1,Bahia Antwren,
Herpsilochmus roraimae_Roraiman Antwren,Herpsilochmus roraimae,rorant1,Roraiman Antwren,
Herpsilochmus rufimarginatus_Rufous-margined Antwren,Herpsilochmus rufimarginatus,ruwant4,Rufous-margined Antwren,
Herpsilochmus sellowi_Caatinga Antwren,Herpsilochmus sellowi,,,
Herpsilochmus stictocephalus_Todd's Antwren,Herpsilochmus stictocephalus,todant1,Todd's Antwren,
Herpsilochmus sticturus_Spot-tailed Antwren,Herpsilochmus sticturus,sptant1,Spot-tailed Antwren,
Heterocercus aurantiivertex_Orange-crowned Manakin,Heterocercus aurantiivertex,orcman3,Orange-crested Manakin,
Heterocercus flavivertex_Yellow-crowned Manakin,Heterocercus flavivertex,yecman2,Yellow-crested Manakin,
Heterocercus linteatus_Flame-crowned Manakin,Heterocercus linteatus,flcman2,Flame-crested Manakin,
Heteromyias albispecularis_Ashy Robin,Heteromyias albispecularis,gyhrob1,Ashy Robin,
Heteromyias cinereifrons_Gray-headed Robin,Heteromyias cinereifrons,gyhrob2,Grey-headed Robin,
Heterophasia auricularis_White-eared Sibia,Heterophasia auricularis,whesib1,White-eared Sibia,
Heterophasia capistrata_Rufous Sibia,Heterophasia capistrata,rufsib1,Rufous Sibia,
Heterophasia desgodinsi_Black-headed Sibia,Heterophasia desgodinsi,blhsib1,Black-headed Sibia,
Heterophasia gracilis_Gray Sibia,Heterophasia gracilis,grysib1,Grey Sibia,
Heterophasia melanoleuca_Black-backed Sibia,Heterophasia melanoleuca,blbsib1,Dark-backed Sibia,
Heterophasia picaoides_Long-tailed Sibia,Heterophasia picaoides,lotsib1,Long-tailed Sibia,
Heterophasia pulchella_Beautiful Sibia,Heterophasia pulchella,beasib1,Beautiful Sibia,
Heterospingus xanthopygius_Scarlet-browed Tanager,Heterospingus xanthopygius,scbtan2,Scarlet-browed Tanager,SBTA
Hieraaetus pennatus_Booted Eagle,Hieraaetus pennatus,booeag1,Booted Eagle,
Hierococcyx bocki_Dark Hawk-Cuckoo,Hierococcyx bocki,larhac1,Dark Hawk-Cuckoo,
Hierococcyx fugax_Malaysian Hawk-Cuckoo,Hierococcyx fugax,malhac1,Malaysian Hawk-Cuckoo,
Hierococcyx hyperythrus_Northern Hawk-Cuckoo,Hierococcyx hyperythrus,nohcuc1,Northern Hawk-Cuckoo,
Hierococcyx nisicolor_Hodgson's Hawk-Cuckoo,Hierococcyx nisicolor,hodhac1,Hodgson's Hawk-Cuckoo,
Hierococcyx pectoralis_Philippine Hawk-Cuckoo,Hierococcyx pectoralis,phhcuc1,Philippine Hawk-Cuckoo,
Hierococcyx sparverioides_Large Hawk-Cuckoo,Hierococcyx sparverioides,larhac2,Large Hawk-Cuckoo,
Hierococcyx vagans_Moustached Hawk-Cuckoo,Hierococcyx vagans,mohcuc1,Moustached Hawk-Cuckoo,
Hierococcyx varius_Common Hawk-Cuckoo,Hierococcyx varius,cohcuc1,Common Hawk-Cuckoo,
Himantopus himantopus_Black-winged Stilt,Himantopus himantopus,bkwsti,Black-winged Stilt,BWST
Himantopus leucocephalus_Pied Stilt,Himantopus leucocephalus,piesti1,Pied Stilt,
Himantopus mexicanus_Black-necked Stilt,Himantopus mexicanus,bknsti,Black-necked Stilt,BNST
Himatione sanguinea_Apapane,Himatione sanguinea,apapan,Apapane,APAP
Hippolais icterina_Icterine Warbler,Hippolais icterina,ictwar1,Icterine Warbler,ICWA
Hippolais languida_Upcher's Warbler,Hippolais languida,upcwar1,Upcher's Warbler,
Hippolais olivetorum_Olive-tree Warbler,Hippolais olivetorum,oltwar1,Olive-tree Warbler,
Hippolais polyglotta_Melodious Warbler,Hippolais polyglotta,melwar1,Melodious Warbler,
Hirundapus caudacutus_White-throated Needletail,Hirundapus caudacutus,whtnee,White-throated Needletail,WTNE
Hirundapus giganteus_Brown-backed Needletail,Hirundapus giganteus,brbnee1,Brown-backed Needletail,
Hirundinea ferruginea_Cliff Flycatcher,Hirundinea ferruginea,clifly1,Cliff Flycatcher,
Hirundo angolensis_Angola Swallow,Hirundo angolensis,angswa1,Angola Swallow,
Hirundo neoxena_Welcome Swallow,Hirundo neoxena,welswa1,Welcome Swallow,
Hirundo rustica_Barn Swallow,Hirundo rustica,barswa,Barn Swallow,BARS
Hirundo smithii_Wire-tailed Swallow,Hirundo smithii,witswa1,Wire-tailed Swallow,
Hirundo tahitica_Pacific Swallow,Hirundo tahitica,pacswa5,Tahiti Swallow,
Histrionicus histrionicus_Harlequin Duck,Histrionicus histrionicus,harduc,Harlequin Duck,HADU
Histurgops ruficauda_Rufous-tailed Weaver,Histurgops ruficauda,rutwea1,Rufous-tailed Weaver,
Horizocerus albocristatus_White-crested Hornbill,Horizocerus albocristatus,whchor1,Western Long-tailed Hornbill,
Horornis acanthizoides_Yellowish-bellied Bush Warbler,Horornis acanthizoides,ybbwar1,Yellow-bellied Bush Warbler,
Horornis annae_Palau Bush Warbler,Horornis annae,pabwar1,Palau Bush Warbler,
Horornis brunnescens_Hume's Bush Warbler,Horornis brunnescens,yebbuw2,Hume's Bush Warbler,
Horornis canturians_Manchurian Bush Warbler,Horornis canturians,manbuw1,Manchurian Bush Warbler,
Horornis diphone_Japanese Bush Warbler,Horornis diphone,jabwar,Japanese Bush Warbler,JBWA
Horornis flavolivaceus_Aberrant Bush Warbler,Horornis flavolivaceus,abbwar1,Aberrant Bush Warbler,
Horornis fortipes_Brownish-flanked Bush Warbler,Horornis fortipes,bfbwar1,Brown-flanked Bush Warbler,
Horornis ruficapilla_Fiji Bush Warbler,Horornis ruficapilla,fibwar1,Fiji Bush Warbler,
Horornis seebohmi_Philippine Bush Warbler,Horornis seebohmi,phbwar1,Philippine Bush Warbler,
Horornis vulcanius_Sunda Bush Warbler,Horornis vulcanius,,,
Human non-vocal_Human non-vocal,Human non-vocal,,,
Human vocal_Human vocal,Human vocal,,,
Human whistle_Human whistle,Human whistle,,,
Hydrobates castro_Band-rumped Storm-Petrel,Hydrobates castro,barpet,Band-rumped Storm Petrel,BSTP
Hydrobates leucorhous_Leach's Storm-Petrel,Hydrobates leucorhous,lcspet,Leach's Storm Petrel,LESP
Hydrobates monorhis_Swinhoe's Storm-Petrel,Hydrobates monorhis,swspet,Swinhoe's Storm Petrel,SSTP
Hydrobates pelagicus_European Storm-Petrel,Hydrobates pelagicus,bripet,European Storm Petrel,EUSP
Hydrobates tristrami_Tristram's Storm-Petrel,Hydrobates tristrami,trspet,Tristram's Storm Petrel,TRSP
Hydrocoloeus minutus_Little Gull,Hydrocoloeus minutus,litgul,Little Gull,LIGU
Hydrophasianus chirurgus_Pheasant-tailed Jacana,Hydrophasianus chirurgus,phtjac1,Pheasant-tailed Jacana,
Hydroprogne caspia_Caspian Tern,Hydroprogne caspia,caster1,Caspian Tern,CATE
Hydropsalis cayennensis_White-tailed Nightjar,Hydropsalis cayennensis,whtnig1,White-tailed Nightjar,WTNI
Hydropsalis climacocerca_Ladder-tailed Nightjar,Hydropsalis climacocerca,latnig1,Ladder-tailed Nightjar,
Hydropsalis maculicaudus_Spot-tailed Nightjar,Hydropsalis maculicaudus,,,
Hydropsalis torquata_Scissor-tailed Nightjar,Hydropsalis torquata,sctnig2,Scissor-tailed Nightjar,
Hydrornis baudii_Blue-headed Pitta,Hydrornis baudii,blhpit1,Blue-headed Pitta,
Hydrornis caeruleus_Giant Pitta,Hydrornis caeruleus,giapit1,Giant Pitta,
Hydrornis cyaneus_Blue Pitta,Hydrornis cyaneus,blupit1,Blue Pitta,
Hydrornis elliotii_Bar-bellied Pitta,Hydrornis elliotii,babpit1,Bar-bellied Pitta,
Hydrornis irena_Malayan Banded-Pitta,Hydrornis irena,banpit3,Malayan Banded Pitta,
Hydrornis nipalensis_Blue-naped Pitta,Hydrornis nipalensis,blnpit1,Blue-naped Pitta,
Hydrornis oatesi_Rusty-naped Pitta,Hydrornis oatesi,runpit1,Rusty-naped Pitta,
Hydrornis schwaneri_Bornean Banded-Pitta,Hydrornis schwaneri,banpit4,Bornean Banded Pitta,
Hydrornis soror_Blue-rumped Pitta,Hydrornis soror,blrpit1,Blue-rumped Pitta,
Hylacola cauta_Shy Heathwren,Hylacola cauta,shyhea1,Shy Heathwren,
Hylexetastes perrotii_Red-billed Woodcreeper,Hylexetastes perrotii,rebwoo1,Red-billed Woodcreeper,
Hylexetastes stresemanni_Bar-bellied Woodcreeper,Hylexetastes stresemanni,babwoo1,Bar-bellied Woodcreeper,
Hylexetastes uniformis_Uniform Woodcreeper,Hylexetastes uniformis,uniwoo1,Uniform Woodcreeper,
Hylia prasina_Green Hylia,Hylia prasina,grehyl1,Green Hylia,
Hyliola regilla_Pacific Chorus Frog,Hyliola regilla,,,
Hylocharis chrysura_Gilded Hummingbird,Hylocharis chrysura,gilhum1,Gilded Sapphire,
Hylocharis sapphirina_Rufous-throated Sapphire,Hylocharis sapphirina,rutsap1,Rufous-throated Sapphire,
Hylocichla mustelina_Wood Thrush,Hylocichla mustelina,woothr,Wood Thrush,WOTH
Hylomanes momotula_Tody Motmot,Hylomanes momotula,todmot1,Tody Motmot,TOMO
Hylopezus macularius_Spotted Antpitta,Hylopezus macularius,spoant6,Spotted Antpitta,
Hylopezus ochroleucus_White-browed Antpitta,Hylopezus ochroleucus,whbant7,White-browed Antpitta,
Hylopezus paraensis_Snethlage's Antpitta,Hylopezus paraensis,spoant5,Snethlage's Antpitta,
Hylopezus perspicillatus_Streak-chested Antpitta,Hylopezus perspicillatus,stcant2,Streak-chested Antpitta,SCHA
Hylopezus whittakeri_Alta Floresta Antpitta,Hylopezus whittakeri,alfant1,Alta Floresta Antpitta,
Hylophilus amaurocephalus_Gray-eyed Greenlet,Hylophilus amaurocephalus,gyegre1,Grey-eyed Greenlet,
Hylophilus brunneiceps_Brown-headed Greenlet,Hylophilus brunneiceps,brhgre1,Brown-headed Greenlet,
Hylophilus flavipes_Scrub Greenlet,Hylophilus flavipes,scrgre1,Scrub Greenlet,SCRG
Hylophilus olivaceus_Olivaceous Greenlet,Hylophilus olivaceus,oligre1,Olivaceous Greenlet,
Hylophilus pectoralis_Ashy-headed Greenlet,Hylophilus pectoralis,ashgre1,Ashy-headed Greenlet,
Hylophilus poicilotis_Rufous-crowned Greenlet,Hylophilus poicilotis,rucgre1,Rufous-crowned Greenlet,
Hylophilus semicinereus_Gray-chested Greenlet,Hylophilus semicinereus,gycgre1,Grey-chested Greenlet,
Hylophilus thoracicus_Lemon-chested Greenlet,Hylophilus thoracicus,lecgre2,Lemon-chested Greenlet,
Hylophylax naevioides_Spotted Antbird,Hylophylax naevioides,spoant1,Spotted Antbird,SPAN
Hylophylax naevius_Spot-backed Antbird,Hylophylax naevius,spbant6,Spot-backed Antbird,
Hylophylax punctulatus_Dot-backed Antbird,Hylophylax punctulatus,dobant2,Dot-backed Antbird,
Hylorchilus navai_Nava's Wren,Hylorchilus navai,navwre1,Nava's Wren,NAWR
Hylorchilus sumichrasti_Sumichrast's Wren,Hylorchilus sumichrasti,sumwre1,Sumichrast's Wren,SUWR
Hymenops perspicillatus_Spectacled Tyrant,Hymenops perspicillatus,spetyr1,Spectacled Tyrant,
Hypargos niveoguttatus_Peters's Twinspot,Hypargos niveoguttatus,pettwi1,Red-throated Twinspot,
Hypergerus atriceps_Oriole Warbler,Hypergerus atriceps,oriwar2,Oriole Warbler,
Hypnelus ruficollis_Russet-throated Puffbird,Hypnelus ruficollis,rutpuf1,Russet-throated Puffbird,
Hypocnemis cantator_Guianan Warbling-Antbird,Hypocnemis cantator,guiwaa1,Guianan Warbling Antbird,
Hypocnemis flavescens_Imeri Warbling-Antbird,Hypocnemis flavescens,imewaa1,Imeri Warbling Antbird,
Hypocnemis hypoxantha_Yellow-browed Antbird,Hypocnemis hypoxantha,yebant3,Yellow-browed Antbird,
Hypocnemis ochrogyna_Rondonia Warbling-Antbird,Hypocnemis ochrogyna,ronwaa1,Rondonia Warbling Antbird,
Hypocnemis peruviana_Peruvian Warbling-Antbird,Hypocnemis peruviana,perwaa1,Peruvian Warbling Antbird,
Hypocnemis striata_Spix's Warbling-Antbird,Hypocnemis striata,spiwaa1,Spix's Warbling Antbird,
Hypocnemis subflava_Yellow-breasted Warbling-Antbird,Hypocnemis subflava,yebwaa1,Yellow-breasted Warbling Antbird,
Hypocnemoides maculicauda_Band-tailed Antbird,Hypocnemoides maculicauda,batant1,Band-tailed Antbird,
Hypocnemoides melanopogon_Black-chinned Antbird,Hypocnemoides melanopogon,blcant3,Black-chinned Antbird,
Hypocolius ampelinus_Hypocolius,Hypocolius ampelinus,hypoco1,Grey Hypocolius,
Hypoedaleus guttatus_Spot-backed Antshrike,Hypoedaleus guttatus,spbant3,Spot-backed Antshrike,
Hypopyrrhus pyrohypogaster_Red-bellied Grackle,Hypopyrrhus pyrohypogaster,rebgra1,Red-bellied Grackle,
Hypothymis azurea_Black-naped Monarch,Hypothymis azurea,blnmon1,Black-naped Monarch,
Hypothymis puella_Pale-blue Monarch,Hypothymis puella,pabmon1,Pale-blue Monarch,
Hypsipetes amaurotis_Brown-eared Bulbul,Hypsipetes amaurotis,brebul1,Brown-eared Bulbul,
Hypsipetes everetti_Yellowish Bulbul,Hypsipetes everetti,yelbul1,Yellowish Bulbul,
Hypsipetes ganeesa_Square-tailed Bulbul,Hypsipetes ganeesa,sqtbul1,Square-tailed Bulbul,
Hypsipetes leucocephalus_Black Bulbul,Hypsipetes leucocephalus,blabul1,Black Bulbul,
Hypsipetes madagascariensis_Malagasy Bulbul,Hypsipetes madagascariensis,madbul1,Malagasy Bulbul,
Hypsipetes olivaceus_Mauritius Bulbul,Hypsipetes olivaceus,maubul1,Mauritius Bulbul,
Hypsipetes philippinus_Philippine Bulbul,Hypsipetes philippinus,phibul1,Philippine Bulbul,
Ianthocincla maxima_Giant Laughingthrush,Ianthocincla maxima,gialau1,Giant Laughingthrush,
Ianthocincla ocellata_Spotted Laughingthrush,Ianthocincla ocellata,spolau1,Spotted Laughingthrush,
Ianthocincla rufogularis_Rufous-chinned Laughingthrush,Ianthocincla rufogularis,ruclau1,Rufous-chinned Laughingthrush,
Ibidorhyncha struthersii_Ibisbill,Ibidorhyncha struthersii,ibisbi1,Ibisbill,
Ibycter americanus_Red-throated Caracara,Ibycter americanus,retcar2,Red-throated Caracara,RTCA
Ichthyaetus audouinii_Audouin's Gull,Ichthyaetus audouinii,audgul1,Audouin's Gull,
Ichthyaetus melanocephalus_Mediterranean Gull,Ichthyaetus melanocephalus,medgul1,Mediterranean Gull,
Icteria virens_Yellow-breasted Chat,Icteria virens,yebcha,Yellow-breasted Chat,YBCH
Icterus abeillei_Black-backed Oriole,Icterus abeillei,blbori1,Black-backed Oriole,BBOR
Icterus auratus_Orange Oriole,Icterus auratus,oraori1,Orange Oriole,ORAO
Icterus auricapillus_Orange-crowned Oriole,Icterus auricapillus,orcori1,Orange-crowned Oriole,OCOR
Icterus bullockii_Bullock's Oriole,Icterus bullockii,,,
Icterus cayanensis_Epaulet Oriole,Icterus cayanensis,epaori1,Epaulet Oriole,
Icterus chrysater_Yellow-backed Oriole,Icterus chrysater,yebori1,Yellow-backed Oriole,YBOR
Icterus croconotus_Orange-backed Troupial,Icterus croconotus,orbtro3,Orange-backed Troupial,
Icterus cucullatus_Hooded Oriole,Icterus cucullatus,hooori,Hooded Oriole,HOOR
Icterus galbula_Baltimore Oriole,Icterus galbula,balori,Baltimore Oriole,BAOR
Icterus graceannae_White-edged Oriole,Icterus graceannae,wheori1,White-edged Oriole,
Icterus graduacauda_Audubon's Oriole,Icterus graduacauda,audori,Audubon's Oriole,AUOR
Icterus gularis_Altamira Oriole,Icterus gularis,altori,Altamira Oriole,ALOR
Icterus icterus_Venezuelan Troupial,Icterus icterus,ventro1,Venezuelan Troupial,VETR
Icterus jamacaii_Campo Troupial,Icterus jamacaii,camtro1,Campo Troupial,
Icterus leucopteryx_Jamaican Oriole,Icterus leucopteryx,jamori1,Jamaican Oriole,JAOR
Icterus mesomelas_Yellow-tailed Oriole,Icterus mesomelas,yetori1,Yellow-tailed Oriole,YTOR
Icterus nigrogularis_Yellow Oriole,Icterus nigrogularis,yelori1,Yellow Oriole,
Icterus parisorum_Scott's Oriole,Icterus parisorum,scoori,Scott's Oriole,SCOR
Icterus pectoralis_Spot-breasted Oriole,Icterus pectoralis,spbori,Spot-breasted Oriole,SBOR
Icterus portoricensis_Puerto Rican Oriole,Icterus portoricensis,graori4,Puerto Rican Oriole,PROR
Icterus prosthemelas_Black-cowled Oriole,Icterus prosthemelas,bkcori,Black-cowled Oriole,BCOR
Icterus pustulatus_Streak-backed Oriole,Icterus pustulatus,stbori,Streak-backed Oriole,SBAO
Icterus pyrrhopterus_Variable Oriole,Icterus pyrrhopterus,epaori4,Variable Oriole,
Icterus spurius_Orchard Oriole,Icterus spurius,orcori,Orchard Oriole,OROR
Icterus wagleri_Black-vented Oriole,Icterus wagleri,bkvori,Black-vented Oriole,BVOR
Ictinaetus malaiensis_Black Eagle,Ictinaetus malaiensis,blaeag1,Black Eagle,
Ictinia mississippiensis_Mississippi Kite,Ictinia mississippiensis,miskit,Mississippi Kite,MIKI
Ictinia plumbea_Plumbeous Kite,Ictinia plumbea,plukit1,Plumbeous Kite,PLKI
Iduna caligata_Booted Warbler,Iduna caligata,boowar1,Booted Warbler,
Iduna natalensis_African Yellow-Warbler,Iduna natalensis,afywar1,African Yellow Warbler,
Iduna opaca_Western Olivaceous Warbler,Iduna opaca,weowar1,Western Olivaceous Warbler,
Iduna pallida_Eastern Olivaceous Warbler,Iduna pallida,eaowar1,Eastern Olivaceous Warbler,
Iduna rama_Sykes's Warbler,Iduna rama,sykwar2,Sykes's Warbler,
Iduna similis_Mountain Yellow-Warbler,Iduna similis,moywar1,Mountain Yellow Warbler,
Ifrita kowaldi_Blue-capped Ifrita,Ifrita kowaldi,bucifr1,Blue-capped Ifrit,
Ilicura militaris_Pin-tailed Manakin,Ilicura militaris,pitman1,Pin-tailed Manakin,
Illadopsis albipectus_Scaly-breasted Illadopsis,Illadopsis albipectus,scbill1,Scaly-breasted Illadopsis,
Illadopsis cleaveri_Blackcap Illadopsis,Illadopsis cleaveri,blaill1,Blackcap Illadopsis,
Illadopsis fulvescens_Brown Illadopsis,Illadopsis fulvescens,broill1,Brown Illadopsis,
Illadopsis puveli_Puvel's Illadopsis,Illadopsis puveli,puvill1,Puvel's Illadopsis,
Illadopsis pyrrhoptera_Mountain Illadopsis,Illadopsis pyrrhoptera,mouill1,Mountain Illadopsis,
Illadopsis rufipennis_Pale-breasted Illadopsis,Illadopsis rufipennis,pabill1,Pale-breasted Illadopsis,
Incaspiza laeta_Buff-bridled Inca-Finch,Incaspiza laeta,bbifin1,Buff-bridled Inca Finch,
Incaspiza ortizi_Gray-winged Inca-Finch,Incaspiza ortizi,gywinf1,Grey-winged Inca Finch,
Incaspiza personata_Rufous-backed Inca-Finch,Incaspiza personata,rbifin1,Rufous-backed Inca Finch,
Incilius valliceps_Gulf Coast Toad,Incilius valliceps,,,
Indicator indicator_Greater Honeyguide,Indicator indicator,grehon2,Greater Honeyguide,
Indicator minor_Lesser Honeyguide,Indicator minor,y00400,Lesser Honeyguide,
Indicator variegatus_Scaly-throated Honeyguide,Indicator variegatus,scthon1,Scaly-throated Honeyguide,
Inezia caudata_Pale-tipped Tyrannulet,Inezia caudata,pattyr3,Pale-tipped Inezia,
Inezia inornata_Plain Tyrannulet,Inezia inornata,platyr1,Plain Inezia,
Inezia subflava_Amazonian Tyrannulet,Inezia subflava,amatyr1,Amazonian Inezia,
Inezia tenuirostris_Slender-billed Tyrannulet,Inezia tenuirostris,slbtyr1,Slender-billed Inezia,
Iodopleura isabellae_White-browed Purpletuft,Iodopleura isabellae,whbpur1,White-browed Purpletuft,
Iodopleura pipra_Buff-throated Purpletuft,Iodopleura pipra,butpur1,Buff-throated Purpletuft,
Iole crypta_Buff-vented Bulbul,Iole crypta,buvbul1,Buff-vented Bulbul,
Iole indica_Yellow-browed Bulbul,Iole indica,,,
Iole propinqua_Gray-eyed Bulbul,Iole propinqua,gyebul1,Grey-eyed Bulbul,
Iole viridescens_Olive Bulbul,Iole viridescens,olibul1,Olive Bulbul,
Irania gutturalis_White-throated Robin,Irania gutturalis,whtrob3,White-throated Robin,
Irena cyanogastra_Philippine Fairy-bluebird,Irena cyanogastra,phifab1,Philippine Fairy-bluebird,
Irena puella_Asian Fairy-bluebird,Irena puella,asfblu1,Asian Fairy-bluebird,
Iridosornis analis_Yellow-throated Tanager,Iridosornis analis,yettan1,Yellow-throated Tanager,
Iridosornis porphyrocephalus_Purplish-mantled Tanager,Iridosornis porphyrocephalus,pumtan2,Purplish-mantled Tanager,
Iridosornis rufivertex_Golden-crowned Tanager,Iridosornis rufivertex,goctan4,Golden-crowned Tanager,
Isleria guttata_Rufous-bellied Antwren,Isleria guttata,rubant3,Rufous-bellied Antwren,
Isleria hauxwelli_Plain-throated Antwren,Isleria hauxwelli,pltant1,Plain-throated Antwren,
Ithaginis cruentus_Blood Pheasant,Ithaginis cruentus,blophe1,Blood Pheasant,
Ixobrychus cinnamomeus_Cinnamon Bittern,Ixobrychus cinnamomeus,,,
Ixobrychus dubius_Black-backed Bittern,Ixobrychus dubius,,,
Ixobrychus eurhythmus_Schrenck's Bittern,Ixobrychus eurhythmus,,,
Ixobrychus exilis_Least Bittern,Ixobrychus exilis,,,
Ixobrychus flavicollis_Black Bittern,Ixobrychus flavicollis,,,
Ixobrychus involucris_Stripe-backed Bittern,Ixobrychus involucris,,,
Ixobrychus minutus_Little Bittern,Ixobrychus minutus,,,
Ixobrychus sinensis_Yellow Bittern,Ixobrychus sinensis,,,
Ixonotus guttatus_Spotted Greenbul,Ixonotus guttatus,spogre1,Spotted Greenbul,
Ixoreus naevius_Varied Thrush,Ixoreus naevius,varthr,Varied Thrush,VATH
Ixos malaccensis_Streaked Bulbul,Ixos malaccensis,strbul1,Streaked Bulbul,
Ixos mcclellandii_Mountain Bulbul,Ixos mcclellandii,moubul2,Mountain Bulbul,
Ixothraupis guttata_Speckled Tanager,Ixothraupis guttata,spetan1,Speckled Tanager,SPTA
Ixothraupis punctata_Spotted Tanager,Ixothraupis punctata,spotan1,Spotted Tanager,
Ixothraupis rufigula_Rufous-throated Tanager,Ixothraupis rufigula,ruttan1,Rufous-throated Tanager,
Ixothraupis varia_Dotted Tanager,Ixothraupis varia,dottan1,Dotted Tanager,
Jabiru mycteria_Jabiru,Jabiru mycteria,jabiru,Jabiru,JABI
Jacamaralcyon tridactyla_Three-toed Jacamar,Jacamaralcyon tridactyla,thtjac1,Three-toed Jacamar,
Jacamerops aureus_Great Jacamar,Jacamerops aureus,grejac2,Great Jacamar,GREJ
Jacana jacana_Wattled Jacana,Jacana jacana,watjac1,Wattled Jacana,WAJA
Jacana spinosa_Northern Jacana,Jacana spinosa,norjac,Northern Jacana,NOJA
Junco hyemalis_Dark-eyed Junco,Junco hyemalis,daejun,Dark-eyed Junco,DEJU
Junco phaeonotus_Yellow-eyed Junco,Junco phaeonotus,yeejun,Yellow-eyed Junco,YEJU
Jynx ruficollis_Rufous-necked Wryneck,Jynx ruficollis,runwry1,Red-throated Wryneck,
Jynx torquilla_Eurasian Wryneck,Jynx torquilla,eurwry,Eurasian Wryneck,EUWR
Kakamega poliothorax_Gray-chested Babbler,Kakamega poliothorax,gycill1,Grey-chested Babbler,
Kaupifalco monogrammicus_Lizard Buzzard,Kaupifalco monogrammicus,lizbuz1,Lizard Buzzard,
Kenopia striata_Striped Wren-Babbler,Kenopia striata,stwbab3,Striped Wren-Babbler,
Ketupa blakistoni_Blakiston's Fish-Owl,Ketupa blakistoni,blfowl1,Blakiston's Fish Owl,
Ketupa ketupu_Buffy Fish-Owl,Ketupa ketupu,bufowl2,Buffy Fish Owl,
Ketupa zeylonensis_Brown Fish-Owl,Ketupa zeylonensis,brfowl1,Brown Fish Owl,
Klais guimeti_Violet-headed Hummingbird,Klais guimeti,vihhum1,Violet-headed Hummingbird,VHHU
Kleinothraupis atropileus_Black-capped Hemispingus,Kleinothraupis atropileus,blchem1,Black-capped Hemispingus,
Kleinothraupis parodii_Parodi's Hemispingus,Kleinothraupis parodii,parhem1,Parodi's Hemispingus,
Knipolegus aterrimus_White-winged Black-Tyrant,Knipolegus aterrimus,whwblt1,White-winged Black Tyrant,
Knipolegus hudsoni_Hudson's Black-Tyrant,Knipolegus hudsoni,hubtyr1,Hudson's Black Tyrant,
Knipolegus orenocensis_Riverside Tyrant,Knipolegus orenocensis,rivtyr2,Riverside Tyrant,
Knipolegus poecilurus_Rufous-tailed Tyrant,Knipolegus poecilurus,ruttyr1,Rufous-tailed Tyrant,
Kurochkinegramma hypogrammicum_Purple-naped Spiderhunter,Kurochkinegramma hypogrammicum,punsun1,Purple-naped Spiderhunter,
Lacedo pulchella_Banded Kingfisher,Lacedo pulchella,bankin1,Banded Kingfisher,
Lafresnaya lafresnayi_Mountain Velvetbreast,Lafresnaya lafresnayi,mouvel1,Mountain Velvetbreast,
Lagonosticta rhodopareia_Jameson's Firefinch,Lagonosticta rhodopareia,jamfir1,Jameson's Firefinch,
Lagonosticta rubricata_African Firefinch,Lagonosticta rubricata,afffin,African Firefinch,
Lagonosticta senegala_Red-billed Firefinch,Lagonosticta senegala,rebfir2,Red-billed Firefinch,
Lagopus lagopus_Willow Ptarmigan,Lagopus lagopus,wilpta,Willow Ptarmigan,WIPT
Lagopus leucura_White-tailed Ptarmigan,Lagopus leucura,whtpta1,White-tailed Ptarmigan,WTPT
Lagopus muta_Rock Ptarmigan,Lagopus muta,rocpta1,Rock Ptarmigan,ROPT
Lalage aurea_Rufous-bellied Triller,Lalage aurea,rubtri1,Rufous-bellied Triller,
Lalage fimbriata_Lesser Cuckooshrike,Lalage fimbriata,lescus1,Lesser Cuckooshrike,
Lalage leucomela_Varied Triller,Lalage leucomela,vartri1,Varied Triller,
Lalage leucopyga_Long-tailed Triller,Lalage leucopyga,lottri1,Long-tailed Triller,
Lalage maculosa_Polynesian Triller,Lalage maculosa,poltri1,Polynesian Triller,
Lalage melanoptera_Black-headed Cuckooshrike,Lalage melanoptera,bkhcus1,Black-headed Cuckooshrike,
Lalage melaschistos_Black-winged Cuckooshrike,Lalage melaschistos,bkwcus1,Black-winged Cuckooshrike,
Lalage nigra_Pied Triller,Lalage nigra,pietri1,Pied Triller,
Lalage tricolor_White-winged Triller,Lalage tricolor,whwtri1,White-winged Triller,
Lampornis amethystinus_Amethyst-throated Mountain-gem,Lampornis amethystinus,amthum1,Amethyst-throated Mountaingem,ATMG
Lampornis clemenciae_Blue-throated Mountain-gem,Lampornis clemenciae,buthum,Blue-throated Mountaingem,BTMG
Lampornis sybillae_Green-breasted Mountain-gem,Lampornis sybillae,gbmgem1,Green-breasted Mountaingem,GBMG
Lampornis viridipallens_Green-throated Mountain-gem,Lampornis viridipallens,gtmgem1,Green-throated Mountaingem,GTMG
Lampropsar tanagrinus_Velvet-fronted Grackle,Lampropsar tanagrinus,vefgra1,Velvet-fronted Grackle,
Lamprospiza melanoleuca_Red-billed Pied Tanager,Lamprospiza melanoleuca,rbptan1,Red-billed Pied Tanager,
Lamprotornis australis_Burchell's Starling,Lamprotornis australis,bugsta1,Burchell's Starling,
Lamprotornis bicolor_African Pied Starling,Lamprotornis bicolor,afpsta1,Pied Starling,
Lamprotornis caudatus_Long-tailed Glossy Starling,Lamprotornis caudatus,ltgsta1,Long-tailed Glossy Starling,
Lamprotornis chalybaeus_Greater Blue-eared Starling,Lamprotornis chalybaeus,gbesta1,Greater Blue-eared Starling,
Lamprotornis chloropterus_Lesser Blue-eared Starling,Lamprotornis chloropterus,lbesta1,Lesser Blue-eared Starling,
Lamprotornis hildebrandti_Hildebrandt's Starling,Lamprotornis hildebrandti,hilsta1,Hildebrandt's Starling,
Lamprotornis mevesii_Meves's Starling,Lamprotornis mevesii,megsta1,Meves's Starling,
Lamprotornis nitens_Cape Starling,Lamprotornis nitens,capgls1,Cape Starling,
Lamprotornis purpuroptera_Rüppell's Starling,Lamprotornis purpuroptera,ruegls1,Rüppell's Starling,
Lamprotornis splendidus_Splendid Starling,Lamprotornis splendidus,spgsta1,Splendid Starling,
Lamprotornis superbus_Superb Starling,Lamprotornis superbus,supsta1,Superb Starling,
Lamprotornis unicolor_Ashy Starling,Lamprotornis unicolor,ashsta2,Ashy Starling,
Laniarius aethiopicus_Ethiopian Boubou,Laniarius aethiopicus,trobou2,Ethiopian Boubou,
Laniarius atrococcineus_Crimson-breasted Gonolek,Laniarius atrococcineus,crbgon1,Crimson-breasted Shrike,
Laniarius atroflavus_Yellow-breasted Boubou,Laniarius atroflavus,yebbou1,Yellow-breasted Boubou,
Laniarius barbarus_Yellow-crowned Gonolek,Laniarius barbarus,comgon1,Yellow-crowned Gonolek,
Laniarius bicolor_Gabon Boubou,Laniarius bicolor,gabbou1,Swamp Boubou,
Laniarius erythrogaster_Black-headed Gonolek,Laniarius erythrogaster,blhgon1,Black-headed Gonolek,
Laniarius ferrugineus_Southern Boubou,Laniarius ferrugineus,soubou1,Southern Boubou,
Laniarius fuelleborni_Fülleborn's Boubou,Laniarius fuelleborni,fuebou1,Fülleborn's Boubou,
Laniarius funebris_Slate-colored Boubou,Laniarius funebris,slcbou1,Slate-colored Boubou,
Laniarius luehderi_Lühder's Bushshrike,Laniarius luehderi,luebus1,Lühder's Bushshrike,
Laniarius major_Tropical Boubou,Laniarius major,trobou1,Tropical Boubou,
Laniarius mufumbiri_Papyrus Gonolek,Laniarius mufumbiri,papgon1,Papyrus Gonolek,
Laniarius poensis_Western Boubou,Laniarius poensis,mosbou1,Mountain Sooty Boubou,
Laniarius sublacteus_Zanzibar Boubou,Laniarius sublacteus,zanbou1,East Coast Boubou,
Laniisoma elegans_Shrike-like Cotinga,Laniisoma elegans,shlcot3,Brazilian Laniisoma,
Lanio aurantius_Black-throated Shrike-Tanager,Lanio aurantius,btstan1,Black-throated Shrike-Tanager,BTST
Lanio fulvus_Fulvous Shrike-Tanager,Lanio fulvus,fustan1,Fulvous Shrike-Tanager,
Lanio leucothorax_White-throated Shrike-Tanager,Lanio leucothorax,wtstan1,White-throated Shrike-Tanager,WTST
Lanio versicolor_White-winged Shrike-Tanager,Lanio versicolor,wwstan1,White-winged Shrike-Tanager,
Laniocera hypopyrra_Cinereous Mourner,Laniocera hypopyrra,cinmou1,Cinereous Mourner,
Laniocera rufescens_Speckled Mourner,Laniocera rufescens,spemou1,Speckled Mourner,SPMO
Lanius borealis_Northern Shrike,Lanius borealis,norshr4,Northern Shrike,NSHR
Lanius bucephalus_Bull-headed Shrike,Lanius bucephalus,buhshr1,Bull-headed Shrike,
Lanius cabanisi_Long-tailed Fiscal,Lanius cabanisi,lotfis1,Long-tailed Fiscal,
Lanius collaris_Southern Fiscal,Lanius collaris,soufis1,Southern Fiscal,
Lanius collurio_Red-backed Shrike,Lanius collurio,rebshr1,Red-backed Shrike,RBSH
Lanius collurioides_Burmese Shrike,Lanius collurioides,burshr1,Burmese Shrike,
Lanius corvinus_Yellow-billed Shrike,Lanius corvinus,,,
Lanius cristatus_Brown Shrike,Lanius cristatus,brnshr,Brown Shrike,BROS
Lanius excubitor_Great Gray Shrike,Lanius excubitor,norshr1,Great Grey Shrike,
Lanius humeralis_Northern Fiscal,Lanius humeralis,norfis1,Northern Fiscal,
Lanius isabellinus_Isabelline Shrike,Lanius isabellinus,isashr1,Isabelline Shrike,
Lanius ludovicianus_Loggerhead Shrike,Lanius ludovicianus,logshr,Loggerhead Shrike,LOSH
Lanius meridionalis_Iberian Gray Shrike,Lanius meridionalis,ibgshr1,Iberian Grey Shrike,
Lanius minor_Lesser Gray Shrike,Lanius minor,legshr2,Lesser Grey Shrike,
Lanius nubicus_Masked Shrike,Lanius nubicus,masshr1,Masked Shrike,
Lanius phoenicuroides_Red-tailed Shrike,Lanius phoenicuroides,rutshr2,Red-tailed Shrike,
Lanius schach_Long-tailed Shrike,Lanius schach,lotshr1,Long-tailed Shrike,
Lanius senator_Woodchat Shrike,Lanius senator,wooshr1,Woodchat Shrike,
Lanius sphenocercus_Chinese Gray Shrike,Lanius sphenocercus,chgshr1,Chinese Grey Shrike,
Lanius tephronotus_Gray-backed Shrike,Lanius tephronotus,gybshr1,Grey-backed Shrike,
Lanius tigrinus_Tiger Shrike,Lanius tigrinus,tigshr1,Tiger Shrike,
Lanius vittatus_Bay-backed Shrike,Lanius vittatus,babshr1,Bay-backed Shrike,
Larosterna inca_Inca Tern,Larosterna inca,incter1,Inca Tern,INTE
Larus argentatus_Herring Gull,Larus argentatus,euhgul1,European Herring Gull,HERG
Larus belcheri_Belcher's Gull,Larus belcheri,belgul,Belcher's Gull,BEGU
Larus brachyrhynchus_Short-billed Gull,Larus brachyrhynchus,mewgul2,Short-billed Gull,SBIG
Larus cachinnans_Caspian Gull,Larus cachinnans,casgul2,Caspian Gull,
Larus californicus_California Gull,Larus californicus,calgul,California Gull,CAGU
Larus canus_Common Gull,Larus canus,mewgul,Common Gull,COGU
Larus crassirostris_Black-tailed Gull,Larus crassirostris,bktgul,Black-tailed Gull,BTGU
Larus delawarensis_Ring-billed Gull,Larus delawarensis,ribgul,Ring-billed Gull,RBGU
Larus dominicanus_Kelp Gull,Larus dominicanus,kelgul,Kelp Gull,KEGU
Larus fuscus_Lesser Black-backed Gull,Larus fuscus,lbbgul,Lesser Black-backed Gull,LBBG
Larus glaucescens_Glaucous-winged Gull,Larus glaucescens,glwgul,Glaucous-winged Gull,GWGU
Larus glaucoides_Iceland Gull,Larus glaucoides,y00478,Iceland Gull,ICGU
Larus heermanni_Heermann's Gull,Larus heermanni,heegul,Heermann's Gull,HEEG
Larus hyperboreus_Glaucous Gull,Larus hyperboreus,glagul,Glaucous Gull,GLGU
Larus livens_Yellow-footed Gull,Larus livens,yefgul,Yellow-footed Gull,YFGU
Larus marinus_Great Black-backed Gull,Larus marinus,gbbgul,Great Black-backed Gull,GBBG
Larus michahellis_Yellow-legged Gull,Larus michahellis,yelgul1,Yellow-legged Gull,YLGU
Larus occidentalis_Western Gull,Larus occidentalis,wesgul,Western Gull,WEGU
Larus schistisagus_Slaty-backed Gull,Larus schistisagus,slbgul,Slaty-backed Gull,SBAG
Larvivora akahige_Japanese Robin,Larvivora akahige,japrob2,Japanese Robin,
Larvivora brunnea_Indian Blue Robin,Larvivora brunnea,inbrob1,Indian Blue Robin,
Larvivora cyane_Siberian Blue Robin,Larvivora cyane,sibrob,Siberian Blue Robin,SBRO
Larvivora komadori_Ryukyu Robin,Larvivora komadori,ryurob2,Ryukyu Robin,
Larvivora sibilans_Rufous-tailed Robin,Larvivora sibilans,rutrob1,Rufous-tailed Robin,RTRO
Laterallus albigularis_White-throated Crake,Laterallus albigularis,whtcra1,White-throated Crake,WTCR
Laterallus exilis_Gray-breasted Crake,Laterallus exilis,grbcra1,Grey-breasted Crake,GBCR
Laterallus jamaicensis_Black Rail,Laterallus jamaicensis,blkrai,Black Rail,BLRA
Laterallus leucopyrrhus_Red-and-white Crake,Laterallus leucopyrrhus,,,
Laterallus levraudi_Rusty-flanked Crake,Laterallus levraudi,rufcra2,Rusty-flanked Crake,
Laterallus melanophaius_Rufous-sided Crake,Laterallus melanophaius,ruscra1,Rufous-sided Crake,
Laterallus ruber_Ruddy Crake,Laterallus ruber,rudcra1,Ruddy Crake,RUCR
Laterallus xenopterus_Rufous-faced Crake,Laterallus xenopterus,,,
Lathamus discolor_Swift Parrot,Lathamus discolor,swipar1,Swift Parrot,
Lathrotriccus euleri_Euler's Flycatcher,Lathrotriccus euleri,eulfly1,Euler's Flycatcher,EUFL
Lathrotriccus griseipectus_Gray-breasted Flycatcher,Lathrotriccus griseipectus,gybfly1,Grey-breasted Flycatcher,
Laticilla cinerascens_Swamp Grass Babbler,Laticilla cinerascens,swapri1,Swamp Grass Babbler,
Legatus leucophaius_Piratic Flycatcher,Legatus leucophaius,pirfly1,Piratic Flycatcher,PIRF
Leiopicus mahrattensis_Yellow-crowned Woodpecker,Leiopicus mahrattensis,yecwoo1,Yellow-crowned Woodpecker,
Leioptila annectens_Rufous-backed Sibia,Leioptila annectens,rubsib1,Rufous-backed Sibia,
Leiothlypis celata_Orange-crowned Warbler,Leiothlypis celata,orcwar,Orange-crowned Warbler,OCWA
Leiothlypis crissalis_Colima Warbler,Leiothlypis crissalis,colwar,Colima Warbler,COLW
Leiothlypis luciae_Lucy's Warbler,Leiothlypis luciae,lucwar,Lucy's Warbler,LUWA
Leiothlypis peregrina_Tennessee Warbler,Leiothlypis peregrina,tenwar,Tennessee Warbler,TEWA
Leiothlypis ruficapilla_Nashville Warbler,Leiothlypis ruficapilla,naswar,Nashville Warbler,NAWA
Leiothlypis virginiae_Virginia's Warbler,Leiothlypis virginiae,virwar,Virginia's Warbler,VIWA
Leiothrix argentauris_Silver-eared Mesia,Leiothrix argentauris,siemes1,Silver-eared Mesia,
Leiothrix lutea_Red-billed Leiothrix,Leiothrix lutea,reblei,Red-billed Leiothrix,RBLE
Leistes bellicosus_Peruvian Meadowlark,Leistes bellicosus,permea1,Peruvian Meadowlark,
Leistes loyca_Long-tailed Meadowlark,Leistes loyca,lotmea1,Long-tailed Meadowlark,
Leistes militaris_Red-breasted Meadowlark,Leistes militaris,rebbla1,Red-breasted Meadowlark,RBRM
Leistes superciliaris_White-browed Meadowlark,Leistes superciliaris,whbbla2,White-browed Meadowlark,
Lepidocolaptes affinis_Spot-crowned Woodcreeper,Lepidocolaptes affinis,spcwoo1,Spot-crowned Woodcreeper,SCRW
Lepidocolaptes albolineatus_Guianan Woodcreeper,Lepidocolaptes albolineatus,linwoo3,Guianan Woodcreeper,
Lepidocolaptes angustirostris_Narrow-billed Woodcreeper,Lepidocolaptes angustirostris,nabwoo1,Narrow-billed Woodcreeper,
Lepidocolaptes duidae_Duida Woodcreeper,Lepidocolaptes duidae,linwoo4,Duida Woodcreeper,
Lepidocolaptes falcinellus_Scalloped Woodcreeper,Lepidocolaptes falcinellus,scawoo2,Scalloped Woodcreeper,
Lepidocolaptes fatimalimae_Inambari Woodcreeper,Lepidocolaptes fatimalimae,inawoo1,Inambari Woodcreeper,
Lepidocolaptes fuscicapillus_Dusky-capped Woodcreeper,Lepidocolaptes fuscicapillus,ducwoo1,Dusky-capped Woodcreeper,
Lepidocolaptes lacrymiger_Montane Woodcreeper,Lepidocolaptes lacrymiger,monwoo1,Montane Woodcreeper,
Lepidocolaptes leucogaster_White-striped Woodcreeper,Lepidocolaptes leucogaster,whswoo1,White-striped Woodcreeper,WSWO
Lepidocolaptes souleyetii_Streak-headed Woodcreeper,Lepidocolaptes souleyetii,sthwoo1,Streak-headed Woodcreeper,SHWO
Lepidocolaptes squamatus_Scaled Woodcreeper,Lepidocolaptes squamatus,scawoo1,Scaled Woodcreeper,
Lepidothrix coronata_Blue-crowned Manakin,Lepidothrix coronata,blcman1,Blue-capped Manakin,
Lepidothrix iris_Opal-crowned Manakin,Lepidothrix iris,opcman1,Opal-crowned Manakin,
Lepidothrix isidorei_Blue-rumped Manakin,Lepidothrix isidorei,blrman1,Blue-rumped Manakin,
Lepidothrix nattereri_Snow-capped Manakin,Lepidothrix nattereri,sncman1,Snow-capped Manakin,
Lepidothrix serena_White-fronted Manakin,Lepidothrix serena,whfman1,White-fronted Manakin,
Lepidothrix suavissima_Orange-bellied Manakin,Lepidothrix suavissima,orbman1,Orange-bellied Manakin,
Leptasthenura aegithaloides_Plain-mantled Tit-Spinetail,Leptasthenura aegithaloides,pmtspi1,Plain-mantled Tit-Spinetail,
Leptasthenura andicola_Andean Tit-Spinetail,Leptasthenura andicola,antspi1,Andean Tit-Spinetail,
Leptasthenura fuliginiceps_Brown-capped Tit-Spinetail,Leptasthenura fuliginiceps,bctspi1,Brown-capped Tit-Spinetail,
Leptasthenura pileata_Rusty-crowned Tit-Spinetail,Leptasthenura pileata,rctspi1,Rusty-crowned Tit-Spinetail,
Leptasthenura platensis_Tufted Tit-Spinetail,Leptasthenura platensis,tutspi1,Tufted Tit-Spinetail,
Leptasthenura setaria_Araucaria Tit-Spinetail,Leptasthenura setaria,artspi1,Araucaria Tit-Spinetail,
Leptasthenura striata_Streaked Tit-Spinetail,Leptasthenura striata,sttspi1,Streak-backed Tit-Spinetail,
Leptasthenura striolata_Striolated Tit-Spinetail,Leptasthenura striolata,sttspi2,Striolated Tit-Spinetail,
Leptasthenura xenothorax_White-browed Tit-Spinetail,Leptasthenura xenothorax,wbtspi1,White-browed Tit-Spinetail,
Leptocoma aspasia_Black Sunbird,Leptocoma aspasia,blksun1,Black Sunbird,
Leptocoma brasiliana_Van Hasselt's Sunbird,Leptocoma brasiliana,vahsun1,Van Hasselt's Sunbird,
Leptocoma calcostetha_Copper-throated Sunbird,Leptocoma calcostetha,cotsun2,Copper-throated Sunbird,
Leptocoma minima_Crimson-backed Sunbird,Leptocoma minima,crbsun2,Crimson-backed Sunbird,
Leptocoma sperata_Purple-throated Sunbird,Leptocoma sperata,putsun3,Purple-throated Sunbird,
Leptocoma zeylonica_Purple-rumped Sunbird,Leptocoma zeylonica,pursun3,Purple-rumped Sunbird,
Leptodon cayanensis_Gray-headed Kite,Leptodon cayanensis,grhkit1,Grey-headed Kite,GHKI
Leptopoecile sophiae_White-browed Tit-Warbler,Leptopoecile sophiae,wbtwar1,White-browed Tit-warbler,
Leptopogon amaurocephalus_Sepia-capped Flycatcher,Leptopogon amaurocephalus,secfly1,Sepia-capped Flycatcher,SECF
Leptopogon rufipectus_Rufous-breasted Flycatcher,Leptopogon rufipectus,rubfly2,Rufous-breasted Flycatcher,
Leptopogon superciliaris_Slaty-capped Flycatcher,Leptopogon superciliaris,slcfly1,Slaty-capped Flycatcher,SLCF
Leptopogon taczanowskii_Inca Flycatcher,Leptopogon taczanowskii,incfly1,Inca Flycatcher,
Leptoptilos crumenifer_Marabou Stork,Leptoptilos crumenifer,marsto1,Marabou Stork,
Leptosittaca branickii_Golden-plumed Parakeet,Leptosittaca branickii,goppar1,Golden-plumed Parakeet,
Leptosomus discolor_Cuckoo-roller,Leptosomus discolor,cuckoo1,Cuckoo-roller,
Leptotila cassinii_Gray-chested Dove,Leptotila cassinii,grcdov1,Grey-chested Dove,GCDO
Leptotila conoveri_Tolima Dove,Leptotila conoveri,toldov1,Tolima Dove,
Leptotila jamaicensis_Caribbean Dove,Leptotila jamaicensis,cardov1,Caribbean Dove,CADO
Leptotila megalura_Large-tailed Dove,Leptotila megalura,latdov1,Yungas Dove,
Leptotila ochraceiventris_Ochre-bellied Dove,Leptotila ochraceiventris,ocbdov1,Ochre-bellied Dove,
Leptotila pallida_Pallid Dove,Leptotila pallida,paldov1,Pallid Dove,
Leptotila plumbeiceps_Gray-headed Dove,Leptotila plumbeiceps,gyhdov1,Grey-headed Dove,GHDO
Leptotila rufaxilla_Gray-fronted Dove,Leptotila rufaxilla,grfdov1,Grey-fronted Dove,
Leptotila verreauxi_White-tipped Dove,Leptotila verreauxi,whtdov,White-tipped Dove,WTDO
Lesbia nuna_Green-tailed Trainbearer,Lesbia nuna,grttra1,Green-tailed Trainbearer,
Lesbia victoriae_Black-tailed Trainbearer,Lesbia victoriae,blttra1,Black-tailed Trainbearer,
Leucippus fallax_Buffy Hummingbird,Leucippus fallax,bufhum1,Buffy Hummingbird,
Leucochloris albicollis_White-throated Hummingbird,Leucochloris albicollis,whthum2,White-throated Hummingbird,
Leucogeranus leucogeranus_Siberian Crane,Leucogeranus leucogeranus,sibcra1,Siberian Crane,
Leucolia violiceps_Violet-crowned Hummingbird,Leucolia violiceps,,,
Leucophaeus atricilla_Laughing Gull,Leucophaeus atricilla,laugul,Laughing Gull,LAGU
Leucophaeus modestus_Gray Gull,Leucophaeus modestus,grygul,Grey Gull,GRGU
Leucophaeus pipixcan_Franklin's Gull,Leucophaeus pipixcan,fragul,Franklin's Gull,FRGU
Leucophaeus scoresbii_Dolphin Gull,Leucophaeus scoresbii,dolgul2,Dolphin Gull,
Leucopternis kuhli_White-browed Hawk,Leucopternis kuhli,whbhaw2,White-browed Hawk,
Leucopternis melanops_Black-faced Hawk,Leucopternis melanops,blfhaw1,Black-faced Hawk,
Leucopternis semiplumbeus_Semiplumbeous Hawk,Leucopternis semiplumbeus,semhaw,Semiplumbeous Hawk,SEHA
Leucosarcia melanoleuca_Wonga Pigeon,Leucosarcia melanoleuca,wonpig1,Wonga Pigeon,
Leucosticte atrata_Black Rosy-Finch,Leucosticte atrata,bkrfin,Black Rosy Finch,BLRF
Leucosticte australis_Brown-capped Rosy-Finch,Leucosticte australis,bcrfin,Brown-capped Rosy Finch,BCRF
Leucosticte tephrocotis_Gray-crowned Rosy-Finch,Leucosticte tephrocotis,gcrfin,Grey-crowned Rosy Finch,GCRF
Lewinia pectoralis_Lewin's Rail,Lewinia pectoralis,lewrai1,Lewin's Rail,
Lewinia striata_Slaty-breasted Rail,Lewinia striata,slbrai1,Slaty-breasted Rail,
Lichenostomus cratitius_Purple-gaped Honeyeater,Lichenostomus cratitius,pughon1,Purple-gaped Honeyeater,
Lichenostomus melanops_Yellow-tufted Honeyeater,Lichenostomus melanops,yethon3,Yellow-tufted Honeyeater,
Lichmera incana_Dark-brown Honeyeater,Lichmera incana,dabhon1,Grey-eared Honeyeater,
Lichmera indistincta_Brown Honeyeater,Lichmera indistincta,brohon1,Brown Honeyeater,
Lichmera limbata_Indonesian Honeyeater,Lichmera limbata,,,
Lichmera squamata_White-tufted Honeyeater,Lichmera squamata,whthon2,Scaly-breasted Honeyeater,
Limnoctites rectirostris_Straight-billed Reedhaunter,Limnoctites rectirostris,stbree2,Straight-billed Reedhaunter,
Limnoctites sulphuriferus_Sulphur-bearded Reedhaunter,Limnoctites sulphuriferus,sutspi1,Sulphur-bearded Reedhaunter,
Limnodromus griseus_Short-billed Dowitcher,Limnodromus griseus,shbdow,Short-billed Dowitcher,SBDO
Limnodromus scolopaceus_Long-billed Dowitcher,Limnodromus scolopaceus,lobdow,Long-billed Dowitcher,LBDO
Limnodromus semipalmatus_Asian Dowitcher,Limnodromus semipalmatus,asidow1,Asian Dowitcher,
Limnornis curvirostris_Curve-billed Reedhaunter,Limnornis curvirostris,cubree1,Curve-billed Reedhaunter,
Limnothlypis swainsonii_Swainson's Warbler,Limnothlypis swainsonii,swawar,Swainson's Warbler,SWWA
Limosa fedoa_Marbled Godwit,Limosa fedoa,margod,Marbled Godwit,MAGO
Limosa haemastica_Hudsonian Godwit,Limosa haemastica,hudgod,Hudsonian Godwit,HUGO
Limosa lapponica_Bar-tailed Godwit,Limosa lapponica,batgod,Bar-tailed Godwit,BTGO
Limosa limosa_Black-tailed Godwit,Limosa limosa,bktgod,Black-tailed Godwit,BLTG
Linaria cannabina_Eurasian Linnet,Linaria cannabina,eurlin1,Common Linnet,
Linaria flavirostris_Twite,Linaria flavirostris,twite1,Twite,
Linaria yemenensis_Yemen Linnet,Linaria yemenensis,yemlin1,Yemen Linnet,
Liocichla phoenicea_Red-faced Liocichla,Liocichla phoenicea,reflio2,Red-faced Liocichla,
Liocichla ripponi_Scarlet-faced Liocichla,Liocichla ripponi,reflio3,Scarlet-faced Liocichla,
Liocichla steerii_Steere's Liocichla,Liocichla steerii,stelio1,Taiwan Liocichla,
Lioparus chrysotis_Golden-breasted Fulvetta,Lioparus chrysotis,gobful1,Golden-breasted Fulvetta,
Liosceles thoracicus_Rusty-belted Tapaculo,Liosceles thoracicus,rubtap1,Rusty-belted Tapaculo,
Lipaugus ater_Black-and-gold Cotinga,Lipaugus ater,bagcot1,Black-and-gold Cotinga,
Lipaugus fuscocinereus_Dusky Piha,Lipaugus fuscocinereus,duspih1,Dusky Piha,
Lipaugus lanioides_Cinnamon-vented Piha,Lipaugus lanioides,civpih1,Cinnamon-vented Piha,
Lipaugus unirufus_Rufous Piha,Lipaugus unirufus,rufpih1,Rufous Piha,RUFP
Lipaugus vociferans_Screaming Piha,Lipaugus vociferans,scrpih1,Screaming Piha,
Lipaugus weberi_Chestnut-capped Piha,Lipaugus weberi,chcpih1,Chestnut-capped Piha,
Lithobates catesbeianus_American Bullfrog,Lithobates catesbeianus,,,
Lithobates clamitans_Green Frog,Lithobates clamitans,,,
Lithobates palustris_Pickerel Frog,Lithobates palustris,,,
Lithobates sylvaticus_Wood Frog,Lithobates sylvaticus,,,
Lochmias nematura_Sharp-tailed Streamcreeper,Lochmias nematura,shtstr1,Sharp-tailed Streamcreeper,STST
Locustella alishanensis_Taiwan Bush Warbler,Locustella alishanensis,taibuw1,Taiwan Bush Warbler,
Locustella caudata_Long-tailed Bush Warbler,Locustella caudata,ltbwar1,Long-tailed Bush Warbler,
Locustella davidi_Baikal Bush Warbler,Locustella davidi,spobuw1,Baikal Bush Warbler,
Locustella fluviatilis_River Warbler,Locustella fluviatilis,eurwar2,River Warbler,RIWA
Locustella lanceolata_Lanceolated Warbler,Locustella lanceolata,lanwar,Lanceolated Warbler,LANW
Locustella luscinioides_Savi's Warbler,Locustella luscinioides,savwar1,Savi's Warbler,
Locustella luteoventris_Brown Bush Warbler,Locustella luteoventris,brbwar2,Brown Bush Warbler,
Locustella mandelli_Russet Bush Warbler,Locustella mandelli,rubwar1,Russet Bush Warbler,
Locustella montis_Javan Bush Warbler,Locustella montis,jabwar1,Javan Bush Warbler,
Locustella naevia_Common Grasshopper-Warbler,Locustella naevia,cogwar1,Common Grasshopper Warbler,
Locustella tacsanowskia_Chinese Bush Warbler,Locustella tacsanowskia,chbwar1,Chinese Bush Warbler,
Locustella thoracica_Spotted Bush Warbler,Locustella thoracica,spobuw3,Spotted Bush Warbler,
Lonchura atricapilla_Chestnut Munia,Lonchura atricapilla,chemun,Chestnut Munia,CHMU
Lonchura castaneothorax_Chestnut-breasted Munia,Lonchura castaneothorax,chbmun1,Chestnut-breasted Mannikin,
Lonchura kelaarti_Black-throated Munia,Lonchura kelaarti,bltmun1,Black-throated Munia,
Lonchura leucogastroides_Javan Munia,Lonchura leucogastroides,javmun1,Javan Munia,
Lonchura maja_White-headed Munia,Lonchura maja,whhmun1,White-headed Munia,
Lonchura malacca_Tricolored Munia,Lonchura malacca,trimun,Tricolored Munia,TRMU
Lonchura punctulata_Scaly-breasted Munia,Lonchura punctulata,nutman,Scaly-breasted Munia,SBMU
Lonchura striata_White-rumped Munia,Lonchura striata,whrmun,White-rumped Munia,
Lophaetus occipitalis_Long-crested Eagle,Lophaetus occipitalis,loceag1,Long-crested Eagle,
Lophoceros alboterminatus_Crowned Hornbill,Lophoceros alboterminatus,crohor1,Crowned Hornbill,
Lophoceros camurus_Red-billed Dwarf Hornbill,Lophoceros camurus,rbdhor1,Red-billed Dwarf Hornbill,
Lophoceros fasciatus_African Pied Hornbill,Lophoceros fasciatus,afphor3,Congo Pied Hornbill,
Lophoceros hemprichii_Hemprich's Hornbill,Lophoceros hemprichii,hemhor1,Hemprich's Hornbill,
Lophoceros nasutus_African Gray Hornbill,Lophoceros nasutus,afghor1,African Grey Hornbill,
Lophochroa leadbeateri_Pink Cockatoo,Lophochroa leadbeateri,,,
Lophodytes cucullatus_Hooded Merganser,Lophodytes cucullatus,hoomer,Hooded Merganser,HOME
Lophonetta specularioides_Crested Duck,Lophonetta specularioides,creduc1,Crested Duck,
Lophophanes cristatus_Crested Tit,Lophophanes cristatus,cretit2,Crested Tit,
Lophophanes dichrous_Gray-crested Tit,Lophophanes dichrous,gyctit1,Grey-crested Tit,
Lophophorus impejanus_Himalayan Monal,Lophophorus impejanus,himmon1,Himalayan Monal,
Lophorina superba_Greater Lophorina,Lophorina superba,vosbop1,Vogelkop Lophorina,
Lophostrix cristata_Crested Owl,Lophostrix cristata,creowl1,Crested Owl,CROW
Lophotriccus eulophotes_Long-crested Pygmy-Tyrant,Lophotriccus eulophotes,lcptyr1,Long-crested Pygmy Tyrant,
Lophotriccus galeatus_Helmeted Pygmy-Tyrant,Lophotriccus galeatus,heptyr1,Helmeted Pygmy Tyrant,
Lophotriccus pileatus_Scale-crested Pygmy-Tyrant,Lophotriccus pileatus,scptyr1,Scale-crested Pygmy Tyrant,SCPT
Lophotriccus vitiosus_Double-banded Pygmy-Tyrant,Lophotriccus vitiosus,dbptyr1,Double-banded Pygmy Tyrant,
Lophotriorchis kienerii_Rufous-bellied Eagle,Lophotriorchis kienerii,rubeag2,Rufous-bellied Eagle,
Lophura leucomelanos_Kalij Pheasant,Lophura leucomelanos,kalphe,Kalij Pheasant,KAPH
Loriculus beryllinus_Sri Lanka Hanging-Parrot,Loriculus beryllinus,cehpar1,Sri Lanka Hanging Parrot,
Loriculus galgulus_Blue-crowned Hanging-Parrot,Loriculus galgulus,bchpar1,Blue-crowned Hanging Parrot,
Loriculus philippensis_Philippine Hanging-Parrot,Loriculus philippensis,phihap1,Philippine Hanging Parrot,
Loriculus vernalis_Vernal Hanging-Parrot,Loriculus vernalis,vehpar1,Vernal Hanging Parrot,
Loriotus cristatus_Flame-crested Tanager,Loriotus cristatus,flctan1,Flame-crested Tanager,
Loriotus luctuosus_White-shouldered Tanager,Loriotus luctuosus,whstan1,White-shouldered Tanager,WSTA
Lorius chlorocercus_Yellow-bibbed Lory,Lorius chlorocercus,yeblor1,Yellow-bibbed Lory,
Lorius lory_Black-capped Lory,Lorius lory,blclor1,Black-capped Lory,
Loxia curvirostra_Red Crossbill,Loxia curvirostra,redcro,Red Crossbill,RECR
Loxia leucoptera_White-winged Crossbill,Loxia leucoptera,whwcro,Two-barred Crossbill,WWCR
Loxia pytyopsittacus_Parrot Crossbill,Loxia pytyopsittacus,parcro2,Parrot Crossbill,
Loxia scotica_Scottish Crossbill,Loxia scotica,scocro1,Scottish Crossbill,
Loxia sinesciuris_Cassia Crossbill,Loxia sinesciuris,redcro9,Cassia Crossbill,CACR
Loxigilla noctis_Lesser Antillean Bullfinch,Loxigilla noctis,leabul1,Lesser Antillean Bullfinch,LANB
Loxioides bailleui_Palila,Loxioides bailleui,palila,Palila,PALI
Loxops caeruleirostris_Akekee,Loxops caeruleirostris,akekee,Akekee,AKEK
Loxops coccineus_Hawaii Akepa,Loxops coccineus,akepa1,Hawaii Akepa,HAAK
Loxops mana_Hawaii Creeper,Loxops mana,hawcre,Hawaii Creeper,HCRE
Lullula arborea_Wood Lark,Lullula arborea,woolar1,Woodlark,
Lurocalis rufiventris_Rufous-bellied Nighthawk,Lurocalis rufiventris,rubnig1,Rufous-bellied Nighthawk,
Lurocalis semitorquatus_Short-tailed Nighthawk,Lurocalis semitorquatus,shtnig1,Short-tailed Nighthawk,SHTN
Luscinia luscinia_Thrush Nightingale,Luscinia luscinia,thrnig1,Thrush Nightingale,
Luscinia megarhynchos_Common Nightingale,Luscinia megarhynchos,comnig1,Common Nightingale,
Luscinia phaenicuroides_White-bellied Redstart,Luscinia phaenicuroides,whbred1,White-bellied Redstart,
Luscinia svecica_Bluethroat,Luscinia svecica,blueth,Bluethroat,
Lybius bidentatus_Double-toothed Barbet,Lybius bidentatus,,,
Lybius guifsobalito_Black-billed Barbet,Lybius guifsobalito,blbbar3,Black-billed Barbet,
Lybius torquatus_Black-collared Barbet,Lybius torquatus,blcbar1,Black-collared Barbet,
Lybius vieilloti_Vieillot's Barbet,Lybius vieilloti,viebar1,Vieillot's Barbet,
Lycocorax pyrrhopterus_Paradise-crow,Lycocorax pyrrhopterus,paradi2,Halmahera Paradise-crow,
Lymnocryptes minimus_Jack Snipe,Lymnocryptes minimus,jacsni,Jack Snipe,JASN
Lyncornis macrotis_Great Eared-Nightjar,Lyncornis macrotis,grenig1,Great Eared Nightjar,
Lyncornis temminckii_Malaysian Eared-Nightjar,Lyncornis temminckii,malnig1,Malaysian Eared Nightjar,
Lyrurus tetrix_Black Grouse,Lyrurus tetrix,blagro1,Black Grouse,
Machaerirhynchus flaviventer_Yellow-breasted Boatbill,Machaerirhynchus flaviventer,yebboa1,Yellow-breasted Boatbill,
Machaerirhynchus nigripectus_Black-breasted Boatbill,Machaerirhynchus nigripectus,blbboa1,Black-breasted Boatbill,
Machaeropterus deliciosus_Club-winged Manakin,Machaeropterus deliciosus,clwman1,Club-winged Manakin,
Machaeropterus pyrocephalus_Fiery-capped Manakin,Machaeropterus pyrocephalus,ficman1,Fiery-capped Manakin,
Machaeropterus regulus_Kinglet Manakin,Machaeropterus regulus,strman2,Kinglet Manakin,
Machaeropterus striolatus_Striolated Manakin,Machaeropterus striolatus,strman5,Striolated Manakin,
Macheiramphus alcinus_Bat Hawk,Macheiramphus alcinus,bathaw1,Bat Hawk,
Machetornis rixosa_Cattle Tyrant,Machetornis rixosa,cattyr,Cattle Tyrant,CATY
Machlolophus aplonotus_Indian Yellow Tit,Machlolophus aplonotus,indtit1,Indian Black-lored Tit,
Machlolophus holsti_Taiwan Yellow Tit,Machlolophus holsti,yeltit2,Yellow Tit,
Machlolophus nuchalis_White-naped Tit,Machlolophus nuchalis,whwtit2,White-naped Tit,
Machlolophus spilonotus_Yellow-cheeked Tit,Machlolophus spilonotus,yectit1,Yellow-cheeked Tit,
Machlolophus xanthogenys_Himalayan Black-lored Tit,Machlolophus xanthogenys,blltit1,Himalayan Black-lored Tit,
Mackenziaena leachii_Large-tailed Antshrike,Mackenziaena leachii,latant1,Large-tailed Antshrike,
Mackenziaena severa_Tufted Antshrike,Mackenziaena severa,tufant1,Tufted Antshrike,
Macroagelaius imthurni_Golden-tufted Grackle,Macroagelaius imthurni,gotgra1,Golden-tufted Mountain Grackle,
Macroagelaius subalaris_Mountain Grackle,Macroagelaius subalaris,mougra1,Colombian Mountain Grackle,
Macronus ptilosus_Fluffy-backed Tit-Babbler,Macronus ptilosus,fbtbab1,Fluffy-backed Tit-Babbler,
Macronus striaticeps_Brown Tit-Babbler,Macronus striaticeps,brtbab1,Brown Tit-Babbler,
Macronyx capensis_Orange-throated Longclaw,Macronyx capensis,ortlon1,Cape Longclaw,
Macronyx croceus_Yellow-throated Longclaw,Macronyx croceus,yetlon1,Yellow-throated Longclaw,
Macronyx fuelleborni_Fülleborn's Longclaw,Macronyx fuelleborni,fuelon2,Fülleborn's Longclaw,
Macropygia amboinensis_Amboyna Cuckoo-Dove,Macropygia amboinensis,sbcdov1,Amboyna Cuckoo-Dove,
Macropygia doreya_Sultan's Cuckoo-Dove,Macropygia doreya,sulcud1,Sultan's Cuckoo-Dove,
Macropygia mackinlayi_Mackinlay's Cuckoo-Dove,Macropygia mackinlayi,macdov1,Spot-breasted Cuckoo-Dove,
Macropygia phasianella_Brown Cuckoo-Dove,Macropygia phasianella,brcdov1,Brown Cuckoo-Dove,
Macropygia ruficeps_Little Cuckoo-Dove,Macropygia ruficeps,licdov1,Little Cuckoo-Dove,
Macropygia tenuirostris_Philippine Cuckoo-Dove,Macropygia tenuirostris,phcdov1,Philippine Cuckoo-Dove,
Macropygia unchall_Barred Cuckoo-Dove,Macropygia unchall,bacdov1,Barred Cuckoo-Dove,
Macrosphenus concolor_Gray Longbill,Macrosphenus concolor,grylon1,Grey Longbill,
Macrosphenus flavicans_Yellow Longbill,Macrosphenus flavicans,yellon1,Yellow Longbill,
Macrosphenus kempi_Kemp's Longbill,Macrosphenus kempi,kemlon1,Kemp's Longbill,
Magumma parva_Anianiau,Magumma parva,aniani,Anianiau,ANIA
Malacocincla abbotti_Abbott's Babbler,Malacocincla abbotti,abbbab1,Abbott's Babbler,
Malacocincla sepiaria_Horsfield's Babbler,Malacocincla sepiaria,horbab2,Horsfield's Babbler,
Malaconotus blanchoti_Gray-headed Bushshrike,Malaconotus blanchoti,gyhbus1,Grey-headed Bushshrike,
Malacopteron affine_Sooty-capped Babbler,Malacopteron affine,socbab1,Sooty-capped Babbler,
Malacopteron cinereum_Scaly-crowned Babbler,Malacopteron cinereum,sccbab1,Scaly-crowned Babbler,
Malacopteron magnirostre_Moustached Babbler,Malacopteron magnirostre,moubab1,Moustached Babbler,
Malacopteron magnum_Rufous-crowned Babbler,Malacopteron magnum,rucbab2,Rufous-crowned Babbler,
Malacoptila fulvogularis_Black-streaked Puffbird,Malacoptila fulvogularis,blspuf1,Black-streaked Puffbird,
Malacoptila fusca_White-chested Puffbird,Malacoptila fusca,whcpuf1,White-chested Puffbird,
Malacoptila mystacalis_Moustached Puffbird,Malacoptila mystacalis,moupuf1,Moustached Puffbird,
Malacoptila panamensis_White-whiskered Puffbird,Malacoptila panamensis,whwpuf1,White-whiskered Puffbird,WWPU
Malacoptila rufa_Rufous-necked Puffbird,Malacoptila rufa,runpuf1,Rufous-necked Puffbird,
Malacoptila semicincta_Semicollared Puffbird,Malacoptila semicincta,sempuf1,Semicollared Puffbird,
Malacoptila striata_Crescent-chested Puffbird,Malacoptila striata,crcpuf1,Crescent-chested Puffbird,
Malacorhynchus membranaceus_Pink-eared Duck,Malacorhynchus membranaceus,pieduc1,Pink-eared Duck,
Malcorus pectoralis_Rufous-eared Warbler,Malcorus pectoralis,ruewar2,Rufous-eared Warbler,
Malia grata_Malia,Malia grata,malia1,Malia,
Malimbus nitens_Blue-billed Malimbe,Malimbus nitens,gramal1,Blue-billed Malimbe,
Malindangia mcgregori_McGregor's Cuckooshrike,Malindangia mcgregori,mcgcus1,McGregor's Cuckooshrike,
Malurus alboscapulatus_White-shouldered Fairywren,Malurus alboscapulatus,whsfai1,White-shouldered Fairywren,
Malurus amabilis_Lovely Fairywren,Malurus amabilis,lovfai1,Lovely Fairywren,
Malurus assimilis_Purple-backed Fairywren,Malurus assimilis,varfai1,Purple-backed Fairywren,
Malurus cyaneus_Superb Fairywren,Malurus cyaneus,supfai1,Superb Fairywren,
Malurus cyanocephalus_Emperor Fairywren,Malurus cyanocephalus,empfai1,Emperor Fairywren,
Malurus elegans_Red-winged Fairywren,Malurus elegans,rewfai1,Red-winged Fairywren,
Malurus lamberti_Variegated Fairywren,Malurus lamberti,varfai5,Variegated Fairywren,
Malurus leucopterus_White-winged Fairywren,Malurus leucopterus,whwfai1,White-winged Fairywren,
Malurus melanocephalus_Red-backed Fairywren,Malurus melanocephalus,rebfai1,Red-backed Fairywren,
Malurus splendens_Splendid Fairywren,Malurus splendens,splfai1,Splendid Fairywren,
Manacus aurantiacus_Orange-collared Manakin,Manacus aurantiacus,orcman1,Orange-collared Manakin,OCMA
Manacus candei_White-collared Manakin,Manacus candei,whcman1,White-collared Manakin,WCOM
Manacus manacus_White-bearded Manakin,Manacus manacus,whbman1,White-bearded Manakin,
Manacus vitellinus_Golden-collared Manakin,Manacus vitellinus,gocman1,Golden-collared Manakin,GCMA
Manorina flavigula_Yellow-throated Miner,Manorina flavigula,yetmin1,Yellow-throated Miner,
Manorina melanocephala_Noisy Miner,Manorina melanocephala,noimin1,Noisy Miner,
Manorina melanophrys_Bell Miner,Manorina melanophrys,belmin1,Bell Miner,
Mareca americana_American Wigeon,Mareca americana,amewig,American Wigeon,AMWI
Mareca falcata_Falcated Duck,Mareca falcata,falduc,Falcated Duck,FADU
Mareca penelope_Eurasian Wigeon,Mareca penelope,eurwig,Eurasian Wigeon,EUWI
Mareca sibilatrix_Chiloe Wigeon,Mareca sibilatrix,chiwig1,Chiloe Wigeon,
Mareca strepera_Gadwall,Mareca strepera,gadwal,Gadwall,GADW
Margarops fuscatus_Pearly-eyed Thrasher,Margarops fuscatus,peethr1,Pearly-eyed Thrasher,PETH
Margarornis rubiginosus_Ruddy Treerunner,Margarornis rubiginosus,rudtre1,Ruddy Treerunner,RUTR
Margarornis squamiger_Pearled Treerunner,Margarornis squamiger,peatre1,Pearled Treerunner,
Masius chrysopterus_Golden-winged Manakin,Masius chrysopterus,gowman1,Golden-winged Manakin,
Mazaria propinqua_White-bellied Spinetail,Mazaria propinqua,whbspi1,White-bellied Spinetail,
Mecocerculus hellmayri_Buff-banded Tyrannulet,Mecocerculus hellmayri,bubtyr1,Buff-banded Tyrannulet,
Mecocerculus leucophrys_White-throated Tyrannulet,Mecocerculus leucophrys,whttyr2,White-throated Tyrannulet,
Mecocerculus minor_Sulphur-bellied Tyrannulet,Mecocerculus minor,subtyr1,Sulphur-bellied Tyrannulet,
Mecocerculus poecilocercus_White-tailed Tyrannulet,Mecocerculus poecilocercus,whttyr1,White-tailed Tyrannulet,
Mecocerculus stictopterus_White-banded Tyrannulet,Mecocerculus stictopterus,whbtyr1,White-banded Tyrannulet,
Megaceryle alcyon_Belted Kingfisher,Megaceryle alcyon,belkin1,Belted Kingfisher,BEKI
Megaceryle lugubris_Crested Kingfisher,Megaceryle lugubris,crekin1,Crested Kingfisher,
Megaceryle maxima_Giant Kingfisher,Megaceryle maxima,giakin3,Giant Kingfisher,
Megaceryle torquata_Ringed Kingfisher,Megaceryle torquata,rinkin1,Ringed Kingfisher,RIKI
Megalurus palustris_Striated Grassbird,Megalurus palustris,strgra1,Striated Grassbird,
Megapodius cumingii_Tabon Scrubfowl,Megapodius cumingii,tabscr1,Philippine Megapode,
Megapodius eremita_Melanesian Scrubfowl,Megapodius eremita,melscr1,Melanesian Megapode,
Megapodius freycinet_Dusky Scrubfowl,Megapodius freycinet,dusscr1,Dusky Megapode,
Megapodius reinwardt_Orange-footed Scrubfowl,Megapodius reinwardt,orfscr1,Orange-footed Scrubfowl,
Megarynchus pitangua_Boat-billed Flycatcher,Megarynchus pitangua,bobfly1,Boat-billed Flycatcher,BOBF
Megascops albogularis_White-throated Screech-Owl,Megascops albogularis,whtsco1,White-throated Screech Owl,
Megascops asio_Eastern Screech-Owl,Megascops asio,easowl1,Eastern Screech Owl,EASO
Megascops atricapilla_Black-capped Screech-Owl,Megascops atricapilla,bkcsco1,Black-capped Screech Owl,
Megascops centralis_Choco Screech-Owl,Megascops centralis,versco2,Choco Screech Owl,CHSO
Megascops choliba_Tropical Screech-Owl,Megascops choliba,trsowl,Tropical Screech Owl,TRSO
Megascops clarkii_Bare-shanked Screech-Owl,Megascops clarkii,bssowl,Bare-shanked Screech Owl,BSSO
Megascops cooperi_Pacific Screech-Owl,Megascops cooperi,pasowl4,Pacific Screech Owl,PASO
Megascops gilesi_Santa Marta Screech-Owl,Megascops gilesi,samsco1,Santa Marta Screech Owl,
Megascops guatemalae_Middle American Screech-Owl,Megascops guatemalae,vesowl,Middle American Screech Owl,MASO
Megascops hoyi_Montane Forest Screech-Owl,Megascops hoyi,mofsco1,Yungas Screech Owl,
Megascops ingens_Rufescent Screech-Owl,Megascops ingens,rufsco1,Rufescent Screech Owl,
Megascops kennicottii_Western Screech-Owl,Megascops kennicottii,wesowl1,Western Screech Owl,WESO
Megascops koepckeae_Koepcke's Screech-Owl,Megascops koepckeae,koesco1,Koepcke's Screech Owl,
Megascops petersoni_Cinnamon Screech-Owl,Megascops petersoni,cinsco1,Cinnamon Screech Owl,
Megascops roboratus_Peruvian Screech-Owl,Megascops roboratus,persco1,West Peruvian Screech Owl,
Megascops roraimae_Foothill Screech-Owl,Megascops roraimae,foosco1,Foothill Screech Owl,
Megascops sanctaecatarinae_Long-tufted Screech-Owl,Megascops sanctaecatarinae,lotsco1,Long-tufted Screech Owl,
Megascops seductus_Balsas Screech-Owl,Megascops seductus,basowl,Balsas Screech Owl,BASO
Megascops trichopsis_Whiskered Screech-Owl,Megascops trichopsis,whsowl1,Whiskered Screech Owl,WHSO
Megascops watsonii_Tawny-bellied Screech-Owl,Megascops watsonii,tabsco1,Tawny-bellied Screech Owl,
Megastictus margaritatus_Pearly Antshrike,Megastictus margaritatus,peaant1,Pearly Antshrike,
Megaxenops parnaguae_Great Xenops,Megaxenops parnaguae,grexen1,Great Xenops,
Meiglyptes tristis_Buff-rumped Woodpecker,Meiglyptes tristis,burwoo3,Zebra Woodpecker,
Meiglyptes tukki_Buff-necked Woodpecker,Meiglyptes tukki,bunwoo1,Buff-necked Woodpecker,
Melaenornis edolioides_Northern Black-Flycatcher,Melaenornis edolioides,nobfly1,Northern Black Flycatcher,
Melaenornis fischeri_White-eyed Slaty-Flycatcher,Melaenornis fischeri,wheslf1,White-eyed Slaty Flycatcher,
Melaenornis pammelaina_Southern Black-Flycatcher,Melaenornis pammelaina,sobfly1,Southern Black Flycatcher,
Melaenornis silens_Fiscal Flycatcher,Melaenornis silens,,,
Melampitta lugubris_Lesser Melampitta,Melampitta lugubris,lesmel1,Lesser Melampitta,
Melanerpes aurifrons_Golden-fronted Woodpecker,Melanerpes aurifrons,gofwoo,Golden-fronted Woodpecker,GFWO
Melanerpes cactorum_White-fronted Woodpecker,Melanerpes cactorum,whfwoo1,White-fronted Woodpecker,
Melanerpes candidus_White Woodpecker,Melanerpes candidus,whiwoo1,White Woodpecker,
Melanerpes carolinus_Red-bellied Woodpecker,Melanerpes carolinus,rebwoo,Red-bellied Woodpecker,RBWO
Melanerpes chrysauchen_Golden-naped Woodpecker,Melanerpes chrysauchen,gonwoo1,Golden-naped Woodpecker,GNWO
Melanerpes chrysogenys_Golden-cheeked Woodpecker,Melanerpes chrysogenys,gocwoo1,Golden-cheeked Woodpecker,GCHW
Melanerpes cruentatus_Yellow-tufted Woodpecker,Melanerpes cruentatus,yetwoo2,Yellow-tufted Woodpecker,
Melanerpes erythrocephalus_Red-headed Woodpecker,Melanerpes erythrocephalus,rehwoo,Red-headed Woodpecker,RHWO
Melanerpes flavifrons_Yellow-fronted Woodpecker,Melanerpes flavifrons,yefwoo1,Yellow-fronted Woodpecker,
Melanerpes formicivorus_Acorn Woodpecker,Melanerpes formicivorus,acowoo,Acorn Woodpecker,ACWO
Melanerpes hoffmannii_Hoffmann's Woodpecker,Melanerpes hoffmannii,hofwoo1,Hoffmann's Woodpecker,HOWO
Melanerpes hypopolius_Gray-breasted Woodpecker,Melanerpes hypopolius,grbwoo1,Grey-breasted Woodpecker,GBWO
Melanerpes lewis_Lewis's Woodpecker,Melanerpes lewis,lewwoo,Lewis's Woodpecker,LEWO
Melanerpes portoricensis_Puerto Rican Woodpecker,Melanerpes portoricensis,purwoo1,Puerto Rican Woodpecker,PRWO
Melanerpes pucherani_Black-cheeked Woodpecker,Melanerpes pucherani,blcwoo1,Black-cheeked Woodpecker,BCWO
Melanerpes pygmaeus_Yucatan Woodpecker,Melanerpes pygmaeus,yucwoo,Yucatan Woodpecker,YUWO
Melanerpes radiolatus_Jamaican Woodpecker,Melanerpes radiolatus,jamwoo1,Jamaican Woodpecker,JAWO
Melanerpes rubricapillus_Red-crowned Woodpecker,Melanerpes rubricapillus,recwoo1,Red-crowned Woodpecker,RCRW
Melanerpes striatus_Hispaniolan Woodpecker,Melanerpes striatus,hiswoo1,Hispaniolan Woodpecker,HIWO
Melanerpes superciliaris_West Indian Woodpecker,Melanerpes superciliaris,weiwoo1,West Indian Woodpecker,WIWO
Melanerpes uropygialis_Gila Woodpecker,Melanerpes uropygialis,gilwoo,Gila Woodpecker,GIWO
Melaniparus afer_Gray Tit,Melaniparus afer,grytit1,Grey Tit,
Melaniparus albiventris_White-bellied Tit,Melaniparus albiventris,whbtit5,White-bellied Tit,
Melaniparus cinerascens_Ashy Tit,Melaniparus cinerascens,ashtit2,Ashy Tit,
Melaniparus funereus_Dusky Tit,Melaniparus funereus,dustit2,Dusky Tit,
Melaniparus leucomelas_White-winged Black-Tit,Melaniparus leucomelas,whwblt3,White-winged Black Tit,
Melaniparus niger_Southern Black-Tit,Melaniparus niger,soublt1,Southern Black Tit,
Melaniparus rufiventris_Rufous-bellied Tit,Melaniparus rufiventris,rubtit3,Rufous-bellied Tit,
Melaniparus thruppi_Somali Tit,Melaniparus thruppi,somtit4,Acacia Tit,
Melanitta americana_Black Scoter,Melanitta americana,blksco2,Black Scoter,BLSC
Melanitta fusca_Velvet Scoter,Melanitta fusca,whwsco3,Velvet Scoter,VESC
Melanitta nigra_Common Scoter,Melanitta nigra,blksco1,Common Scoter,COSC
Melanitta perspicillata_Surf Scoter,Melanitta perspicillata,sursco,Surf Scoter,SUSC
Melanochlora sultanea_Sultan Tit,Melanochlora sultanea,sultit1,Sultan Tit,
Melanocorypha calandra_Calandra Lark,Melanocorypha calandra,callar1,Calandra Lark,
Melanocorypha maxima_Tibetan Lark,Melanocorypha maxima,tiblar1,Tibetan Lark,
Melanodera melanodera_White-bridled Finch,Melanodera melanodera,cawfin1,White-bridled Finch,
Melanodera xanthogramma_Yellow-bridled Finch,Melanodera xanthogramma,yebfin1,Yellow-bridled Finch,
Melanodryas cucullata_Hooded Robin,Melanodryas cucullata,hoorob1,Hooded Robin,
Melanodryas vittata_Dusky Robin,Melanodryas vittata,dusrob1,Dusky Robin,
Melanopareia elegans_Elegant Crescentchest,Melanopareia elegans,elecre1,Elegant Crescentchest,
Melanopareia maranonica_Marañon Crescentchest,Melanopareia maranonica,marcre1,Maranon Crescentchest,
Melanopareia maximiliani_Olive-crowned Crescentchest,Melanopareia maximiliani,olccre1,Olive-crowned Crescentchest,
Melanopareia torquata_Collared Crescentchest,Melanopareia torquata,colcre1,Collared Crescentchest,
Melanoptila glabrirostris_Black Catbird,Melanoptila glabrirostris,blacat1,Black Catbird,BLCA
Melanorectes nigrescens_Black Pitohui,Melanorectes nigrescens,blapit1,Black Pitohui,
Melanospiza bicolor_Black-faced Grassquit,Melanospiza bicolor,bkfgra,Black-faced Grassquit,BFGR
Melanotis caerulescens_Blue Mockingbird,Melanotis caerulescens,blumoc,Blue Mockingbird,BLMO
Melanotis hypoleucus_Blue-and-white Mockingbird,Melanotis hypoleucus,bawmoc1,Blue-and-white Mockingbird,BAWM
Meleagris gallopavo_Wild Turkey,Meleagris gallopavo,wiltur,Wild Turkey,WITU
Meleagris ocellata_Ocellated Turkey,Meleagris ocellata,ocetur1,Ocellated Turkey,OCTU
Meliarchus sclateri_Makira Honeyeater,Meliarchus sclateri,sacmel1,Makira Honeyeater,
Melidectes belfordi_Belford's Melidectes,Melidectes belfordi,belmel1,Belford's Melidectes,
Melidectes rufocrissalis_Yellow-browed Melidectes,Melidectes rufocrissalis,yebmel1,Yellow-browed Melidectes,
Melidora macrorrhina_Hook-billed Kingfisher,Melidora macrorrhina,hobkin1,Hook-billed Kingfisher,
Meliphaga lewinii_Lewin's Honeyeater,Meliphaga lewinii,lewhon1,Lewin's Honeyeater,
Meliphaga notata_Yellow-spotted Honeyeater,Meliphaga notata,yeshon1,Yellow-spotted Honeyeater,
Melithreptus affinis_Black-headed Honeyeater,Melithreptus affinis,blhhon1,Black-headed Honeyeater,
Melithreptus albogularis_White-throated Honeyeater,Melithreptus albogularis,whthon1,White-throated Honeyeater,
Melithreptus brevirostris_Brown-headed Honeyeater,Melithreptus brevirostris,brhhon1,Brown-headed Honeyeater,
Melithreptus chloropsis_Gilbert's Honeyeater,Melithreptus chloropsis,whnhon3,Gilbert's Honeyeater,
Melithreptus gularis_Black-chinned Honeyeater,Melithreptus gularis,blchon2,Black-chinned Honeyeater,
Melithreptus lunatus_White-naped Honeyeater,Melithreptus lunatus,whnhon2,White-naped Honeyeater,
Melithreptus validirostris_Strong-billed Honeyeater,Melithreptus validirostris,stbhon2,Strong-billed Honeyeater,
Mellisuga helenae_Bee Hummingbird,Mellisuga helenae,beehum1,Bee Hummingbird,BEEH
Mellisuga minima_Vervain Hummingbird,Mellisuga minima,verhum1,Vervain Hummingbird,VEHU
Melocichla mentalis_Moustached Grass-Warbler,Melocichla mentalis,mogwar1,Moustached Grass Warbler,
Melopsittacus undulatus_Budgerigar,Melopsittacus undulatus,budger,Budgerigar,
Melopyrrha portoricensis_Puerto Rican Bullfinch,Melopyrrha portoricensis,purbul1,Puerto Rican Bullfinch,PRBU
Melopyrrha violacea_Greater Antillean Bullfinch,Melopyrrha violacea,grabul1,Greater Antillean Bullfinch,GABU
Melospiza georgiana_Swamp Sparrow,Melospiza georgiana,swaspa,Swamp Sparrow,SWSP
Melospiza lincolnii_Lincoln's Sparrow,Melospiza lincolnii,linspa,Lincoln's Sparrow,LISP
Melospiza melodia_Song Sparrow,Melospiza melodia,sonspa,Song Sparrow,SOSP
Melozone aberti_Abert's Towhee,Melozone aberti,abetow,Abert's Towhee,ABTO
Melozone albicollis_White-throated Towhee,Melozone albicollis,whttow1,White-throated Towhee,WTTO
Melozone biarcuata_White-faced Ground-Sparrow,Melozone biarcuata,pregrs1,Prevost's Ground Sparrow,WFGS
Melozone cabanisi_Cabanis's Ground-Sparrow,Melozone cabanisi,pregrs2,Cabanis's Ground Sparrow,CAGS
Melozone crissalis_California Towhee,Melozone crissalis,caltow,California Towhee,CALT
Melozone fusca_Canyon Towhee,Melozone fusca,cantow,Canyon Towhee,CANT
Melozone kieneri_Rusty-crowned Ground-Sparrow,Melozone kieneri,rcgspa1,Rusty-crowned Ground Sparrow,RCGS
Melozone leucotis_White-eared Ground-Sparrow,Melozone leucotis,wegspa1,White-eared Ground Sparrow,WEGS
Menura alberti_Albert's Lyrebird,Menura alberti,alblyr1,Albert's Lyrebird,
Menura novaehollandiae_Superb Lyrebird,Menura novaehollandiae,suplyr1,Superb Lyrebird,
Mergellus albellus_Smew,Mergellus albellus,smew,Smew,SMEW
Mergus merganser_Common Merganser,Mergus merganser,commer,Common Merganser,COME
Mergus serrator_Red-breasted Merganser,Mergus serrator,rebmer,Red-breasted Merganser,RBME
Merops albicollis_White-throated Bee-eater,Merops albicollis,wtbeat1,White-throated Bee-eater,
Merops apiaster_European Bee-eater,Merops apiaster,eubeat1,European Bee-eater,
Merops bullockoides_White-fronted Bee-eater,Merops bullockoides,wfbeat1,White-fronted Bee-eater,
Merops bulocki_Red-throated Bee-eater,Merops bulocki,rtbeat1,Red-throated Bee-eater,
Merops hirundineus_Swallow-tailed Bee-eater,Merops hirundineus,stbeat1,Swallow-tailed Bee-eater,
Merops leschenaulti_Chestnut-headed Bee-eater,Merops leschenaulti,chbeat1,Chestnut-headed Bee-eater,
Merops oreobates_Cinnamon-chested Bee-eater,Merops oreobates,ccbeat1,Cinnamon-chested Bee-eater,
Merops orientalis_Green Bee-eater,Merops orientalis,grnbee3,Asian Green Bee-eater,
Merops ornatus_Rainbow Bee-eater,Merops ornatus,rabeat1,Rainbow Bee-eater,
Merops persicus_Blue-cheeked Bee-eater,Merops persicus,bcbeat1,Blue-cheeked Bee-eater,
Merops philippinus_Blue-tailed Bee-eater,Merops philippinus,btbeat1,Blue-tailed Bee-eater,
Merops pusillus_Little Bee-eater,Merops pusillus,libeat1,Little Bee-eater,
Merops superciliosus_Madagascar Bee-eater,Merops superciliosus,mabeat1,Olive Bee-eater,
Merops variegatus_Blue-breasted Bee-eater,Merops variegatus,bbbeat2,Blue-breasted Bee-eater,
Merops viridis_Blue-throated Bee-eater,Merops viridis,btbeat2,Blue-throated Bee-eater,
Merulaxis ater_Slaty Bristlefront,Merulaxis ater,slabri1,Slaty Bristlefront,
Mesembrinibis cayennensis_Green Ibis,Mesembrinibis cayennensis,greibi1,Green Ibis,GRIB
Mesitornis unicolor_Brown Mesite,Mesitornis unicolor,bromes1,Brown Mesite,
Mesitornis variegatus_White-breasted Mesite,Mesitornis variegatus,whbmes2,White-breasted Mesite,
Metallura tyrianthina_Tyrian Metaltail,Metallura tyrianthina,tyrmet1,Tyrian Metaltail,
Metallura williami_Viridian Metaltail,Metallura williami,virmet1,Viridian Metaltail,
Metopidius indicus_Bronze-winged Jacana,Metopidius indicus,brwjac1,Bronze-winged Jacana,
Metopothrix aurantiaca_Orange-fronted Plushcrown,Metopothrix aurantiaca,orfplu2,Orange-fronted Plushcrown,
Metriopelia melanoptera_Black-winged Ground Dove,Metriopelia melanoptera,bwgdov1,Black-winged Ground Dove,
Micrastur buckleyi_Buckley's Forest-Falcon,Micrastur buckleyi,buffal1,Buckley's Forest Falcon,
Micrastur gilvicollis_Lined Forest-Falcon,Micrastur gilvicollis,liffal1,Lined Forest Falcon,
Micrastur mintoni_Cryptic Forest-Falcon,Micrastur mintoni,cryfof1,Cryptic Forest Falcon,
Micrastur mirandollei_Slaty-backed Forest-Falcon,Micrastur mirandollei,sbffal1,Slaty-backed Forest Falcon,SBFF
Micrastur ruficollis_Barred Forest-Falcon,Micrastur ruficollis,baffal1,Barred Forest Falcon,BAFF
Micrastur semitorquatus_Collared Forest-Falcon,Micrastur semitorquatus,coffal1,Collared Forest Falcon,COFF
Micrathene whitneyi_Elf Owl,Micrathene whitneyi,elfowl,Elf Owl,ELOW
Microbates cinereiventris_Tawny-faced Gnatwren,Microbates cinereiventris,tafgna1,Tawny-faced Gnatwren,TFGN
Microbates collaris_Collared Gnatwren,Microbates collaris,colgna1,Collared Gnatwren,
Microcarbo niger_Little Cormorant,Microcarbo niger,litcor1,Little Cormorant,
Microcentrum rhombifolium_Greater Angle-wing,Microcentrum rhombifolium,,,
Microcerculus bambla_Wing-banded Wren,Microcerculus bambla,wibwre1,Wing-banded Wren,
Microcerculus marginatus_Scaly-breasted Wren,Microcerculus marginatus,scbwre1,Southern Nightingale-Wren,SCBW
Microcerculus philomela_Nightingale Wren,Microcerculus philomela,nigwre1,Northern Nightingale-Wren,NIWR
Microcerculus ustulatus_Flutist Wren,Microcerculus ustulatus,fluwre1,Flutist Wren,
Microeca fascinans_Jacky-winter,Microeca fascinans,jacwin1,Jacky Winter,
Microeca flavigaster_Lemon-bellied Flycatcher,Microeca flavigaster,lebfly3,Lemon-bellied Flyrobin,
Microhierax fringillarius_Black-thighed Falconet,Microhierax fringillarius,bltfal1,Black-thighed Falconet,
Micromonacha lanceolata_Lanceolated Monklet,Micromonacha lanceolata,lanmon1,Lanceolated Monklet,LAMO
Micronisus gabar_Gabar Goshawk,Micronisus gabar,gabgos2,Gabar Goshawk,
Micropsitta finschii_Finsch's Pygmy-Parrot,Micropsitta finschii,fippar1,Finsch's Pygmy Parrot,
Micropternus brachyurus_Rufous Woodpecker,Micropternus brachyurus,rufwoo2,Rufous Woodpecker,
Micropygia schomburgkii_Ocellated Crake,Micropygia schomburgkii,,,
Microrhopias quixensis_Dot-winged Antwren,Microrhopias quixensis,dowant1,Dot-winged Antwren,DWAN
Microspingus cabanisi_Gray-throated Warbling Finch,Microspingus cabanisi,gytwaf1,Grey-throated Warbling Finch,
Microspingus erythrophrys_Rusty-browed Warbling Finch,Microspingus erythrophrys,rbwfin2,Rusty-browed Warbling Finch,
Microspingus lateralis_Buff-throated Warbling Finch,Microspingus lateralis,rrwfin1,Buff-throated Warbling Finch,
Microspingus melanoleucus_Black-capped Warbling Finch,Microspingus melanoleucus,bcwfin2,Black-capped Warbling Finch,
Microspingus torquatus_Ringed Warbling Finch,Microspingus torquatus,riwfin1,Ringed Warbling Finch,
Microxenops milleri_Rufous-tailed Xenops,Microxenops milleri,rutxen1,Rufous-tailed Xenops,
Milvago chimachima_Yellow-headed Caracara,Milvago chimachima,,,
Milvago chimango_Chimango Caracara,Milvago chimango,,,
Milvus migrans_Black Kite,Milvus migrans,blakit1,Black Kite,BLAK
Milvus milvus_Red Kite,Milvus milvus,redkit1,Red Kite,
Mimus dorsalis_Brown-backed Mockingbird,Mimus dorsalis,brbmoc1,Brown-backed Mockingbird,
Mimus gilvus_Tropical Mockingbird,Mimus gilvus,tromoc,Tropical Mockingbird,TRMO
Mimus gundlachii_Bahama Mockingbird,Mimus gundlachii,bahmoc,Bahama Mockingbird,BAMO
Mimus longicaudatus_Long-tailed Mockingbird,Mimus longicaudatus,lotmoc1,Long-tailed Mockingbird,
Mimus patagonicus_Patagonian Mockingbird,Mimus patagonicus,patmoc1,Patagonian Mockingbird,
Mimus polyglottos_Northern Mockingbird,Mimus polyglottos,normoc,Northern Mockingbird,NOMO
Mimus saturninus_Chalk-browed Mockingbird,Mimus saturninus,chbmoc1,Chalk-browed Mockingbird,
Mimus thenca_Chilean Mockingbird,Mimus thenca,chimoc1,Chilean Mockingbird,
Mimus triurus_White-banded Mockingbird,Mimus triurus,whbmoc1,White-banded Mockingbird,
Minla ignotincta_Red-tailed Minla,Minla ignotincta,retmin1,Red-tailed Minla,
Mino dumontii_Yellow-faced Myna,Mino dumontii,yefmyn1,Yellow-faced Myna,
Mino kreffti_Long-tailed Myna,Mino kreffti,lotmyn1,Long-tailed Myna,
Miogryllus saussurei_Miogryllus saussurei,Miogryllus saussurei,,,
Mionectes macconnelli_McConnell's Flycatcher,Mionectes macconnelli,mccfly1,McConnell's Flycatcher,
Mionectes oleagineus_Ochre-bellied Flycatcher,Mionectes oleagineus,ocbfly1,Ochre-bellied Flycatcher,OBFL
Mionectes olivaceus_Olive-striped Flycatcher,Mionectes olivaceus,olsfly2,Olive-striped Flycatcher,OSTF
Mionectes rufiventris_Gray-hooded Flycatcher,Mionectes rufiventris,gyhfly1,Grey-hooded Flycatcher,
Mionectes striaticollis_Streak-necked Flycatcher,Mionectes striaticollis,stnfly1,Streak-necked Flycatcher,
Mirafra affinis_Jerdon's Bushlark,Mirafra affinis,,,
Mirafra africana_Rufous-naped Lark,Mirafra africana,,,
Mirafra apiata_Cape Clapper Lark,Mirafra apiata,,,
Mirafra assamica_Bengal Bushlark,Mirafra assamica,,,
Mirafra cantillans_Singing Bushlark,Mirafra cantillans,,,
Mirafra cheniana_Latakoo Lark,Mirafra cheniana,latlar1,Melodious Lark,
Mirafra erythrocephala_Indochinese Bushlark,Mirafra erythrocephala,,,
Mirafra erythroptera_Indian Bushlark,Mirafra erythroptera,,,
Mirafra fasciolata_Eastern Clapper Lark,Mirafra fasciolata,,,
Mirafra javanica_Australasian Bushlark,Mirafra javanica,sinbus6,Singing Bush Lark,
Mirafra passerina_Monotonous Lark,Mirafra passerina,monlar2,Monotonous Lark,
Mirafra rufocinnamomea_Flappet Lark,Mirafra rufocinnamomea,,,
Mitrephanes phaeocercus_Tufted Flycatcher,Mitrephanes phaeocercus,tuffly,Northern Tufted Flycatcher,TUFL
Mitrospingus cassinii_Dusky-faced Tanager,Mitrospingus cassinii,duftan1,Dusky-faced Tanager,DFTA
Mitrospingus oleagineus_Olive-backed Tanager,Mitrospingus oleagineus,olbtan1,Olive-backed Tanager,
Mitu salvini_Salvin's Curassow,Mitu salvini,salcur1,Salvin's Curassow,
Mitu tomentosum_Crestless Curassow,Mitu tomentosum,crecur2,Crestless Curassow,
Mitu tuberosum_Razor-billed Curassow,Mitu tuberosum,rabcur2,Razor-billed Curassow,
Mixornis bornensis_Bold-striped Tit-Babbler,Mixornis bornensis,bostib1,Bold-striped Tit-Babbler,
Mixornis flavicollis_Gray-cheeked Tit-Babbler,Mixornis flavicollis,gyctib1,Grey-cheeked Tit-Babbler,
Mixornis gularis_Pin-striped Tit-Babbler,Mixornis gularis,sttbab1,Pin-striped Tit-Babbler,
Mixornis kelleyi_Gray-faced Tit-Babbler,Mixornis kelleyi,gyftib1,Grey-faced Tit-Babbler,
Mniotilta varia_Black-and-white Warbler,Mniotilta varia,bawwar,Black-and-white Warbler,BAWW
Modulatrix stictigula_Spot-throat,Modulatrix stictigula,spothr1,Spot-throat,
Mohoua albicilla_Whitehead,Mohoua albicilla,whiteh1,Whitehead,
Mohoua novaeseelandiae_Pipipi,Mohoua novaeseelandiae,pipipi1,Pipipi,
Mohoua ochrocephala_Yellowhead,Mohoua ochrocephala,yellow3,Yellowhead,
Molothrus aeneus_Bronzed Cowbird,Molothrus aeneus,brocow,Bronzed Cowbird,BROC
Molothrus ater_Brown-headed Cowbird,Molothrus ater,bnhcow,Brown-headed Cowbird,BHCO
Molothrus bonariensis_Shiny Cowbird,Molothrus bonariensis,shicow,Shiny Cowbird,SHCO
Molothrus oryzivorus_Giant Cowbird,Molothrus oryzivorus,giacow,Giant Cowbird,GICO
Molothrus rufoaxillaris_Screaming Cowbird,Molothrus rufoaxillaris,scrcow1,Screaming Cowbird,
Momotus aequatorialis_Andean Motmot,Momotus aequatorialis,higmot1,Andean Motmot,
Momotus coeruliceps_Blue-capped Motmot,Momotus coeruliceps,bucmot1,Blue-capped Motmot,BCMO
Momotus lessonii_Lesson's Motmot,Momotus lessonii,bucmot2,Lesson's Motmot,LEMO
Momotus mexicanus_Russet-crowned Motmot,Momotus mexicanus,rucmot1,Russet-crowned Motmot,RCMO
Momotus momota_Amazonian Motmot,Momotus momota,bucmot4,Amazonian Motmot,
Momotus subrufescens_Whooping Motmot,Momotus subrufescens,bucmot3,Whooping Motmot,WHMO
Monarcha castaneiventris_Chestnut-bellied Monarch,Monarcha castaneiventris,chbmon1,Chestnut-bellied Monarch,
Monarcha frater_Black-winged Monarch,Monarcha frater,blwmon1,Black-winged Monarch,
Monarcha melanopsis_Black-faced Monarch,Monarcha melanopsis,blfmon1,Black-faced Monarch,
Monarcha richardsii_White-capped Monarch,Monarcha richardsii,whcmon1,White-capped Monarch,
Monasa atra_Black Nunbird,Monasa atra,blanun1,Black Nunbird,
Monasa flavirostris_Yellow-billed Nunbird,Monasa flavirostris,yebnun1,Yellow-billed Nunbird,
Monasa morphoeus_White-fronted Nunbird,Monasa morphoeus,whfnun1,White-fronted Nunbird,WFNU
Monasa nigrifrons_Black-fronted Nunbird,Monasa nigrifrons,blfnun1,Black-fronted Nunbird,
Montecincla fairbanki_Palani Laughingthrush,Montecincla fairbanki,kerlau2,Palani Laughingthrush,
Monticola cinclorhyncha_Blue-capped Rock-Thrush,Monticola cinclorhyncha,bcrthr1,Blue-capped Rock Thrush,
Monticola gularis_White-throated Rock-Thrush,Monticola gularis,wtrthr1,White-throated Rock Thrush,
Monticola rufiventris_Chestnut-bellied Rock-Thrush,Monticola rufiventris,cbrthr1,Chestnut-bellied Rock Thrush,
Monticola rupestris_Cape Rock-Thrush,Monticola rupestris,carthr1,Cape Rock Thrush,
Monticola saxatilis_Rufous-tailed Rock-Thrush,Monticola saxatilis,rtrthr1,Common Rock Thrush,RTRT
Monticola sharpei_Forest Rock-Thrush,Monticola sharpei,forrot2,Forest Rock Thrush,
Monticola solitarius_Blue Rock-Thrush,Monticola solitarius,burthr,Blue Rock Thrush,
Montifringilla blanfordi_Blanford's Snowfinch,Montifringilla blanfordi,,,
Montifringilla nivalis_White-winged Snowfinch,Montifringilla nivalis,whwsno1,White-winged Snowfinch,
Montifringilla taczanowskii_White-rumped Snowfinch,Montifringilla taczanowskii,,,
Morococcyx erythropygus_Lesser Ground-Cuckoo,Morococcyx erythropygus,legcuc1,Lesser Ground Cuckoo,LEGC
Morphnarchus princeps_Barred Hawk,Morphnarchus princeps,barhaw1,Barred Hawk,BAHA
Morphnus guianensis_Crested Eagle,Morphnus guianensis,creeag1,Crested Eagle,CREA
Morus bassanus_Northern Gannet,Morus bassanus,norgan,Northern Gannet,NOGA
Motacilla aguimp_African Pied Wagtail,Motacilla aguimp,afpwag1,African Pied Wagtail,
Motacilla alba_White Wagtail,Motacilla alba,whiwag,White Wagtail,WHWA
Motacilla capensis_Cape Wagtail,Motacilla capensis,capwag1,Cape Wagtail,
Motacilla cinerea_Gray Wagtail,Motacilla cinerea,grywag,Grey Wagtail,GRAW
Motacilla citreola_Citrine Wagtail,Motacilla citreola,citwag,Citrine Wagtail,CIWA
Motacilla clara_Mountain Wagtail,Motacilla clara,mouwag1,Mountain Wagtail,
Motacilla flava_Western Yellow Wagtail,Motacilla flava,eaywag1,Western Yellow Wagtail,
Motacilla flaviventris_Madagascar Wagtail,Motacilla flaviventris,madwag1,Madagascar Wagtail,
Motacilla grandis_Japanese Wagtail,Motacilla grandis,japwag1,Japanese Wagtail,
Motacilla maderaspatensis_White-browed Wagtail,Motacilla maderaspatensis,whbwag1,White-browed Wagtail,
Motacilla tschutschensis_Eastern Yellow Wagtail,Motacilla tschutschensis,eaywag,Eastern Yellow Wagtail,EYWA
Mulleripicus fulvus_Ashy Woodpecker,Mulleripicus fulvus,ashwoo1,Ashy Woodpecker,
Mulleripicus pulverulentus_Great Slaty Woodpecker,Mulleripicus pulverulentus,grswoo1,Great Slaty Woodpecker,
Muscicapa adusta_African Dusky Flycatcher,Muscicapa adusta,afdfly1,African Dusky Flycatcher,
Muscicapa aquatica_Swamp Flycatcher,Muscicapa aquatica,swafly3,Swamp Flycatcher,
Muscicapa dauurica_Asian Brown Flycatcher,Muscicapa dauurica,asbfly,Asian Brown Flycatcher,ABFL
Muscicapa ferruginea_Ferruginous Flycatcher,Muscicapa ferruginea,ferfly1,Ferruginous Flycatcher,
Muscicapa griseisticta_Gray-streaked Flycatcher,Muscicapa griseisticta,gysfly1,Grey-streaked Flycatcher,GSFL
Muscicapa muttui_Brown-breasted Flycatcher,Muscicapa muttui,brbfly2,Brown-breasted Flycatcher,
Muscicapa sibirica_Dark-sided Flycatcher,Muscicapa sibirica,dasfly,Dark-sided Flycatcher,DSFL
Muscicapa striata_Spotted Flycatcher,Muscicapa striata,spofly1,Spotted Flycatcher,SPFL
Muscicapa williamsoni_Brown-streaked Flycatcher,Muscicapa williamsoni,bnsfly1,Brown-streaked Flycatcher,
Muscigralla brevicauda_Short-tailed Field Tyrant,Muscigralla brevicauda,stftyr1,Short-tailed Field Tyrant,
Muscipipra vetula_Shear-tailed Gray Tyrant,Muscipipra vetula,shtgrt1,Shear-tailed Grey Tyrant,
Muscisaxicola albilora_White-browed Ground-Tyrant,Muscisaxicola albilora,wbgtyr1,White-browed Ground Tyrant,
Muscisaxicola maculirostris_Spot-billed Ground-Tyrant,Muscisaxicola maculirostris,sbgtyr1,Spot-billed Ground Tyrant,
Musophaga rossae_Ross's Turaco,Musophaga rossae,,,
Mustelirallus albicollis_Ash-throated Crake,Mustelirallus albicollis,astcra1,Ash-throated Crake,
Mustelirallus erythrops_Paint-billed Crake,Mustelirallus erythrops,pabcra,Paint-billed Crake,PBCR
Myadestes coloratus_Varied Solitaire,Myadestes coloratus,varsol1,Varied Solitaire,VASO
Myadestes elisabeth_Cuban Solitaire,Myadestes elisabeth,cubsol1,Cuban Solitaire,CUSO
Myadestes genibarbis_Rufous-throated Solitaire,Myadestes genibarbis,rutsol1,Rufous-throated Solitaire,RTSO
Myadestes melanops_Black-faced Solitaire,Myadestes melanops,blfsol1,Black-faced Solitaire,BFSO
Myadestes obscurus_Omao,Myadestes obscurus,omao,Omao,OMAO
Myadestes occidentalis_Brown-backed Solitaire,Myadestes occidentalis,brbsol1,Brown-backed Solitaire,BBSO
Myadestes palmeri_Puaiohi,Myadestes palmeri,puaioh,Puaiohi,PUAI
Myadestes ralloides_Andean Solitaire,Myadestes ralloides,andsol1,Andean Solitaire,
Myadestes townsendi_Townsend's Solitaire,Myadestes townsendi,towsol,Townsend's Solitaire,TOSO
Myadestes unicolor_Slate-colored Solitaire,Myadestes unicolor,slcsol1,Slate-colored Solitaire,SCSO
Mycerobas affinis_Collared Grosbeak,Mycerobas affinis,colgro1,Collared Grosbeak,
Mycerobas carnipes_White-winged Grosbeak,Mycerobas carnipes,whwgro1,White-winged Grosbeak,
Mycerobas icterioides_Black-and-yellow Grosbeak,Mycerobas icterioides,baygro1,Black-and-yellow Grosbeak,
Mycteria americana_Wood Stork,Mycteria americana,woosto,Wood Stork,WOST
Mycteria leucocephala_Painted Stork,Mycteria leucocephala,paisto1,Painted Stork,
Myiagra alecto_Shining Flycatcher,Myiagra alecto,shifly1,Shining Flycatcher,
Myiagra caledonica_Melanesian Flycatcher,Myiagra caledonica,melfly1,Melanesian Flycatcher,
Myiagra cyanoleuca_Satin Flycatcher,Myiagra cyanoleuca,satfly1,Satin Flycatcher,
Myiagra ferrocyanea_Steel-blue Flycatcher,Myiagra ferrocyanea,stbfly1,Steel-blue Flycatcher,
Myiagra galeata_Moluccan Flycatcher,Myiagra galeata,molfly1,Moluccan Flycatcher,
Myiagra inquieta_Restless Flycatcher,Myiagra inquieta,resfly1,Restless Flycatcher,
Myiagra nana_Paperbark Flycatcher,Myiagra nana,papfly1,Paperbark Flycatcher,
Myiagra rubecula_Leaden Flycatcher,Myiagra rubecula,leafly2,Leaden Flycatcher,
Myiagra ruficollis_Broad-billed Flycatcher,Myiagra ruficollis,brbfly1,Broad-billed Flycatcher,
Myiagra vanikorensis_Vanikoro Flycatcher,Myiagra vanikorensis,vanfly1,Vanikoro Flycatcher,
Myiarchus antillarum_Puerto Rican Flycatcher,Myiarchus antillarum,purfly1,Puerto Rican Flycatcher,PRFL
Myiarchus apicalis_Apical Flycatcher,Myiarchus apicalis,apifly1,Apical Flycatcher,
Myiarchus barbirostris_Sad Flycatcher,Myiarchus barbirostris,sadfly1,Sad Flycatcher,SAFL
Myiarchus cephalotes_Pale-edged Flycatcher,Myiarchus cephalotes,paefly1,Pale-edged Flycatcher,
Myiarchus cinerascens_Ash-throated Flycatcher,Myiarchus cinerascens,astfly,Ash-throated Flycatcher,ATFL
Myiarchus crinitus_Great Crested Flycatcher,Myiarchus crinitus,grcfly,Great Crested Flycatcher,GCFL
Myiarchus ferox_Short-crested Flycatcher,Myiarchus ferox,shcfly1,Short-crested Flycatcher,
Myiarchus nuttingi_Nutting's Flycatcher,Myiarchus nuttingi,nutfly,Nutting's Flycatcher,NUFL
Myiarchus panamensis_Panama Flycatcher,Myiarchus panamensis,panfly1,Panama Flycatcher,PAFL
Myiarchus phaeocephalus_Sooty-crowned Flycatcher,Myiarchus phaeocephalus,socfly2,Sooty-crowned Flycatcher,
Myiarchus sagrae_La Sagra's Flycatcher,Myiarchus sagrae,lasfly,La Sagra's Flycatcher,LSFL
Myiarchus stolidus_Stolid Flycatcher,Myiarchus stolidus,stofly1,Stolid Flycatcher,STOF
Myiarchus swainsoni_Swainson's Flycatcher,Myiarchus swainsoni,swafly1,Swainson's Flycatcher,
Myiarchus tuberculifer_Dusky-capped Flycatcher,Myiarchus tuberculifer,ducfly,Dusky-capped Flycatcher,DCFL
Myiarchus tyrannulus_Brown-crested Flycatcher,Myiarchus tyrannulus,bncfly,Brown-crested Flycatcher,BCFL
Myiarchus venezuelensis_Venezuelan Flycatcher,Myiarchus venezuelensis,venfly1,Venezuelan Flycatcher,
Myiarchus yucatanensis_Yucatan Flycatcher,Myiarchus yucatanensis,yucfly1,Yucatan Flycatcher,YUFL
Myiobius atricaudus_Black-tailed Flycatcher,Myiobius atricaudus,bltfly1,Black-tailed Myiobius,BTFL
Myiobius barbatus_Whiskered Flycatcher,Myiobius barbatus,whifly1,Whiskered Myiobius,
Myiobius sulphureipygius_Sulphur-rumped Flycatcher,Myiobius sulphureipygius,surfly1,Sulphur-rumped Myiobius,SRFL
Myioborus albifrons_White-fronted Redstart,Myioborus albifrons,whfred2,White-fronted Whitestart,
Myioborus brunniceps_Brown-capped Redstart,Myioborus brunniceps,brcred1,Brown-capped Whitestart,
Myioborus castaneocapilla_Tepui Redstart,Myioborus castaneocapilla,tepred1,Tepui Whitestart,
Myioborus flavivertex_Yellow-crowned Redstart,Myioborus flavivertex,yecred1,Yellow-crowned Whitestart,
Myioborus melanocephalus_Spectacled Redstart,Myioborus melanocephalus,spered1,Spectacled Whitestart,
Myioborus miniatus_Slate-throated Redstart,Myioborus miniatus,sltred,Slate-throated Whitestart,STRE
Myioborus ornatus_Golden-fronted Redstart,Myioborus ornatus,gofred1,Golden-fronted Whitestart,
Myioborus pictus_Painted Redstart,Myioborus pictus,paired,Painted Whitestart,PARE
Myioborus torquatus_Collared Redstart,Myioborus torquatus,colred1,Collared Whitestart,COLR
Myiodynastes bairdii_Baird's Flycatcher,Myiodynastes bairdii,baifly1,Baird's Flycatcher,
Myiodynastes chrysocephalus_Golden-crowned Flycatcher,Myiodynastes chrysocephalus,gocfly1,Golden-crowned Flycatcher,
Myiodynastes hemichrysus_Golden-bellied Flycatcher,Myiodynastes hemichrysus,gobfly1,Golden-bellied Flycatcher,GBFL
Myiodynastes luteiventris_Sulphur-bellied Flycatcher,Myiodynastes luteiventris,subfly,Sulphur-bellied Flycatcher,SBFL
Myiodynastes maculatus_Streaked Flycatcher,Myiodynastes maculatus,strfly1,Streaked Flycatcher,STRF
Myiomela leucura_White-tailed Robin,Myiomela leucura,whtrob2,White-tailed Robin,
Myiopagis caniceps_Gray Elaenia,Myiopagis caniceps,gryela3,Grey-headed Elaenia,GRAE
Myiopagis flavivertex_Yellow-crowned Elaenia,Myiopagis flavivertex,yecela1,Yellow-crowned Elaenia,
Myiopagis gaimardii_Forest Elaenia,Myiopagis gaimardii,forela1,Forest Elaenia,FOEL
Myiopagis olallai_Foothill Elaenia,Myiopagis olallai,fooela1,Foothill Elaenia,
Myiopagis subplacens_Pacific Elaenia,Myiopagis subplacens,pacela1,Pacific Elaenia,
Myiopagis viridicata_Greenish Elaenia,Myiopagis viridicata,greela,Greenish Elaenia,GREL
Myiophobus cryptoxanthus_Olive-chested Flycatcher,Myiophobus cryptoxanthus,olcfly1,Olive-chested Flycatcher,
Myiophobus fasciatus_Bran-colored Flycatcher,Myiophobus fasciatus,brcfly1,Bran-colored Flycatcher,BCOF
Myiophobus flavicans_Flavescent Flycatcher,Myiophobus flavicans,flafly2,Flavescent Flycatcher,
Myiophobus phoenicomitra_Orange-crested Flycatcher,Myiophobus phoenicomitra,orcfly1,Orange-crested Flycatcher,
Myiopsitta monachus_Monk Parakeet,Myiopsitta monachus,monpar,Monk Parakeet,MOPA
Myiornis albiventris_White-bellied Pygmy-Tyrant,Myiornis albiventris,wbptyr1,White-bellied Pygmy Tyrant,
Myiornis atricapillus_Black-capped Pygmy-Tyrant,Myiornis atricapillus,bcptyr1,Black-capped Pygmy Tyrant,BPYT
Myiornis auricularis_Eared Pygmy-Tyrant,Myiornis auricularis,eaptyr1,Eared Pygmy Tyrant,
Myiornis ecaudatus_Short-tailed Pygmy-Tyrant,Myiornis ecaudatus,stptyr1,Short-tailed Pygmy Tyrant,
Myiotheretes fumigatus_Smoky Bush-Tyrant,Myiotheretes fumigatus,smbtyr2,Smoky Bush Tyrant,
Myiotheretes fuscorufus_Rufous-bellied Bush-Tyrant,Myiotheretes fuscorufus,rbbtyr1,Rufous-bellied Bush Tyrant,
Myiotheretes pernix_Santa Marta Bush-Tyrant,Myiotheretes pernix,smbtyr1,Santa Marta Bush Tyrant,
Myiotheretes striaticollis_Streak-throated Bush-Tyrant,Myiotheretes striaticollis,stbtyr1,Streak-throated Bush Tyrant,
Myiothlypis basilica_Santa Marta Warbler,Myiothlypis basilica,samwar1,Santa Marta Warbler,
Myiothlypis bivittata_Two-banded Warbler,Myiothlypis bivittata,twbwar1,Two-banded Warbler,
Myiothlypis chrysogaster_Golden-bellied Warbler,Myiothlypis chrysogaster,gobwar3,Cuzco Warbler,
Myiothlypis cinereicollis_Gray-throated Warbler,Myiothlypis cinereicollis,gytwar1,Grey-throated Warbler,
Myiothlypis conspicillata_White-lored Warbler,Myiothlypis conspicillata,whlwar1,White-lored Warbler,
Myiothlypis coronata_Russet-crowned Warbler,Myiothlypis coronata,rucwar1,Russet-crowned Warbler,
Myiothlypis flaveola_Flavescent Warbler,Myiothlypis flaveola,flawar1,Flavescent Warbler,
Myiothlypis fraseri_Gray-and-gold Warbler,Myiothlypis fraseri,gagwar2,Grey-and-gold Warbler,
Myiothlypis fulvicauda_Buff-rumped Warbler,Myiothlypis fulvicauda,burwar1,Buff-rumped Warbler,BURW
Myiothlypis leucoblephara_White-browed Warbler,Myiothlypis leucoblephara,whbwar2,White-rimmed Warbler,
Myiothlypis leucophrys_White-striped Warbler,Myiothlypis leucophrys,whswar2,White-striped Warbler,
Myiothlypis luteoviridis_Citrine Warbler,Myiothlypis luteoviridis,citwar1,Citrine Warbler,
Myiothlypis nigrocristata_Black-crested Warbler,Myiothlypis nigrocristata,blcwar2,Black-crested Warbler,
Myiothlypis rivularis_Riverbank Warbler,Myiothlypis rivularis,rivwar1,Riverbank Warbler,
Myiothlypis signata_Pale-legged Warbler,Myiothlypis signata,palwar1,Pale-legged Warbler,
Myiotriccus ornatus_Ornate Flycatcher,Myiotriccus ornatus,ornfly1,Ornate Flycatcher,
Myiozetetes cayanensis_Rusty-margined Flycatcher,Myiozetetes cayanensis,rumfly1,Rusty-margined Flycatcher,RMFL
Myiozetetes granadensis_Gray-capped Flycatcher,Myiozetetes granadensis,grcfly1,Grey-capped Flycatcher,GCAF
Myiozetetes luteiventris_Dusky-chested Flycatcher,Myiozetetes luteiventris,ducfly2,Dusky-chested Flycatcher,
Myiozetetes similis_Social Flycatcher,Myiozetetes similis,socfly1,Social Flycatcher,SOFL
Myophonus caeruleus_Blue Whistling-Thrush,Myophonus caeruleus,blwthr1,Blue Whistling Thrush,
Myophonus horsfieldii_Malabar Whistling-Thrush,Myophonus horsfieldii,mawthr1,Malabar Whistling Thrush,
Myophonus insularis_Taiwan Whistling-Thrush,Myophonus insularis,fowthr1,Taiwan Whistling Thrush,
Myophonus melanurus_Shiny Whistling-Thrush,Myophonus melanurus,shwthr1,Shiny Whistling Thrush,
Myornis senilis_Ash-colored Tapaculo,Myornis senilis,asctap1,Ash-colored Tapaculo,
Myrmeciza longipes_White-bellied Antbird,Myrmeciza longipes,whbant1,White-bellied Antbird,WBEA
Myrmecocichla aethiops_Northern Anteater-Chat,Myrmecocichla aethiops,noacha1,Anteater Chat,
Myrmecocichla arnotti_Arnot's Chat,Myrmecocichla arnotti,whbcha2,Arnot's Chat,
Myrmecocichla formicivora_Southern Anteater-Chat,Myrmecocichla formicivora,soacha1,Ant-eating Chat,
Myrmecocichla monticola_Mountain Wheatear,Myrmecocichla monticola,mouwhe1,Mountain Chat,
Myrmecocichla nigra_Sooty Chat,Myrmecocichla nigra,soocha1,Sooty Chat,
Myrmelastes humaythae_Humaita Antbird,Myrmelastes humaythae,humant1,Humaita Antbird,
Myrmelastes hyperythrus_Plumbeous Antbird,Myrmelastes hyperythrus,pluant1,Plumbeous Antbird,
Myrmelastes leucostigma_Spot-winged Antbird,Myrmelastes leucostigma,spwant3,Spot-winged Antbird,
Myrmelastes rufifacies_Rufous-faced Antbird,Myrmelastes rufifacies,rufant4,Rufous-faced Antbird,
Myrmelastes schistaceus_Slate-colored Antbird,Myrmelastes schistaceus,slcant3,Slate-colored Antbird,
Myrmoborus leucophrys_White-browed Antbird,Myrmoborus leucophrys,whbant6,White-browed Antbird,
Myrmoborus lophotes_White-lined Antbird,Myrmoborus lophotes,whlant1,White-lined Antbird,
Myrmoborus lugubris_Ash-breasted Antbird,Myrmoborus lugubris,asbant1,Ash-breasted Antbird,
Myrmoborus melanurus_Black-tailed Antbird,Myrmoborus melanurus,bltant1,Black-tailed Antbird,
Myrmoborus myotherinus_Black-faced Antbird,Myrmoborus myotherinus,blfant2,Black-faced Antbird,
Myrmochanes hemileucus_Black-and-white Antbird,Myrmochanes hemileucus,bawant1,Black-and-white Antbird,
Myrmoderus ferrugineus_Ferruginous-backed Antbird,Myrmoderus ferrugineus,febant1,Ferruginous-backed Antbird,
Myrmoderus loricatus_White-bibbed Antbird,Myrmoderus loricatus,whbant4,White-bibbed Antbird,
Myrmoderus ruficauda_Scalloped Antbird,Myrmoderus ruficauda,scaant3,Scalloped Antbird,
Myrmoderus squamosus_Squamate Antbird,Myrmoderus squamosus,squant1,Squamate Antbird,
Myrmophylax atrothorax_Black-throated Antbird,Myrmophylax atrothorax,bltant2,Black-throated Antbird,
Myrmorchilus strigilatus_Stripe-backed Antbird,Myrmorchilus strigilatus,stbant2,Stripe-backed Antbird,
Myrmornis torquata_Wing-banded Antbird,Myrmornis torquata,wibant1,Wing-banded Antbird,WBAA
Myrmothera berlepschi_Amazonian Antpitta,Myrmothera berlepschi,amaant1,Amazonian Antpitta,
Myrmothera campanisona_Thrush-like Antpitta,Myrmothera campanisona,thlant2,Thrush-like Antpitta,
Myrmothera dives_Thicket Antpitta,Myrmothera dives,thiant1,Thicket Antpitta,THAN
Myrmothera fulviventris_White-lored Antpitta,Myrmothera fulviventris,whlant2,White-lored Antpitta,
Myrmothera simplex_Tepui Antpitta,Myrmothera simplex,tepant1,Tepui Antpitta,
Myrmothera subcanescens_Tapajos Antpitta,Myrmothera subcanescens,thlant3,Tapajos Antpitta,
Myrmotherula ambigua_Yellow-throated Antwren,Myrmotherula ambigua,yetant1,Yellow-throated Antwren,
Myrmotherula assimilis_Leaden Antwren,Myrmotherula assimilis,leaant1,Leaden Antwren,
Myrmotherula axillaris_White-flanked Antwren,Myrmotherula axillaris,whfant2,White-flanked Antwren,WFLA
Myrmotherula brachyura_Pygmy Antwren,Myrmotherula brachyura,pygant1,Pygmy Antwren,
Myrmotherula cherriei_Cherrie's Antwren,Myrmotherula cherriei,cheant1,Cherrie's Antwren,
Myrmotherula ignota_Moustached Antwren,Myrmotherula ignota,mouant,Moustached Antwren,MOAN
Myrmotherula iheringi_Ihering's Antwren,Myrmotherula iheringi,iheant1,Ihering's Antwren,
Myrmotherula klagesi_Klages's Antwren,Myrmotherula klagesi,klaant1,Klages's Antwren,
Myrmotherula longicauda_Stripe-chested Antwren,Myrmotherula longicauda,stcant4,Stripe-chested Antwren,
Myrmotherula longipennis_Long-winged Antwren,Myrmotherula longipennis,lowant1,Long-winged Antwren,
Myrmotherula menetriesii_Gray Antwren,Myrmotherula menetriesii,gryant1,Grey Antwren,
Myrmotherula minor_Salvadori's Antwren,Myrmotherula minor,salant1,Salvadori's Antwren,
Myrmotherula multostriata_Amazonian Streaked-Antwren,Myrmotherula multostriata,amasta1,Amazonian Streaked Antwren,
Myrmotherula pacifica_Pacific Antwren,Myrmotherula pacifica,pacant,Pacific Antwren,PAAN
Myrmotherula schisticolor_Slaty Antwren,Myrmotherula schisticolor,slaant1,Slaty Antwren,SLAN
Myrmotherula sclateri_Sclater's Antwren,Myrmotherula sclateri,sclant1,Sclater's Antwren,
Myrmotherula surinamensis_Guianan Streaked-Antwren,Myrmotherula surinamensis,guista1,Guianan Streaked Antwren,
Myrmotherula unicolor_Unicolored Antwren,Myrmotherula unicolor,uniant1,Unicolored Antwren,
Myrmotherula urosticta_Band-tailed Antwren,Myrmotherula urosticta,batant3,Band-tailed Antwren,
Myrtis fanny_Purple-collared Woodstar,Myrtis fanny,pucwoo1,Purple-collared Woodstar,
Mystacornis crossleyi_Crossley's Vanga,Mystacornis crossleyi,crobab1,Crossley's Vanga,
Myza sarasinorum_White-eared Myza,Myza sarasinorum,grshon1,White-eared Myza,
Myzomela cardinalis_Cardinal Myzomela,Myzomela cardinalis,carmyz1,Cardinal Myzomela,
Myzomela erythrocephala_Red-headed Myzomela,Myzomela erythrocephala,rehmyz1,Red-headed Myzomela,
Myzomela obscura_Dusky Myzomela,Myzomela obscura,dusmyz5,Dusky Myzomela,
Myzomela rosenbergii_Red-collared Myzomela,Myzomela rosenbergii,recmyz1,Red-collared Myzomela,
Myzomela rubratra_Micronesian Myzomela,Myzomela rubratra,micmyz1,Micronesian Myzomela,
Myzomela sanguinolenta_Scarlet Myzomela,Myzomela sanguinolenta,scamyz1,Scarlet Myzomela,
Nannopsittaca panychlora_Tepui Parrotlet,Nannopsittaca panychlora,teppar1,Tepui Parrotlet,
Nannopterum auritum_Double-crested Cormorant,Nannopterum auritum,doccor,Double-crested Cormorant,DCCO
Nannopterum brasilianum_Neotropic Cormorant,Nannopterum brasilianum,neocor,Neotropic Cormorant,NECO
Napothera danjoui_Short-tailed Scimitar-Babbler,Napothera danjoui,stsbab1,Short-tailed Scimitar Babbler,
Napothera epilepidota_Eyebrowed Wren-Babbler,Napothera epilepidota,eywbab1,Eyebrowed Wren-Babbler,
Napothera malacoptila_Long-billed Wren-Babbler,Napothera malacoptila,lbwbab1,Long-billed Wren-Babbler,
Nasica longirostris_Long-billed Woodcreeper,Nasica longirostris,lobwoo1,Long-billed Woodcreeper,
Nectarinia famosa_Malachite Sunbird,Nectarinia famosa,malsun1,Malachite Sunbird,
Nectarinia kilimensis_Bronze Sunbird,Nectarinia kilimensis,brosun1,Bronze Sunbird,
Nemosia pileata_Hooded Tanager,Nemosia pileata,hootan1,Hooded Tanager,
Nengetus cinereus_Gray Monjita,Nengetus cinereus,grymon1,Grey Monjita,
Neochmia phaeton_Crimson Finch,Neochmia phaeton,crifin1,Crimson Finch,
Neochmia temporalis_Red-browed Firetail,Neochmia temporalis,rebfir1,Red-browed Finch,
Neoconocephalus bivocatus_False Robust Conehead,Neoconocephalus bivocatus,,,
Neoconocephalus ensiger_Sword-bearing Conehead,Neoconocephalus ensiger,,,
Neoconocephalus retusus_Round-tipped Conehead,Neoconocephalus retusus,,,
Neoconocephalus robustus_Robust Conehead,Neoconocephalus robustus,,,
Neocossyphus finschi_Finsch's Flycatcher-Thrush,Neocossyphus finschi,,,
Neocossyphus fraseri_Rufous Flycatcher-Thrush,Neocossyphus fraseri,,,
Neocossyphus poensis_White-tailed Ant-Thrush,Neocossyphus poensis,wtathr1,White-tailed Ant Thrush,
Neocossyphus rufus_Red-tailed Ant-Thrush,Neocossyphus rufus,rtathr1,Red-tailed Ant Thrush,
Neoctantes niger_Black Bushbird,Neoctantes niger,blabus1,Black Bushbird,
Neomixis striatigula_Stripe-throated Jery,Neomixis striatigula,sttjer1,Stripe-throated Jery,
Neomixis tenella_Common Jery,Neomixis tenella,comjer1,Common Jery,
Neomorphus geoffroyi_Rufous-vented Ground-Cuckoo,Neomorphus geoffroyi,rvgcuc1,Rufous-vented Ground Cuckoo,RVGC
Neomorphus rufipennis_Rufous-winged Ground-Cuckoo,Neomorphus rufipennis,rwgcuc1,Rufous-winged Ground Cuckoo,
Neonemobius cubensis_Cuban Ground Cricket,Neonemobius cubensis,,,
Neopelma aurifrons_Wied's Tyrant-Manakin,Neopelma aurifrons,witman1,Wied's Tyrant-Manakin,
Neopelma chrysocephalum_Saffron-crested Tyrant-Manakin,Neopelma chrysocephalum,sctman1,Saffron-crested Tyrant-Manakin,
Neopelma chrysolophum_Serra do Mar Tyrant-Manakin,Neopelma chrysolophum,sdmman1,Serra do Mar Tyrant-Manakin,
Neopelma pallescens_Pale-bellied Tyrant-Manakin,Neopelma pallescens,pbtman1,Pale-bellied Tyrant-Manakin,
Neopelma sulphureiventer_Sulphur-bellied Tyrant-Manakin,Neopelma sulphureiventer,sbtman1,Sulphur-bellied Tyrant-Manakin,
Neophema pulchella_Turquoise Parrot,Neophema pulchella,turpar1,Turquoise Parrot,
Neopipo cinnamomea_Cinnamon Manakin-Tyrant,Neopipo cinnamomea,cinmat1,Cinnamon Neopipo,
Neothraupis fasciata_White-banded Tanager,Neothraupis fasciata,whbtan1,Shrike-like Tanager,
Nephelomyias lintoni_Orange-banded Flycatcher,Nephelomyias lintoni,orbfly1,Orange-banded Flycatcher,
Nephelomyias pulcher_Handsome Flycatcher,Nephelomyias pulcher,hanfly1,Handsome Flycatcher,
Nesillas lantzii_Subdesert Brush-Warbler,Nesillas lantzii,subbrw1,Subdesert Brush Warbler,
Nesillas typica_Malagasy Brush-Warbler,Nesillas typica,malbrw1,Malagasy Brush Warbler,
Nesoenas mayeri_Pink Pigeon,Nesoenas mayeri,pinpig2,Pink Pigeon,
Nesoptilotis flavicollis_Yellow-throated Honeyeater,Nesoptilotis flavicollis,yethon1,Yellow-throated Honeyeater,
Nesoptilotis leucotis_White-eared Honeyeater,Nesoptilotis leucotis,whehon1,White-eared Honeyeater,
Nesospingus speculiferus_Puerto Rican Tanager,Nesospingus speculiferus,purtan1,Puerto Rican Tanager,PRTA
Nestor meridionalis_New Zealand Kaka,Nestor meridionalis,nezkak1,New Zealand Kaka,
Netta rufina_Red-crested Pochard,Netta rufina,recpoc,Red-crested Pochard,
Nettapus coromandelianus_Cotton Pygmy-Goose,Nettapus coromandelianus,copgoo1,Cotton Pygmy Goose,
Newtonia amphichroa_Dark Newtonia,Newtonia amphichroa,darnew1,Dark Newtonia,
Newtonia archboldi_Archbold's Newtonia,Newtonia archboldi,arcnew1,Archbold's Newtonia,
Newtonia brunneicauda_Common Newtonia,Newtonia brunneicauda,comnew1,Common Newtonia,
Nicator chloris_Western Nicator,Nicator chloris,yesnic1,Western Nicator,
Nicator gularis_Eastern Nicator,Nicator gularis,easnic1,Eastern Nicator,
Nicator vireo_Yellow-throated Nicator,Nicator vireo,yetnic1,Yellow-throated Nicator,
Nigrita canicapillus_Gray-headed Nigrita,Nigrita canicapillus,gyhneg1,Grey-headed Nigrita,
Nilaus afer_Brubru,Nilaus afer,brubru1,Brubru,
Niltava grandis_Large Niltava,Niltava grandis,larnil1,Large Niltava,
Niltava macgrigoriae_Small Niltava,Niltava macgrigoriae,smanil1,Small Niltava,
Niltava sundara_Rufous-bellied Niltava,Niltava sundara,rubnil1,Rufous-bellied Niltava,
Niltava vivida_Vivid Niltava,Niltava vivida,vivnil3,Taiwan Vivid Niltava,
Ninox boobook_Southern Boobook,Ninox boobook,souboo8,Australian Boobook,
Ninox connivens_Barking Owl,Ninox connivens,barowl1,Barking Owl,
Ninox ios_Cinnabar Boobook,Ninox ios,cinhao1,Cinnabar Boobook,
Ninox japonica_Northern Boobook,Ninox japonica,norboo1,Northern Boobook,NOBB
Ninox novaeseelandiae_Morepork,Ninox novaeseelandiae,morepo2,Morepork,
Ninox obscura_Hume's Boobook,Ninox obscura,brnhao3,Hume's Boobook,
Ninox philippensis_Luzon Boobook,Ninox philippensis,phihao1,Luzon Boobook,
Ninox scutulata_Brown Boobook,Ninox scutulata,brnhao1,Brown Boobook,
Ninox strenua_Powerful Owl,Ninox strenua,powowl1,Powerful Owl,
Ninox theomacha_Papuan Boobook,Ninox theomacha,junhao1,Papuan Boobook,
Nisaetus cirrhatus_Changeable Hawk-Eagle,Nisaetus cirrhatus,y00839,Changeable Hawk-Eagle,
Nisaetus nanus_Wallace's Hawk-Eagle,Nisaetus nanus,walhae1,Wallace's Hawk-Eagle,
Nisaetus nipalensis_Mountain Hawk-Eagle,Nisaetus nipalensis,mouhae1,Mountain Hawk-Eagle,
Noise_Noise,Noise,,,
Nonnula brunnea_Brown Nunlet,Nonnula brunnea,bronun1,Brown Nunlet,
Nonnula frontalis_Gray-cheeked Nunlet,Nonnula frontalis,gycnun1,Grey-cheeked Nunlet,GCNU
Nonnula rubecula_Rusty-breasted Nunlet,Nonnula rubecula,rubnun1,Rusty-breasted Nunlet,
Nonnula ruficapilla_Rufous-capped Nunlet,Nonnula ruficapilla,rucnun1,Rufous-capped Nunlet,
Northiella haematogaster_Greater Bluebonnet,Northiella haematogaster,bluebo1,Eastern Bluebonnet,
Notharchus hyperrhynchus_White-necked Puffbird,Notharchus hyperrhynchus,whnpuf2,White-necked Puffbird,WNPU
Notharchus macrorhynchos_Guianan Puffbird,Notharchus macrorhynchos,guipuf1,Guianan Puffbird,
Notharchus ordii_Brown-banded Puffbird,Notharchus ordii,brbpuf1,Brown-banded Puffbird,
Notharchus pectoralis_Black-breasted Puffbird,Notharchus pectoralis,blbpuf1,Black-breasted Puffbird,BBPU
Notharchus swainsoni_Buff-bellied Puffbird,Notharchus swainsoni,bubpuf1,Buff-bellied Puffbird,
Notharchus tectus_Pied Puffbird,Notharchus tectus,piepuf1,Pied Puffbird,PIPU
Nothocercus bonapartei_Highland Tinamou,Nothocercus bonapartei,higtin1,Highland Tinamou,HITI
Nothocercus julius_Tawny-breasted Tinamou,Nothocercus julius,tabtin1,Tawny-breasted Tinamou,
Nothocercus nigrocapillus_Hooded Tinamou,Nothocercus nigrocapillus,hootin1,Hooded Tinamou,
Nothocrax urumutum_Nocturnal Curassow,Nothocrax urumutum,noccur1,Nocturnal Curassow,
Nothoprocta cinerascens_Brushland Tinamou,Nothoprocta cinerascens,brutin1,Brushland Tinamou,
Nothoprocta ornata_Ornate Tinamou,Nothoprocta ornata,orntin1,Ornate Tinamou,
Nothoprocta pentlandii_Andean Tinamou,Nothoprocta pentlandii,andtin1,Andean Tinamou,
Nothoprocta perdicaria_Chilean Tinamou,Nothoprocta perdicaria,chitin1,Chilean Tinamou,
Nothura boraquira_White-bellied Nothura,Nothura boraquira,whbnot1,White-bellied Nothura,
Nothura darwinii_Darwin's Nothura,Nothura darwinii,darnot1,Darwin's Nothura,
Nothura maculosa_Spotted Nothura,Nothura maculosa,sponot1,Spotted Nothura,
Notiomystis cincta_Stitchbird,Notiomystis cincta,stitch1,Stitchbird,
Notopholia corusca_Black-bellied Starling,Notopholia corusca,bbgsta1,Black-bellied Starling,
Nucifraga caryocatactes_Eurasian Nutcracker,Nucifraga caryocatactes,eurnut3,Northern Nutcracker,
Nucifraga columbiana_Clark's Nutcracker,Nucifraga columbiana,clanut,Clark's Nutcracker,CLNU
Numenius americanus_Long-billed Curlew,Numenius americanus,lobcur,Long-billed Curlew,LBCU
Numenius arquata_Eurasian Curlew,Numenius arquata,eurcur,Eurasian Curlew,EUCU
Numenius madagascariensis_Far Eastern Curlew,Numenius madagascariensis,faecur,Far Eastern Curlew,FECU
Numenius minutus_Little Curlew,Numenius minutus,litcur,Little Curlew,LICU
Numenius phaeopus_Whimbrel,Numenius phaeopus,whimbr,Eurasian Whimbrel,WHIM
Numenius tahitiensis_Bristle-thighed Curlew,Numenius tahitiensis,brtcur,Bristle-thighed Curlew,BTCU
Numida meleagris_Helmeted Guineafowl,Numida meleagris,helgui,Helmeted Guineafowl,HELG
Nyctanassa violacea_Yellow-crowned Night-Heron,Nyctanassa violacea,ycnher,Yellow-crowned Night Heron,YCNH
Nyctibius aethereus_Long-tailed Potoo,Nyctibius aethereus,lotpot1,Long-tailed Potoo,
Nyctibius bracteatus_Rufous Potoo,Nyctibius bracteatus,,,
Nyctibius grandis_Great Potoo,Nyctibius grandis,grepot1,Great Potoo,GRPO
Nyctibius griseus_Common Potoo,Nyctibius griseus,compot1,Common Potoo,CPOT
Nyctibius jamaicensis_Northern Potoo,Nyctibius jamaicensis,norpot1,Northern Potoo,NORP
Nyctibius leucopterus_White-winged Potoo,Nyctibius leucopterus,whwpot1,White-winged Potoo,
Nycticorax nycticorax_Black-crowned Night-Heron,Nycticorax nycticorax,bcnher,Black-crowned Night Heron,BCNH
Nyctidromus albicollis_Common Pauraque,Nyctidromus albicollis,compau,Pauraque,COPA
Nyctidromus anthonyi_Scrub Nightjar,Nyctidromus anthonyi,scrnig1,Anthony's Nightjar,
Nyctiphrynus mcleodii_Eared Poorwill,Nyctiphrynus mcleodii,earpoo1,Eared Poorwill,EAPO
Nyctiphrynus ocellatus_Ocellated Poorwill,Nyctiphrynus ocellatus,ocepoo1,Ocellated Poorwill,OCPO
Nyctiphrynus rosenbergi_Choco Poorwill,Nyctiphrynus rosenbergi,chopoo1,Choco Poorwill,
Nyctiphrynus yucatanicus_Yucatan Poorwill,Nyctiphrynus yucatanicus,yucpoo1,Yucatan Poorwill,YUPO
Nyctipolus nigrescens_Blackish Nightjar,Nyctipolus nigrescens,blanig1,Blackish Nightjar,
Nyctiprogne leucopyga_Band-tailed Nighthawk,Nyctiprogne leucopyga,batnig1,Band-tailed Nighthawk,
Nyctyornis amictus_Red-bearded Bee-eater,Nyctyornis amictus,rbbeat1,Red-bearded Bee-eater,
Nyctyornis athertoni_Blue-bearded Bee-eater,Nyctyornis athertoni,bbbeat1,Blue-bearded Bee-eater,
Nymphicus hollandicus_Cockatiel,Nymphicus hollandicus,cockat,Cockatiel,
Nystalus chacuru_White-eared Puffbird,Nystalus chacuru,whepuf1,White-eared Puffbird,
Nystalus maculatus_Spot-backed Puffbird,Nystalus maculatus,spbpuf1,Spot-backed Puffbird,
Nystalus obamai_Western Striolated-Puffbird,Nystalus obamai,wespuf1,Western Striolated Puffbird,
Nystalus radiatus_Barred Puffbird,Nystalus radiatus,barpuf1,Barred Puffbird,BAPU
Nystalus striolatus_Eastern Striolated-Puffbird,Nystalus striolatus,strpuf1,Eastern Striolated Puffbird,
Ochetorhynchus andaecola_Rock Earthcreeper,Ochetorhynchus andaecola,rocear1,Rock Earthcreeper,
Ochetorhynchus melanurus_Crag Chilia,Ochetorhynchus melanurus,crachi1,Crag Chilia,
Ochetorhynchus phoenicurus_Band-tailed Earthcreeper,Ochetorhynchus phoenicurus,batear1,Band-tailed Earthcreeper,
Ochetorhynchus ruficaudus_Straight-billed Earthcreeper,Ochetorhynchus ruficaudus,stbear2,Straight-billed Earthcreeper,
Ochthoeca cinnamomeiventris_Slaty-backed Chat-Tyrant,Ochthoeca cinnamomeiventris,slbcht2,Slaty-backed Chat-Tyrant,
Ochthoeca diadema_Yellow-bellied Chat-Tyrant,Ochthoeca diadema,,,
Ochthoeca frontalis_Crowned Chat-Tyrant,Ochthoeca frontalis,,,
Ochthoeca fumicolor_Brown-backed Chat-Tyrant,Ochthoeca fumicolor,bbctyr1,Brown-backed Chat-Tyrant,
Ochthoeca jelskii_Jelski's Chat-Tyrant,Ochthoeca jelskii,,,
Ochthoeca leucophrys_White-browed Chat-Tyrant,Ochthoeca leucophrys,wbctyr1,White-browed Chat-Tyrant,
Ochthoeca oenanthoides_d'Orbigny's Chat-Tyrant,Ochthoeca oenanthoides,dorcht1,D'Orbigny's Chat-Tyrant,
Ochthoeca pulchella_Golden-browed Chat-Tyrant,Ochthoeca pulchella,,,
Ochthoeca rufipectoralis_Rufous-breasted Chat-Tyrant,Ochthoeca rufipectoralis,rbctyr1,Rufous-breasted Chat-Tyrant,
Ochthornis littoralis_Drab Water Tyrant,Ochthornis littoralis,drwtyr1,Drab Water Tyrant,
Ocreatus underwoodii_Booted Racket-tail,Ocreatus underwoodii,boorat1,White-booted Racket-tail,
Ocyceros birostris_Indian Gray Hornbill,Ocyceros birostris,inghor2,Indian Grey Hornbill,
Ocyceros gingalensis_Sri Lanka Gray Hornbill,Ocyceros gingalensis,ceghor1,Sri Lanka Grey Hornbill,
Ocyceros griseus_Malabar Gray Hornbill,Ocyceros griseus,maghor2,Malabar Grey Hornbill,
Ocyphaps lophotes_Crested Pigeon,Ocyphaps lophotes,crepig1,Crested Pigeon,
Odocoileus virginianus_White-tailed Deer,Odocoileus virginianus,,,
Odontophorus atrifrons_Black-fronted Wood-Quail,Odontophorus atrifrons,bfwqua1,Black-fronted Wood Quail,
Odontophorus balliviani_Stripe-faced Wood-Quail,Odontophorus balliviani,sfwqua1,Stripe-faced Wood Quail,
Odontophorus capueira_Spot-winged Wood-Quail,Odontophorus capueira,swwqua1,Spot-winged Wood Quail,
Odontophorus columbianus_Venezuelan Wood-Quail,Odontophorus columbianus,venwoq1,Venezuelan Wood Quail,
Odontophorus erythrops_Rufous-fronted Wood-Quail,Odontophorus erythrops,rfwqua1,Rufous-fronted Wood Quail,
Odontophorus gujanensis_Marbled Wood-Quail,Odontophorus gujanensis,mawqua1,Marbled Wood Quail,MAWQ
Odontophorus guttatus_Spotted Wood-Quail,Odontophorus guttatus,spwqua1,Spotted Wood Quail,SPWQ
Odontophorus hyperythrus_Chestnut Wood-Quail,Odontophorus hyperythrus,chwqua1,Chestnut Wood Quail,
Odontophorus leucolaemus_Black-breasted Wood-Quail,Odontophorus leucolaemus,bbwqua1,Black-breasted Wood Quail,BBWQ
Odontophorus melanonotus_Dark-backed Wood-Quail,Odontophorus melanonotus,dbwqua1,Dark-backed Wood Quail,
Odontophorus melanotis_Black-eared Wood-Quail,Odontophorus melanotis,bewqua1,Black-eared Wood Quail,BEWQ
Odontophorus speciosus_Rufous-breasted Wood-Quail,Odontophorus speciosus,rbwqua1,Rufous-breasted Wood Quail,
Odontophorus stellatus_Starred Wood-Quail,Odontophorus stellatus,stwqua1,Starred Wood Quail,
Odontophorus strophium_Gorgeted Wood-Quail,Odontophorus strophium,gowqua1,Gorgeted Wood Quail,
Odontorchilus branickii_Gray-mantled Wren,Odontorchilus branickii,gymwre1,Grey-mantled Wren,
Odontorchilus cinereus_Tooth-billed Wren,Odontorchilus cinereus,tobwre1,Tooth-billed Wren,
Oecanthus celerinictus_Fast-calling Tree Cricket,Oecanthus celerinictus,,,
Oecanthus exclamationis_Davis's Tree Cricket,Oecanthus exclamationis,,,
Oecanthus fultoni_Snowy Tree Cricket,Oecanthus fultoni,,,
Oecanthus nigricornis_Blackhorned Tree Cricket,Oecanthus nigricornis,,,
Oecanthus niveus_Narrow-winged Tree Cricket,Oecanthus niveus,,,
Oecanthus pini_Pine Tree Cricket,Oecanthus pini,,,
Oecanthus quadripunctatus_Four-spotted Tree Cricket,Oecanthus quadripunctatus,,,
Oena capensis_Namaqua Dove,Oena capensis,namdov1,Namaqua Dove,
Oenanthe deserti_Desert Wheatear,Oenanthe deserti,deswhe1,Desert Wheatear,
Oenanthe familiaris_Familiar Chat,Oenanthe familiaris,famcha1,Familiar Chat,
Oenanthe fusca_Brown Rock Chat,Oenanthe fusca,indcha1,Brown Rock Chat,
Oenanthe hispanica_Western Black-eared Wheatear,Oenanthe hispanica,bkewhe1,Western Black-eared Wheatear,
Oenanthe isabellina_Isabelline Wheatear,Oenanthe isabellina,isawhe1,Isabelline Wheatear,
Oenanthe leucopyga_White-crowned Wheatear,Oenanthe leucopyga,whtwhe1,White-crowned Wheatear,
Oenanthe leucura_Black Wheatear,Oenanthe leucura,blawhe1,Black Wheatear,
Oenanthe melanoleuca_Eastern Black-eared Wheatear,Oenanthe melanoleuca,bkewhe2,Eastern Black-eared Wheatear,
Oenanthe melanura_Blackstart,Oenanthe melanura,blacks1,Blackstart,
Oenanthe oenanthe_Northern Wheatear,Oenanthe oenanthe,norwhe,Northern Wheatear,NOWH
Oenanthe pileata_Capped Wheatear,Oenanthe pileata,capwhe1,Capped Wheatear,
Oenanthe pleschanka_Pied Wheatear,Oenanthe pleschanka,piewhe1,Pied Wheatear,PIWH
Oenanthe scotocerca_Brown-tailed Chat,Oenanthe scotocerca,brtcha1,Brown-tailed Rock Chat,
Ognorhynchus icterotis_Yellow-eared Parrot,Ognorhynchus icterotis,yeepar1,Yellow-eared Parrot,
Oncostoma cinereigulare_Northern Bentbill,Oncostoma cinereigulare,norben1,Northern Bentbill,NOBE
Oncostoma olivaceum_Southern Bentbill,Oncostoma olivaceum,souben1,Southern Bentbill,SOBE
Oneillornis lunulatus_Lunulated Antbird,Oneillornis lunulatus,lunant2,Lunulated Antbird,
Oneillornis salvini_White-throated Antbird,Oneillornis salvini,whtant1,White-throated Antbird,
Onychognathus morio_Red-winged Starling,Onychognathus morio,rewsta1,Red-winged Starling,
Onychognathus nabouroup_Pale-winged Starling,Onychognathus nabouroup,pawsta1,Pale-winged Starling,
Onychognathus tenuirostris_Slender-billed Starling,Onychognathus tenuirostris,slbsta1,Slender-billed Starling,
Onychognathus tristramii_Tristram's Starling,Onychognathus tristramii,trista1,Tristram's Starling,
Onychognathus walleri_Waller's Starling,Onychognathus walleri,walsta1,Waller's Starling,
Onychoprion aleuticus_Aleutian Tern,Onychoprion aleuticus,aleter1,Aleutian Tern,ALTE
Onychoprion anaethetus_Bridled Tern,Onychoprion anaethetus,briter1,Bridled Tern,BRTE
Onychoprion fuscatus_Sooty Tern,Onychoprion fuscatus,sooter1,Sooty Tern,SOTE
Onychoprion lunatus_Gray-backed Tern,Onychoprion lunatus,gybter1,Spectacled Tern,GBAT
Onychorhynchus coronatus_Royal Flycatcher,Onychorhynchus coronatus,royfly1,Tropical Royal Flycatcher,ROFL
Opisthocomus hoazin_Hoatzin,Opisthocomus hoazin,hoatzi1,Hoatzin,
Oporornis agilis_Connecticut Warbler,Oporornis agilis,conwar,Connecticut Warbler,CONW
Orchelimum agile_Agile Meadow Katydid,Orchelimum agile,,,
Orchelimum concinnum_Stripe-faced Meadow Katydid,Orchelimum concinnum,,,
Orchelimum pulchellum_Handsome Meadow Katydid,Orchelimum pulchellum,,,
Orchesticus abeillei_Brown Tanager,Orchesticus abeillei,brotan1,Brown Tanager,
Oreocharis arfaki_Tit Berrypecker,Oreocharis arfaki,titber1,Tit Berrypecker,
Oreoica gutturalis_Crested Bellbird,Oreoica gutturalis,crebel1,Crested Bellbird,
Oreolais pulcher_Black-collared Apalis,Oreolais pulcher,blcapa2,Black-collared Apalis,
Oreolais ruwenzorii_Rwenzori Apalis,Oreolais ruwenzorii,ruwapa1,Rwenzori Apalis,
Oreomystis bairdi_Akikiki,Oreomystis bairdi,akikik,Akikiki,AKIK
Oreophasis derbianus_Horned Guan,Oreophasis derbianus,horgua1,Horned Guan,HOGU
Oreopholus ruficollis_Tawny-throated Dotterel,Oreopholus ruficollis,tatdot1,Tawny-throated Dotterel,
Oreopsar bolivianus_Bolivian Blackbird,Oreopsar bolivianus,bolbla1,Bolivian Blackbird,
Oreortyx pictus_Mountain Quail,Oreortyx pictus,mouqua,Mountain Quail,MOUQ
Oreoscoptes montanus_Sage Thrasher,Oreoscoptes montanus,sagthr,Sage Thrasher,SATH
Oreoscopus gutturalis_Fernwren,Oreoscopus gutturalis,fernwr1,Fernwren,
Oreothlypis gutturalis_Flame-throated Warbler,Oreothlypis gutturalis,fltwar1,Flame-throated Warbler,FTHW
Oreothlypis superciliosa_Crescent-chested Warbler,Oreothlypis superciliosa,crcwar,Crescent-chested Warbler,CCWA
Oreothraupis arremonops_Tanager Finch,Oreothraupis arremonops,tanfin1,Tanager Finch,
Oreotrochilus estella_Andean Hillstar,Oreotrochilus estella,andhil3,Andean Hillstar,
Oressochen jubatus_Orinoco Goose,Oressochen jubatus,,,
Oressochen melanopterus_Andean Goose,Oressochen melanopterus,,,
Oriolus auratus_African Golden Oriole,Oriolus auratus,afgori2,African Golden Oriole,
Oriolus brachyrynchus_Western Black-headed Oriole,Oriolus brachyrynchus,wbhori1,Western Oriole,
Oriolus chinensis_Black-naped Oriole,Oriolus chinensis,blnori1,Black-naped Oriole,
Oriolus chlorocephalus_Green-headed Oriole,Oriolus chlorocephalus,grhori1,Green-headed Oriole,
Oriolus cruentus_Black-and-crimson Oriole,Oriolus cruentus,bacori3,Javan Oriole,
Oriolus flavocinctus_Green Oriole,Oriolus flavocinctus,greori1,Green Oriole,
Oriolus kundoo_Indian Golden Oriole,Oriolus kundoo,ingori1,Indian Golden Oriole,
Oriolus larvatus_African Black-headed Oriole,Oriolus larvatus,abhori1,Black-headed Oriole,
Oriolus monacha_Ethiopian Black-headed Oriole,Oriolus monacha,dahori1,Ethiopian Oriole,
Oriolus nigripennis_Black-winged Oriole,Oriolus nigripennis,blwori1,Black-winged Oriole,
Oriolus oriolus_Eurasian Golden Oriole,Oriolus oriolus,eugori2,Eurasian Golden Oriole,
Oriolus percivali_Black-tailed Oriole,Oriolus percivali,bltori1,Mountain Oriole,
Oriolus phaeochromus_Halmahera Oriole,Oriolus phaeochromus,halori1,Dusky-brown Oriole,
Oriolus sagittatus_Olive-backed Oriole,Oriolus sagittatus,olbori1,Olive-backed Oriole,
Oriolus steerii_Philippine Oriole,Oriolus steerii,phiori1,Philippine Oriole,
Oriolus szalayi_Brown Oriole,Oriolus szalayi,broori1,Brown Oriole,
Oriolus tenuirostris_Slender-billed Oriole,Oriolus tenuirostris,slbori1,Slender-billed Oriole,
Oriolus traillii_Maroon Oriole,Oriolus traillii,marori2,Maroon Oriole,
Oriolus xanthonotus_Dark-throated Oriole,Oriolus xanthonotus,datori1,Dark-throated Oriole,
Oriolus xanthornus_Black-hooded Oriole,Oriolus xanthornus,blhori1,Black-hooded Oriole,
Oriturus superciliosus_Striped Sparrow,Oriturus superciliosus,strspa1,Striped Sparrow,SSPA
Ornithion brunneicapillus_Brown-capped Tyrannulet,Ornithion brunneicapillus,brctyr,Brown-capped Tyrannulet,BCTY
Ornithion inerme_White-lored Tyrannulet,Ornithion inerme,whltyr1,White-lored Tyrannulet,
Ornithion semiflavum_Yellow-bellied Tyrannulet,Ornithion semiflavum,yebtyr1,Yellow-bellied Tyrannulet,YBTY
Orocharis saltator_Jumping Bush Cricket,Orocharis saltator,,,
Orochelidon flavipes_Pale-footed Swallow,Orochelidon flavipes,pafswa1,Pale-footed Swallow,
Orochelidon murina_Brown-bellied Swallow,Orochelidon murina,brbswa1,Brown-bellied Swallow,
Ortalis araucuan_East Brazilian Chachalaca,Ortalis araucuan,specha2,East Brazilian Chachalaca,
Ortalis canicollis_Chaco Chachalaca,Ortalis canicollis,chacha1,Chaco Chachalaca,
Ortalis cinereiceps_Gray-headed Chachalaca,Ortalis cinereiceps,grhcha1,Grey-headed Chachalaca,GHEC
Ortalis columbiana_Colombian Chachalaca,Ortalis columbiana,colcha1,Colombian Chachalaca,
Ortalis erythroptera_Rufous-headed Chachalaca,Ortalis erythroptera,ruhcha1,Rufous-headed Chachalaca,
Ortalis garrula_Chestnut-winged Chachalaca,Ortalis garrula,chwcha1,Chestnut-winged Chachalaca,
Ortalis guttata_Speckled Chachalaca,Ortalis guttata,specha3,Speckled Chachalaca,
Ortalis leucogastra_White-bellied Chachalaca,Ortalis leucogastra,whbcha1,White-bellied Chachalaca,WBCH
Ortalis motmot_Variable Chachalaca,Ortalis motmot,varcha1,Little Chachalaca,
Ortalis poliocephala_West Mexican Chachalaca,Ortalis poliocephala,wemcha1,West Mexican Chachalaca,WMCH
Ortalis ruficauda_Rufous-vented Chachalaca,Ortalis ruficauda,ruvcha1,Rufous-vented Chachalaca,RVCH
Ortalis squamata_Scaled Chachalaca,Ortalis squamata,specha4,Scaled Chachalaca,
Ortalis vetula_Plain Chachalaca,Ortalis vetula,placha,Plain Chachalaca,PLCH
Ortalis wagleri_Rufous-bellied Chachalaca,Ortalis wagleri,rubcha1,Rufous-bellied Chachalaca,RBEC
Orthogonys chloricterus_Olive-green Tanager,Orthogonys chloricterus,olgtan1,Olive-green Tanager,
Orthonyx novaeguineae_Papuan Logrunner,Orthonyx novaeguineae,norlog1,Papuan Logrunner,
Orthonyx spaldingii_Chowchilla,Orthonyx spaldingii,chowch1,Chowchilla,
Orthonyx temminckii_Australian Logrunner,Orthonyx temminckii,soulog1,Australian Logrunner,
Orthopsittaca manilatus_Red-bellied Macaw,Orthopsittaca manilatus,rebmac2,Red-bellied Macaw,
Orthotomus atrogularis_Dark-necked Tailorbird,Orthotomus atrogularis,dantai1,Dark-necked Tailorbird,
Orthotomus chaktomuk_Cambodian Tailorbird,Orthotomus chaktomuk,camtai1,Cambodian Tailorbird,
Orthotomus chloronotus_Green-backed Tailorbird,Orthotomus chloronotus,gnbtai1,Green-backed Tailorbird,
Orthotomus derbianus_Gray-backed Tailorbird,Orthotomus derbianus,gybtai1,Grey-backed Tailorbird,
Orthotomus frontalis_Rufous-fronted Tailorbird,Orthotomus frontalis,ruftai1,Rufous-fronted Tailorbird,
Orthotomus nigriceps_White-browed Tailorbird,Orthotomus nigriceps,whbtai1,Black-headed Tailorbird,
Orthotomus ruficeps_Ashy Tailorbird,Orthotomus ruficeps,ashtai1,Ashy Tailorbird,
Orthotomus sepium_Olive-backed Tailorbird,Orthotomus sepium,olbtai1,Olive-backed Tailorbird,
Orthotomus sericeus_Rufous-tailed Tailorbird,Orthotomus sericeus,ruttai1,Rufous-tailed Tailorbird,
Orthotomus sutorius_Common Tailorbird,Orthotomus sutorius,comtai1,Common Tailorbird,
Ortygornis pondicerianus_Gray Francolin,Ortygornis pondicerianus,gryfra,Grey Francolin,GRAF
Ortygornis sephaena_Crested Francolin,Ortygornis sephaena,crefra2,Crested Francolin,
Ortygospiza atricollis_Quailfinch,Ortygospiza atricollis,quailf1,Quailfinch,
Otidiphaps nobilis_Pheasant Pigeon,Otidiphaps nobilis,phepig1,Pheasant Pigeon,
Otocichla mupinensis_Chinese Thrush,Otocichla mupinensis,,,
Otus bakkamoena_Indian Scops-Owl,Otus bakkamoena,insowl1,Indian Scops Owl,
Otus cyprius_Cyprus Scops-Owl,Otus cyprius,eursco3,Cyprus Scops Owl,
Otus elegans_Ryukyu Scops-Owl,Otus elegans,ryusco1,Ryukyu Scops Owl,
Otus lempiji_Sunda Scops-Owl,Otus lempiji,susowl2,Sunda Scops Owl,
Otus lettia_Collared Scops-Owl,Otus lettia,cosowl1,Collared Scops Owl,
Otus madagascariensis_Torotoroka Scops-Owl,Otus madagascariensis,,,
Otus magicus_Moluccan Scops-Owl,Otus magicus,mosowl1,Moluccan Scops Owl,
Otus manadensis_Sulawesi Scops-Owl,Otus manadensis,susowl1,Sulawesi Scops Owl,
Otus mantananensis_Mantanani Scops-Owl,Otus mantananensis,masowl2,Mantanani Scops Owl,
Otus pamelae_Arabian Scops-Owl,Otus pamelae,arasco1,Arabian Scops Owl,
Otus rufescens_Reddish Scops-Owl,Otus rufescens,resowl1,Reddish Scops Owl,
Otus rutilus_Madagascar Scops-Owl,Otus rutilus,madsco1,Madagascar Scops Owl,
Otus sagittatus_White-fronted Scops-Owl,Otus sagittatus,wfsowl2,White-fronted Scops Owl,
Otus scops_Eurasian Scops-Owl,Otus scops,eursco1,Eurasian Scops Owl,
Otus semitorques_Japanese Scops-Owl,Otus semitorques,jasowl1,Japanese Scops Owl,
Otus senegalensis_African Scops-Owl,Otus senegalensis,afsowl1,African Scops Owl,
Otus spilocephalus_Mountain Scops-Owl,Otus spilocephalus,mosowl2,Mountain Scops Owl,
Otus sunia_Oriental Scops-Owl,Otus sunia,orsowl,Oriental Scops Owl,ORSO
Oxylabes madagascariensis_White-throated Oxylabes,Oxylabes madagascariensis,whtoxy1,White-throated Oxylabes,
Oxyruncus cristatus_Sharpbill,Oxyruncus cristatus,sharpb1,Sharpbill,SHAR
Oxyura ferruginea_Andean Duck,Oxyura ferruginea,,,
Oxyura jamaicensis_Ruddy Duck,Oxyura jamaicensis,rudduc,Ruddy Duck,RUDU
Pachycare flavogriseum_Goldenface,Pachycare flavogriseum,dwawhi1,Goldenface,
Pachycephala chlorura_Vanuatu Whistler,Pachycephala chlorura,necwhi2,Melanesian Whistler,
Pachycephala cinerea_Mangrove Whistler,Pachycephala cinerea,manwhi1,Mangrove Whistler,
Pachycephala flavifrons_Samoan Whistler,Pachycephala flavifrons,samwhi1,Samoan Whistler,
Pachycephala fuliginosa_Western Whistler,Pachycephala fuliginosa,,,
Pachycephala fulvotincta_Rusty-breasted Whistler,Pachycephala fulvotincta,,,
Pachycephala griseonota_Drab Whistler,Pachycephala griseonota,drawhi1,Drab Whistler,
Pachycephala homeyeri_White-vented Whistler,Pachycephala homeyeri,whvwhi1,White-vented Whistler,
Pachycephala hypoxantha_Bornean Whistler,Pachycephala hypoxantha,borwhi1,Bornean Whistler,
Pachycephala inornata_Gilbert's Whistler,Pachycephala inornata,gilwhi1,Gilbert's Whistler,
Pachycephala lanioides_White-breasted Whistler,Pachycephala lanioides,whbwhi2,White-breasted Whistler,
Pachycephala macrorhyncha_Yellow-throated Whistler,Pachycephala macrorhyncha,yetwhi1,Yellow-throated Whistler,
Pachycephala mentalis_Black-chinned Whistler,Pachycephala mentalis,bkcwhi1,Black-chinned Whistler,
Pachycephala nudigula_Bare-throated Whistler,Pachycephala nudigula,batwhi1,Bare-throated Whistler,
Pachycephala olivacea_Olive Whistler,Pachycephala olivacea,oliwhi1,Olive Whistler,
Pachycephala orioloides_Oriole Whistler,Pachycephala orioloides,oriwhi1,Oriole Whistler,
Pachycephala pectoralis_Golden Whistler,Pachycephala pectoralis,y01193,Australian Golden Whistler,
Pachycephala philippinensis_Yellow-bellied Whistler,Pachycephala philippinensis,yebwhi1,Yellow-bellied Whistler,
Pachycephala rufiventris_Rufous Whistler,Pachycephala rufiventris,rufwhi1,Rufous Whistler,
Pachycephala schlegelii_Regent Whistler,Pachycephala schlegelii,regwhi1,Regent Whistler,
Pachycephala simplex_Gray Whistler,Pachycephala simplex,grywhi2,Grey Whistler,
Pachycephala soror_Sclater's Whistler,Pachycephala soror,sclwhi1,Sclater's Whistler,
Pachycephala sulfuriventer_Sulphur-bellied Whistler,Pachycephala sulfuriventer,subwhi1,Sulphur-vented Whistler,
Pachycephala vitiensis_Fiji Whistler,Pachycephala vitiensis,whtwhi1,White-throated Fiji Whistler,
Pachyphantes superciliosus_Compact Weaver,Pachyphantes superciliosus,comwea1,Compact Weaver,
Pachyramphus aglaiae_Rose-throated Becard,Pachyramphus aglaiae,rotbec,Rose-throated Becard,RTBE
Pachyramphus albogriseus_Black-and-white Becard,Pachyramphus albogriseus,bawbec7,Black-and-white Becard,BAWB
Pachyramphus castaneus_Chestnut-crowned Becard,Pachyramphus castaneus,chcbec1,Chestnut-crowned Becard,
Pachyramphus cinnamomeus_Cinnamon Becard,Pachyramphus cinnamomeus,cinbec1,Cinnamon Becard,CIMB
Pachyramphus homochrous_One-colored Becard,Pachyramphus homochrous,oncbec1,One-colored Becard,OCBE
Pachyramphus major_Gray-collared Becard,Pachyramphus major,grcbec1,Grey-collared Becard,GCBE
Pachyramphus marginatus_Black-capped Becard,Pachyramphus marginatus,blcbec1,Black-capped Becard,
Pachyramphus minor_Pink-throated Becard,Pachyramphus minor,pitbec1,Pink-throated Becard,
Pachyramphus niger_Jamaican Becard,Pachyramphus niger,jambec1,Jamaican Becard,JABE
Pachyramphus polychopterus_White-winged Becard,Pachyramphus polychopterus,whwbec1,White-winged Becard,WWBE
Pachyramphus rufus_Cinereous Becard,Pachyramphus rufus,cinbec2,Cinereous Becard,CIRB
Pachyramphus surinamus_Glossy-backed Becard,Pachyramphus surinamus,glbbec1,Glossy-backed Becard,
Pachyramphus validus_Crested Becard,Pachyramphus validus,crebec1,Crested Becard,
Pachyramphus versicolor_Barred Becard,Pachyramphus versicolor,barbec1,Barred Becard,BABE
Pachyramphus viridis_Green-backed Becard,Pachyramphus viridis,grbbec1,Green-backed Becard,
Pachysylvia aurantiifrons_Golden-fronted Greenlet,Pachysylvia aurantiifrons,gofgre1,Golden-fronted Greenlet,GFGR
Pachysylvia decurtata_Lesser Greenlet,Pachysylvia decurtata,lesgre1,Lesser Greenlet,LESG
Pachysylvia hypoxantha_Dusky-capped Greenlet,Pachysylvia hypoxantha,ducgre1,Dusky-capped Greenlet,
Pachysylvia muscicapina_Buff-cheeked Greenlet,Pachysylvia muscicapina,bucgre1,Buff-cheeked Greenlet,
Pachysylvia semibrunnea_Rufous-naped Greenlet,Pachysylvia semibrunnea,rungre1,Rufous-naped Greenlet,
Padda oryzivora_Java Sparrow,Padda oryzivora,javspa,Java Sparrow,JASP
Palmeria dolei_Akohekohe,Palmeria dolei,crehon,Akohekohe,AKOH
Pampa curvipennis_Wedge-tailed Sabrewing,Pampa curvipennis,wetsab1,Wedge-tailed Sabrewing,WTSA
Pandion haliaetus_Osprey,Pandion haliaetus,osprey,Osprey,OSPR
Panterpe insignis_Fiery-throated Hummingbird,Panterpe insignis,fithum1,Fiery-throated Hummingbird,FTHU
Panurus biarmicus_Bearded Reedling,Panurus biarmicus,bearee1,Bearded Reedling,
Panyptila sanctihieronymi_Great Swallow-tailed Swift,Panyptila sanctihieronymi,gstswi1,Great Swallow-tailed Swift,GSTS
Parabuteo leucorrhous_White-rumped Hawk,Parabuteo leucorrhous,whrhaw1,White-rumped Hawk,
Parabuteo unicinctus_Harris's Hawk,Parabuteo unicinctus,hrshaw,Harris's Hawk,HAHA
Paraclaravis mondetoura_Maroon-chested Ground Dove,Paraclaravis mondetoura,mcgdov1,Maroon-chested Ground Dove,MCGD
Paradisaea minor_Lesser Bird-of-Paradise,Paradisaea minor,lbopar1,Lesser Bird-of-paradise,
Paradisaea rubra_Red Bird-of-Paradise,Paradisaea rubra,rbopar2,Red Bird-of-paradise,
Paradoxornis flavirostris_Black-breasted Parrotbill,Paradoxornis flavirostris,blbpar2,Black-breasted Parrotbill,
Paradoxornis guttaticollis_Spot-breasted Parrotbill,Paradoxornis guttaticollis,spbpar1,Spot-breasted Parrotbill,
Pardalotus punctatus_Spotted Pardalote,Pardalotus punctatus,spopar1,Spotted Pardalote,
Pardalotus rubricatus_Red-browed Pardalote,Pardalotus rubricatus,rebpar6,Red-browed Pardalote,
Pardalotus striatus_Striated Pardalote,Pardalotus striatus,strpar1,Striated Pardalote,
Pardirallus maculatus_Spotted Rail,Pardirallus maculatus,sporai,Spotted Rail,SPRA
Pardirallus nigricans_Blackish Rail,Pardirallus nigricans,blarai1,Blackish Rail,
Pardirallus sanguinolentus_Plumbeous Rail,Pardirallus sanguinolentus,plurai1,Plumbeous Rail,
Parkerthraustes humeralis_Yellow-shouldered Grosbeak,Parkerthraustes humeralis,yesgro2,Yellow-shouldered Grosbeak,
Parkesia motacilla_Louisiana Waterthrush,Parkesia motacilla,louwat,Louisiana Waterthrush,LOWA
Parkesia noveboracensis_Northern Waterthrush,Parkesia noveboracensis,norwat,Northern Waterthrush,NOWA
Paroaria capitata_Yellow-billed Cardinal,Paroaria capitata,yebcar,Yellow-billed Cardinal,YBCA
Paroaria coronata_Red-crested Cardinal,Paroaria coronata,reccar,Red-crested Cardinal,RCCA
Paroaria dominicana_Red-cowled Cardinal,Paroaria dominicana,reccar2,Red-cowled Cardinal,
Paroaria gularis_Red-capped Cardinal,Paroaria gularis,reccar4,Red-capped Cardinal,
Paroreomyza montana_Maui Alauahio,Paroreomyza montana,mauala,Maui Alauahio,MAAL
Parus cinereus_Cinereous Tit,Parus cinereus,cintit13,Cinereous Tit,
Parus major_Great Tit,Parus major,gretit1,Great Tit,
Parus minor_Japanese Tit,Parus minor,,,
Parus monticolus_Green-backed Tit,Parus monticolus,grbtit1,Green-backed Tit,
Parvipsitta porphyrocephala_Purple-crowned Lorikeet,Parvipsitta porphyrocephala,,Purple-crowned Lorikeet,
Parvipsitta pusilla_Little Lorikeet,Parvipsitta pusilla,,Little Lorikeet,
Passer ammodendri_Saxaul Sparrow,Passer ammodendri,saxspa1,Saxaul Sparrow,
Passer cinnamomeus_Russet Sparrow,Passer cinnamomeus,russpa2,Russet Sparrow,
Passer diffusus_Southern Gray-headed Sparrow,Passer diffusus,sghspa2,Southern Grey-headed Sparrow,
Passer domesticus_House Sparrow,Passer domesticus,houspa,House Sparrow,HOSP
Passer flaveolus_Plain-backed Sparrow,Passer flaveolus,plbspa1,Plain-backed Sparrow,
Passer griseus_Northern Gray-headed Sparrow,Passer griseus,gyhspa1,Northern Grey-headed Sparrow,
Passer hispaniolensis_Spanish Sparrow,Passer hispaniolensis,spaspa1,Spanish Sparrow,
Passer italiae_Italian Sparrow,Passer italiae,itaspa1,Italian Sparrow,
Passer melanurus_Cape Sparrow,Passer melanurus,capspa1,Cape Sparrow,
Passer moabiticus_Dead Sea Sparrow,Passer moabiticus,desspa1,Dead Sea Sparrow,
Passer montanus_Eurasian Tree Sparrow,Passer montanus,eutspa,Eurasian Tree Sparrow,ETSP
Passer pyrrhonotus_Sind Sparrow,Passer pyrrhonotus,sinspa1,Sind Sparrow,
Passer rufocinctus_Kenya Rufous Sparrow,Passer rufocinctus,kerspa2,Kenya Sparrow,
Passer simplex_Desert Sparrow,Passer simplex,desspa3,Desert Sparrow,
Passer swainsonii_Swainson's Sparrow,Passer swainsonii,swaspa2,Swainson's Sparrow,
Passerculus sandwichensis_Savannah Sparrow,Passerculus sandwichensis,savspa,Savannah Sparrow,SAVS
Passerella iliaca_Fox Sparrow,Passerella iliaca,foxspa,Fox Sparrow,FOSP
Passerina amoena_Lazuli Bunting,Passerina amoena,lazbun,Lazuli Bunting,LAZB
Passerina caerulea_Blue Grosbeak,Passerina caerulea,blugrb1,Blue Grosbeak,BLGR
Passerina ciris_Painted Bunting,Passerina ciris,paibun,Painted Bunting,PABU
Passerina cyanea_Indigo Bunting,Passerina cyanea,indbun,Indigo Bunting,INBU
Passerina leclancherii_Orange-breasted Bunting,Passerina leclancherii,orbbun1,Orange-breasted Bunting,OBBU
Passerina rositae_Rose-bellied Bunting,Passerina rositae,robbun1,Rose-bellied Bunting,RBBU
Passerina versicolor_Varied Bunting,Passerina versicolor,varbun,Varied Bunting,VABU
Pastor roseus_Rosy Starling,Pastor roseus,rossta2,Rosy Starling,
Patagioenas araucana_Chilean Pigeon,Patagioenas araucana,chipig2,Chilean Pigeon,
Patagioenas cayennensis_Pale-vented Pigeon,Patagioenas cayennensis,pavpig2,Pale-vented Pigeon,PVPI
Patagioenas corensis_Bare-eyed Pigeon,Patagioenas corensis,baepig2,Bare-eyed Pigeon,
Patagioenas fasciata_Band-tailed Pigeon,Patagioenas fasciata,batpig1,Band-tailed Pigeon,BTPI
Patagioenas flavirostris_Red-billed Pigeon,Patagioenas flavirostris,rebpig1,Red-billed Pigeon,RBPI
Patagioenas goodsoni_Dusky Pigeon,Patagioenas goodsoni,duspig2,Dusky Pigeon,DUPI
Patagioenas leucocephala_White-crowned Pigeon,Patagioenas leucocephala,whcpig2,White-crowned Pigeon,WCPI
Patagioenas maculosa_Spot-winged Pigeon,Patagioenas maculosa,spwpig3,Spot-winged Pigeon,
Patagioenas nigrirostris_Short-billed Pigeon,Patagioenas nigrirostris,shbpig,Short-billed Pigeon,SBPI
Patagioenas picazuro_Picazuro Pigeon,Patagioenas picazuro,picpig2,Picazuro Pigeon,
Patagioenas plumbea_Plumbeous Pigeon,Patagioenas plumbea,plupig2,Plumbeous Pigeon,PLUP
Patagioenas speciosa_Scaled Pigeon,Patagioenas speciosa,scapig2,Scaled Pigeon,SCPI
Patagioenas squamosa_Scaly-naped Pigeon,Patagioenas squamosa,scnpig1,Scaly-naped Pigeon,SNPI
Patagioenas subvinacea_Ruddy Pigeon,Patagioenas subvinacea,rudpig,Ruddy Pigeon,RUDP
Patagona gigas_Giant Hummingbird,Patagona gigas,giahum1,Giant Hummingbird,
Pauxi pauxi_Helmeted Curassow,Pauxi pauxi,helcur1,Helmeted Curassow,
Pavo cristatus_Indian Peafowl,Pavo cristatus,compea,Indian Peafowl,INPE
Pelargopsis amauroptera_Brown-winged Kingfisher,Pelargopsis amauroptera,bnwkin1,Brown-winged Kingfisher,
Pelargopsis capensis_Stork-billed Kingfisher,Pelargopsis capensis,stbkin1,Stork-billed Kingfisher,
Pelecanus conspicillatus_Australian Pelican,Pelecanus conspicillatus,auspel1,Australian Pelican,
Pelecanus erythrorhynchos_American White Pelican,Pelecanus erythrorhynchos,amwpel,American White Pelican,AWPE
Pelecanus occidentalis_Brown Pelican,Pelecanus occidentalis,brnpel,Brown Pelican,BRPE
Pellorneum albiventre_Spot-throated Babbler,Pellorneum albiventre,sptbab1,Spot-throated Babbler,
Pellorneum bicolor_Ferruginous Babbler,Pellorneum bicolor,ferbab1,Ferruginous Babbler,
Pellorneum capistratum_Black-capped Babbler,Pellorneum capistratum,bkcbab2,Javan Black-capped Babbler,
Pellorneum celebense_Sulawesi Babbler,Pellorneum celebense,sulbab1,Sulawesi Babbler,
Pellorneum fuscocapillus_Brown-capped Babbler,Pellorneum fuscocapillus,bncbab1,Brown-capped Babbler,
Pellorneum malaccense_Short-tailed Babbler,Pellorneum malaccense,shtbab1,Short-tailed Babbler,
Pellorneum palustre_Marsh Babbler,Pellorneum palustre,marbab2,Marsh Babbler,
Pellorneum pyrrogenys_Temminck's Babbler,Pellorneum pyrrogenys,tembab1,Temminck's Babbler,
Pellorneum rostratum_White-chested Babbler,Pellorneum rostratum,whcbab1,White-chested Babbler,
Pellorneum ruficeps_Puff-throated Babbler,Pellorneum ruficeps,putbab1,Puff-throated Babbler,
Pellorneum tickelli_Buff-breasted Babbler,Pellorneum tickelli,bubbab1,Buff-breasted Babbler,
Peltops montanus_Mountain Peltops,Peltops montanus,moupel1,Mountain Peltops,
Penelope albipennis_White-winged Guan,Penelope albipennis,whwgua1,White-winged Guan,
Penelope argyrotis_Band-tailed Guan,Penelope argyrotis,batgua1,Band-tailed Guan,
Penelope barbata_Bearded Guan,Penelope barbata,beagua1,Bearded Guan,
Penelope dabbenei_Red-faced Guan,Penelope dabbenei,refgua1,Red-faced Guan,
Penelope jacquacu_Spix's Guan,Penelope jacquacu,spigua1,Spix's Guan,
Penelope marail_Marail Guan,Penelope marail,margua1,Marail Guan,
Penelope montagnii_Andean Guan,Penelope montagnii,andgua1,Andean Guan,
Penelope obscura_Dusky-legged Guan,Penelope obscura,dulgua1,Dusky-legged Guan,
Penelope perspicax_Cauca Guan,Penelope perspicax,caugua1,Cauca Guan,
Penelope purpurascens_Crested Guan,Penelope purpurascens,cregua1,Crested Guan,CRGU
Penelope superciliaris_Rusty-margined Guan,Penelope superciliaris,rumgua1,Rusty-margined Guan,
Penelopides affinis_Mindanao Hornbill,Penelopides affinis,minhor1,Mindanao Hornbill,
Penelopina nigra_Highland Guan,Penelopina nigra,higgua1,Highland Guan,HIGU
Peneothello cyanus_Blue-gray Robin,Peneothello cyanus,,,
Peneothello sigillata_White-winged Robin,Peneothello sigillata,,,
Percnostola arenarum_Allpahuayo Antbird,Percnostola arenarum,allant1,Allpahuayo Antbird,
Percnostola rufifrons_Black-headed Antbird,Percnostola rufifrons,blhant3,Black-headed Antbird,
Perdicula argoondah_Rock Bush-Quail,Perdicula argoondah,robqua1,Rock Bush Quail,
Perdicula asiatica_Jungle Bush-Quail,Perdicula asiatica,jubqua1,Jungle Bush Quail,
Perdicula erythrorhyncha_Painted Bush-Quail,Perdicula erythrorhyncha,pabqua1,Painted Bush Quail,
Perdix perdix_Gray Partridge,Perdix perdix,grypar,Grey Partridge,GRAP
Pericrocotus cantonensis_Brown-rumped Minivet,Pericrocotus cantonensis,brrmin1,Swinhoe's Minivet,
Pericrocotus cinnamomeus_Small Minivet,Pericrocotus cinnamomeus,smamin1,Small Minivet,
Pericrocotus divaricatus_Ashy Minivet,Pericrocotus divaricatus,ashmin1,Ashy Minivet,
Pericrocotus erythropygius_White-bellied Minivet,Pericrocotus erythropygius,whbmin3,White-bellied Minivet,
Pericrocotus ethologus_Long-tailed Minivet,Pericrocotus ethologus,lotmin1,Long-tailed Minivet,
Pericrocotus flammeus_Orange Minivet,Pericrocotus flammeus,scamin3,Scarlet Minivet,
Pericrocotus solaris_Gray-chinned Minivet,Pericrocotus solaris,gycmin1,Grey-chinned Minivet,
Pericrocotus speciosus_Scarlet Minivet,Pericrocotus speciosus,,,
Pericrocotus tegimae_Ryukyu Minivet,Pericrocotus tegimae,ryumin1,Ryukyu Minivet,
Periparus ater_Coal Tit,Periparus ater,coatit2,Coal Tit,
Periparus elegans_Elegant Tit,Periparus elegans,eletit2,Elegant Tit,
Periparus rubidiventris_Rufous-vented Tit,Periparus rubidiventris,ruvtit2,Rufous-vented Tit,
Periparus rufonuchalis_Rufous-naped Tit,Periparus rufonuchalis,bkbtit2,Rufous-naped Tit,
Periparus venustulus_Yellow-bellied Tit,Periparus venustulus,yebtit4,Yellow-bellied Tit,
Periporphyrus erythromelas_Red-and-black Grosbeak,Periporphyrus erythromelas,rabgro1,Red-and-black Grosbeak,
Perisoreus canadensis_Canada Jay,Perisoreus canadensis,gryjay,Canada Jay,CAJA
Perisoreus infaustus_Siberian Jay,Perisoreus infaustus,sibjay1,Siberian Jay,
Perissocephalus tricolor_Capuchinbird,Perissocephalus tricolor,capuch1,Capuchinbird,
Pernis apivorus_European Honey-buzzard,Pernis apivorus,euhbuz1,European Honey Buzzard,
Pernis ptilorhynchus_Oriental Honey-buzzard,Pernis ptilorhynchus,orihob2,Crested Honey Buzzard,
Petrochelidon ariel_Fairy Martin,Petrochelidon ariel,faimar2,Fairy Martin,
Petrochelidon fluvicola_Streak-throated Swallow,Petrochelidon fluvicola,sttswa2,Streak-throated Swallow,
Petrochelidon fulva_Cave Swallow,Petrochelidon fulva,cavswa,Cave Swallow,CASW
Petrochelidon nigricans_Tree Martin,Petrochelidon nigricans,tremar2,Tree Martin,
Petrochelidon pyrrhonota_Cliff Swallow,Petrochelidon pyrrhonota,cliswa,American Cliff Swallow,CLSW
Petrochelidon spilodera_South African Swallow,Petrochelidon spilodera,soaswa2,South African Cliff Swallow,
Petroica australis_South Island Robin,Petroica australis,nezrob3,South Island Robin,
Petroica boodang_Scarlet Robin,Petroica boodang,scarob2,Scarlet Robin,
Petroica goodenovii_Red-capped Robin,Petroica goodenovii,recrob1,Red-capped Robin,
Petroica longipes_North Island Robin,Petroica longipes,nezrob2,North Island Robin,
Petroica macrocephala_Tomtit,Petroica macrocephala,tomtit1,Tomtit,
Petroica phoenicea_Flame Robin,Petroica phoenicea,flarob1,Flame Robin,
Petroica pusilla_Pacific Robin,Petroica pusilla,pacrob1,Pacific Robin,
Petroica rodinogaster_Pink Robin,Petroica rodinogaster,pinrob1,Pink Robin,
Petroica rosea_Rose Robin,Petroica rosea,rosrob1,Rose Robin,
Petronia petronia_Rock Sparrow,Petronia petronia,rocpet1,Rock Sparrow,
Peucaea aestivalis_Bachman's Sparrow,Peucaea aestivalis,bacspa,Bachman's Sparrow,BACS
Peucaea botterii_Botteri's Sparrow,Peucaea botterii,botspa,Botteri's Sparrow,BOSP
Peucaea carpalis_Rufous-winged Sparrow,Peucaea carpalis,ruwspa,Rufous-winged Sparrow,RWSP
Peucaea cassinii_Cassin's Sparrow,Peucaea cassinii,casspa,Cassin's Sparrow,CASP
Peucaea humeralis_Black-chested Sparrow,Peucaea humeralis,blcspa1,Black-chested Sparrow,BCHS
Peucaea mystacalis_Bridled Sparrow,Peucaea mystacalis,brispa1,Bridled Sparrow,BRIS
Peucaea ruficauda_Stripe-headed Sparrow,Peucaea ruficauda,sthspa1,Stripe-headed Sparrow,SHSP
Peucaea sumichrasti_Cinnamon-tailed Sparrow,Peucaea sumichrasti,citspa1,Cinnamon-tailed Sparrow,CTSP
Peucedramus taeniatus_Olive Warbler,Peucedramus taeniatus,oliwar,Olive Warbler,OLWA
Pezopetes capitalis_Large-footed Finch,Pezopetes capitalis,laffin1,Large-footed Finch,LFFI
Pezoporus wallicus_Ground Parrot,Pezoporus wallicus,gropar1,Ground Parrot,
Phacellodomus dorsalis_Chestnut-backed Thornbird,Phacellodomus dorsalis,chbtho1,Chestnut-backed Thornbird,
Phacellodomus erythrophthalmus_Orange-eyed Thornbird,Phacellodomus erythrophthalmus,oretho1,Orange-eyed Thornbird,
Phacellodomus ferrugineigula_Orange-breasted Thornbird,Phacellodomus ferrugineigula,orbtho1,Orange-breasted Thornbird,
Phacellodomus maculipectus_Spot-breasted Thornbird,Phacellodomus maculipectus,spbtho1,Spot-breasted Thornbird,
Phacellodomus ruber_Greater Thornbird,Phacellodomus ruber,gretho2,Greater Thornbird,
Phacellodomus rufifrons_Rufous-fronted Thornbird,Phacellodomus rufifrons,ruftho1,Rufous-fronted Thornbird,
Phacellodomus sibilatrix_Little Thornbird,Phacellodomus sibilatrix,littho1,Little Thornbird,
Phacellodomus striaticeps_Streak-fronted Thornbird,Phacellodomus striaticeps,stftho1,Streak-fronted Thornbird,
Phacellodomus striaticollis_Freckle-breasted Thornbird,Phacellodomus striaticollis,frbtho1,Freckle-breasted Thornbird,
Phaenicophaeus sumatranus_Chestnut-bellied Malkoha,Phaenicophaeus sumatranus,chbmal1,Chestnut-bellied Malkoha,
Phaenicophaeus tristis_Green-billed Malkoha,Phaenicophaeus tristis,grbmal1,Green-billed Malkoha,
Phaenicophaeus viridirostris_Blue-faced Malkoha,Phaenicophaeus viridirostris,blfmal1,Blue-faced Malkoha,
Phaenicophilus palmarum_Black-crowned Palm-Tanager,Phaenicophilus palmarum,bcptan1,Black-crowned Palm-tanager,BPLT
Phaenostictus mcleannani_Ocellated Antbird,Phaenostictus mcleannani,oceant1,Ocellated Antbird,OCAN
Phaeochroa cuvierii_Scaly-breasted Hummingbird,Phaeochroa cuvierii,scbhum1,Scaly-breasted Hummingbird,SBRH
Phaeomyias murina_Mouse-colored Tyrannulet,Phaeomyias murina,,,
Phaethon aethereus_Red-billed Tropicbird,Phaethon aethereus,rebtro,Red-billed Tropicbird,RBTR
Phaethon lepturus_White-tailed Tropicbird,Phaethon lepturus,whttro,White-tailed Tropicbird,WTTR
Phaethon rubricauda_Red-tailed Tropicbird,Phaethon rubricauda,rettro,Red-tailed Tropicbird,RTTR
Phaethornis atrimentalis_Black-throated Hermit,Phaethornis atrimentalis,bkther1,Black-throated Hermit,
Phaethornis bourcieri_Straight-billed Hermit,Phaethornis bourcieri,stbher1,Straight-billed Hermit,
Phaethornis eurynome_Scale-throated Hermit,Phaethornis eurynome,scther1,Scale-throated Hermit,
Phaethornis griseogularis_Gray-chinned Hermit,Phaethornis griseogularis,gycher1,Grey-chinned Hermit,
Phaethornis guy_Green Hermit,Phaethornis guy,greher1,Green Hermit,GREH
Phaethornis hispidus_White-bearded Hermit,Phaethornis hispidus,whbher1,White-bearded Hermit,
Phaethornis longirostris_Long-billed Hermit,Phaethornis longirostris,lobher,Long-billed Hermit,LBIH
Phaethornis longuemareus_Little Hermit,Phaethornis longuemareus,lither2,Little Hermit,
Phaethornis malaris_Great-billed Hermit,Phaethornis malaris,grbher1,Great-billed Hermit,
Phaethornis nattereri_Cinnamon-throated Hermit,Phaethornis nattereri,cither1,Cinnamon-throated Hermit,
Phaethornis pretrei_Planalto Hermit,Phaethornis pretrei,plaher1,Planalto Hermit,
Phaethornis ruber_Reddish Hermit,Phaethornis ruber,redher1,Reddish Hermit,
Phaethornis rupurumii_Streak-throated Hermit,Phaethornis rupurumii,stther1,Streak-throated Hermit,
Phaethornis squalidus_Dusky-throated Hermit,Phaethornis squalidus,duther1,Dusky-throated Hermit,
Phaethornis striigularis_Stripe-throated Hermit,Phaethornis striigularis,stther2,Stripe-throated Hermit,STHR
Phaethornis superciliosus_Long-tailed Hermit,Phaethornis superciliosus,lother1,Long-tailed Hermit,
Phaethornis syrmatophorus_Tawny-bellied Hermit,Phaethornis syrmatophorus,tabher1,Tawny-bellied Hermit,
Phaethornis yaruqui_White-whiskered Hermit,Phaethornis yaruqui,whwher1,White-whiskered Hermit,
Phaetusa simplex_Large-billed Tern,Phaetusa simplex,labter1,Large-billed Tern,LBTE
Phainopepla nitens_Phainopepla,Phainopepla nitens,phaino,Phainopepla,PHAI
Phalacrocorax carbo_Great Cormorant,Phalacrocorax carbo,grecor,Great Cormorant,GRCO
Phalaenoptilus nuttallii_Common Poorwill,Phalaenoptilus nuttallii,compoo,Common Poorwill,COPO
Phalaropus fulicarius_Red Phalarope,Phalaropus fulicarius,redpha1,Red Phalarope,REPH
Phalaropus lobatus_Red-necked Phalarope,Phalaropus lobatus,renpha,Red-necked Phalarope,RNPH
Phalaropus tricolor_Wilson's Phalarope,Phalaropus tricolor,wilpha,Wilson's Phalarope,WIPH
Phapitreron amethystinus_Amethyst Brown-Dove,Phapitreron amethystinus,amedov1,Amethyst Brown Dove,
Phapitreron leucotis_White-eared Brown-Dove,Phapitreron leucotis,whedov1,White-eared Brown Dove,
Phaps chalcoptera_Common Bronzewing,Phaps chalcoptera,combro1,Common Bronzewing,
Phaps elegans_Brush Bronzewing,Phaps elegans,brubro1,Brush Bronzewing,
Pharomachrus antisianus_Crested Quetzal,Pharomachrus antisianus,creque1,Crested Quetzal,
Pharomachrus auriceps_Golden-headed Quetzal,Pharomachrus auriceps,gohque1,Golden-headed Quetzal,GHQU
Pharomachrus fulgidus_White-tipped Quetzal,Pharomachrus fulgidus,whtque1,White-tipped Quetzal,
Pharomachrus mocinno_Resplendent Quetzal,Pharomachrus mocinno,resque1,Resplendent Quetzal,REQU
Pharomachrus pavoninus_Pavonine Quetzal,Pharomachrus pavoninus,pavque1,Pavonine Quetzal,
Phasianus colchicus_Ring-necked Pheasant,Phasianus colchicus,rinphe1,Common Pheasant,RNEP
Phedina borbonica_Mascarene Martin,Phedina borbonica,masmar1,Mascarene Martin,
Phegornis mitchellii_Diademed Sandpiper-Plover,Phegornis mitchellii,diaplo1,Diademed Sandpiper-Plover,
Phelpsia inornata_White-bearded Flycatcher,Phelpsia inornata,whbfly1,White-bearded Flycatcher,
Pheucticus aureoventris_Black-backed Grosbeak,Pheucticus aureoventris,blbgro2,Black-backed Grosbeak,
Pheucticus chrysogaster_Golden Grosbeak,Pheucticus chrysogaster,gobgro1,Golden Grosbeak,
Pheucticus chrysopeplus_Yellow Grosbeak,Pheucticus chrysopeplus,yelgro,Yellow Grosbeak,YEGR
Pheucticus ludovicianus_Rose-breasted Grosbeak,Pheucticus ludovicianus,robgro,Rose-breasted Grosbeak,RBGR
Pheucticus melanocephalus_Black-headed Grosbeak,Pheucticus melanocephalus,bkhgro,Black-headed Grosbeak,BHGR
Pheucticus tibialis_Black-thighed Grosbeak,Pheucticus tibialis,bltgro1,Black-thighed Grosbeak,BTGG
Pheugopedius atrogularis_Black-throated Wren,Pheugopedius atrogularis,bltwre1,Black-throated Wren,BTWR
Pheugopedius coraya_Coraya Wren,Pheugopedius coraya,corwre1,Coraya Wren,
Pheugopedius eisenmanni_Inca Wren,Pheugopedius eisenmanni,incwre1,Inca Wren,
Pheugopedius euophrys_Plain-tailed Wren,Pheugopedius euophrys,pltwre1,Plain-tailed Wren,
Pheugopedius fasciatoventris_Black-bellied Wren,Pheugopedius fasciatoventris,blbwre1,Black-bellied Wren,BBEW
Pheugopedius felix_Happy Wren,Pheugopedius felix,hapwre1,Happy Wren,HAWR
Pheugopedius genibarbis_Moustached Wren,Pheugopedius genibarbis,mouwre2,Moustached Wren,
Pheugopedius maculipectus_Spot-breasted Wren,Pheugopedius maculipectus,spbwre1,Spot-breasted Wren,SOBW
Pheugopedius mystacalis_Whiskered Wren,Pheugopedius mystacalis,whiwre1,Whiskered Wren,
Pheugopedius rutilus_Rufous-breasted Wren,Pheugopedius rutilus,rubwre1,Rufous-breasted Wren,RBSW
Pheugopedius sclateri_Speckle-breasted Wren,Pheugopedius sclateri,spbwre2,Speckle-breasted Wren,
Pheugopedius spadix_Sooty-headed Wren,Pheugopedius spadix,sohwre1,Sooty-headed Wren,SHEW
Philemon buceroides_Helmeted Friarbird,Philemon buceroides,helfri1,Helmeted Friarbird,
Philemon citreogularis_Little Friarbird,Philemon citreogularis,litfri1,Little Friarbird,
Philemon corniculatus_Noisy Friarbird,Philemon corniculatus,noifri1,Noisy Friarbird,
Philentoma pyrhoptera_Rufous-winged Philentoma,Philentoma pyrhoptera,ruwphi2,Rufous-winged Philentoma,
Philentoma velata_Maroon-breasted Philentoma,Philentoma velata,mabphi2,Maroon-breasted Philentoma,
Philepitta schlegeli_Schlegel's Asity,Philepitta schlegeli,schasi1,Schlegel's Asity,
Philesturnus rufusater_North Island Saddleback,Philesturnus rufusater,saddle2,North Island Saddleback,
Philetairus socius_Sociable Weaver,Philetairus socius,socwea1,Sociable Weaver,
Philortyx fasciatus_Banded Quail,Philortyx fasciatus,banqua1,Banded Quail,BAQU
Philydor atricapillus_Black-capped Foliage-gleaner,Philydor atricapillus,bcfgle1,Black-capped Foliage-gleaner,
Philydor erythrocercum_Rufous-rumped Foliage-gleaner,Philydor erythrocercum,,,
Philydor fuscipenne_Slaty-winged Foliage-gleaner,Philydor fuscipenne,,,
Philydor pyrrhodes_Cinnamon-rumped Foliage-gleaner,Philydor pyrrhodes,crfgle1,Cinnamon-rumped Foliage-gleaner,
Phimosus infuscatus_Bare-faced Ibis,Phimosus infuscatus,bafibi1,Bare-faced Ibis,
Phlegopsis erythroptera_Reddish-winged Bare-eye,Phlegopsis erythroptera,rwbeye1,Reddish-winged Bare-eye,
Phlegopsis nigromaculata_Black-spotted Bare-eye,Phlegopsis nigromaculata,bsbeye1,Black-spotted Bare-eye,
Phleocryptes melanops_Wren-like Rushbird,Phleocryptes melanops,wrlrus1,Wren-like Rushbird,
Phlogophilus hemileucurus_Ecuadorian Piedtail,Phlogophilus hemileucurus,ecupie1,Ecuadorian Piedtail,
Phodilus assimilis_Sri Lanka Bay-Owl,Phodilus assimilis,srlbao1,Sri Lanka Bay Owl,
Phodilus badius_Oriental Bay-Owl,Phodilus badius,orbowl1,Oriental Bay Owl,
Phoebastria immutabilis_Laysan Albatross,Phoebastria immutabilis,layalb,Laysan Albatross,LAAL
Phoebastria nigripes_Black-footed Albatross,Phoebastria nigripes,bkfalb,Black-footed Albatross,BFAL
Phoenicircus carnifex_Guianan Red-Cotinga,Phoenicircus carnifex,gurcot1,Guianan Red Cotinga,
Phoenicircus nigricollis_Black-necked Red-Cotinga,Phoenicircus nigricollis,bnrcot1,Black-necked Red Cotinga,
Phoeniconaias minor_Lesser Flamingo,Phoeniconaias minor,lesfla1,Lesser Flamingo,
Phoenicoparrus andinus_Andean Flamingo,Phoenicoparrus andinus,andfla2,Andean Flamingo,
Phoenicoparrus jamesi_James's Flamingo,Phoenicoparrus jamesi,jamfla1,James's Flamingo,
Phoenicopterus chilensis_Chilean Flamingo,Phoenicopterus chilensis,chifla1,Chilean Flamingo,
Phoenicopterus roseus_Greater Flamingo,Phoenicopterus roseus,grefla3,Greater Flamingo,
Phoenicopterus ruber_American Flamingo,Phoenicopterus ruber,grefla2,American Flamingo,AMFL
Phoeniculus bollei_White-headed Woodhoopoe,Phoeniculus bollei,whhwoo1,White-headed Wood Hoopoe,
Phoeniculus purpureus_Green Woodhoopoe,Phoeniculus purpureus,grewoo2,Green Wood Hoopoe,
Phoenicurus auroreus_Daurian Redstart,Phoenicurus auroreus,daured1,Daurian Redstart,
Phoenicurus frontalis_Blue-fronted Redstart,Phoenicurus frontalis,blfred1,Blue-fronted Redstart,
Phoenicurus fuliginosus_Plumbeous Redstart,Phoenicurus fuliginosus,plured1,Plumbeous Water Redstart,
Phoenicurus hodgsoni_Hodgson's Redstart,Phoenicurus hodgsoni,hodred1,Hodgson's Redstart,
Phoenicurus leucocephalus_White-capped Redstart,Phoenicurus leucocephalus,whcred1,White-capped Redstart,
Phoenicurus moussieri_Moussier's Redstart,Phoenicurus moussieri,moured1,Moussier's Redstart,
Phoenicurus ochruros_Black Redstart,Phoenicurus ochruros,blared1,Black Redstart,
Phoenicurus phoenicurus_Common Redstart,Phoenicurus phoenicurus,comred2,Common Redstart,CRET
Pholia sharpii_Sharpe's Starling,Pholia sharpii,shasta2,Sharpe's Starling,
Phonygammus keraudrenii_Trumpet Manucode,Phonygammus keraudrenii,truman1,Trumpet Manucode,
Phragmacia substriata_Namaqua Warbler,Phragmacia substriata,nampri1,Namaqua Warbler,
Phrygilus atriceps_Black-hooded Sierra Finch,Phrygilus atriceps,bhsfin1,Black-hooded Sierra Finch,
Phrygilus gayi_Gray-hooded Sierra Finch,Phrygilus gayi,gyhsif1,Grey-hooded Sierra Finch,
Phrygilus patagonicus_Patagonian Sierra Finch,Phrygilus patagonicus,pasfin1,Patagonian Sierra Finch,
Phylidonyris niger_White-cheeked Honeyeater,Phylidonyris niger,whchon2,White-cheeked Honeyeater,
Phylidonyris novaehollandiae_New Holland Honeyeater,Phylidonyris novaehollandiae,nehhon2,New Holland Honeyeater,
Phylidonyris pyrrhopterus_Crescent Honeyeater,Phylidonyris pyrrhopterus,crehon2,Crescent Honeyeater,
Phyllastrephus cabanisi_Cabanis's Greenbul,Phyllastrephus cabanisi,cabgre1,Cabanis's Greenbul,
Phyllastrephus cerviniventris_Gray-olive Greenbul,Phyllastrephus cerviniventris,gyogre1,Grey-olive Greenbul,
Phyllastrephus fischeri_Fischer's Greenbul,Phyllastrephus fischeri,fisgre1,Fischer's Greenbul,
Phyllastrephus flavostriatus_Yellow-streaked Greenbul,Phyllastrephus flavostriatus,yesbul1,Yellow-streaked Greenbul,
Phyllastrephus strepitans_Northern Brownbul,Phyllastrephus strepitans,norbro1,Northern Brownbul,
Phyllastrephus terrestris_Terrestrial Brownbul,Phyllastrephus terrestris,terbro1,Terrestrial Brownbul,
Phyllergates cucullatus_Mountain Tailorbird,Phyllergates cucullatus,moutai2,Mountain Tailorbird,
Phyllergates heterolaemus_Rufous-headed Tailorbird,Phyllergates heterolaemus,ruhtai2,Rufous-headed Tailorbird,
Phyllolais pulchella_Buff-bellied Warbler,Phyllolais pulchella,bubwar2,Buff-bellied Warbler,
Phyllomyias burmeisteri_Rough-legged Tyrannulet,Phyllomyias burmeisteri,,,
Phyllomyias cinereiceps_Ashy-headed Tyrannulet,Phyllomyias cinereiceps,,,
Phyllomyias fasciatus_Planalto Tyrannulet,Phyllomyias fasciatus,platyr2,Planalto Tyrannulet,
Phyllomyias griseiceps_Sooty-headed Tyrannulet,Phyllomyias griseiceps,sohtyr1,Sooty-headed Tyrannulet,SHTY
Phyllomyias griseocapilla_Gray-capped Tyrannulet,Phyllomyias griseocapilla,gyctyr1,Grey-capped Tyrannulet,
Phyllomyias nigrocapillus_Black-capped Tyrannulet,Phyllomyias nigrocapillus,,,
Phyllomyias plumbeiceps_Plumbeous-crowned Tyrannulet,Phyllomyias plumbeiceps,plctyr1,Plumbeous-crowned Tyrannulet,
Phyllomyias sclateri_Sclater's Tyrannulet,Phyllomyias sclateri,scltyr1,Sclater's Tyrannulet,
Phyllomyias uropygialis_Tawny-rumped Tyrannulet,Phyllomyias uropygialis,,,
Phyllomyias virescens_Greenish Tyrannulet,Phyllomyias virescens,gretyr1,Greenish Tyrannulet,
Phyllopalpus pulchellus_Handsome Trig,Phyllopalpus pulchellus,,,
Phylloscartes ceciliae_Alagoas Tyrannulet,Phylloscartes ceciliae,alatyr1,Alagoas Tyrannulet,
Phylloscartes difficilis_Serra do Mar Tyrannulet,Phylloscartes difficilis,,,
Phylloscartes eximius_Southern Bristle-Tyrant,Phylloscartes eximius,,,
Phylloscartes gualaquizae_Ecuadorian Tyrannulet,Phylloscartes gualaquizae,ecutyr1,Ecuadorian Tyrannulet,
Phylloscartes kronei_Restinga Tyrannulet,Phylloscartes kronei,restyr1,Restinga Tyrannulet,
Phylloscartes lanyoni_Antioquia Bristle-Tyrant,Phylloscartes lanyoni,,,
Phylloscartes ophthalmicus_Marble-faced Bristle-Tyrant,Phylloscartes ophthalmicus,,,
Phylloscartes oustaleti_Oustalet's Tyrannulet,Phylloscartes oustaleti,oustyr1,Oustalet's Tyrannulet,
Phylloscartes parkeri_Cinnamon-faced Tyrannulet,Phylloscartes parkeri,ciftyr1,Cinnamon-faced Tyrannulet,
Phylloscartes paulista_Sao Paulo Tyrannulet,Phylloscartes paulista,,,
Phylloscartes poecilotis_Variegated Bristle-Tyrant,Phylloscartes poecilotis,,,
Phylloscartes roquettei_Minas Gerais Tyrannulet,Phylloscartes roquettei,migtyr1,Minas Gerais Tyrannulet,
Phylloscartes superciliaris_Rufous-browed Tyrannulet,Phylloscartes superciliaris,rubtyr1,Rufous-browed Tyrannulet,RBTY
Phylloscartes sylviolus_Bay-ringed Tyrannulet,Phylloscartes sylviolus,bartyr1,Bay-ringed Tyrannulet,
Phylloscartes ventralis_Mottle-cheeked Tyrannulet,Phylloscartes ventralis,moctyr2,Mottle-cheeked Tyrannulet,
Phylloscartes virescens_Olive-green Tyrannulet,Phylloscartes virescens,olgtyr1,Olive-green Tyrannulet,
Phylloscopus affinis_Tickell's Leaf Warbler,Phylloscopus affinis,y00989,Tickell's Leaf Warbler,
Phylloscopus armandii_Yellow-streaked Warbler,Phylloscopus armandii,yeswar1,Yellow-streaked Warbler,
Phylloscopus bonelli_Western Bonelli's Warbler,Phylloscopus bonelli,webwar1,Western Bonelli's Warbler,
Phylloscopus borealis_Arctic Warbler,Phylloscopus borealis,arcwar1,Arctic Warbler,ARWA
Phylloscopus borealoides_Sakhalin Leaf Warbler,Phylloscopus borealoides,salwar1,Sakhalin Leaf Warbler,
Phylloscopus budongoensis_Uganda Woodland-Warbler,Phylloscopus budongoensis,ugawow1,Uganda Woodland Warbler,
Phylloscopus burkii_Green-crowned Warbler,Phylloscopus burkii,goswar1,Green-crowned Warbler,
Phylloscopus calciatilis_Limestone Leaf Warbler,Phylloscopus calciatilis,limlew1,Limestone Leaf Warbler,
Phylloscopus cantator_Yellow-vented Warbler,Phylloscopus cantator,yevwar1,Yellow-vented Warbler,
Phylloscopus castaniceps_Chestnut-crowned Warbler,Phylloscopus castaniceps,chcwar2,Chestnut-crowned Warbler,
Phylloscopus chloronotus_Lemon-rumped Warbler,Phylloscopus chloronotus,parwar1,Lemon-rumped Warbler,
Phylloscopus claudiae_Claudia's Leaf Warbler,Phylloscopus claudiae,clalew1,Claudia's Leaf Warbler,
Phylloscopus collybita_Common Chiffchaff,Phylloscopus collybita,comchi1,Common Chiffchaff,CCHI
Phylloscopus coronatus_Eastern Crowned Warbler,Phylloscopus coronatus,eacwar1,Eastern Crowned Warbler,
Phylloscopus emeiensis_Emei Leaf Warbler,Phylloscopus emeiensis,emlwar1,Emei Leaf Warbler,
Phylloscopus examinandus_Kamchatka Leaf Warbler,Phylloscopus examinandus,arcwar2,Kamchatka Leaf Warbler,KLWA
Phylloscopus forresti_Sichuan Leaf Warbler,Phylloscopus forresti,siclew1,Sichuan Leaf Warbler,
Phylloscopus fuligiventer_Smoky Warbler,Phylloscopus fuligiventer,smowar1,Smoky Warbler,
Phylloscopus fuscatus_Dusky Warbler,Phylloscopus fuscatus,duswar,Dusky Warbler,DUWA
Phylloscopus goodsoni_Hartert's Leaf Warbler,Phylloscopus goodsoni,harlew1,Hartert's Leaf Warbler,
Phylloscopus grammiceps_Sunda Warbler,Phylloscopus grammiceps,sunwar1,Sunda Warbler,
Phylloscopus griseolus_Sulphur-bellied Warbler,Phylloscopus griseolus,subwar2,Sulphur-bellied Warbler,
Phylloscopus humei_Hume's Warbler,Phylloscopus humei,humwar1,Hume's Leaf Warbler,
Phylloscopus ibericus_Iberian Chiffchaff,Phylloscopus ibericus,ibechi2,Iberian Chiffchaff,
Phylloscopus ijimae_Ijima's Leaf Warbler,Phylloscopus ijimae,ijlwar1,Ijima's Leaf Warbler,
Phylloscopus inornatus_Yellow-browed Warbler,Phylloscopus inornatus,yebwar3,Yellow-browed Warbler,YBWA
Phylloscopus intensior_Davison's Leaf Warbler,Phylloscopus intensior,davlew1,Davison's Leaf Warbler,
Phylloscopus intermedius_White-spectacled Warbler,Phylloscopus intermedius,whswar1,White-spectacled Warbler,
Phylloscopus kansuensis_Gansu Leaf Warbler,Phylloscopus kansuensis,ganlew1,Gansu Leaf Warbler,
Phylloscopus maculipennis_Ashy-throated Warbler,Phylloscopus maculipennis,astwar2,Ashy-throated Warbler,
Phylloscopus magnirostris_Large-billed Leaf Warbler,Phylloscopus magnirostris,lblwar1,Large-billed Leaf Warbler,
Phylloscopus montis_Yellow-breasted Warbler,Phylloscopus montis,yebwar2,Yellow-breasted Warbler,
Phylloscopus neglectus_Plain Leaf Warbler,Phylloscopus neglectus,pllwar2,Plain Leaf Warbler,
Phylloscopus nitidus_Green Warbler,Phylloscopus nitidus,grnwar1,Green Warbler,
Phylloscopus occipitalis_Western Crowned Warbler,Phylloscopus occipitalis,weclew1,Western Crowned Warbler,
Phylloscopus occisinensis_Alpine Leaf Warbler,Phylloscopus occisinensis,,,
Phylloscopus ogilviegranti_Kloss's Leaf Warbler,Phylloscopus ogilviegranti,klolew1,Kloss's Leaf Warbler,
Phylloscopus olivaceus_Philippine Leaf Warbler,Phylloscopus olivaceus,phlwar1,Philippine Leaf Warbler,
Phylloscopus omeiensis_Martens's Warbler,Phylloscopus omeiensis,marwar4,Martens's Warbler,
Phylloscopus orientalis_Eastern Bonelli's Warbler,Phylloscopus orientalis,eabwar1,Eastern Bonelli's Warbler,
Phylloscopus plumbeitarsus_Two-barred Warbler,Phylloscopus plumbeitarsus,grewar2,Two-barred Warbler,
Phylloscopus poliocephalus_Island Leaf Warbler,Phylloscopus poliocephalus,islwar1,Island Leaf Warbler,
Phylloscopus poliogenys_Gray-cheeked Warbler,Phylloscopus poliogenys,gycwar2,Grey-cheeked Warbler,
Phylloscopus proregulus_Pallas's Leaf Warbler,Phylloscopus proregulus,palwar5,Pallas's Leaf Warbler,PLEW
Phylloscopus pulcher_Buff-barred Warbler,Phylloscopus pulcher,bubwar1,Buff-barred Warbler,
Phylloscopus reguloides_Blyth's Leaf Warbler,Phylloscopus reguloides,blylew1,Blyth's Leaf Warbler,
Phylloscopus ruficapilla_Yellow-throated Woodland-Warbler,Phylloscopus ruficapilla,yetwow1,Yellow-throated Woodland Warbler,
Phylloscopus sarasinorum_Sulawesi Leaf Warbler,Phylloscopus sarasinorum,sulwar3,Lompobattang Leaf Warbler,
Phylloscopus schwarzi_Radde's Warbler,Phylloscopus schwarzi,radwar1,Radde's Warbler,
Phylloscopus sibilatrix_Wood Warbler,Phylloscopus sibilatrix,woowar,Wood Warbler,WOWA
Phylloscopus sindianus_Mountain Chiffchaff,Phylloscopus sindianus,mouchi2,Mountain Chiffchaff,
Phylloscopus soror_Alström's Warbler,Phylloscopus soror,pltwar1,Alström's Warbler,
Phylloscopus subaffinis_Buff-throated Warbler,Phylloscopus subaffinis,butwar1,Buff-throated Warbler,
Phylloscopus subviridis_Brooks's Leaf Warbler,Phylloscopus subviridis,brlwar1,Brooks's Leaf Warbler,
Phylloscopus tenellipes_Pale-legged Leaf Warbler,Phylloscopus tenellipes,pllwar1,Pale-legged Leaf Warbler,
Phylloscopus tephrocephalus_Gray-crowned Warbler,Phylloscopus tephrocephalus,gycwar1,Grey-crowned Warbler,
Phylloscopus trivirgatus_Mountain Leaf Warbler,Phylloscopus trivirgatus,mouwar2,Mountain Leaf Warbler,
Phylloscopus trochiloides_Greenish Warbler,Phylloscopus trochiloides,grewar3,Greenish Warbler,
Phylloscopus trochilus_Willow Warbler,Phylloscopus trochilus,wlwwar,Willow Warbler,WILW
Phylloscopus tytleri_Tytler's Leaf Warbler,Phylloscopus tytleri,tylwar1,Tytler's Leaf Warbler,
Phylloscopus umbrovirens_Brown Woodland-Warbler,Phylloscopus umbrovirens,brwwar1,Brown Woodland Warbler,
Phylloscopus valentini_Bianchi's Warbler,Phylloscopus valentini,biawar1,Bianchi's Warbler,
Phylloscopus whistleri_Whistler's Warbler,Phylloscopus whistleri,whiwar2,Whistler's Warbler,
Phylloscopus xanthodryas_Japanese Leaf Warbler,Phylloscopus xanthodryas,arcwar3,Japanese Leaf Warbler,
Phylloscopus xanthoschistos_Gray-hooded Warbler,Phylloscopus xanthoschistos,gyhwar2,Grey-hooded Warbler,
Phylloscopus yunnanensis_Chinese Leaf Warbler,Phylloscopus yunnanensis,chilew1,Chinese Leaf Warbler,
Phytotoma raimondii_Peruvian Plantcutter,Phytotoma raimondii,perpla1,Peruvian Plantcutter,
Phytotoma rara_Rufous-tailed Plantcutter,Phytotoma rara,rutpla1,Rufous-tailed Plantcutter,
Phytotoma rutila_White-tipped Plantcutter,Phytotoma rutila,whtpla1,White-tipped Plantcutter,
Piaya cayana_Squirrel Cuckoo,Piaya cayana,squcuc1,Common Squirrel Cuckoo,SQCU
Piaya melanogaster_Black-bellied Cuckoo,Piaya melanogaster,blbcuc1,Black-bellied Cuckoo,
Pica bottanensis_Black-rumped Magpie,Pica bottanensis,eurmag6,Black-rumped Magpie,
Pica hudsonia_Black-billed Magpie,Pica hudsonia,bkbmag1,Black-billed Magpie,BBMA
Pica nuttalli_Yellow-billed Magpie,Pica nuttalli,,,
Pica pica_Eurasian Magpie,Pica pica,eurmag1,Eurasian Magpie,
Pica serica_Oriental Magpie,Pica serica,orimag1,Oriental Magpie,
Picoides arcticus_Black-backed Woodpecker,Picoides arcticus,bkbwoo,Black-backed Woodpecker,BBWO
Picoides dorsalis_American Three-toed Woodpecker,Picoides dorsalis,attwoo1,American Three-toed Woodpecker,ATTW
Picoides tridactylus_Eurasian Three-toed Woodpecker,Picoides tridactylus,ettwoo1,Eurasian Three-toed Woodpecker,
Piculus aurulentus_White-browed Woodpecker,Piculus aurulentus,whbwoo7,Yellow-browed Woodpecker,
Piculus callopterus_Stripe-cheeked Woodpecker,Piculus callopterus,stcwoo1,Stripe-cheeked Woodpecker,SCHW
Piculus chrysochloros_Golden-green Woodpecker,Piculus chrysochloros,gogwoo1,Golden-green Woodpecker,GGWO
Piculus flavigula_Yellow-throated Woodpecker,Piculus flavigula,yetwoo1,Yellow-throated Woodpecker,
Piculus leucolaemus_White-throated Woodpecker,Piculus leucolaemus,whtwoo2,White-throated Woodpecker,
Picumnus albosquamatus_White-wedged Piculet,Picumnus albosquamatus,whwpic1,White-wedged Piculet,
Picumnus aurifrons_Bar-breasted Piculet,Picumnus aurifrons,babpic1,Bar-breasted Piculet,
Picumnus cinnamomeus_Chestnut Piculet,Picumnus cinnamomeus,chepic1,Chestnut Piculet,
Picumnus cirratus_White-barred Piculet,Picumnus cirratus,whbpic1,White-barred Piculet,
Picumnus dorbignyanus_Ocellated Piculet,Picumnus dorbignyanus,ocepic2,Ocellated Piculet,
Picumnus exilis_Golden-spangled Piculet,Picumnus exilis,gospic1,Golden-spangled Piculet,
Picumnus granadensis_Grayish Piculet,Picumnus granadensis,grapic1,Greyish Piculet,
Picumnus innominatus_Speckled Piculet,Picumnus innominatus,spepic1,Speckled Piculet,
Picumnus lafresnayi_Lafresnaye's Piculet,Picumnus lafresnayi,lafpic1,Lafresnaye's Piculet,
Picumnus limae_Ochraceous Piculet,Picumnus limae,ochpic1,Ochraceous Piculet,
Picumnus nebulosus_Mottled Piculet,Picumnus nebulosus,motpic1,Mottled Piculet,
Picumnus olivaceus_Olivaceous Piculet,Picumnus olivaceus,olipic1,Olivaceous Piculet,OLPI
Picumnus pygmaeus_Spotted Piculet,Picumnus pygmaeus,spopic1,Spotted Piculet,
Picumnus rufiventris_Rufous-breasted Piculet,Picumnus rufiventris,rubpic1,Rufous-breasted Piculet,
Picumnus sclateri_Ecuadorian Piculet,Picumnus sclateri,ecupic1,Ecuadorian Piculet,
Picumnus spilogaster_White-bellied Piculet,Picumnus spilogaster,whbpic2,White-bellied Piculet,
Picumnus squamulatus_Scaled Piculet,Picumnus squamulatus,scapic1,Scaled Piculet,
Picumnus temminckii_Ochre-collared Piculet,Picumnus temminckii,occpic1,Ochre-collared Piculet,
Picus awokera_Japanese Woodpecker,Picus awokera,japwoo1,Japanese Green Woodpecker,
Picus canus_Gray-headed Woodpecker,Picus canus,gyfwoo1,Grey-headed Woodpecker,
Picus chlorolophus_Lesser Yellownape,Picus chlorolophus,lesyel1,Lesser Yellownape,
Picus erythropygius_Black-headed Woodpecker,Picus erythropygius,blhwoo1,Black-headed Woodpecker,
Picus puniceus_Crimson-winged Woodpecker,Picus puniceus,crwwoo1,Crimson-winged Woodpecker,
Picus sharpei_Iberian Green Woodpecker,Picus sharpei,grnwoo3,Iberian Green Woodpecker,
Picus squamatus_Scaly-bellied Woodpecker,Picus squamatus,scbwoo1,Scaly-bellied Woodpecker,
Picus vaillantii_Levaillant's Woodpecker,Picus vaillantii,levwoo1,Levaillant's Woodpecker,
Picus viridis_Eurasian Green Woodpecker,Picus viridis,eugwoo2,European Green Woodpecker,
Picus vittatus_Laced Woodpecker,Picus vittatus,lacwoo1,Laced Woodpecker,
Picus xanthopygaeus_Streak-throated Woodpecker,Picus xanthopygaeus,sttwoo1,Streak-throated Woodpecker,
Pinicola enucleator_Pine Grosbeak,Pinicola enucleator,pingro,Pine Grosbeak,PIGR
Pionites leucogaster_White-bellied Parrot,Pionites leucogaster,whbpar1,White-bellied Parrot,
Pionites melanocephalus_Black-headed Parrot,Pionites melanocephalus,blhpar4,Black-headed Parrot,
Pionopsitta pileata_Pileated Parrot,Pionopsitta pileata,recpar3,Pileated Parrot,
Pionus chalcopterus_Bronze-winged Parrot,Pionus chalcopterus,brwpar1,Bronze-winged Parrot,
Pionus fuscus_Dusky Parrot,Pionus fuscus,duspar1,Dusky Parrot,
Pionus maximiliani_Scaly-headed Parrot,Pionus maximiliani,schpar1,Scaly-headed Parrot,
Pionus menstruus_Blue-headed Parrot,Pionus menstruus,blhpar1,Blue-headed Parrot,BHEP
Pionus senilis_White-crowned Parrot,Pionus senilis,whcpar,White-crowned Parrot,WCPA
Pionus sordidus_Red-billed Parrot,Pionus sordidus,rebpar2,Red-billed Parrot,
Pionus tumultuosus_Speckle-faced Parrot,Pionus tumultuosus,spfpar1,Speckle-faced Parrot,
Pipile cujubi_Red-throated Piping-Guan,Pipile cujubi,rtpgua1,Red-throated Piping Guan,
Pipile cumanensis_Blue-throated Piping-Guan,Pipile cumanensis,butpig1,Blue-throated Piping Guan,
Pipilo chlorurus_Green-tailed Towhee,Pipilo chlorurus,gnttow,Green-tailed Towhee,GTTO
Pipilo erythrophthalmus_Eastern Towhee,Pipilo erythrophthalmus,eastow,Eastern Towhee,EATO
Pipilo maculatus_Spotted Towhee,Pipilo maculatus,spotow,Spotted Towhee,SPTO
Pipilo ocai_Collared Towhee,Pipilo ocai,coltow1,Collared Towhee,COTO
Pipra aureola_Crimson-hooded Manakin,Pipra aureola,crhman1,Crimson-hooded Manakin,
Pipra fasciicauda_Band-tailed Manakin,Pipra fasciicauda,batman1,Band-tailed Manakin,
Pipra filicauda_Wire-tailed Manakin,Pipra filicauda,witman2,Wire-tailed Manakin,
Pipraeidea melanonota_Fawn-breasted Tanager,Pipraeidea melanonota,fabtan1,Fawn-breasted Tanager,
Pipreola arcuata_Barred Fruiteater,Pipreola arcuata,barfru1,Barred Fruiteater,
Pipreola aureopectus_Golden-breasted Fruiteater,Pipreola aureopectus,gobfru1,Golden-breasted Fruiteater,
Pipreola formosa_Handsome Fruiteater,Pipreola formosa,hanfru1,Handsome Fruiteater,
Pipreola frontalis_Scarlet-breasted Fruiteater,Pipreola frontalis,scbfru1,Scarlet-breasted Fruiteater,
Pipreola intermedia_Band-tailed Fruiteater,Pipreola intermedia,batfru1,Band-tailed Fruiteater,
Pipreola jucunda_Orange-breasted Fruiteater,Pipreola jucunda,orbfru1,Orange-breasted Fruiteater,
Pipreola lubomirskii_Black-chested Fruiteater,Pipreola lubomirskii,blcfru1,Black-chested Fruiteater,
Pipreola riefferii_Green-and-black Fruiteater,Pipreola riefferii,gabfru1,Green-and-black Fruiteater,
Pipreola whitelyi_Red-banded Fruiteater,Pipreola whitelyi,rebfru1,Red-banded Fruiteater,
Piprites chloris_Wing-barred Piprites,Piprites chloris,wibpip1,Wing-barred Piprites,
Piprites griseiceps_Gray-headed Piprites,Piprites griseiceps,grhpip1,Grey-headed Piprites,GHPI
Piprites pileata_Black-capped Piprites,Piprites pileata,bkcpip1,Black-capped Piprites,
Piranga bidentata_Flame-colored Tanager,Piranga bidentata,flctan,Flame-colored Tanager,FCTA
Piranga erythrocephala_Red-headed Tanager,Piranga erythrocephala,rehtan1,Red-headed Tanager,RHTA
Piranga flava_Hepatic Tanager,Piranga flava,heptan,Hepatic Tanager,HETA
Piranga leucoptera_White-winged Tanager,Piranga leucoptera,whwtan1,White-winged Tanager,WWTA
Piranga ludoviciana_Western Tanager,Piranga ludoviciana,westan,Western Tanager,WETA
Piranga olivacea_Scarlet Tanager,Piranga olivacea,scatan,Scarlet Tanager,SCTA
Piranga roseogularis_Rose-throated Tanager,Piranga roseogularis,rottan1,Rose-throated Tanager,RTTA
Piranga rubra_Summer Tanager,Piranga rubra,sumtan,Summer Tanager,SUTA
Piranga rubriceps_Red-hooded Tanager,Piranga rubriceps,rehtan2,Red-hooded Tanager,
Pitangus lictor_Lesser Kiskadee,Pitangus lictor,,,
Pitangus sulphuratus_Great Kiskadee,Pitangus sulphuratus,grekis,Great Kiskadee,GKIS
Pithecophaga jefferyi_Philippine Eagle,Pithecophaga jefferyi,grpeag1,Philippine Eagle,
Pithys albifrons_White-plumed Antbird,Pithys albifrons,whpant1,White-plumed Antbird,
Pitohui kirhocephalus_Northern Variable Pitohui,Pitohui kirhocephalus,varpit2,Northern Variable Pitohui,
Pitta brachyura_Indian Pitta,Pitta brachyura,indpit1,Indian Pitta,
Pitta elegans_Elegant Pitta,Pitta elegans,elepit7,Elegant Pitta,
Pitta maxima_Ivory-breasted Pitta,Pitta maxima,ivbpit1,Ivory-breasted Pitta,
Pitta megarhyncha_Mangrove Pitta,Pitta megarhyncha,manpit1,Mangrove Pitta,
Pitta moluccensis_Blue-winged Pitta,Pitta moluccensis,blwpit1,Blue-winged Pitta,
Pitta nympha_Fairy Pitta,Pitta nympha,faipit1,Fairy Pitta,
Pitta sordida_Hooded Pitta,Pitta sordida,wehpit1,Western Hooded Pitta,
Pitta steerii_Azure-breasted Pitta,Pitta steerii,azbpit1,Azure-breasted Pitta,
Pitta versicolor_Noisy Pitta,Pitta versicolor,noipit1,Noisy Pitta,
Pittasoma michleri_Black-crowned Antpitta,Pittasoma michleri,blcant1,Black-crowned Antpitta,BCAP
Pittasoma rufopileatum_Rufous-crowned Antpitta,Pittasoma rufopileatum,rucant3,Rufous-crowned Antpitta,
Pityriasis gymnocephala_Bornean Bristlehead,Pityriasis gymnocephala,borbri1,Bornean Bristlehead,
Platalea ajaja_Roseate Spoonbill,Platalea ajaja,rosspo1,Roseate Spoonbill,ROSP
Platalea leucorodia_Eurasian Spoonbill,Platalea leucorodia,eurspo1,Eurasian Spoonbill,EURS
Platycercus adscitus_Pale-headed Rosella,Platycercus adscitus,pahros1,Pale-headed Rosella,
Platycercus caledonicus_Green Rosella,Platycercus caledonicus,greros2,Green Rosella,
Platycercus elegans_Crimson Rosella,Platycercus elegans,criros2,Crimson Rosella,
Platycercus eximius_Eastern Rosella,Platycercus eximius,easros1,Eastern Rosella,
Platylophus galericulatus_Crested Shrikejay,Platylophus galericulatus,crejay1,Crested Jayshrike,
Platyrinchus cancrominus_Stub-tailed Spadebill,Platyrinchus cancrominus,sttspa1,Stub-tailed Spadebill,SBTS
Platyrinchus coronatus_Golden-crowned Spadebill,Platyrinchus coronatus,gocspa1,Golden-crowned Spadebill,GCRS
Platyrinchus flavigularis_Yellow-throated Spadebill,Platyrinchus flavigularis,yetspa1,Yellow-throated Spadebill,
Platyrinchus leucoryphus_Russet-winged Spadebill,Platyrinchus leucoryphus,ruwspa1,Russet-winged Spadebill,
Platyrinchus mystaceus_White-throated Spadebill,Platyrinchus mystaceus,whtspa1,White-throated Spadebill,WTRS
Platyrinchus platyrhynchos_White-crested Spadebill,Platyrinchus platyrhynchos,whcspa1,White-crested Spadebill,
Platyrinchus saturatus_Cinnamon-crested Spadebill,Platyrinchus saturatus,cicspa1,Cinnamon-crested Spadebill,
Platysmurus leucopterus_Black Magpie,Platysmurus leucopterus,blkmag1,Malayan Black Magpie,
Platysteira blissetti_Red-cheeked Wattle-eye,Platysteira blissetti,rcweye1,Red-cheeked Wattle-eye,
Platysteira castanea_Chestnut Wattle-eye,Platysteira castanea,,,
Platysteira concreta_Yellow-bellied Wattle-eye,Platysteira concreta,ybweye1,Yellow-bellied Wattle-eye,
Platysteira cyanea_Brown-throated Wattle-eye,Platysteira cyanea,btweye2,Brown-throated Wattle-eye,
Platysteira peltata_Black-throated Wattle-eye,Platysteira peltata,btweye1,Black-throated Wattle-eye,
Plectorhyncha lanceolata_Striped Honeyeater,Plectorhyncha lanceolata,strhon1,Striped Honeyeater,
Plectrophenax hyperboreus_McKay's Bunting,Plectrophenax hyperboreus,mckbun,McKay's Bunting,MKBU
Plectrophenax nivalis_Snow Bunting,Plectrophenax nivalis,snobun,Snow Bunting,SNBU
Plegadis chihi_White-faced Ibis,Plegadis chihi,whfibi,White-faced Ibis,WFIB
Plegadis falcinellus_Glossy Ibis,Plegadis falcinellus,gloibi,Glossy Ibis,GLIB
Plegadis ridgwayi_Puna Ibis,Plegadis ridgwayi,punibi1,Puna Ibis,
Plocepasser mahali_White-browed Sparrow-Weaver,Plocepasser mahali,wbswea1,White-browed Sparrow-Weaver,
Plocepasser superciliosus_Chestnut-crowned Sparrow-Weaver,Plocepasser superciliosus,ccswea1,Chestnut-crowned Sparrow-Weaver,
Ploceus baglafecht_Baglafecht Weaver,Ploceus baglafecht,bagwea1,Baglafecht Weaver,
Ploceus bicolor_Forest Weaver,Ploceus bicolor,forwea1,Dark-backed Weaver,
Ploceus capensis_Cape Weaver,Ploceus capensis,capwea1,Cape Weaver,
Ploceus cucullatus_Village Weaver,Ploceus cucullatus,vilwea1,Village Weaver,VIWE
Ploceus galbula_Rüppell's Weaver,Ploceus galbula,ruewea1,Rüppell's Weaver,
Ploceus hypoxanthus_Asian Golden Weaver,Ploceus hypoxanthus,asgwea2,Asian Golden Weaver,
Ploceus intermedius_Lesser Masked-Weaver,Ploceus intermedius,lesmaw1,Lesser Masked Weaver,
Ploceus jacksoni_Golden-backed Weaver,Ploceus jacksoni,gobwea1,Golden-backed Weaver,
Ploceus luteolus_Little Weaver,Ploceus luteolus,litwea1,Little Weaver,
Ploceus manyar_Streaked Weaver,Ploceus manyar,strwea2,Streaked Weaver,
Ploceus melanocephalus_Black-headed Weaver,Ploceus melanocephalus,blhwea1,Black-headed Weaver,
Ploceus nelicourvi_Nelicourvi Weaver,Ploceus nelicourvi,nelwea1,Nelicourvi Weaver,
Ploceus nigerrimus_Vieillot's Weaver,Ploceus nigerrimus,viewea3,Vieillot's Black Weaver,
Ploceus nigricollis_Black-necked Weaver,Ploceus nigricollis,bknwea2,Black-necked Weaver,
Ploceus ocularis_Spectacled Weaver,Ploceus ocularis,spewea1,Spectacled Weaver,
Ploceus philippinus_Baya Weaver,Ploceus philippinus,baywea1,Baya Weaver,
Ploceus sakalava_Sakalava Weaver,Ploceus sakalava,sakwea1,Sakalava Weaver,
Ploceus spekei_Speke's Weaver,Ploceus spekei,spewea2,Speke's Weaver,
Ploceus subaureus_African Golden-Weaver,Ploceus subaureus,afgwea1,Eastern Golden Weaver,
Ploceus velatus_Southern Masked-Weaver,Ploceus velatus,afmwea,Southern Masked Weaver,
Ploceus vitellinus_Vitelline Masked-Weaver,Ploceus vitellinus,vimwea1,Vitelline Masked Weaver,
Ploceus xanthops_Holub's Golden-Weaver,Ploceus xanthops,hogwea1,Holub's Golden Weaver,
Ploceus xanthopterus_Southern Brown-throated Weaver,Ploceus xanthopterus,sbtwea1,Southern Brown-throated Weaver,
Pluvialis apricaria_European Golden-Plover,Pluvialis apricaria,eugplo,European Golden Plover,EUGP
Pluvialis dominica_American Golden-Plover,Pluvialis dominica,amgplo,American Golden Plover,AMGP
Pluvialis fulva_Pacific Golden-Plover,Pluvialis fulva,pagplo,Pacific Golden Plover,PAGP
Pluvialis squatarola_Black-bellied Plover,Pluvialis squatarola,bkbplo,Grey Plover,BBPL
Pnoepyga albiventer_Scaly-breasted Cupwing,Pnoepyga albiventer,scbcup3,Scaly-breasted Cupwing,
Pnoepyga formosana_Taiwan Cupwing,Pnoepyga formosana,taiwrb1,Taiwan Cupwing,
Pnoepyga immaculata_Immaculate Cupwing,Pnoepyga immaculata,immwrb1,Nepal Cupwing,
Pnoepyga pusilla_Pygmy Cupwing,Pnoepyga pusilla,pywbab1,Pygmy Cupwing,
Podargus ocellatus_Marbled Frogmouth,Podargus ocellatus,marfro1,Marbled Frogmouth,
Podargus strigoides_Tawny Frogmouth,Podargus strigoides,tawfro1,Tawny Frogmouth,
Podiceps auritus_Horned Grebe,Podiceps auritus,horgre,Horned Grebe,HOGR
Podiceps cristatus_Great Crested Grebe,Podiceps cristatus,grcgre1,Great Crested Grebe,
Podiceps gallardoi_Hooded Grebe,Podiceps gallardoi,hoogre1,Hooded Grebe,
Podiceps grisegena_Red-necked Grebe,Podiceps grisegena,rengre,Red-necked Grebe,RNGR
Podiceps major_Great Grebe,Podiceps major,gregre1,Great Grebe,
Podiceps nigricollis_Eared Grebe,Podiceps nigricollis,eargre,Black-necked Grebe,EAGR
Podiceps occipitalis_Silvery Grebe,Podiceps occipitalis,silgre1,Silvery Grebe,
Podilymbus podiceps_Pied-billed Grebe,Podilymbus podiceps,pibgre,Pied-billed Grebe,PBGR
Podoces hendersoni_Mongolian Ground-Jay,Podoces hendersoni,mogjay1,Mongolian Ground Jay,
Poecile atricapillus_Black-capped Chickadee,Poecile atricapillus,bkcchi,Black-capped Chickadee,BCCH
Poecile carolinensis_Carolina Chickadee,Poecile carolinensis,carchi,Carolina Chickadee,CACH
Poecile cinctus_Gray-headed Chickadee,Poecile cinctus,gyhchi,Grey-headed Chickadee,GHCH
Poecile gambeli_Mountain Chickadee,Poecile gambeli,mouchi,Mountain Chickadee,MOCH
Poecile hudsonicus_Boreal Chickadee,Poecile hudsonicus,borchi2,Boreal Chickadee,BOCH
Poecile lugubris_Sombre Tit,Poecile lugubris,somtit3,Sombre Tit,
Poecile montanus_Willow Tit,Poecile montanus,wiltit1,Willow Tit,
Poecile palustris_Marsh Tit,Poecile palustris,martit2,Marsh Tit,
Poecile rufescens_Chestnut-backed Chickadee,Poecile rufescens,chbchi,Chestnut-backed Chickadee,CBCH
Poecile sclateri_Mexican Chickadee,Poecile sclateri,mexchi,Mexican Chickadee,MECH
Poecile weigoldicus_Sichuan Tit,Poecile weigoldicus,sictit1,Sichuan Tit,
Poecilodryas hypoleuca_Black-sided Robin,Poecilodryas hypoleuca,blsrob2,Black-sided Robin,
Poecilostreptus cabanisi_Azure-rumped Tanager,Poecilostreptus cabanisi,azrtan1,Azure-rumped Tanager,ARTA
Poecilostreptus palmeri_Gray-and-gold Tanager,Poecilostreptus palmeri,gagtan1,Grey-and-gold Tanager,GAGT
Poecilotriccus albifacies_White-cheeked Tody-Flycatcher,Poecilotriccus albifacies,wcttyr1,White-cheeked Tody-Flycatcher,
Poecilotriccus calopterus_Golden-winged Tody-Flycatcher,Poecilotriccus calopterus,gowtof1,Golden-winged Tody-Flycatcher,
Poecilotriccus capitalis_Black-and-white Tody-Flycatcher,Poecilotriccus capitalis,bawtyr1,Black-and-white Tody-Flycatcher,
Poecilotriccus fumifrons_Smoky-fronted Tody-Flycatcher,Poecilotriccus fumifrons,smftof1,Smoky-fronted Tody-Flycatcher,
Poecilotriccus latirostris_Rusty-fronted Tody-Flycatcher,Poecilotriccus latirostris,ruftof1,Rusty-fronted Tody-Flycatcher,
Poecilotriccus luluae_Johnson's Tody-Flycatcher,Poecilotriccus luluae,johtot1,Lulu's Tody-Flycatcher,
Poecilotriccus plumbeiceps_Ochre-faced Tody-Flycatcher,Poecilotriccus plumbeiceps,ocftof1,Ochre-faced Tody-Flycatcher,
Poecilotriccus ruficeps_Rufous-crowned Tody-Flycatcher,Poecilotriccus ruficeps,rcttyr1,Rufous-crowned Tody-Flycatcher,
Poecilotriccus russatus_Ruddy Tody-Flycatcher,Poecilotriccus russatus,rudtof1,Ruddy Tody-Flycatcher,
Poecilotriccus sylvia_Slate-headed Tody-Flycatcher,Poecilotriccus sylvia,shtfly1,Slaty-headed Tody-Flycatcher,SHTF
Pogoniulus atroflavus_Red-rumped Tinkerbird,Pogoniulus atroflavus,rertin1,Red-rumped Tinkerbird,
Pogoniulus bilineatus_Yellow-rumped Tinkerbird,Pogoniulus bilineatus,yertin1,Yellow-rumped Tinkerbird,
Pogoniulus chrysoconus_Yellow-fronted Tinkerbird,Pogoniulus chrysoconus,yeftin1,Yellow-fronted Tinkerbird,
Pogoniulus leucomystax_Moustached Tinkerbird,Pogoniulus leucomystax,moutin1,Moustached Tinkerbird,
Pogoniulus pusillus_Red-fronted Tinkerbird,Pogoniulus pusillus,reftin4,Southern Red-fronted Tinkerbird,
Pogoniulus scolopaceus_Speckled Tinkerbird,Pogoniulus scolopaceus,spetin1,Speckled Tinkerbird,
Pogoniulus simplex_Green Tinkerbird,Pogoniulus simplex,gretin2,Green Tinkerbird,
Pogoniulus subsulphureus_Yellow-throated Tinkerbird,Pogoniulus subsulphureus,yettin1,Yellow-throated Tinkerbird,
Pogonocichla stellata_White-starred Robin,Pogonocichla stellata,whsrob1,White-starred Robin,
Poicephalus cryptoxanthus_Brown-headed Parrot,Poicephalus cryptoxanthus,brhpar2,Brown-headed Parrot,
Poicephalus fuscicollis_Brown-necked Parrot,Poicephalus fuscicollis,brnpar1,Brown-necked Parrot,
Poicephalus meyeri_Meyer's Parrot,Poicephalus meyeri,meypar1,Meyer's Parrot,
Poicephalus robustus_Cape Parrot,Poicephalus robustus,bnnpar2,Cape Parrot,
Poicephalus rufiventris_Red-bellied Parrot,Poicephalus rufiventris,rebpar1,Red-bellied Parrot,
Poicephalus senegalus_Senegal Parrot,Poicephalus senegalus,senpar,Senegal Parrot,
Poliocrania exsul_Chestnut-backed Antbird,Poliocrania exsul,chbant1,Chestnut-backed Antbird,CBAN
Poliolimnas cinereus_White-browed Crake,Poliolimnas cinereus,whbcra1,White-browed Crake,
Polioptila albiloris_White-lored Gnatcatcher,Polioptila albiloris,whlgna2,White-lored Gnatcatcher,WLGN
Polioptila bilineata_White-browed Gnatcatcher,Polioptila bilineata,trogna2,White-browed Gnatcatcher,WBGN
Polioptila caerulea_Blue-gray Gnatcatcher,Polioptila caerulea,buggna,Blue-grey Gnatcatcher,BGGN
Polioptila californica_California Gnatcatcher,Polioptila californica,calgna,California Gnatcatcher,CAGN
Polioptila dumicola_Masked Gnatcatcher,Polioptila dumicola,masgna1,Masked Gnatcatcher,
Polioptila lactea_Creamy-bellied Gnatcatcher,Polioptila lactea,crbgna1,Creamy-bellied Gnatcatcher,
Polioptila lembeyei_Cuban Gnatcatcher,Polioptila lembeyei,cubgna1,Cuban Gnatcatcher,CUGN
Polioptila melanura_Black-tailed Gnatcatcher,Polioptila melanura,bktgna,Black-tailed Gnatcatcher,BTGN
Polioptila nigriceps_Black-capped Gnatcatcher,Polioptila nigriceps,bkcgna,Black-capped Gnatcatcher,BCGN
Polioptila plumbea_Tropical Gnatcatcher,Polioptila plumbea,trogna1,Tropical Gnatcatcher,
Polioptila schistaceigula_Slate-throated Gnatcatcher,Polioptila schistaceigula,sltgna1,Slate-throated Gnatcatcher,STGN
Polyboroides typus_African Harrier-Hawk,Polyboroides typus,afhhaw1,African Harrier-Hawk,
Polyerata amabilis_Blue-chested Hummingbird,Polyerata amabilis,blchum1,Blue-chested Hummingbird,BCHH
Polyerata decora_Charming Hummingbird,Polyerata decora,chahum1,Charming Hummingbird,CHHU
Polyplectron bicalcaratum_Gray Peacock-Pheasant,Polyplectron bicalcaratum,grypep2,Grey Peacock-Pheasant,
Polyplectron chalcurum_Bronze-tailed Peacock-Pheasant,Polyplectron chalcurum,btpphe1,Sumatran Peacock-Pheasant,
Polyplectron germaini_Germain's Peacock-Pheasant,Polyplectron germaini,gepphe1,Germain's Peacock-Pheasant,
Polyplectron malacense_Malayan Peacock-Pheasant,Polyplectron malacense,mapphe1,Malayan Peacock-Pheasant,
Polystictus pectoralis_Bearded Tachuri,Polystictus pectoralis,beatac1,Bearded Tachuri,
Polystictus superciliaris_Gray-backed Tachuri,Polystictus superciliaris,gybtac1,Grey-backed Tachuri,
Polytelis anthopeplus_Regent Parrot,Polytelis anthopeplus,regpar1,Regent Parrot,
Polytelis swainsonii_Superb Parrot,Polytelis swainsonii,suppar1,Superb Parrot,
Polytmus guainumbi_White-tailed Goldenthroat,Polytmus guainumbi,whtgol1,White-tailed Goldenthroat,
Polytmus theresiae_Green-tailed Goldenthroat,Polytmus theresiae,grtgol1,Green-tailed Goldenthroat,
Pomatorhinus ferruginosus_Coral-billed Scimitar-Babbler,Pomatorhinus ferruginosus,cobscb1,Black-crowned Scimitar Babbler,
Pomatorhinus horsfieldii_Indian Scimitar-Babbler,Pomatorhinus horsfieldii,insbab1,Indian Scimitar Babbler,
Pomatorhinus melanurus_Sri Lanka Scimitar-Babbler,Pomatorhinus melanurus,srlscb1,Sri Lanka Scimitar Babbler,
Pomatorhinus montanus_Chestnut-backed Scimitar-Babbler,Pomatorhinus montanus,chbscb1,Javan Scimitar Babbler,
Pomatorhinus musicus_Taiwan Scimitar-Babbler,Pomatorhinus musicus,taiscb1,Taiwan Scimitar Babbler,
Pomatorhinus ochraceiceps_Red-billed Scimitar-Babbler,Pomatorhinus ochraceiceps,rbsbab1,Red-billed Scimitar Babbler,
Pomatorhinus ruficollis_Streak-breasted Scimitar-Babbler,Pomatorhinus ruficollis,sbsbab3,Streak-breasted Scimitar Babbler,
Pomatorhinus schisticeps_White-browed Scimitar-Babbler,Pomatorhinus schisticeps,wbsbab1,White-browed Scimitar Babbler,
Pomatorhinus superciliaris_Slender-billed Scimitar-Babbler,Pomatorhinus superciliaris,sbsbab1,Slender-billed Scimitar Babbler,
Pomatostomus ruficeps_Chestnut-crowned Babbler,Pomatostomus ruficeps,chcbab2,Chestnut-crowned Babbler,
Pomatostomus superciliosus_White-browed Babbler,Pomatostomus superciliosus,whbbab3,White-browed Babbler,
Pomatostomus temporalis_Gray-crowned Babbler,Pomatostomus temporalis,gycbab1,Grey-crowned Babbler,
Poodytes gramineus_Little Grassbird,Poodytes gramineus,litgra1,Little Grassbird,
Poodytes punctatus_New Zealand Fernbird,Poodytes punctatus,fernbi1,New Zealand Fernbird,
Pooecetes gramineus_Vesper Sparrow,Pooecetes gramineus,vesspa,Vesper Sparrow,VESP
Poospiza nigrorufa_Black-and-rufous Warbling Finch,Poospiza nigrorufa,barwaf1,Black-and-rufous Warbling Finch,
Porphyrio flavirostris_Azure Gallinule,Porphyrio flavirostris,azugal1,Azure Gallinule,AZGA
Porphyrio madagascariensis_African Swamphen,Porphyrio madagascariensis,,,
Porphyrio martinica_Purple Gallinule,Porphyrio martinica,purgal2,Purple Gallinule,
Porphyrio melanotus_Australasian Swamphen,Porphyrio melanotus,,,
Porphyrio poliocephalus_Gray-headed Swamphen,Porphyrio poliocephalus,,,
Porphyrio porphyrio_Western Swamphen,Porphyrio porphyrio,purswa1,Purple Swamphen,PUSW
Porphyriops melanops_Spot-flanked Gallinule,Porphyriops melanops,spfgal1,Spot-flanked Gallinule,
Porzana carolina_Sora,Porzana carolina,sora,Sora,SORA
Porzana porzana_Spotted Crake,Porzana porzana,spocra1,Spotted Crake,SPCR
Porzana spiloptera_Dot-winged Crake,Porzana spiloptera,,,
Power tools_Power tools,Power tools,,,
Premnoplex brunnescens_Spotted Barbtail,Premnoplex brunnescens,spobar1,Spotted Barbtail,SPBA
Premnornis guttuliger_Rusty-winged Barbtail,Premnornis guttuliger,ruwbar1,Rusty-winged Barbtail,
Primolius auricollis_Yellow-collared Macaw,Primolius auricollis,yecmac,Golden-collared Macaw,
Primolius couloni_Blue-headed Macaw,Primolius couloni,buhmac1,Blue-headed Macaw,
Primolius maracana_Blue-winged Macaw,Primolius maracana,buwmac1,Blue-winged Macaw,
Prinia atrogularis_Black-throated Prinia,Prinia atrogularis,hilpri1,Black-throated Prinia,
Prinia bairdii_Banded Prinia,Prinia bairdii,banpri1,Banded Prinia,
Prinia buchanani_Rufous-fronted Prinia,Prinia buchanani,rufpri2,Rufous-fronted Prinia,
Prinia crinigera_Himalayan Prinia,Prinia crinigera,strpri2,Himalayan Prinia,
Prinia erythroptera_Red-winged Prinia,Prinia erythroptera,rewpri1,Red-winged Prinia,
Prinia familiaris_Bar-winged Prinia,Prinia familiaris,bawpri1,Bar-winged Prinia,
Prinia flavicans_Black-chested Prinia,Prinia flavicans,blcpri1,Black-chested Prinia,
Prinia flaviventris_Yellow-bellied Prinia,Prinia flaviventris,yebpri1,Yellow-bellied Prinia,
Prinia gracilis_Graceful Prinia,Prinia gracilis,grapri1,Graceful Prinia,
Prinia hodgsonii_Gray-breasted Prinia,Prinia hodgsonii,gybpri1,Grey-breasted Prinia,
Prinia hypoxantha_Drakensberg Prinia,Prinia hypoxantha,drapri1,Drakensberg Prinia,
Prinia inornata_Plain Prinia,Prinia inornata,plapri1,Plain Prinia,
Prinia lepida_Delicate Prinia,Prinia lepida,delpri1,Delicate Prinia,
Prinia maculosa_Karoo Prinia,Prinia maculosa,karpri1,Karoo Prinia,
Prinia polychroa_Brown Prinia,Prinia polychroa,bropri1,Brown Prinia,
Prinia rufescens_Rufescent Prinia,Prinia rufescens,rufpri1,Rufescent Prinia,
Prinia rufifrons_Red-fronted Prinia,Prinia rufifrons,refwar2,Red-fronted Prinia,
Prinia socialis_Ashy Prinia,Prinia socialis,ashpri1,Ashy Prinia,
Prinia striata_Striped Prinia,Prinia striata,strpri8,Striped Prinia,
Prinia subflava_Tawny-flanked Prinia,Prinia subflava,tafpri1,Tawny-flanked Prinia,
Prinia superciliaris_Hill Prinia,Prinia superciliaris,hilpri2,Hill Prinia,
Prinia sylvatica_Jungle Prinia,Prinia sylvatica,junpri1,Jungle Prinia,
Prionochilus maculatus_Yellow-breasted Flowerpecker,Prionochilus maculatus,yebflo2,Yellow-breasted Flowerpecker,
Prionochilus thoracicus_Scarlet-breasted Flowerpecker,Prionochilus thoracicus,scbflo2,Scarlet-breasted Flowerpecker,
Prionochilus xanthopygius_Yellow-rumped Flowerpecker,Prionochilus xanthopygius,yerflo1,Yellow-rumped Flowerpecker,
Prionops plumatus_White Helmetshrike,Prionops plumatus,whihel1,White-crested Helmetshrike,
Prionops retzii_Retz's Helmetshrike,Prionops retzii,rethel1,Retz's Helmetshrike,
Priotelus roseigaster_Hispaniolan Trogon,Priotelus roseigaster,histro1,Hispaniolan Trogon,HITR
Priotelus temnurus_Cuban Trogon,Priotelus temnurus,cubtro1,Cuban Trogon,CUTR
Probosciger aterrimus_Palm Cockatoo,Probosciger aterrimus,palcoc1,Palm Cockatoo,
Procarduelis nipalensis_Dark-breasted Rosefinch,Procarduelis nipalensis,dabros1,Dark-breasted Rosefinch,
Procnias albus_White Bellbird,Procnias albus,whibel2,White Bellbird,
Procnias averano_Bearded Bellbird,Procnias averano,beabel1,Bearded Bellbird,
Procnias nudicollis_Bare-throated Bellbird,Procnias nudicollis,batbel1,Bare-throated Bellbird,
Procnias tricarunculatus_Three-wattled Bellbird,Procnias tricarunculatus,thwbel,Three-wattled Bellbird,TWBE
Progne chalybea_Gray-breasted Martin,Progne chalybea,gybmar,Grey-breasted Martin,GYBM
Progne elegans_Southern Martin,Progne elegans,soumar,Southern Martin,SOMA
Progne subis_Purple Martin,Progne subis,purmar,Purple Martin,PUMA
Progne tapera_Brown-chested Martin,Progne tapera,brcmar1,Brown-chested Martin,BCMA
Promerops cafer_Cape Sugarbird,Promerops cafer,capsug1,Cape Sugarbird,
Prosopeia personata_Masked Shining-Parrot,Prosopeia personata,maspar2,Masked Shining Parrot,
Prosopeia tabuensis_Red Shining-Parrot,Prosopeia tabuensis,respar1,Maroon Shining Parrot,
Prosthemadera novaeseelandiae_Tui,Prosthemadera novaeseelandiae,tui1,Tui,
Protonotaria citrea_Prothonotary Warbler,Protonotaria citrea,prowar,Prothonotary Warbler,PROW
Prunella collaris_Alpine Accentor,Prunella collaris,alpacc1,Alpine Accentor,
Prunella fulvescens_Brown Accentor,Prunella fulvescens,broacc1,Brown Accentor,
Prunella modularis_Dunnock,Prunella modularis,dunnoc1,Dunnock,
Prunella montanella_Siberian Accentor,Prunella montanella,sibacc,Siberian Accentor,SIAC
Prunella ocularis_Radde's Accentor,Prunella ocularis,radacc2,Radde's Accentor,
Prunella rubeculoides_Robin Accentor,Prunella rubeculoides,robacc1,Robin Accentor,
Prunella strophiata_Rufous-breasted Accentor,Prunella strophiata,rubacc1,Rufous-breasted Accentor,
Psalidoprocne pristoptera_Black Sawwing,Psalidoprocne pristoptera,blksaw1,Black Saw-wing,
Psaltriparus minimus_Bushtit,Psaltriparus minimus,bushti,American Bushtit,BUSH
Psarisomus dalhousiae_Long-tailed Broadbill,Psarisomus dalhousiae,lotbro1,Long-tailed Broadbill,
Psarocolius angustifrons_Russet-backed Oropendola,Psarocolius angustifrons,ruboro1,Russet-backed Oropendola,
Psarocolius atrovirens_Dusky-green Oropendola,Psarocolius atrovirens,dugoro1,Dusky-green Oropendola,
Psarocolius bifasciatus_Olive Oropendola,Psarocolius bifasciatus,olioro1,Olive Oropendola,
Psarocolius decumanus_Crested Oropendola,Psarocolius decumanus,creoro1,Crested Oropendola,CROR
Psarocolius montezuma_Montezuma Oropendola,Psarocolius montezuma,monoro1,Montezuma Oropendola,MORO
Psarocolius viridis_Green Oropendola,Psarocolius viridis,greoro1,Green Oropendola,
Psarocolius wagleri_Chestnut-headed Oropendola,Psarocolius wagleri,chhoro1,Chestnut-headed Oropendola,CHOR
Psephotus haematonotus_Red-rumped Parrot,Psephotus haematonotus,rerpar1,Red-rumped Parrot,
Psephotus varius_Mulga Parrot,Psephotus varius,,,
Pseudacris brimleyi_Brimley's Chorus Frog,Pseudacris brimleyi,,,
Pseudacris clarkii_Spotted Chorus Frog,Pseudacris clarkii,,,
Pseudacris crucifer_Spring Peeper,Pseudacris crucifer,,,
Pseudacris feriarum_Upland Chorus Frog,Pseudacris feriarum,,,
Pseudacris nigrita_Southern Chorus Frog,Pseudacris nigrita,,,
Pseudacris ocularis_Little Grass Frog,Pseudacris ocularis,,,
Pseudacris ornata_Ornate Chorus Frog,Pseudacris ornata,,,
Pseudacris streckeri_Strecker's Chorus Frog,Pseudacris streckeri,,,
Pseudacris triseriata_Striped Chorus Frog,Pseudacris triseriata,,,
Pseudasthenes humicola_Dusky-tailed Canastero,Pseudasthenes humicola,dutcan1,Dusky-tailed Canastero,
Pseudastur albicollis_White Hawk,Pseudastur albicollis,whihaw1,White Hawk,WHHA
Pseudastur occidentalis_Gray-backed Hawk,Pseudastur occidentalis,gybhaw2,Grey-backed Hawk,
Pseudelaenia leucospodia_Gray-and-white Tyrannulet,Pseudelaenia leucospodia,gawtyr2,Grey-and-white Tyrannulet,
Pseudeos cardinalis_Cardinal Lory,Pseudeos cardinalis,,,
Pseudibis papillosa_Red-naped Ibis,Pseudibis papillosa,renibi1,Red-naped Ibis,
Pseudocolaptes boissonneautii_Streaked Tuftedcheek,Pseudocolaptes boissonneautii,strtuf1,Streaked Tuftedcheek,
Pseudocolaptes lawrencii_Buffy Tuftedcheek,Pseudocolaptes lawrencii,buftuf1,Buffy Tuftedcheek,BUTU
Pseudocolopteryx citreola_Ticking Doradito,Pseudocolopteryx citreola,ticdor1,Ticking Doradito,
Pseudocolopteryx dinelliana_Dinelli's Doradito,Pseudocolopteryx dinelliana,dindor2,Dinelli's Doradito,
Pseudocolopteryx flaviventris_Warbling Doradito,Pseudocolopteryx flaviventris,wardor1,Warbling Doradito,
Pseudocolopteryx sclateri_Crested Doradito,Pseudocolopteryx sclateri,credor1,Crested Doradito,
Pseudoleistes guirahuro_Yellow-rumped Marshbird,Pseudoleistes guirahuro,yermar1,Yellow-rumped Marshbird,
Pseudoleistes virescens_Brown-and-yellow Marshbird,Pseudoleistes virescens,baymar1,Brown-and-yellow Marshbird,
Pseudonestor xanthophrys_Maui Parrotbill,Pseudonestor xanthophrys,maupar,Maui Parrotbill,MAPA
Pseudonigrita arnaudi_Gray-headed Social-Weaver,Pseudonigrita arnaudi,gyhsow1,Grey-capped Social Weaver,
Pseudopipra pipra_White-crowned Manakin,Pseudopipra pipra,whcman2,White-crowned Manakin,WCRM
Pseudopodoces humilis_Ground Tit,Pseudopodoces humilis,grotit1,Ground Tit,
Pseudorectes ferrugineus_Rusty Pitohui,Pseudorectes ferrugineus,ruspit1,Rusty Pitohui,
Pseudoseisura cristata_Caatinga Cacholote,Pseudoseisura cristata,caacac1,Caatinga Cacholote,
Pseudoseisura gutturalis_White-throated Cacholote,Pseudoseisura gutturalis,whtcac2,White-throated Cacholote,
Pseudoseisura lophotes_Brown Cacholote,Pseudoseisura lophotes,brncac1,Brown Cacholote,
Pseudoseisura unirufa_Rufous Cacholote,Pseudoseisura unirufa,rufcac2,Grey-crested Cacholote,
Pseudospingus verticalis_Black-headed Hemispingus,Pseudospingus verticalis,blhhem1,Black-headed Hemispingus,
Pseudotriccus pelzelni_Bronze-olive Pygmy-Tyrant,Pseudotriccus pelzelni,boptyr1,Bronze-olive Pygmy Tyrant,BOPT
Pseudotriccus ruficeps_Rufous-headed Pygmy-Tyrant,Pseudotriccus ruficeps,rhptyr1,Rufous-headed Pygmy Tyrant,
Psilopogon annamensis_Indochinese Barbet,Psilopogon annamensis,indbar1,Indochinese Barbet,
Psilopogon armillaris_Flame-fronted Barbet,Psilopogon armillaris,flfbar1,Flame-fronted Barbet,
Psilopogon asiaticus_Blue-throated Barbet,Psilopogon asiaticus,bltbar2,Blue-throated Barbet,
Psilopogon auricularis_Necklaced Barbet,Psilopogon auricularis,gotbar3,Necklaced Barbet,
Psilopogon australis_Little Barbet,Psilopogon australis,litbar1,Yellow-eared Barbet,
Psilopogon chrysopogon_Gold-whiskered Barbet,Psilopogon chrysopogon,gowbar2,Golden-whiskered Barbet,
Psilopogon corvinus_Brown-throated Barbet,Psilopogon corvinus,brtbar1,Brown-throated Barbet,
Psilopogon duvaucelii_Blue-eared Barbet,Psilopogon duvaucelii,buebar2,Black-eared Barbet,
Psilopogon eximius_Bornean Barbet,Psilopogon eximius,borbar1,Bornean Barbet,
Psilopogon faber_Chinese Barbet,Psilopogon faber,chibar1,Chinese Barbet,
Psilopogon faiostrictus_Green-eared Barbet,Psilopogon faiostrictus,grebar3,Green-eared Barbet,
Psilopogon flavifrons_Yellow-fronted Barbet,Psilopogon flavifrons,yefbar1,Yellow-fronted Barbet,
Psilopogon franklinii_Golden-throated Barbet,Psilopogon franklinii,gotbar2,Golden-throated Barbet,
Psilopogon haemacephalus_Coppersmith Barbet,Psilopogon haemacephalus,copbar1,Coppersmith Barbet,
Psilopogon henricii_Yellow-crowned Barbet,Psilopogon henricii,yecbar1,Yellow-crowned Barbet,
Psilopogon incognitus_Moustached Barbet,Psilopogon incognitus,moubar2,Moustached Barbet,
Psilopogon lagrandieri_Red-vented Barbet,Psilopogon lagrandieri,revbar1,Red-vented Barbet,
Psilopogon lineatus_Lineated Barbet,Psilopogon lineatus,linbar1,Lineated Barbet,
Psilopogon malabaricus_Malabar Barbet,Psilopogon malabaricus,crfbar1,Malabar Barbet,
Psilopogon monticola_Mountain Barbet,Psilopogon monticola,moubar1,Mountain Barbet,
Psilopogon mystacophanos_Red-throated Barbet,Psilopogon mystacophanos,retbar1,Red-throated Barbet,
Psilopogon nuchalis_Taiwan Barbet,Psilopogon nuchalis,taibar2,Taiwan Barbet,
Psilopogon oorti_Black-browed Barbet,Psilopogon oorti,blbbar5,Black-browed Barbet,
Psilopogon pulcherrimus_Golden-naped Barbet,Psilopogon pulcherrimus,gonbar1,Golden-naped Barbet,
Psilopogon pyrolophus_Fire-tufted Barbet,Psilopogon pyrolophus,fitbar1,Fire-tufted Barbet,
Psilopogon rafflesii_Red-crowned Barbet,Psilopogon rafflesii,recbar1,Red-crowned Barbet,
Psilopogon rubricapillus_Crimson-fronted Barbet,Psilopogon rubricapillus,crfbar3,Crimson-fronted Barbet,
Psilopogon virens_Great Barbet,Psilopogon virens,grebar1,Great Barbet,
Psilopogon viridis_White-cheeked Barbet,Psilopogon viridis,whcbar1,White-cheeked Barbet,
Psilopogon zeylanicus_Brown-headed Barbet,Psilopogon zeylanicus,brhbar1,Brown-headed Barbet,
Psilopsiagon aurifrons_Mountain Parakeet,Psilopsiagon aurifrons,moupar2,Mountain Parakeet,
Psilopsiagon aymara_Gray-hooded Parakeet,Psilopsiagon aymara,gyhpar1,Grey-hooded Parakeet,
Psilorhamphus guttatus_Spotted Bamboowren,Psilorhamphus guttatus,spobam1,Spotted Bamboowren,
Psilorhinus morio_Brown Jay,Psilorhinus morio,,,
Psiloscops flammeolus_Flammulated Owl,Psiloscops flammeolus,flaowl,Flammulated Owl,FLOW
Psittacara erythrogenys_Red-masked Parakeet,Psittacara erythrogenys,rempar,Red-masked Parakeet,RMPA
Psittacara finschi_Crimson-fronted Parakeet,Psittacara finschi,crfpar,Finsch's Parakeet,CFPA
Psittacara holochlorus_Green Parakeet,Psittacara holochlorus,grnpar,Green Parakeet,GREP
Psittacara leucophthalmus_White-eyed Parakeet,Psittacara leucophthalmus,whepar2,White-eyed Parakeet,
Psittacara mitratus_Mitred Parakeet,Psittacara mitratus,mitpar,Mitred Parakeet,MIPA
Psittacara strenuus_Pacific Parakeet,Psittacara strenuus,pacpar1,Pacific Parakeet,PACP
Psittacara wagleri_Scarlet-fronted Parakeet,Psittacara wagleri,scfpar2,Scarlet-fronted Parakeet,
Psittacula alexandri_Red-breasted Parakeet,Psittacula alexandri,rebpar4,Red-breasted Parakeet,
Psittacula calthrapae_Layard's Parakeet,Psittacula calthrapae,laypar1,Layard's Parakeet,
Psittacula columboides_Malabar Parakeet,Psittacula columboides,malpar1,Blue-winged Parakeet,
Psittacula cyanocephala_Plum-headed Parakeet,Psittacula cyanocephala,plhpar1,Plum-headed Parakeet,
Psittacula eques_Echo Parakeet,Psittacula eques,maupar1,Echo Parakeet,
Psittacula eupatria_Alexandrine Parakeet,Psittacula eupatria,alepar2,Alexandrine Parakeet,
Psittacula finschii_Gray-headed Parakeet,Psittacula finschii,gyhpar2,Grey-headed Parakeet,
Psittacula himalayana_Slaty-headed Parakeet,Psittacula himalayana,slhpar1,Slaty-headed Parakeet,
Psittacula krameri_Rose-ringed Parakeet,Psittacula krameri,rorpar,Rose-ringed Parakeet,RRPA
Psittacula longicauda_Long-tailed Parakeet,Psittacula longicauda,lotpar2,Long-tailed Parakeet,
Psittacus erithacus_Gray Parrot,Psittacus erithacus,grepar,Grey Parrot,
Psittinus cyanurus_Blue-rumped Parrot,Psittinus cyanurus,blrpar1,Blue-rumped Parrot,
Psittiparus gularis_Gray-headed Parrotbill,Psittiparus gularis,,,
Psophia crepitans_Gray-winged Trumpeter,Psophia crepitans,gywtru1,Grey-winged Trumpeter,
Psophia leucoptera_Pale-winged Trumpeter,Psophia leucoptera,pawtru2,Pale-winged Trumpeter,
Psophia viridis_Dark-winged Trumpeter,Psophia viridis,dawtru1,Dark-winged Trumpeter,
Psophocichla litsitsirupa_Groundscraper Thrush,Psophocichla litsitsirupa,,,
Psophodes cristatus_Chirruping Wedgebill,Psophodes cristatus,chiwed2,Chirruping Wedgebill,
Psophodes nigrogularis_Western Whipbird,Psophodes nigrogularis,weswhi1,Western Whipbird,
Psophodes occidentalis_Chiming Wedgebill,Psophodes occidentalis,chiwed1,Chiming Wedgebill,
Psophodes olivaceus_Eastern Whipbird,Psophodes olivaceus,easwhi1,Eastern Whipbird,
Pteridophora alberti_King-of-Saxony Bird-of-Paradise,Pteridophora alberti,kospar1,King of Saxony Bird-of-paradise,
Pternistis adspersus_Red-billed Francolin,Pternistis adspersus,rebfra1,Red-billed Spurfowl,
Pternistis afer_Red-necked Francolin,Pternistis afer,renfra1,Red-necked Spurfowl,
Pternistis ahantensis_Ahanta Francolin,Pternistis ahantensis,ahafra2,Ahanta Spurfowl,
Pternistis bicalcaratus_Double-spurred Francolin,Pternistis bicalcaratus,dosfra2,Double-spurred Spurfowl,
Pternistis capensis_Cape Francolin,Pternistis capensis,capfra2,Cape Spurfowl,
Pternistis erckelii_Erckel's Francolin,Pternistis erckelii,ercfra,Erckel's Spurfowl,ERFR
Pternistis hildebrandti_Hildebrandt's Francolin,Pternistis hildebrandti,hilfra2,Hildebrandt's Spurfowl,
Pternistis leucoscepus_Yellow-necked Francolin,Pternistis leucoscepus,yenspu1,Yellow-necked Spurfowl,
Pternistis natalensis_Natal Francolin,Pternistis natalensis,natfra2,Natal Spurfowl,
Pternistis squamatus_Scaly Francolin,Pternistis squamatus,scafra2,Scaly Spurfowl,
Pternistis swainsonii_Swainson's Francolin,Pternistis swainsonii,swafra2,Swainson's Spurfowl,
Pterocles alchata_Pin-tailed Sandgrouse,Pterocles alchata,pitsan1,Pin-tailed Sandgrouse,
Pterocles exustus_Chestnut-bellied Sandgrouse,Pterocles exustus,chbsan,Chestnut-bellied Sandgrouse,CBSA
Pterocles namaqua_Namaqua Sandgrouse,Pterocles namaqua,namsan1,Namaqua Sandgrouse,
Pterocles orientalis_Black-bellied Sandgrouse,Pterocles orientalis,blbsan1,Black-bellied Sandgrouse,
Pterocles senegallus_Spotted Sandgrouse,Pterocles senegallus,sposan1,Spotted Sandgrouse,
Pterodroma cervicalis_White-necked Petrel,Pterodroma cervicalis,whnpet,White-necked Petrel,WNPE
Pterodroma cookii_Cook's Petrel,Pterodroma cookii,coopet,Cook's Petrel,COPE
Pterodroma externa_Juan Fernandez Petrel,Pterodroma externa,jufpet,Juan Fernandez Petrel,JFPE
Pterodroma hypoleuca_Bonin Petrel,Pterodroma hypoleuca,bonpet,Bonin Petrel,BOPE
Pterodroma inexpectata_Mottled Petrel,Pterodroma inexpectata,motpet,Mottled Petrel,MOPE
Pterodroma madeira_Zino's Petrel,Pterodroma madeira,madpet,Zino's Petrel,ZIPE
Pterodroma neglecta_Kermadec Petrel,Pterodroma neglecta,kerpet,Kermadec Petrel,KEPE
Pterodroma nigripennis_Black-winged Petrel,Pterodroma nigripennis,bkwpet,Black-winged Petrel,BWPE
Pterodroma phaeopygia_Galapagos Petrel,Pterodroma phaeopygia,galpet,Galapagos Petrel,GAPE
Pterodroma sandwichensis_Hawaiian Petrel,Pterodroma sandwichensis,hawpet1,Hawaiian Petrel,HAPE
Pteroglossus aracari_Black-necked Aracari,Pteroglossus aracari,blnara1,Black-necked Aracari,
Pteroglossus azara_Ivory-billed Aracari,Pteroglossus azara,ivbara1,Ivory-billed Aracari,
Pteroglossus bailloni_Saffron Toucanet,Pteroglossus bailloni,saftou2,Saffron Toucanet,
Pteroglossus beauharnaisii_Curl-crested Aracari,Pteroglossus beauharnaisii,cucara1,Curl-crested Aracari,
Pteroglossus bitorquatus_Red-necked Aracari,Pteroglossus bitorquatus,renara1,Red-necked Aracari,
Pteroglossus castanotis_Chestnut-eared Aracari,Pteroglossus castanotis,cheara1,Chestnut-eared Aracari,
Pteroglossus frantzii_Fiery-billed Aracari,Pteroglossus frantzii,fibara1,Fiery-billed Aracari,FBAR
Pteroglossus inscriptus_Lettered Aracari,Pteroglossus inscriptus,letara1,Lettered Aracari,
Pteroglossus pluricinctus_Many-banded Aracari,Pteroglossus pluricinctus,mabara1,Many-banded Aracari,
Pteroglossus torquatus_Collared Aracari,Pteroglossus torquatus,colara1,Collared Aracari,COAR
Pterophylla camellifolia_Common True Katydid,Pterophylla camellifolia,,,
Pteroptochos castaneus_Chestnut-throated Huet-huet,Pteroptochos castaneus,cthhue1,Chestnut-throated Huet-huet,
Pteroptochos megapodius_Moustached Turca,Pteroptochos megapodius,moutur1,Moustached Turca,
Pteroptochos tarnii_Black-throated Huet-huet,Pteroptochos tarnii,bthhue1,Black-throated Huet-huet,
Pterorhinus albogularis_White-throated Laughingthrush,Pterorhinus albogularis,whtlau1,White-throated Laughingthrush,
Pterorhinus berthemyi_Buffy Laughingthrush,Pterorhinus berthemyi,buflau1,Buffy Laughingthrush,
Pterorhinus chinensis_Black-throated Laughingthrush,Pterorhinus chinensis,bltlau1,Black-throated Laughingthrush,
Pterorhinus davidi_Pere David's Laughingthrush,Pterorhinus davidi,pedlau1,Plain Laughingthrush,
Pterorhinus delesserti_Wayanad Laughingthrush,Pterorhinus delesserti,wynlau1,Wayanad Laughingthrush,
Pterorhinus mitratus_Chestnut-capped Laughingthrush,Pterorhinus mitratus,chclau3,Chestnut-capped Laughingthrush,
Pterorhinus pectoralis_Greater Necklaced Laughingthrush,Pterorhinus pectoralis,gnlthr,Greater Necklaced Laughingthrush,
Pterorhinus perspicillatus_Masked Laughingthrush,Pterorhinus perspicillatus,maslau1,Masked Laughingthrush,
Pterorhinus poecilorhynchus_Rusty Laughingthrush,Pterorhinus poecilorhynchus,ruslau1,Rusty Laughingthrush,
Pterorhinus ruficollis_Rufous-necked Laughingthrush,Pterorhinus ruficollis,runlau1,Rufous-necked Laughingthrush,
Pterorhinus sannio_White-browed Laughingthrush,Pterorhinus sannio,whblau1,White-browed Laughingthrush,
Pterorhinus treacheri_Chestnut-hooded Laughingthrush,Pterorhinus treacheri,chhlau1,Chestnut-hooded Laughingthrush,
Pteruthius aeralatus_Blyth's Shrike-Babbler,Pteruthius aeralatus,whbshb1,White-browed Shrike-babbler,
Pteruthius intermedius_Clicking Shrike-Babbler,Pteruthius intermedius,clishb1,Clicking Shrike-babbler,
Pteruthius melanotis_Black-eared Shrike-Babbler,Pteruthius melanotis,besbab1,Black-eared Shrike-babbler,
Pteruthius ripleyi_Himalayan Shrike-Babbler,Pteruthius ripleyi,,,
Pteruthius rufiventer_Black-headed Shrike-Babbler,Pteruthius rufiventer,bhsbab1,Black-headed Shrike-babbler,
Pteruthius xanthochlorus_Green Shrike-Babbler,Pteruthius xanthochlorus,grsbab1,Green Shrike-babbler,
Ptilinopus iozonus_Orange-bellied Fruit-Dove,Ptilinopus iozonus,obfdov1,Orange-bellied Fruit Dove,
Ptilinopus magnificus_Wompoo Fruit-Dove,Ptilinopus magnificus,,,
Ptilinopus melanospilus_Black-naped Fruit-Dove,Ptilinopus melanospilus,bknfrd1,Black-naped Fruit Dove,
Ptilinopus occipitalis_Yellow-breasted Fruit-Dove,Ptilinopus occipitalis,,,
Ptilinopus pelewensis_Palau Fruit-Dove,Ptilinopus pelewensis,pafdov1,Palau Fruit Dove,
Ptilinopus porphyraceus_Crimson-crowned Fruit-Dove,Ptilinopus porphyraceus,ccfdov1,Crimson-crowned Fruit Dove,
Ptilinopus regina_Rose-crowned Fruit-Dove,Ptilinopus regina,rcfdov1,Rose-crowned Fruit Dove,
Ptilinopus rivoli_White-breasted Fruit-Dove,Ptilinopus rivoli,whbfrd1,White-bibbed Fruit Dove,
Ptilinopus solomonensis_Yellow-bibbed Fruit-Dove,Ptilinopus solomonensis,yebfrd2,Yellow-bibbed Fruit Dove,
Ptilinopus superbus_Superb Fruit-Dove,Ptilinopus superbus,sufdov1,Superb Fruit Dove,
Ptilinopus viridis_Claret-breasted Fruit-Dove,Ptilinopus viridis,cbfdov1,Claret-breasted Fruit Dove,
Ptiliogonys caudatus_Long-tailed Silky-flycatcher,Ptiliogonys caudatus,ltsfly1,Long-tailed Silky-flycatcher,LTSF
Ptiliogonys cinereus_Gray Silky-flycatcher,Ptiliogonys cinereus,grsfly1,Grey Silky-flycatcher,GRSF
Ptilocichla falcata_Falcated Wren-Babbler,Ptilocichla falcata,fawbab1,Falcated Wren-Babbler,
Ptilocichla leucogrammica_Bornean Wren-Babbler,Ptilocichla leucogrammica,bowbab1,Bornean Wren-Babbler,
Ptilocichla mindanensis_Striated Wren-Babbler,Ptilocichla mindanensis,stwbab2,Striated Wren-Babbler,
Ptilonorhynchus violaceus_Satin Bowerbird,Ptilonorhynchus violaceus,satbow1,Satin Bowerbird,
Ptilopachus petrosus_Stone Partridge,Ptilopachus petrosus,stopar1,Stone Partridge,
Ptiloprora guisei_Rufous-backed Honeyeater,Ptiloprora guisei,rubhon1,Rufous-backed Honeyeater,
Ptiloprora perstriata_Gray-streaked Honeyeater,Ptiloprora perstriata,blbhon1,Grey-streaked Honeyeater,
Ptilopsis leucotis_Northern White-faced Owl,Ptilopsis leucotis,nwfowl1,Northern White-faced Owl,
Ptiloris magnificus_Magnificent Riflebird,Ptiloris magnificus,magrif3,Magnificent Riflebird,
Ptiloris paradiseus_Paradise Riflebird,Ptiloris paradiseus,parrif1,Paradise Riflebird,
Ptiloris victoriae_Victoria's Riflebird,Ptiloris victoriae,vicrif1,Victoria's Riflebird,
Ptilorrhoa caerulescens_Blue Jewel-babbler,Ptilorrhoa caerulescens,blujeb1,Blue Jewel-babbler,
Ptilorrhoa castanonota_Chestnut-backed Jewel-babbler,Ptilorrhoa castanonota,cbjbab1,Chestnut-backed Jewel-babbler,
Ptilorrhoa leucosticta_Spotted Jewel-babbler,Ptilorrhoa leucosticta,spjbab1,Spotted Jewel-babbler,
Ptilostomus afer_Piapiac,Ptilostomus afer,piapia1,Piapiac,
Ptilotula fusca_Fuscous Honeyeater,Ptilotula fusca,fushon1,Fuscous Honeyeater,
Ptilotula ornata_Yellow-plumed Honeyeater,Ptilotula ornata,yephon1,Yellow-plumed Honeyeater,
Ptilotula penicillata_White-plumed Honeyeater,Ptilotula penicillata,whphon1,White-plumed Honeyeater,
Ptiloxena atroviolacea_Cuban Blackbird,Ptiloxena atroviolacea,cubbla,Cuban Blackbird,CUBL
Ptyonoprogne concolor_Dusky Crag-Martin,Ptyonoprogne concolor,duscrm1,Dusky Crag Martin,
Ptyonoprogne fuligula_Rock Martin,Ptyonoprogne fuligula,rocmar5,Large Rock Martin,
Ptyonoprogne rupestris_Eurasian Crag-Martin,Ptyonoprogne rupestris,eurcrm1,Eurasian Crag Martin,
Pucrasia macrolopha_Koklass Pheasant,Pucrasia macrolopha,kokphe1,Koklass Pheasant,
Puffinus bailloni_Tropical Shearwater,Puffinus bailloni,troshe5,Tropical Shearwater,
Puffinus nativitatis_Christmas Shearwater,Puffinus nativitatis,chrshe,Christmas Shearwater,CHSH
Puffinus newelli_Newell's Shearwater,Puffinus newelli,towshe2,Newell's Shearwater,NESH
Puffinus puffinus_Manx Shearwater,Puffinus puffinus,manshe,Manx Shearwater,MASH
Pulsatrix koeniswaldiana_Tawny-browed Owl,Pulsatrix koeniswaldiana,tabowl1,Tawny-browed Owl,
Pulsatrix melanota_Band-bellied Owl,Pulsatrix melanota,babowl1,Band-bellied Owl,
Pulsatrix perspicillata_Spectacled Owl,Pulsatrix perspicillata,speowl1,Spectacled Owl,SPEO
Purnella albifrons_White-fronted Honeyeater,Purnella albifrons,whfhon1,White-fronted Honeyeater,
Purpureicephalus spurius_Red-capped Parrot,Purpureicephalus spurius,recpar1,Red-capped Parrot,
Pycnonotus aurigaster_Sooty-headed Bulbul,Pycnonotus aurigaster,sohbul1,Sooty-headed Bulbul,
Pycnonotus barbatus_Common Bulbul,Pycnonotus barbatus,combul2,Common Bulbul,
Pycnonotus brunneus_Red-eyed Bulbul,Pycnonotus brunneus,reebul1,Asian Red-eyed Bulbul,
Pycnonotus cafer_Red-vented Bulbul,Pycnonotus cafer,revbul,Red-vented Bulbul,RVBU
Pycnonotus capensis_Cape Bulbul,Pycnonotus capensis,capbul1,Cape Bulbul,
Pycnonotus conradi_Streak-eared Bulbul,Pycnonotus conradi,stebul2,Streak-eared Bulbul,
Pycnonotus finlaysoni_Stripe-throated Bulbul,Pycnonotus finlaysoni,sttbul3,Stripe-throated Bulbul,
Pycnonotus flavescens_Flavescent Bulbul,Pycnonotus flavescens,flabul1,Flavescent Bulbul,
Pycnonotus goiavier_Yellow-vented Bulbul,Pycnonotus goiavier,yevbul1,Yellow-vented Bulbul,
Pycnonotus jocosus_Red-whiskered Bulbul,Pycnonotus jocosus,rewbul,Red-whiskered Bulbul,RWBU
Pycnonotus leucogenys_Himalayan Bulbul,Pycnonotus leucogenys,whcbul2,Himalayan Bulbul,
Pycnonotus leucotis_White-eared Bulbul,Pycnonotus leucotis,whebul1,White-eared Bulbul,
Pycnonotus luteolus_White-browed Bulbul,Pycnonotus luteolus,whbbul2,White-browed Bulbul,
Pycnonotus nigricans_Black-fronted Bulbul,Pycnonotus nigricans,blfbul1,African Red-eyed Bulbul,
Pycnonotus plumosus_Olive-winged Bulbul,Pycnonotus plumosus,olwbul1,Olive-winged Bulbul,
Pycnonotus simplex_Cream-vented Bulbul,Pycnonotus simplex,crvbul1,Cream-vented Bulbul,
Pycnonotus sinensis_Light-vented Bulbul,Pycnonotus sinensis,livbul1,Light-vented Bulbul,
Pycnonotus striatus_Striated Bulbul,Pycnonotus striatus,,,
Pycnonotus taivanus_Styan's Bulbul,Pycnonotus taivanus,stybul1,Styan's Bulbul,
Pycnonotus xantholaemus_Yellow-throated Bulbul,Pycnonotus xantholaemus,yetbul1,Yellow-throated Bulbul,
Pycnonotus xanthopygos_White-spectacled Bulbul,Pycnonotus xanthopygos,whsbul1,White-spectacled Bulbul,
Pycnonotus xanthorrhous_Brown-breasted Bulbul,Pycnonotus xanthorrhous,brbbul1,Brown-breasted Bulbul,
Pycnonotus zeylanicus_Straw-headed Bulbul,Pycnonotus zeylanicus,sthbul1,Straw-headed Bulbul,
Pycnoptilus floccosus_Pilotbird,Pycnoptilus floccosus,pilotb1,Pilotbird,
Pygarrhichas albogularis_White-throated Treerunner,Pygarrhichas albogularis,whttre2,White-throated Treerunner,
Pygiptila stellaris_Spot-winged Antshrike,Pygiptila stellaris,spwant2,Spot-winged Antshrike,
Pygochelidon cyanoleuca_Blue-and-white Swallow,Pygochelidon cyanoleuca,bawswa1,Blue-and-white Swallow,BAWS
Pygoscelis adeliae_Adelie Penguin,Pygoscelis adeliae,adepen1,Adelie Penguin,
Pygoscelis antarcticus_Chinstrap Penguin,Pygoscelis antarcticus,chipen2,Chinstrap Penguin,
Pygoscelis papua_Gentoo Penguin,Pygoscelis papua,genpen1,Gentoo Penguin,
Pyriglena atra_Fringe-backed Fire-eye,Pyriglena atra,fbfeye1,Fringe-backed Fire-eye,
Pyriglena leuconota_East Amazonian Fire-eye,Pyriglena leuconota,eaafie1,East Amazonian Fire-eye,
Pyriglena leucoptera_White-shouldered Fire-eye,Pyriglena leucoptera,wsfeye1,White-shouldered Fire-eye,
Pyriglena maura_Western Fire-eye,Pyriglena maura,wesfie1,Western Fire-eye,
Pyrilia barrabandi_Orange-cheeked Parrot,Pyrilia barrabandi,orcpar2,Orange-cheeked Parrot,
Pyrilia caica_Caica Parrot,Pyrilia caica,caipar2,Caica Parrot,
Pyrilia haematotis_Brown-hooded Parrot,Pyrilia haematotis,brhpar1,Brown-hooded Parrot,BHOP
Pyrilia pulchra_Rose-faced Parrot,Pyrilia pulchra,rofpar2,Rose-faced Parrot,
Pyrilia pyrilia_Saffron-headed Parrot,Pyrilia pyrilia,sahpar1,Saffron-headed Parrot,SHPA
Pyrocephalus rubinus_Vermilion Flycatcher,Pyrocephalus rubinus,verfly,Vermilion Flycatcher,VEFL
Pyroderus scutatus_Red-ruffed Fruitcrow,Pyroderus scutatus,rerfru1,Red-ruffed Fruitcrow,
Pyrope pyrope_Fire-eyed Diucon,Pyrope pyrope,fiediu1,Fire-eyed Diucon,
Pyrrhocorax graculus_Yellow-billed Chough,Pyrrhocorax graculus,yebcho1,Alpine Chough,
Pyrrhocorax pyrrhocorax_Red-billed Chough,Pyrrhocorax pyrrhocorax,rebcho1,Red-billed Chough,
Pyrrholaemus brunneus_Redthroat,Pyrrholaemus brunneus,redthr1,Redthroat,
Pyrrholaemus sagittatus_Speckled Warbler,Pyrrholaemus sagittatus,spewar3,Speckled Warbler,
Pyrrhomyias cinnamomeus_Cinnamon Flycatcher,Pyrrhomyias cinnamomeus,cinfly2,Cinnamon Flycatcher,
Pyrrhula erythaca_Gray-headed Bullfinch,Pyrrhula erythaca,gyhbul2,Grey-headed Bullfinch,
Pyrrhula nipalensis_Brown Bullfinch,Pyrrhula nipalensis,brobul1,Brown Bullfinch,
Pyrrhula pyrrhula_Eurasian Bullfinch,Pyrrhula pyrrhula,eurbul,Eurasian Bullfinch,EUBU
Pyrrhura albipectus_White-necked Parakeet,Pyrrhura albipectus,whnpar1,White-breasted Parakeet,
Pyrrhura amazonum_Santarem Parakeet,Pyrrhura amazonum,sanpar2,Santarem Parakeet,
Pyrrhura calliptera_Brown-breasted Parakeet,Pyrrhura calliptera,brbpar2,Flame-winged Parakeet,
Pyrrhura cruentata_Ochre-marked Parakeet,Pyrrhura cruentata,bltpar2,Ochre-marked Parakeet,
Pyrrhura frontalis_Maroon-bellied Parakeet,Pyrrhura frontalis,mabpar,Maroon-bellied Parakeet,
Pyrrhura hoematotis_Red-eared Parakeet,Pyrrhura hoematotis,reepar1,Blood-eared Parakeet,
Pyrrhura hoffmanni_Sulphur-winged Parakeet,Pyrrhura hoffmanni,suwpar1,Sulphur-winged Parakeet,SWPA
Pyrrhura leucotis_Maroon-faced Parakeet,Pyrrhura leucotis,mafpar3,White-eared Parakeet,
Pyrrhura melanura_Maroon-tailed Parakeet,Pyrrhura melanura,matpar2,Maroon-tailed Parakeet,
Pyrrhura molinae_Green-cheeked Parakeet,Pyrrhura molinae,gncpar,Green-cheeked Parakeet,
Pyrrhura orcesi_El Oro Parakeet,Pyrrhura orcesi,elopar1,El Oro Parakeet,
Pyrrhura perlata_Crimson-bellied Parakeet,Pyrrhura perlata,crbpar1,Crimson-bellied Parakeet,
Pyrrhura picta_Painted Parakeet,Pyrrhura picta,paipar1,Painted Parakeet,PAIP
Pyrrhura rhodocephala_Rose-headed Parakeet,Pyrrhura rhodocephala,rohpar1,Rose-crowned Parakeet,
Pyrrhura roseifrons_Rose-fronted Parakeet,Pyrrhura roseifrons,rofpar3,Rose-fronted Parakeet,
Pyrrhura rupicola_Black-capped Parakeet,Pyrrhura rupicola,blcpar1,Black-capped Parakeet,
Pyrrhura viridicata_Santa Marta Parakeet,Pyrrhura viridicata,sampar1,Santa Marta Parakeet,
Pytilia melba_Green-winged Pytilia,Pytilia melba,grwpyt1,Green-winged Pytilia,
Quelea quelea_Red-billed Quelea,Quelea quelea,rebque1,Red-billed Quelea,
Querula purpurata_Purple-throated Fruitcrow,Querula purpurata,putfru1,Purple-throated Fruitcrow,PTFR
Quiscalus lugubris_Carib Grackle,Quiscalus lugubris,cargra1,Carib Grackle,CAGR
Quiscalus major_Boat-tailed Grackle,Quiscalus major,botgra,Boat-tailed Grackle,BTGR
Quiscalus mexicanus_Great-tailed Grackle,Quiscalus mexicanus,grtgra,Great-tailed Grackle,GTGR
Quiscalus nicaraguensis_Nicaraguan Grackle,Quiscalus nicaraguensis,nicgra1,Nicaraguan Grackle,NIGR
Quiscalus niger_Greater Antillean Grackle,Quiscalus niger,gragra1,Greater Antillean Grackle,GAGR
Quiscalus quiscula_Common Grackle,Quiscalus quiscula,comgra,Common Grackle,COGR
Radjah radjah_Radjah Shelduck,Radjah radjah,radshe1,Radjah Shelduck,
Rallina eurizonoides_Slaty-legged Crake,Rallina eurizonoides,sllcra1,Slaty-legged Crake,
Rallina fasciata_Red-legged Crake,Rallina fasciata,relcra1,Red-legged Crake,
Rallina tricolor_Red-necked Crake,Rallina tricolor,rencra1,Red-necked Crake,
Rallus antarcticus_Austral Rail,Rallus antarcticus,ausrai1,Austral Rail,
Rallus aquaticus_Water Rail,Rallus aquaticus,watrai1,Water Rail,WEWR
Rallus caerulescens_African Rail,Rallus caerulescens,afrrai1,African Rail,
Rallus crepitans_Clapper Rail,Rallus crepitans,clarai11,Clapper Rail,CLRA
Rallus elegans_King Rail,Rallus elegans,kinrai4,King Rail,KIRA
Rallus indicus_Brown-cheeked Rail,Rallus indicus,bncrai1,Brown-cheeked Rail,
Rallus limicola_Virginia Rail,Rallus limicola,virrai,Virginia Rail,VIRA
Rallus longirostris_Mangrove Rail,Rallus longirostris,manrai1,Mangrove Rail,MARA
Rallus obsoletus_Ridgway's Rail,Rallus obsoletus,ridrai1,Ridgway's Rail,RIRA
Rallus semiplumbeus_Bogota Rail,Rallus semiplumbeus,bograi1,Bogota Rail,
Rallus tenuirostris_Aztec Rail,Rallus tenuirostris,kinrai2,Aztec Rail,AZRA
Ramphastos ambiguus_Yellow-throated Toucan,Ramphastos ambiguus,bkmtou1,Yellow-throated Toucan,YTTO
Ramphastos brevis_Choco Toucan,Ramphastos brevis,chotou1,Choco Toucan,
Ramphastos dicolorus_Red-breasted Toucan,Ramphastos dicolorus,rebtou2,Red-breasted Toucan,
Ramphastos sulfuratus_Keel-billed Toucan,Ramphastos sulfuratus,kebtou1,Keel-billed Toucan,KBTO
Ramphastos toco_Toco Toucan,Ramphastos toco,toctou1,Toco Toucan,
Ramphastos tucanus_White-throated Toucan,Ramphastos tucanus,whttou1,White-throated Toucan,
Ramphastos vitellinus_Channel-billed Toucan,Ramphastos vitellinus,chbtou1,Channel-billed Toucan,
Ramphocaenus melanurus_Long-billed Gnatwren,Ramphocaenus melanurus,lobgna5,Trilling Gnatwren,LBGN
Ramphocaenus sticturus_Chattering Gnatwren,Ramphocaenus sticturus,lobgna4,Chattering Gnatwren,
Ramphocelus bresilius_Brazilian Tanager,Ramphocelus bresilius,,,
Ramphocelus carbo_Silver-beaked Tanager,Ramphocelus carbo,sibtan2,Silver-beaked Tanager,
Ramphocelus dimidiatus_Crimson-backed Tanager,Ramphocelus dimidiatus,crbtan1,Crimson-backed Tanager,CBTA
Ramphocelus flammigerus_Flame-rumped Tanager,Ramphocelus flammigerus,flrtan1,Flame-rumped Tanager,FRTA
Ramphocelus melanogaster_Black-bellied Tanager,Ramphocelus melanogaster,bkbtan1,Huallaga Tanager,
Ramphocelus nigrogularis_Masked Crimson Tanager,Ramphocelus nigrogularis,mactan1,Masked Crimson Tanager,
Ramphocelus passerinii_Scarlet-rumped Tanager,Ramphocelus passerinii,y00599,Scarlet-rumped Tanager,SCRT
Ramphocelus sanguinolentus_Crimson-collared Tanager,Ramphocelus sanguinolentus,crctan1,Crimson-collared Tanager,CCTA
Ramphodon naevius_Saw-billed Hermit,Ramphodon naevius,sabher1,Saw-billed Hermit,
Ramphomicron microrhynchum_Purple-backed Thornbill,Ramphomicron microrhynchum,pubtho1,Purple-backed Thornbill,
Ramphotrigon flammulatum_Flammulated Flycatcher,Ramphotrigon flammulatum,flafly1,Flammulated Flycatcher,FLFL
Ramphotrigon fuscicauda_Dusky-tailed Flatbill,Ramphotrigon fuscicauda,dutfla1,Dusky-tailed Flatbill,
Ramphotrigon megacephalum_Large-headed Flatbill,Ramphotrigon megacephalum,lahfla2,Large-headed Flatbill,
Ramphotrigon ruficauda_Rufous-tailed Flatbill,Ramphotrigon ruficauda,rutfla1,Rufous-tailed Flatbill,
Ramsayornis modestus_Brown-backed Honeyeater,Ramsayornis modestus,brbhon1,Brown-backed Honeyeater,
Rauenia bonariensis_Blue-and-yellow Tanager,Rauenia bonariensis,baytan3,Blue-and-yellow Tanager,
Recurvirostra americana_American Avocet,Recurvirostra americana,ameavo,American Avocet,AMAV
Recurvirostra andina_Andean Avocet,Recurvirostra andina,andavo1,Andean Avocet,
Recurvirostra avosetta_Pied Avocet,Recurvirostra avosetta,pieavo1,Pied Avocet,
Regulus goodfellowi_Flamecrest,Regulus goodfellowi,flamec1,Flamecrest,
Regulus ignicapilla_Common Firecrest,Regulus ignicapilla,firecr1,Common Firecrest,
Regulus madeirensis_Madeira Firecrest,Regulus madeirensis,firecr3,Madeira Firecrest,
Regulus regulus_Goldcrest,Regulus regulus,goldcr1,Goldcrest,
Regulus satrapa_Golden-crowned Kinglet,Regulus satrapa,gockin,Golden-crowned Kinglet,GCKI
Reinwardtipicus validus_Orange-backed Woodpecker,Reinwardtipicus validus,,,
Reinwardtoena reinwardti_Great Cuckoo-Dove,Reinwardtoena reinwardti,grcdov2,Great Cuckoo-Dove,
Remiz consobrinus_Chinese Penduline-Tit,Remiz consobrinus,chptit1,Chinese Penduline Tit,
Remiz coronatus_White-crowned Penduline-Tit,Remiz coronatus,wcptit1,White-crowned Penduline Tit,
Remiz pendulinus_Eurasian Penduline-Tit,Remiz pendulinus,euptit1,Eurasian Penduline Tit,
Rhabdotorrhinus corrugatus_Wrinkled Hornbill,Rhabdotorrhinus corrugatus,wrihor1,Wrinkled Hornbill,
Rhabdotorrhinus exarhatus_Sulawesi Hornbill,Rhabdotorrhinus exarhatus,sulhor1,Sulawesi Hornbill,
Rhaphidura leucopygialis_Silver-rumped Needletail,Rhaphidura leucopygialis,sirnee1,Silver-rumped Spinetail,
Rhea americana_Greater Rhea,Rhea americana,grerhe1,Greater Rhea,
Rhegmatorhina cristata_Chestnut-crested Antbird,Rhegmatorhina cristata,chcant1,Chestnut-crested Antbird,
Rhegmatorhina gymnops_Bare-eyed Antbird,Rhegmatorhina gymnops,baeant1,Bare-eyed Antbird,
Rhegmatorhina hoffmannsi_White-breasted Antbird,Rhegmatorhina hoffmannsi,whbant5,White-breasted Antbird,
Rhegmatorhina melanosticta_Hairy-crested Antbird,Rhegmatorhina melanosticta,hacant1,Hairy-crested Antbird,
Rhinocrypta lanceolata_Crested Gallito,Rhinocrypta lanceolata,cregal1,Crested Gallito,
Rhinopomastus cyanomelas_Common Scimitarbill,Rhinopomastus cyanomelas,cosbil1,Common Scimitarbill,
Rhinortha chlorophaea_Raffles's Malkoha,Rhinortha chlorophaea,rafmal1,Raffles's Malkoha,
Rhipidura albicollis_White-throated Fantail,Rhipidura albicollis,whtfan1,White-throated Fantail,
Rhipidura albiscapa_Gray Fantail,Rhipidura albiscapa,gryfan1,Grey Fantail,
Rhipidura albogularis_Spot-breasted Fantail,Rhipidura albogularis,spbfan1,White-spotted Fantail,
Rhipidura albolimbata_Friendly Fantail,Rhipidura albolimbata,frifan1,Friendly Fantail,
Rhipidura atra_Black Fantail,Rhipidura atra,blafan1,Black Fantail,
Rhipidura aureola_White-browed Fantail,Rhipidura aureola,whbfan2,White-browed Fantail,
Rhipidura brachyrhyncha_Dimorphic Fantail,Rhipidura brachyrhyncha,dimfan1,Dimorphic Fantail,
Rhipidura cyaniceps_Blue-headed Fantail,Rhipidura cyaniceps,blhfan1,Blue-headed Fantail,
Rhipidura dryas_Arafura Fantail,Rhipidura dryas,arafan1,Arafura Fantail,
Rhipidura fuliginosa_New Zealand Fantail,Rhipidura fuliginosa,nezfan1,New Zealand Fantail,
Rhipidura javanica_Malaysian Pied-Fantail,Rhipidura javanica,piefan1,Sunda Pied Fantail,
Rhipidura leucophrys_Willie-wagtail,Rhipidura leucophrys,wilwag1,Willie Wagtail,
Rhipidura leucothorax_White-bellied Thicket-Fantail,Rhipidura leucothorax,wbtfan1,White-bellied Thicket Fantail,
Rhipidura maculipectus_Black Thicket-Fantail,Rhipidura maculipectus,bltfan1,Black Thicket Fantail,
Rhipidura nigritorquis_Philippine Pied-Fantail,Rhipidura nigritorquis,phipif1,Philippine Pied Fantail,
Rhipidura perlata_Spotted Fantail,Rhipidura perlata,spofan1,Spotted Fantail,
Rhipidura rufifrons_Rufous Fantail,Rhipidura rufifrons,ruffan13,Australian Rufous Fantail,
Rhipidura rufiventris_Northern Fantail,Rhipidura rufiventris,norfan1,Northern Fantail,
Rhipidura teysmanni_Sulawesi Fantail,Rhipidura teysmanni,rubfan2,Sulawesi Fantail,
Rhipidura threnothorax_Sooty Thicket-Fantail,Rhipidura threnothorax,sotfan1,Sooty Thicket Fantail,
Rhipidura verreauxi_Streaked Fantail,Rhipidura verreauxi,strfan5,New Caledonian Streaked Fantail,
Rhodinocichla rosea_Rosy Thrush-Tanager,Rhodinocichla rosea,rottan2,Rosy Thrush-tanager,ROTT
Rhodophoneus cruentus_Rosy-patched Bushshrike,Rhodophoneus cruentus,ropbus1,Rosy-patched Bushshrike,
Rhodospingus cruentus_Crimson-breasted Finch,Rhodospingus cruentus,crbfin1,Crimson-breasted Finch,
Rhodospiza obsoleta_Desert Finch,Rhodospiza obsoleta,desfin2,Desert Finch,
Rhodostethia rosea_Ross's Gull,Rhodostethia rosea,rosgul,Ross's Gull,ROGU
Rhodothraupis celaeno_Crimson-collared Grosbeak,Rhodothraupis celaeno,,,
Rhopias gularis_Star-throated Antwren,Rhopias gularis,sttant1,Star-throated Antwren,
Rhopophilus pekinensis_Beijing Babbler,Rhopophilus pekinensis,beibab1,Beijing Babbler,
Rhopornis ardesiacus_Slender Antbird,Rhopornis ardesiacus,sleant1,Slender Antbird,
Rhopospina alaudina_Band-tailed Sierra Finch,Rhopospina alaudina,btsfin1,Band-tailed Sierra Finch,
Rhopospina caerulescens_Blue Finch,Rhopospina caerulescens,blufin1,Blue Finch,
Rhopospina fruticeti_Mourning Sierra Finch,Rhopospina fruticeti,mosfin1,Mourning Sierra Finch,
Rhynchocyclus brevirostris_Eye-ringed Flatbill,Rhynchocyclus brevirostris,eyrfla1,Eye-ringed Flatbill,ERFL
Rhynchocyclus olivaceus_Olivaceous Flatbill,Rhynchocyclus olivaceus,olifla3,Eastern Olivaceous Flatbill,OLIF
Rhynchophanes mccownii_Thick-billed Longspur,Rhynchophanes mccownii,mcclon,Thick-billed Longspur,TBLO
Rhynchopsitta pachyrhyncha_Thick-billed Parrot,Rhynchopsitta pachyrhyncha,thbpar,Thick-billed Parrot,TBPA
Rhynchopsitta terrisi_Maroon-fronted Parrot,Rhynchopsitta terrisi,mafpar1,Maroon-fronted Parrot,MFPA
Rhynchortyx cinctus_Tawny-faced Quail,Rhynchortyx cinctus,tafqua1,Tawny-faced Quail,TFQU
Rhynchospiza stolzmanni_Tumbes Sparrow,Rhynchospiza stolzmanni,tumspa1,Tumbes Sparrow,
Rhynchospiza strigiceps_Chaco Sparrow,Rhynchospiza strigiceps,stcspa3,Chaco Sparrow,
Rhynchotus rufescens_Red-winged Tinamou,Rhynchotus rufescens,rewtin1,Red-winged Tinamou,
Rhynochetos jubatus_Kagu,Rhynochetos jubatus,kagu1,Kagu,
Rhyticeros cassidix_Knobbed Hornbill,Rhyticeros cassidix,knohor1,Knobbed Hornbill,
Rhyticeros plicatus_Blyth's Hornbill,Rhyticeros plicatus,blyhor1,Blyth's Hornbill,
Rhyticeros undulatus_Wreathed Hornbill,Rhyticeros undulatus,wrehor1,Wreathed Hornbill,
Rhytipterna holerythra_Rufous Mourner,Rhytipterna holerythra,rufmou1,Rufous Mourner,RMOU
Rhytipterna immunda_Pale-bellied Mourner,Rhytipterna immunda,pabmou1,Pale-bellied Mourner,
Rhytipterna simplex_Grayish Mourner,Rhytipterna simplex,gramou1,Greyish Mourner,
Riparia chinensis_Gray-throated Martin,Riparia chinensis,gytmar1,Grey-throated Martin,
Riparia diluta_Pale Sand Martin,Riparia diluta,pasmar1,Pale Martin,
Riparia paludicola_Plain Martin,Riparia paludicola,plamar1,Brown-throated Martin,
Riparia riparia_Bank Swallow,Riparia riparia,banswa,Sand Martin,BANS
Rissa tridactyla_Black-legged Kittiwake,Rissa tridactyla,bklkit,Black-legged Kittiwake,BLKI
Rollulus rouloul_Crested Partridge,Rollulus rouloul,crepar1,Crested Partridge,
Roraimia adusta_Roraiman Barbtail,Roraimia adusta,rorbar1,Roraiman Barbtail,
Rostratula benghalensis_Greater Painted-Snipe,Rostratula benghalensis,grpsni1,Greater Painted-snipe,
Rostrhamus sociabilis_Snail Kite,Rostrhamus sociabilis,snakit,Snail Kite,SNKI
Rubigula erythropthalmos_Spectacled Bulbul,Rubigula erythropthalmos,spebul1,Spectacled Bulbul,
Rubigula flaviventris_Black-crested Bulbul,Rubigula flaviventris,blcbul2,Black-crested Bulbul,
Rubigula gularis_Flame-throated Bulbul,Rubigula gularis,bkcbul1,Flame-throated Bulbul,
Rupicola peruvianus_Andean Cock-of-the-rock,Rupicola peruvianus,andcot1,Andean Cock-of-the-rock,
Rupicola rupicola_Guianan Cock-of-the-rock,Rupicola rupicola,gcoroc1,Guianan Cock-of-the-rock,
Rupornis magnirostris_Roadside Hawk,Rupornis magnirostris,roahaw,Roadside Hawk,ROHA
Rynchops niger_Black Skimmer,Rynchops niger,blkski,Black Skimmer,BLSK
Sakesphorus canadensis_Black-crested Antshrike,Sakesphorus canadensis,blcant4,Black-crested Antshrike,
Sakesphorus cristatus_Silvery-cheeked Antshrike,Sakesphorus cristatus,,,
Sakesphorus luctuosus_Glossy Antshrike,Sakesphorus luctuosus,gloant1,Glossy Antshrike,
Salpinctes obsoletus_Rock Wren,Salpinctes obsoletus,rocwre,Rock Wren,ROWR
Salpornis salvadori_African Spotted Creeper,Salpornis salvadori,spocre2,African Spotted Creeper,
Saltator albicollis_Lesser Antillean Saltator,Saltator albicollis,leasal1,Lesser Antillean Saltator,LASA
Saltator atriceps_Black-headed Saltator,Saltator atriceps,blhsal1,Black-headed Saltator,BHSA
Saltator atripennis_Black-winged Saltator,Saltator atripennis,blwsal1,Black-winged Saltator,
Saltator aurantiirostris_Golden-billed Saltator,Saltator aurantiirostris,gobsal1,Golden-billed Saltator,
Saltator cinctus_Masked Saltator,Saltator cinctus,massal1,Masked Saltator,
Saltator coerulescens_Blue-gray Saltator,Saltator coerulescens,grasal3,Bluish-grey Saltator,
Saltator fuliginosus_Black-throated Grosbeak,Saltator fuliginosus,bltgro2,Black-throated Grosbeak,
Saltator grandis_Cinnamon-bellied Saltator,Saltator grandis,grasal2,Cinnamon-bellied Saltator,CIBS
Saltator grossus_Slate-colored Grosbeak,Saltator grossus,slcgro1,Slate-colored Grosbeak,SCOG
Saltator maxillosus_Thick-billed Saltator,Saltator maxillosus,thbsal1,Thick-billed Saltator,
Saltator maximus_Buff-throated Saltator,Saltator maximus,butsal1,Buff-throated Saltator,BTSA
Saltator nigriceps_Black-cowled Saltator,Saltator nigriceps,blcsal1,Black-cowled Saltator,
Saltator olivascens_Olivaceous Saltator,Saltator olivascens,grasal4,Olive-grey Saltator,
Saltator orenocensis_Orinocan Saltator,Saltator orenocensis,orisal1,Orinoco Saltator,
Saltator similis_Green-winged Saltator,Saltator similis,grwsal1,Green-winged Saltator,
Saltator striatipectus_Streaked Saltator,Saltator striatipectus,strsal1,Streaked Saltator,SSAL
Saltatricula atricollis_Black-throated Saltator,Saltatricula atricollis,bltsal1,Black-throated Saltator,
Saltatricula multicolor_Many-colored Chaco Finch,Saltatricula multicolor,mccfin1,Many-colored Chaco Finch,
Sapayoa aenigma_Sapayoa,Sapayoa aenigma,sapayo1,Sapayoa,SAPA
Sappho sparganurus_Red-tailed Comet,Sappho sparganurus,retcom1,Red-tailed Comet,
Sarcops calvus_Coleto,Sarcops calvus,coleto1,Coleto,
Sarothrura elegans_Buff-spotted Flufftail,Sarothrura elegans,busflu1,Buff-spotted Flufftail,
Sarothrura insularis_Madagascar Flufftail,Sarothrura insularis,madflu1,Madagascar Flufftail,
Sarothrura pulchra_White-spotted Flufftail,Sarothrura pulchra,whsflu1,White-spotted Flufftail,
Sarothrura rufa_Red-chested Flufftail,Sarothrura rufa,recflu1,Red-chested Flufftail,
Sasia abnormis_Rufous Piculet,Sasia abnormis,rufpic1,Rufous Piculet,
Sasia ochracea_White-browed Piculet,Sasia ochracea,whbpic3,White-browed Piculet,
Saucerottia beryllina_Berylline Hummingbird,Saucerottia beryllina,berhum,Berylline Hummingbird,BEHU
Saucerottia cyanocephala_Azure-crowned Hummingbird,Saucerottia cyanocephala,azchum1,Azure-crowned Hummingbird,AZCH
Saucerottia tobaci_Copper-rumped Hummingbird,Saucerottia tobaci,corhum1,Copper-rumped Hummingbird,
Saundersilarus saundersi_Saunders's Gull,Saundersilarus saundersi,saugul2,Saunders's Gull,
Saxicola caprata_Pied Bushchat,Saxicola caprata,piebus1,Pied Bush Chat,
Saxicola ferreus_Gray Bushchat,Saxicola ferreus,grybus1,Grey Bush Chat,
Saxicola maurus_Siberian Stonechat,Saxicola maurus,sibsto1,Siberian Stonechat,ASST
Saxicola rubetra_Whinchat,Saxicola rubetra,whinch1,Whinchat,
Saxicola rubicola_European Stonechat,Saxicola rubicola,stonec4,European Stonechat,
Saxicola stejnegeri_Amur Stonechat,Saxicola stejnegeri,,,
Saxicola torquatus_African Stonechat,Saxicola torquatus,afrsto1,African Stonechat,
Sayornis nigricans_Black Phoebe,Sayornis nigricans,blkpho,Black Phoebe,BLPH
Sayornis phoebe_Eastern Phoebe,Sayornis phoebe,easpho,Eastern Phoebe,EAPH
Sayornis saya_Say's Phoebe,Sayornis saya,saypho,Say's Phoebe,SAPH
Scaphiopus couchii_Couch's Spadefoot,Scaphiopus couchii,,,
Scelorchilus albicollis_White-throated Tapaculo,Scelorchilus albicollis,whttap1,White-throated Tapaculo,
Scelorchilus rubecula_Chucao Tapaculo,Scelorchilus rubecula,chutap1,Chucao Tapaculo,
Scenopoeetes dentirostris_Tooth-billed Bowerbird,Scenopoeetes dentirostris,tobcat2,Tooth-billed Bowerbird,
Schetba rufa_Rufous Vanga,Schetba rufa,rufvan1,Rufous Vanga,
Schiffornis aenea_Foothill Schiffornis,Schiffornis aenea,thlsch8,Foothill Schiffornis,
Schiffornis major_Varzea Schiffornis,Schiffornis major,varsch1,Varzea Schiffornis,
Schiffornis olivacea_Olivaceous Schiffornis,Schiffornis olivacea,thlsch7,Guianan Schiffornis,
Schiffornis stenorhyncha_Russet-winged Schiffornis,Schiffornis stenorhyncha,thlsch4,Russet-winged Schiffornis,RWSC
Schiffornis turdina_Brown-winged Schiffornis,Schiffornis turdina,thlsch3,Brown-winged Schiffornis,
Schiffornis veraepacis_Northern Schiffornis,Schiffornis veraepacis,thlsch2,Northern Schiffornis,NOSC
Schiffornis virescens_Greenish Schiffornis,Schiffornis virescens,gresch2,Greenish Schiffornis,
Schistes geoffroyi_Geoffroy's Daggerbill,Schistes geoffroyi,webhum1,Geoffroy's Daggerbill,
Schistochlamys melanopis_Black-faced Tanager,Schistochlamys melanopis,blftan1,Black-faced Tanager,
Schistochlamys ruficapillus_Cinnamon Tanager,Schistochlamys ruficapillus,cintan1,Cinnamon Tanager,
Schoenicola platyurus_Broad-tailed Grassbird,Schoenicola platyurus,brtgra2,Broad-tailed Grassbird,
Schoenicola striatus_Bristled Grassbird,Schoenicola striatus,brigra2,Bristled Grassbird,
Schoeniophylax phryganophilus_Chotoy Spinetail,Schoeniophylax phryganophilus,chospi2,Chotoy Spinetail,
Schoeniparus brunneus_Dusky Fulvetta,Schoeniparus brunneus,dusful1,Dusky Fulvetta,
Schoeniparus castaneceps_Rufous-winged Fulvetta,Schoeniparus castaneceps,ruwful1,Rufous-winged Fulvetta,
Schoeniparus cinereus_Yellow-throated Fulvetta,Schoeniparus cinereus,yetful1,Yellow-throated Fulvetta,
Schoeniparus dubius_Rusty-capped Fulvetta,Schoeniparus dubius,rucful1,Rusty-capped Fulvetta,
Schoeniparus rufogularis_Rufous-throated Fulvetta,Schoeniparus rufogularis,rutful1,Rufous-throated Fulvetta,
Sciaphylax castanea_Zimmer's Antbird,Sciaphylax castanea,zimant1,Northern Chestnut-tailed Antbird,
Sciaphylax hemimelaena_Chestnut-tailed Antbird,Sciaphylax hemimelaena,chtant2,Southern Chestnut-tailed Antbird,
Sciurus carolinensis_Eastern Gray Squirrel,Sciurus carolinensis,,,
Sclateria naevia_Silvered Antbird,Sclateria naevia,silant1,Silvered Antbird,
Scleroptila afra_Gray-winged Francolin,Scleroptila afra,gywfra1,Grey-winged Francolin,
Scleroptila gutturalis_Orange River Francolin,Scleroptila gutturalis,orrfra2,Orange River Francolin,
Scleroptila levaillantii_Red-winged Francolin,Scleroptila levaillantii,rewfra2,Red-winged Francolin,
Scleroptila shelleyi_Shelley's Francolin,Scleroptila shelleyi,shefra1,Shelley's Francolin,
Sclerurus albigularis_Gray-throated Leaftosser,Sclerurus albigularis,grtlea1,Grey-throated Leaftosser,GTLE
Sclerurus caudacutus_Black-tailed Leaftosser,Sclerurus caudacutus,bltlea1,Black-tailed Leaftosser,
Sclerurus guatemalensis_Scaly-throated Leaftosser,Sclerurus guatemalensis,sctlea1,Scaly-throated Leaftosser,STLE
Sclerurus mexicanus_Middle American Leaftosser,Sclerurus mexicanus,tatlea1,Tawny-throated Leaftosser,TTLE
Sclerurus obscurior_South American Leaftosser,Sclerurus obscurior,soalea1,Dusky Leaftosser,
Sclerurus rufigularis_Short-billed Leaftosser,Sclerurus rufigularis,shblea1,Short-billed Leaftosser,
Sclerurus scansor_Rufous-breasted Leaftosser,Sclerurus scansor,rublea1,Rufous-breasted Leaftosser,
Scolopax bukidnonensis_Bukidnon Woodcock,Scolopax bukidnonensis,bukwoo1,Bukidnon Woodcock,
Scolopax minor_American Woodcock,Scolopax minor,amewoo,American Woodcock,AMWO
Scolopax rusticola_Eurasian Woodcock,Scolopax rusticola,eurwoo,Eurasian Woodcock,EUWO
Scopus umbretta_Hamerkop,Scopus umbretta,hamerk1,Hamerkop,
Scotocerca inquieta_Scrub Warbler,Scotocerca inquieta,stswar1,Streaked Scrub Warbler,
Scudderia curvicauda_Curve-tailed Bush Katydid,Scudderia curvicauda,,,
Scudderia furcata_Fork-tailed Bush Katydid,Scudderia furcata,,,
Scudderia texensis_Texas Bush Katydid,Scudderia texensis,,,
Scytalopus acutirostris_Tschudi's Tapaculo,Scytalopus acutirostris,tsctap1,Tschudi's Tapaculo,
Scytalopus affinis_Ancash Tapaculo,Scytalopus affinis,anctap1,Ancash Tapaculo,
Scytalopus altirostris_Neblina Tapaculo,Scytalopus altirostris,nebtap1,Neblina Tapaculo,
Scytalopus alvarezlopezi_Tatama Tapaculo,Scytalopus alvarezlopezi,alptap1,Tatama Tapaculo,
Scytalopus androstictus_Loja Tapaculo,Scytalopus androstictus,partap4,Loja Tapaculo,
Scytalopus argentifrons_Silvery-fronted Tapaculo,Scytalopus argentifrons,siftap1,Silvery-fronted Tapaculo,SFTA
Scytalopus atratus_White-crowned Tapaculo,Scytalopus atratus,whctap1,White-crowned Tapaculo,
Scytalopus bolivianus_Bolivian Tapaculo,Scytalopus bolivianus,boltap1,Bolivian Tapaculo,
Scytalopus canus_Paramillo Tapaculo,Scytalopus canus,partap1,Paramillo Tapaculo,
Scytalopus caracae_Caracas Tapaculo,Scytalopus caracae,cartap1,Caracas Tapaculo,
Scytalopus chocoensis_Choco Tapaculo,Scytalopus chocoensis,chotap1,Choco Tapaculo,CHTA
Scytalopus diamantinensis_Diamantina Tapaculo,Scytalopus diamantinensis,diatap2,Diamantina Tapaculo,
Scytalopus femoralis_Rufous-vented Tapaculo,Scytalopus femoralis,ruvtap1,Rufous-vented Tapaculo,
Scytalopus frankeae_Jalca Tapaculo,Scytalopus frankeae,miltap1,Jalca Tapaculo,
Scytalopus fuscus_Dusky Tapaculo,Scytalopus fuscus,dustap1,Dusky Tapaculo,
Scytalopus griseicollis_Pale-bellied Tapaculo,Scytalopus griseicollis,mattap1,Pale-bellied Tapaculo,
Scytalopus intermedius_Utcubamba Tapaculo,Scytalopus intermedius,blatap2,Utcubamba Tapaculo,
Scytalopus iraiensis_Marsh Tapaculo,Scytalopus iraiensis,martap1,Marsh Tapaculo,
Scytalopus latebricola_Brown-rumped Tapaculo,Scytalopus latebricola,brrtap1,Brown-rumped Tapaculo,
Scytalopus latrans_Blackish Tapaculo,Scytalopus latrans,blatap1,Blackish Tapaculo,
Scytalopus macropus_Large-footed Tapaculo,Scytalopus macropus,laftap1,Large-footed Tapaculo,
Scytalopus magellanicus_Magellanic Tapaculo,Scytalopus magellanicus,magtap1,Magellanic Tapaculo,
Scytalopus meridanus_Merida Tapaculo,Scytalopus meridanus,mertap1,Merida Tapaculo,
Scytalopus micropterus_Long-tailed Tapaculo,Scytalopus micropterus,lottap1,Long-tailed Tapaculo,
Scytalopus novacapitalis_Brasilia Tapaculo,Scytalopus novacapitalis,bratap1,Brasilia Tapaculo,
Scytalopus opacus_Paramo Tapaculo,Scytalopus opacus,partap2,Paramo Tapaculo,
Scytalopus pachecoi_Planalto Tapaculo,Scytalopus pachecoi,platap1,Planalto Tapaculo,
Scytalopus parkeri_Chusquea Tapaculo,Scytalopus parkeri,chutap2,Chusquea Tapaculo,
Scytalopus parvirostris_Trilling Tapaculo,Scytalopus parvirostris,tritap1,Trilling Tapaculo,
Scytalopus perijanus_Perija Tapaculo,Scytalopus perijanus,pertap1,Perija Tapaculo,
Scytalopus petrophilus_Rock Tapaculo,Scytalopus petrophilus,roctap1,Rock Tapaculo,
Scytalopus robbinsi_Ecuadorian Tapaculo,Scytalopus robbinsi,ecutap1,El Oro Tapaculo,
Scytalopus rodriguezi_Magdalena Tapaculo,Scytalopus rodriguezi,upmtap1,Magdalena Tapaculo,
Scytalopus sanctaemartae_Santa Marta Tapaculo,Scytalopus sanctaemartae,samtap1,Santa Marta Tapaculo,
Scytalopus schulenbergi_Diademed Tapaculo,Scytalopus schulenbergi,diatap1,Diademed Tapaculo,
Scytalopus simonsi_Puna Tapaculo,Scytalopus simonsi,puntap1,Puna Tapaculo,
Scytalopus speluncae_Mouse-colored Tapaculo,Scytalopus speluncae,moctap1,Mouse-colored Tapaculo,
Scytalopus spillmanni_Spillmann's Tapaculo,Scytalopus spillmanni,spitap2,Spillmann's Tapaculo,
Scytalopus stilesi_Stiles's Tapaculo,Scytalopus stilesi,stitap1,Stiles's Tapaculo,
Scytalopus superciliaris_White-browed Tapaculo,Scytalopus superciliaris,whbtap2,White-browed Tapaculo,
Scytalopus unicolor_Unicolored Tapaculo,Scytalopus unicolor,unitap1,Unicolored Tapaculo,
Scytalopus urubambae_Vilcabamba Tapaculo,Scytalopus urubambae,viltap1,Vilcabamba Tapaculo,
Scytalopus vicinior_Nariño Tapaculo,Scytalopus vicinior,nartap2,Narino Tapaculo,
Scytalopus zimmeri_Zimmer's Tapaculo,Scytalopus zimmeri,zimtap1,Zimmer's Tapaculo,
Scythrops novaehollandiae_Channel-billed Cuckoo,Scythrops novaehollandiae,chbcuc2,Channel-billed Cuckoo,
Seiurus aurocapilla_Ovenbird,Seiurus aurocapilla,ovenbi1,Ovenbird,OVEN
Selasphorus calliope_Calliope Hummingbird,Selasphorus calliope,calhum,Calliope Hummingbird,CAHU
Selasphorus ellioti_Wine-throated Hummingbird,Selasphorus ellioti,withum1,Wine-throated Hummingbird,WTHH
Selasphorus heloisa_Bumblebee Hummingbird,Selasphorus heloisa,bumhum,Bumblebee Hummingbird,BUHU
Selasphorus platycercus_Broad-tailed Hummingbird,Selasphorus platycercus,brthum,Broad-tailed Hummingbird,BTHU
Selasphorus rufus_Rufous Hummingbird,Selasphorus rufus,rufhum,Rufous Hummingbird,RUHU
Selasphorus sasin_Allen's Hummingbird,Selasphorus sasin,allhum,Allen's Hummingbird,ALHU
Selenidera gouldii_Gould's Toucanet,Selenidera gouldii,goutou1,Gould's Toucanet,
Selenidera maculirostris_Spot-billed Toucanet,Selenidera maculirostris,spbtou1,Spot-billed Toucanet,
Selenidera piperivora_Guianan Toucanet,Selenidera piperivora,guitou1,Guianan Toucanet,
Selenidera reinwardtii_Golden-collared Toucanet,Selenidera reinwardtii,goctou1,Golden-collared Toucanet,
Selenidera spectabilis_Yellow-eared Toucanet,Selenidera spectabilis,yeetou1,Yellow-eared Toucanet,YETO
Seleucidis melanoleucus_Twelve-wired Bird-of-Paradise,Seleucidis melanoleucus,twwbop1,Twelve-wired Bird-of-paradise,
Semioptera wallacii_Standardwing Bird-of-Paradise,Semioptera wallacii,walsta2,Standardwing,
Semnornis frantzii_Prong-billed Barbet,Semnornis frantzii,prbbar1,Prong-billed Barbet,PBBA
Semnornis ramphastinus_Toucan Barbet,Semnornis ramphastinus,toubar1,Toucan Barbet,
Sephanoides sephaniodes_Green-backed Firecrown,Sephanoides sephaniodes,grbfir1,Green-backed Firecrown,
Sericornis citreogularis_Yellow-throated Scrubwren,Sericornis citreogularis,,,
Sericornis frontalis_White-browed Scrubwren,Sericornis frontalis,whbscr1,White-browed Scrubwren,
Sericornis humilis_Tasmanian Scrubwren,Sericornis humilis,tasscr1,Tasmanian Scrubwren,
Sericornis magnirostra_Large-billed Scrubwren,Sericornis magnirostra,labscr2,Large-billed Scrubwren,
Sericornis papuensis_Papuan Scrubwren,Sericornis papuensis,,,
Sericossypha albocristata_White-capped Tanager,Sericossypha albocristata,whctan1,White-capped Tanager,
Serilophus lunatus_Silver-breasted Broadbill,Serilophus lunatus,sibbro3,Silver-breasted Broadbill,
Serinus alario_Black-headed Canary,Serinus alario,bkhcan2,Black-headed Canary,
Serinus canaria_Island Canary,Serinus canaria,comcan,Atlantic Canary,ISCA
Serinus canicollis_Cape Canary,Serinus canicollis,capcan1,Cape Canary,
Serinus flavivertex_Yellow-crowned Canary,Serinus flavivertex,yeccan1,Yellow-crowned Canary,
Serinus pusillus_Fire-fronted Serin,Serinus pusillus,fifser1,Red-fronted Serin,
Serinus serinus_European Serin,Serinus serinus,eurser1,European Serin,
Serpophaga cinerea_Torrent Tyrannulet,Serpophaga cinerea,tortyr1,Torrent Tyrannulet,TOTY
Serpophaga griseicapilla_Straneck's Tyrannulet,Serpophaga griseicapilla,gyctyr2,Straneck's Tyrannulet,
Serpophaga hypoleuca_River Tyrannulet,Serpophaga hypoleuca,rivtyr1,River Tyrannulet,
Serpophaga munda_White-bellied Tyrannulet,Serpophaga munda,,,
Serpophaga nigricans_Sooty Tyrannulet,Serpophaga nigricans,sootyr1,Sooty Tyrannulet,
Serpophaga subcristata_White-crested Tyrannulet,Serpophaga subcristata,y01036,White-crested Tyrannulet,
Setopagis parvula_Little Nightjar,Setopagis parvula,litnig1,Little Nightjar,
Setophaga adelaidae_Adelaide's Warbler,Setophaga adelaidae,adewar1,Adelaide's Warbler,ADWA
Setophaga americana_Northern Parula,Setophaga americana,norpar,Northern Parula,NOPA
Setophaga caerulescens_Black-throated Blue Warbler,Setophaga caerulescens,btbwar,Black-throated Blue Warbler,BTBW
Setophaga castanea_Bay-breasted Warbler,Setophaga castanea,babwar,Bay-breasted Warbler,BBWA
Setophaga cerulea_Cerulean Warbler,Setophaga cerulea,cerwar,Cerulean Warbler,CERW
Setophaga chrysoparia_Golden-cheeked Warbler,Setophaga chrysoparia,gchwar,Golden-cheeked Warbler,GCWA
Setophaga citrina_Hooded Warbler,Setophaga citrina,hoowar,Hooded Warbler,HOWA
Setophaga coronata_Yellow-rumped Warbler,Setophaga coronata,yerwar,Yellow-rumped Warbler,YRWA
Setophaga discolor_Prairie Warbler,Setophaga discolor,prawar,Prairie Warbler,PRAW
Setophaga dominica_Yellow-throated Warbler,Setophaga dominica,yetwar,Yellow-throated Warbler,YTWA
Setophaga fusca_Blackburnian Warbler,Setophaga fusca,bkbwar,Blackburnian Warbler,BLBW
Setophaga graciae_Grace's Warbler,Setophaga graciae,grawar,Grace's Warbler,GRWA
Setophaga kirtlandii_Kirtland's Warbler,Setophaga kirtlandii,kirwar,Kirtland's Warbler,KIWA
Setophaga magnolia_Magnolia Warbler,Setophaga magnolia,magwar,Magnolia Warbler,MAWA
Setophaga nigrescens_Black-throated Gray Warbler,Setophaga nigrescens,btywar,Black-throated Grey Warbler,BTYW
Setophaga occidentalis_Hermit Warbler,Setophaga occidentalis,herwar,Hermit Warbler,HEWA
Setophaga palmarum_Palm Warbler,Setophaga palmarum,palwar,Palm Warbler,PAWA
Setophaga pensylvanica_Chestnut-sided Warbler,Setophaga pensylvanica,chswar,Chestnut-sided Warbler,CSWA
Setophaga petechia_Yellow Warbler,Setophaga petechia,yelwar,Mangrove Warbler,YEWA
Setophaga pinus_Pine Warbler,Setophaga pinus,pinwar,Pine Warbler,PIWA
Setophaga pitiayumi_Tropical Parula,Setophaga pitiayumi,tropar,Tropical Parula,TRPA
Setophaga pityophila_Olive-capped Warbler,Setophaga pityophila,olcwar1,Olive-capped Warbler,OCAW
Setophaga ruticilla_American Redstart,Setophaga ruticilla,amered,American Redstart,AMRE
Setophaga striata_Blackpoll Warbler,Setophaga striata,bkpwar,Blackpoll Warbler,BLPW
Setophaga tigrina_Cape May Warbler,Setophaga tigrina,camwar,Cape May Warbler,CMWA
Setophaga townsendi_Townsend's Warbler,Setophaga townsendi,towwar,Townsend's Warbler,TOWA
Setophaga virens_Black-throated Green Warbler,Setophaga virens,btnwar,Black-throated Green Warbler,BTNW
Sheppardia gunningi_East Coast Akalat,Sheppardia gunningi,eacaka1,East Coast Akalat,
Sheppardia sharpei_Sharpe's Akalat,Sheppardia sharpei,shaaka1,Sharpe's Akalat,
Sholicola albiventris_White-bellied Sholakili,Sholicola albiventris,whbsho3,White-bellied Blue Robin,
Sholicola major_Nilgiri Sholakili,Sholicola major,whbsho1,Nilgiri Blue Robin,
Sialia currucoides_Mountain Bluebird,Sialia currucoides,moublu,Mountain Bluebird,MOBL
Sialia mexicana_Western Bluebird,Sialia mexicana,wesblu,Western Bluebird,WEBL
Sialia sialis_Eastern Bluebird,Sialia sialis,easblu,Eastern Bluebird,EABL
Sicalis auriventris_Greater Yellow-Finch,Sicalis auriventris,gryfin2,Greater Yellow Finch,
Sicalis citrina_Stripe-tailed Yellow-Finch,Sicalis citrina,styfin1,Stripe-tailed Yellow Finch,
Sicalis flaveola_Saffron Finch,Sicalis flaveola,saffin,Saffron Finch,SAFI
Sicalis lebruni_Patagonian Yellow-Finch,Sicalis lebruni,payfin1,Patagonian Yellow Finch,
Sicalis luteocephala_Citron-headed Yellow-Finch,Sicalis luteocephala,chyfin1,Citron-headed Yellow Finch,
Sicalis luteola_Grassland Yellow-Finch,Sicalis luteola,gryfin1,Grassland Yellow Finch,GRYF
Sicalis olivascens_Greenish Yellow-Finch,Sicalis olivascens,gryfin3,Greenish Yellow Finch,
Sicalis uropygialis_Bright-rumped Yellow-Finch,Sicalis uropygialis,bryfin1,Bright-rumped Yellow Finch,
Sinosuthora webbiana_Vinous-throated Parrotbill,Sinosuthora webbiana,,,
Siphonorhis brewsteri_Least Pauraque,Siphonorhis brewsteri,leapau1,Least Poorwill,LEPA
Sipia berlepschi_Stub-tailed Antbird,Sipia berlepschi,sttant3,Stub-tailed Antbird,
Sipia laemosticta_Dull-mantled Antbird,Sipia laemosticta,dumant1,Dull-mantled Antbird,DMAN
Sipia nigricauda_Esmeraldas Antbird,Sipia nigricauda,esmant1,Esmeraldas Antbird,
Sipia palliata_Magdalena Antbird,Sipia palliata,dumant3,Magdalena Antbird,
Siren_Siren,Siren,,,
Sirystes albocinereus_White-rumped Sirystes,Sirystes albocinereus,whrsir1,White-rumped Sirystes,
Sirystes albogriseus_Choco Sirystes,Sirystes albogriseus,siryst3,Choco Sirystes,CHSI
Sirystes sibilator_Sibilant Sirystes,Sirystes sibilator,sibsir1,Sibilant Sirystes,
Sitta canadensis_Red-breasted Nuthatch,Sitta canadensis,rebnut,Red-breasted Nuthatch,RBNU
Sitta carolinensis_White-breasted Nuthatch,Sitta carolinensis,whbnut,White-breasted Nuthatch,WBNU
Sitta cinnamoventris_Chestnut-bellied Nuthatch,Sitta cinnamoventris,chbnut3,Chestnut-bellied Nuthatch,
Sitta europaea_Eurasian Nuthatch,Sitta europaea,eurnut2,Eurasian Nuthatch,
Sitta frontalis_Velvet-fronted Nuthatch,Sitta frontalis,vefnut1,Velvet-fronted Nuthatch,
Sitta himalayensis_White-tailed Nuthatch,Sitta himalayensis,whtnut1,White-tailed Nuthatch,
Sitta krueperi_Krüper's Nuthatch,Sitta krueperi,krunut1,Krüper's Nuthatch,
Sitta magna_Giant Nuthatch,Sitta magna,gianut1,Giant Nuthatch,
Sitta nagaensis_Chestnut-vented Nuthatch,Sitta nagaensis,chvnut1,Chestnut-vented Nuthatch,
Sitta neumayer_Western Rock Nuthatch,Sitta neumayer,rocnut1,Western Rock Nuthatch,
Sitta pusilla_Brown-headed Nuthatch,Sitta pusilla,bnhnut,Brown-headed Nuthatch,BHNU
Sitta pygmaea_Pygmy Nuthatch,Sitta pygmaea,pygnut,Pygmy Nuthatch,PYNU
Sitta tephronota_Eastern Rock Nuthatch,Sitta tephronota,pernut1,Eastern Rock Nuthatch,
Sitta villosa_Snowy-browed Nuthatch,Sitta villosa,snbnut1,Chinese Nuthatch,
Sitta whiteheadi_Corsican Nuthatch,Sitta whiteheadi,cornut1,Corsican Nuthatch,
Sitta yunnanensis_Yunnan Nuthatch,Sitta yunnanensis,yunnut1,Yunnan Nuthatch,
Sittasomus griseicapillus_Olivaceous Woodcreeper,Sittasomus griseicapillus,oliwoo1,Olivaceous Woodcreeper,OLWO
Sittiparus castaneoventris_Chestnut-bellied Tit,Sittiparus castaneoventris,vartit3,Chestnut-bellied Tit,
Sittiparus owstoni_Owston's Tit,Sittiparus owstoni,vartit4,Owston's Tit,
Sittiparus varius_Varied Tit,Sittiparus varius,vartit1,Varied Tit,
Smicrornis brevirostris_Weebill,Smicrornis brevirostris,weebil1,Weebill,
Smithornis capensis_African Broadbill,Smithornis capensis,afrbro1,African Broadbill,
Smithornis rufolateralis_Rufous-sided Broadbill,Smithornis rufolateralis,rusbro1,Rufous-sided Broadbill,
Snowornis subalaris_Gray-tailed Piha,Snowornis subalaris,gytpih1,Grey-tailed Piha,
Somateria mollissima_Common Eider,Somateria mollissima,comeid,Common Eider,COEI
Somateria spectabilis_King Eider,Somateria spectabilis,kineid,King Eider,KIEI
Spartonoica maluroides_Bay-capped Wren-Spinetail,Spartonoica maluroides,bcwspi1,Bay-capped Wren-Spinetail,
Spatula clypeata_Northern Shoveler,Spatula clypeata,norsho,Northern Shoveler,NSHO
Spatula cyanoptera_Cinnamon Teal,Spatula cyanoptera,cintea,Cinnamon Teal,CITE
Spatula discors_Blue-winged Teal,Spatula discors,buwtea,Blue-winged Teal,BWTE
Spatula platalea_Red Shoveler,Spatula platalea,redsho1,Red Shoveler,
Spatula puna_Puna Teal,Spatula puna,puntea1,Puna Teal,
Spatula querquedula_Garganey,Spatula querquedula,gargan,Garganey,GARG
Spea bombifrons_Plains Spadefoot,Spea bombifrons,,,
Spelaeornis caudatus_Rufous-throated Wren-Babbler,Spelaeornis caudatus,rtwbab1,Rufous-throated Wren-Babbler,
Spelaeornis oatesi_Chin Hills Wren-Babbler,Spelaeornis oatesi,chhwrb1,Chin Hills Wren-Babbler,
Spelaeornis troglodytoides_Bar-winged Wren-Babbler,Spelaeornis troglodytoides,bwwbab1,Bar-winged Wren-Babbler,
Spermestes cucullata_Bronze Mannikin,Spermestes cucullata,broman1,Bronze Mannikin,BRMA
Spermophaga haematina_Western Bluebill,Spermophaga haematina,wesblu1,Western Bluebill,
Sphecotheres vieilloti_Australasian Figbird,Sphecotheres vieilloti,ausfig1,Australasian Figbird,
Spheniscus demersus_African Penguin,Spheniscus demersus,jacpen1,African Penguin,
Spheniscus magellanicus_Magellanic Penguin,Spheniscus magellanicus,magpen1,Magellanic Penguin,
Sphenoeacus afer_Cape Grassbird,Sphenoeacus afer,capgra1,Cape Grassbird,
Sphenopsis frontalis_Oleaginous Hemispingus,Sphenopsis frontalis,olehem1,Oleaginous Hemispingus,
Sphenopsis melanotis_Black-eared Hemispingus,Sphenopsis melanotis,blehem1,Black-eared Hemispingus,
Sphyrapicus nuchalis_Red-naped Sapsucker,Sphyrapicus nuchalis,rensap,Red-naped Sapsucker,RNSA
Sphyrapicus ruber_Red-breasted Sapsucker,Sphyrapicus ruber,rebsap,Red-breasted Sapsucker,RBSA
Sphyrapicus thyroideus_Williamson's Sapsucker,Sphyrapicus thyroideus,wilsap,Williamson's Sapsucker,WISA
Sphyrapicus varius_Yellow-bellied Sapsucker,Sphyrapicus varius,yebsap,Yellow-bellied Sapsucker,YBSA
Spiloptila clamans_Cricket Longtail,Spiloptila clamans,crilon1,Cricket Warbler,
Spilornis cheela_Crested Serpent-Eagle,Spilornis cheela,crseag1,Crested Serpent Eagle,
Spilornis holospilus_Philippine Serpent-Eagle,Spilornis holospilus,phseag1,Philippine Serpent Eagle,
Spindalis zena_Western Spindalis,Spindalis zena,wesspi,Western Spindalis,WESP
Spinus atratus_Black Siskin,Spinus atratus,blasis1,Black Siskin,
Spinus barbatus_Black-chinned Siskin,Spinus barbatus,blcsis2,Black-chinned Siskin,
Spinus crassirostris_Thick-billed Siskin,Spinus crassirostris,thbsis1,Thick-billed Siskin,
Spinus cucullatus_Red Siskin,Spinus cucullatus,redsis1,Red Siskin,RESI
Spinus lawrencei_Lawrence's Goldfinch,Spinus lawrencei,lawgol,Lawrence's Goldfinch,LAGO
Spinus magellanicus_Hooded Siskin,Spinus magellanicus,hoosis1,Hooded Siskin,
Spinus notatus_Black-headed Siskin,Spinus notatus,blhsis1,Black-headed Siskin,BHSI
Spinus olivaceus_Olivaceous Siskin,Spinus olivaceus,olisis1,Olivaceous Siskin,
Spinus pinus_Pine Siskin,Spinus pinus,pinsis,Pine Siskin,PISI
Spinus psaltria_Lesser Goldfinch,Spinus psaltria,lesgol,Lesser Goldfinch,LEGO
Spinus spinescens_Andean Siskin,Spinus spinescens,andsis1,Andean Siskin,
Spinus spinus_Eurasian Siskin,Spinus spinus,eursis,Eurasian Siskin,EUSI
Spinus tristis_American Goldfinch,Spinus tristis,amegfi,American Goldfinch,AGOL
Spinus xanthogastrus_Yellow-bellied Siskin,Spinus xanthogastrus,yebsis1,Yellow-bellied Siskin,YBSI
Spiza americana_Dickcissel,Spiza americana,dickci,Dickcissel,DICK
Spizaetus isidori_Black-and-chestnut Eagle,Spizaetus isidori,baceag2,Black-and-chestnut Eagle,
Spizaetus melanoleucus_Black-and-white Hawk-Eagle,Spizaetus melanoleucus,bawhae1,Black-and-white Hawk-Eagle,BAWH
Spizaetus ornatus_Ornate Hawk-Eagle,Spizaetus ornatus,orheag1,Ornate Hawk-Eagle,ORHE
Spizaetus tyrannus_Black Hawk-Eagle,Spizaetus tyrannus,blheag1,Black Hawk-Eagle,BLHE
Spizella atrogularis_Black-chinned Sparrow,Spizella atrogularis,bkcspa,Black-chinned Sparrow,BCSP
Spizella breweri_Brewer's Sparrow,Spizella breweri,brespa,Brewer's Sparrow,BRSP
Spizella pallida_Clay-colored Sparrow,Spizella pallida,clcspa,Clay-colored Sparrow,CCSP
Spizella passerina_Chipping Sparrow,Spizella passerina,chispa,Chipping Sparrow,CHSP
Spizella pusilla_Field Sparrow,Spizella pusilla,fiespa,Field Sparrow,FISP
Spizella wortheni_Worthen's Sparrow,Spizella wortheni,worspa,Worthen's Sparrow,WOSP
Spizelloides arborea_American Tree Sparrow,Spizelloides arborea,amtspa,American Tree Sparrow,ATSP
Spiziapteryx circumcincta_Spot-winged Falconet,Spiziapteryx circumcincta,spwfal2,Spot-winged Falconet,
Spizixos canifrons_Crested Finchbill,Spizixos canifrons,crefin1,Crested Finchbill,
Spizixos semitorques_Collared Finchbill,Spizixos semitorques,colfin1,Collared Finchbill,
Spodiopsar cineraceus_White-cheeked Starling,Spodiopsar cineraceus,whcsta1,White-cheeked Starling,
Spodiopsar sericeus_Red-billed Starling,Spodiopsar sericeus,rebsta1,Red-billed Starling,
Spodiornis rusticus_Slaty Finch,Spodiornis rusticus,,,
Sporathraupis cyanocephala_Blue-capped Tanager,Sporathraupis cyanocephala,blctan2,Blue-capped Tanager,
Sporophila albogularis_White-throated Seedeater,Sporophila albogularis,whtsee1,White-throated Seedeater,
Sporophila angolensis_Chestnut-bellied Seed-Finch,Sporophila angolensis,cbsfin,Chestnut-bellied Seed Finch,
Sporophila atrirostris_Black-billed Seed-Finch,Sporophila atrirostris,bbsfin1,Black-billed Seed Finch,
Sporophila bouvreuil_Copper Seedeater,Sporophila bouvreuil,capsee1,Copper Seedeater,
Sporophila bouvronides_Lesson's Seedeater,Sporophila bouvronides,lessee2,Lesson's Seedeater,LESE
Sporophila caerulescens_Double-collared Seedeater,Sporophila caerulescens,docsee1,Double-collared Seedeater,
Sporophila castaneiventris_Chestnut-bellied Seedeater,Sporophila castaneiventris,chbsee1,Chestnut-bellied Seedeater,
Sporophila cinnamomea_Chestnut Seedeater,Sporophila cinnamomea,chesee1,Chestnut Seedeater,
Sporophila collaris_Rusty-collared Seedeater,Sporophila collaris,rucsee1,Rusty-collared Seedeater,
Sporophila corvina_Variable Seedeater,Sporophila corvina,varsee3,Variable Seedeater,VASE
Sporophila crassirostris_Large-billed Seed-Finch,Sporophila crassirostris,lbsfin1,Large-billed Seed Finch,LBSF
Sporophila falcirostris_Temminck's Seedeater,Sporophila falcirostris,temsee1,Temminck's Seedeater,
Sporophila fringilloides_White-naped Seedeater,Sporophila fringilloides,whnsee1,White-naped Seedeater,
Sporophila frontalis_Buffy-fronted Seedeater,Sporophila frontalis,bufsee1,Buffy-fronted Seedeater,
Sporophila funerea_Thick-billed Seed-Finch,Sporophila funerea,tbsfin1,Thick-billed Seed Finch,TBSF
Sporophila hypochroma_Rufous-rumped Seedeater,Sporophila hypochroma,rursee1,Rufous-rumped Seedeater,
Sporophila hypoxantha_Tawny-bellied Seedeater,Sporophila hypoxantha,tabsee1,Tawny-bellied Seedeater,
Sporophila intermedia_Gray Seedeater,Sporophila intermedia,grysee1,Grey Seedeater,
Sporophila leucoptera_White-bellied Seedeater,Sporophila leucoptera,whbsee1,White-bellied Seedeater,
Sporophila lineola_Lined Seedeater,Sporophila lineola,linsee1,Lined Seedeater,LISE
Sporophila luctuosa_Black-and-white Seedeater,Sporophila luctuosa,bawsee1,Black-and-white Seedeater,
Sporophila minuta_Ruddy-breasted Seedeater,Sporophila minuta,rubsee1,Ruddy-breasted Seedeater,RBSE
Sporophila morelleti_Morelet's Seedeater,Sporophila morelleti,whcsee1,Morelet's Seedeater,MOSE
Sporophila murallae_Caqueta Seedeater,Sporophila murallae,,,
Sporophila nigricollis_Yellow-bellied Seedeater,Sporophila nigricollis,yebsee1,Yellow-bellied Seedeater,YBSE
Sporophila nuttingi_Nicaraguan Seed-Finch,Sporophila nuttingi,nisfin1,Nicaraguan Seed Finch,NISF
Sporophila palustris_Marsh Seedeater,Sporophila palustris,marsee1,Marsh Seedeater,
Sporophila peruviana_Parrot-billed Seedeater,Sporophila peruviana,pabsee1,Parrot-billed Seedeater,
Sporophila pileata_Pearly-bellied Seedeater,Sporophila pileata,pebsee1,Pearly-bellied Seedeater,
Sporophila plumbea_Plumbeous Seedeater,Sporophila plumbea,plusee1,Plumbeous Seedeater,
Sporophila ruficollis_Dark-throated Seedeater,Sporophila ruficollis,datsee1,Dark-throated Seedeater,
Sporophila schistacea_Slate-colored Seedeater,Sporophila schistacea,slcsee1,Slate-colored Seedeater,SCSE
Sporophila simplex_Drab Seedeater,Sporophila simplex,drasee1,Drab Seedeater,
Sporophila telasco_Chestnut-throated Seedeater,Sporophila telasco,chtsee1,Chestnut-throated Seedeater,
Sporophila torqueola_Cinnamon-rumped Seedeater,Sporophila torqueola,whcsee2,Cinnamon-rumped Seedeater,CRSE
Sporopipes frontalis_Speckle-fronted Weaver,Sporopipes frontalis,spfwea1,Speckle-fronted Weaver,
Sporopipes squamifrons_Scaly Weaver,Sporopipes squamifrons,scawea1,Scaly-feathered Weaver,
Stachyris maculata_Chestnut-rumped Babbler,Stachyris maculata,chrbab1,Chestnut-rumped Babbler,
Stachyris nigriceps_Gray-throated Babbler,Stachyris nigriceps,gytbab1,Grey-throated Babbler,
Stachyris nigricollis_Black-throated Babbler,Stachyris nigricollis,bltbab1,Black-throated Babbler,
Stachyris poliocephala_Gray-headed Babbler,Stachyris poliocephala,gyhbab1,Grey-headed Babbler,
Stachyris strialata_Spot-necked Babbler,Stachyris strialata,spnbab1,Spot-necked Babbler,
Stachyris thoracica_White-bibbed Babbler,Stachyris thoracica,whbbab1,White-bibbed Babbler,
Stactolaema leucotis_White-eared Barbet,Stactolaema leucotis,whebar1,White-eared Barbet,
Stactolaema olivacea_Green Barbet,Stactolaema olivacea,,,
Stagonopleura bella_Beautiful Firetail,Stagonopleura bella,beafir1,Beautiful Firetail,
Staphida torqueola_Indochinese Yuhina,Staphida torqueola,indyuh1,Indochinese Yuhina,
Steatornis caripensis_Oilbird,Steatornis caripensis,oilbir1,Oilbird,OILB
Stelgidillas gracilirostris_Slender-billed Greenbul,Stelgidillas gracilirostris,slbgre1,Slender-billed Greenbul,
Stelgidopteryx ruficollis_Southern Rough-winged Swallow,Stelgidopteryx ruficollis,srwswa1,Southern Rough-winged Swallow,SRWS
Stelgidopteryx serripennis_Northern Rough-winged Swallow,Stelgidopteryx serripennis,nrwswa,Northern Rough-winged Swallow,NRWS
Stenostira scita_Fairy Flycatcher,Stenostira scita,faifly1,Fairy Flycatcher,
Stephanoaetus coronatus_Crowned Eagle,Stephanoaetus coronatus,crheag1,Crowned Eagle,
Stephanophorus diadematus_Diademed Tanager,Stephanophorus diadematus,diatan1,Diademed Tanager,
Stephanoxis lalandi_Green-crowned Plovercrest,Stephanoxis lalandi,plover3,Green-crowned Plovercrest,
Stephanoxis loddigesii_Purple-crowned Plovercrest,Stephanoxis loddigesii,plover4,Purple-crowned Plovercrest,
Stercorarius antarcticus_Brown Skua,Stercorarius antarcticus,brnsku3,Brown Skua,
Stercorarius longicaudus_Long-tailed Jaeger,Stercorarius longicaudus,lotjae,Long-tailed Jaeger,LTJA
Stercorarius maccormicki_South Polar Skua,Stercorarius maccormicki,sopsku1,South Polar Skua,SPSK
Stercorarius parasiticus_Parasitic Jaeger,Stercorarius parasiticus,parjae,Parasitic Jaeger,PAJA
Stercorarius pomarinus_Pomarine Jaeger,Stercorarius pomarinus,pomjae,Pomarine Jaeger,POJA
Stercorarius skua_Great Skua,Stercorarius skua,gresku1,Great Skua,GRSK
Sterna aurantia_River Tern,Sterna aurantia,rivter1,River Tern,
Sterna dougallii_Roseate Tern,Sterna dougallii,roster,Roseate Tern,ROST
Sterna forsteri_Forster's Tern,Sterna forsteri,forter,Forster's Tern,FOTE
Sterna hirundinacea_South American Tern,Sterna hirundinacea,soater1,South American Tern,
Sterna hirundo_Common Tern,Sterna hirundo,comter,Common Tern,COTE
Sterna paradisaea_Arctic Tern,Sterna paradisaea,arcter,Arctic Tern,ARTE
Sterna repressa_White-cheeked Tern,Sterna repressa,whcter1,White-cheeked Tern,
Sterna striata_White-fronted Tern,Sterna striata,whfter1,White-fronted Tern,
Sterna sumatrana_Black-naped Tern,Sterna sumatrana,blnter1,Black-naped Tern,
Sterna trudeaui_Snowy-crowned Tern,Sterna trudeaui,truter,Snowy-crowned Tern,
Sterna vittata_Antarctic Tern,Sterna vittata,antter1,Antarctic Tern,
Sternula albifrons_Little Tern,Sternula albifrons,litter1,Little Tern,LITE
Sternula antillarum_Least Tern,Sternula antillarum,leater1,Least Tern,LETE
Sternula saundersi_Saunders's Tern,Sternula saundersi,sauter2,Saunders's Tern,
Sternula superciliaris_Yellow-billed Tern,Sternula superciliaris,yebter2,Yellow-billed Tern,YBTE
Stigmatura budytoides_Greater Wagtail-Tyrant,Stigmatura budytoides,grwtyr1,Greater Wagtail-Tyrant,
Stigmatura napensis_Lesser Wagtail-Tyrant,Stigmatura napensis,lewtyr1,Lesser Wagtail-Tyrant,
Stilpnia cayana_Burnished-buff Tanager,Stilpnia cayana,bubtan2,Burnished-buff Tanager,
Stilpnia cyanicollis_Blue-necked Tanager,Stilpnia cyanicollis,blntan1,Blue-necked Tanager,
Stilpnia cyanoptera_Black-headed Tanager,Stilpnia cyanoptera,blhtan1,Black-headed Tanager,
Stilpnia heinei_Black-capped Tanager,Stilpnia heinei,blctan1,Black-capped Tanager,
Stilpnia larvata_Golden-hooded Tanager,Stilpnia larvata,gohtan1,Golden-hooded Tanager,GHOT
Stilpnia nigrocincta_Masked Tanager,Stilpnia nigrocincta,mastan1,Masked Tanager,
Stilpnia peruviana_Black-backed Tanager,Stilpnia peruviana,blbtan1,Black-backed Tanager,
Stilpnia preciosa_Chestnut-backed Tanager,Stilpnia preciosa,chbtan1,Chestnut-backed Tanager,
Stilpnia vitriolina_Scrub Tanager,Stilpnia vitriolina,scrtan1,Scrub Tanager,
Stiphrornis erythrothorax_Forest Robin,Stiphrornis erythrothorax,obfrob1,Orange-breasted Forest Robin,
Stipiturus malachurus_Southern Emuwren,Stipiturus malachurus,souemu1,Southern Emu-wren,
Stizoptera bichenovii_Double-barred Finch,Stizoptera bichenovii,dobfin1,Double-barred Finch,
Stomiopera unicolor_White-gaped Honeyeater,Stomiopera unicolor,whghon1,White-gaped Honeyeater,
Strepera fuliginosa_Black Currawong,Strepera fuliginosa,blacur2,Black Currawong,
Strepera graculina_Pied Currawong,Strepera graculina,piecur1,Pied Currawong,
Strepera versicolor_Gray Currawong,Strepera versicolor,grycur1,Grey Currawong,
Streptopelia capicola_Ring-necked Dove,Streptopelia capicola,rindov,Ring-necked Dove,
Streptopelia chinensis_Spotted Dove,Streptopelia chinensis,,,
Streptopelia decaocto_Eurasian Collared-Dove,Streptopelia decaocto,eucdov,Eurasian Collared Dove,EUCD
Streptopelia decipiens_Mourning Collared-Dove,Streptopelia decipiens,afmdov1,Mourning Collared Dove,
Streptopelia lugens_Dusky Turtle-Dove,Streptopelia lugens,dutdov1,Dusky Turtle Dove,
Streptopelia orientalis_Oriental Turtle-Dove,Streptopelia orientalis,ortdov,Oriental Turtle Dove,ORTD
Streptopelia roseogrisea_African Collared-Dove,Streptopelia roseogrisea,afcdov1,African Collared Dove,AFCD
Streptopelia semitorquata_Red-eyed Dove,Streptopelia semitorquata,reedov1,Red-eyed Dove,
Streptopelia senegalensis_Laughing Dove,Streptopelia senegalensis,,,
Streptopelia tranquebarica_Red Collared-Dove,Streptopelia tranquebarica,recdov1,Red Collared Dove,
Streptopelia turtur_European Turtle-Dove,Streptopelia turtur,eutdov,European Turtle Dove,EUTD
Streptopelia vinacea_Vinaceous Dove,Streptopelia vinacea,vindov1,Vinaceous Dove,
Streptoprocne biscutata_Biscutate Swift,Streptoprocne biscutata,bisswi1,Biscutate Swift,
Streptoprocne rutila_Chestnut-collared Swift,Streptoprocne rutila,chcswi1,Chestnut-collared Swift,CCSW
Streptoprocne zonaris_White-collared Swift,Streptoprocne zonaris,whcswi,White-collared Swift,WCSW
Strix aluco_Tawny Owl,Strix aluco,tawowl1,Tawny Owl,
Strix chacoensis_Chaco Owl,Strix chacoensis,chaowl1,Chaco Owl,
Strix fulvescens_Fulvous Owl,Strix fulvescens,fulowl1,Fulvous Owl,FUOW
Strix hadorami_Desert Owl,Strix hadorami,humowl1,Desert Owl,
Strix hylophila_Rusty-barred Owl,Strix hylophila,rubowl2,Rusty-barred Owl,
Strix leptogrammica_Brown Wood-Owl,Strix leptogrammica,brwowl1,Brown Wood Owl,
Strix nebulosa_Great Gray Owl,Strix nebulosa,grgowl,Great Grey Owl,GGOW
Strix nivicolum_Himalayan Owl,Strix nivicolum,himowl1,Himalayan Owl,
Strix occidentalis_Spotted Owl,Strix occidentalis,spoowl,Spotted Owl,SPOW
Strix ocellata_Mottled Wood-Owl,Strix ocellata,mowowl1,Mottled Wood Owl,
Strix rufipes_Rufous-legged Owl,Strix rufipes,rulowl1,Rufous-legged Owl,
Strix seloputo_Spotted Wood-Owl,Strix seloputo,spwowl1,Spotted Wood Owl,
Strix uralensis_Ural Owl,Strix uralensis,uraowl1,Ural Owl,
Strix varia_Barred Owl,Strix varia,brdowl,Barred Owl,BAOW
Strix woodfordii_African Wood-Owl,Strix woodfordii,afwowl1,African Wood Owl,
Struthidea cinerea_Apostlebird,Struthidea cinerea,apostl1,Apostlebird,
Sturnella magna_Eastern Meadowlark,Sturnella magna,easmea,Eastern Meadowlark,EAME
Sturnella neglecta_Western Meadowlark,Sturnella neglecta,wesmea,Western Meadowlark,WEME
Sturnia blythii_Malabar Starling,Sturnia blythii,,,
Sturnia malabarica_Chestnut-tailed Starling,Sturnia malabarica,chtsta2,Chestnut-tailed Starling,
Sturnia pagodarum_Brahminy Starling,Sturnia pagodarum,brasta1,Brahminy Starling,
Sturnia sinensis_White-shouldered Starling,Sturnia sinensis,whssta2,White-shouldered Starling,
Sturnus unicolor_Spotless Starling,Sturnus unicolor,sposta1,Spotless Starling,
Sturnus vulgaris_European Starling,Sturnus vulgaris,eursta,Common Starling,EUST
Sublegatus arenarum_Northern Scrub-Flycatcher,Sublegatus arenarum,nosfly1,Northern Scrub Flycatcher,NOSF
Sublegatus modestus_Southern Scrub-Flycatcher,Sublegatus modestus,sosfly1,Southern Scrub Flycatcher,
Sublegatus obscurior_Amazonian Scrub-Flycatcher,Sublegatus obscurior,amsfly1,Amazonian Scrub Flycatcher,
Sugomel nigrum_Black Honeyeater,Sugomel nigrum,blahon1,Black Honeyeater,
Suiriri suiriri_Suiriri Flycatcher,Suiriri suiriri,suifly1,Suiriri Flycatcher,
Sula dactylatra_Masked Booby,Sula dactylatra,masboo,Masked Booby,MABO
Sula leucogaster_Brown Booby,Sula leucogaster,brnboo,Brown Booby,BRBO
Sula nebouxii_Blue-footed Booby,Sula nebouxii,bfoboo,Blue-footed Booby,BFBO
Sula sula_Red-footed Booby,Sula sula,refboo,Red-footed Booby,RFBO
Surnia ulula_Northern Hawk Owl,Surnia ulula,nohowl,Northern Hawk-Owl,NHOW
Surniculus dicruroides_Fork-tailed Drongo-Cuckoo,Surniculus dicruroides,asidrc2,Fork-tailed Drongo-Cuckoo,
Surniculus lugubris_Square-tailed Drongo-Cuckoo,Surniculus lugubris,asidrc3,Square-tailed Drongo-Cuckoo,
Surniculus velutinus_Philippine Drongo-Cuckoo,Surniculus velutinus,phidrc1,Philippine Drongo-Cuckoo,
Suthora nipalensis_Black-throated Parrotbill,Suthora nipalensis,bltpar1,Black-throated Parrotbill,
Suthora verreauxi_Golden Parrotbill,Suthora verreauxi,golpar2,Golden Parrotbill,
Swynnertonia swynnertoni_Swynnerton's Robin,Swynnertonia swynnertoni,swyrob1,Swynnerton's Robin,
Sylvia abyssinica_African Hill Babbler,Sylvia abyssinica,afhbab1,African Hill Babbler,
Sylvia atricapilla_Eurasian Blackcap,Sylvia atricapilla,blackc1,Eurasian Blackcap,EUBC
Sylvia atriceps_Rwenzori Hill Babbler,Sylvia atriceps,afhbab3,Rwenzori Hill Babbler,
Sylvia borin_Garden Warbler,Sylvia borin,garwar1,Garden Warbler,
Sylvia nigricapillus_Bush Blackcap,Sylvia nigricapillus,busbla1,Bush Blackcap,
Sylvietta brachyura_Northern Crombec,Sylvietta brachyura,norcro1,Northern Crombec,
Sylvietta rufescens_Cape Crombec,Sylvietta rufescens,capcro1,Long-billed Crombec,
Sylvietta ruficapilla_Red-capped Crombec,Sylvietta ruficapilla,reccro1,Red-capped Crombec,
Sylvietta virens_Green Crombec,Sylvietta virens,grecro1,Green Crombec,
Sylvietta whytii_Red-faced Crombec,Sylvietta whytii,refcro1,Red-faced Crombec,
Sylviorthorhynchus desmursii_Des Murs's Wiretail,Sylviorthorhynchus desmursii,,,
Sylviorthorhynchus yanacensis_Tawny Tit-Spinetail,Sylviorthorhynchus yanacensis,tatspi1,Tawny Tit-Spinetail,
Sylviparus modestus_Yellow-browed Tit,Sylviparus modestus,yebtit3,Yellow-browed Tit,
Syma torotoro_Yellow-billed Kingfisher,Syma torotoro,yebkin1,Yellow-billed Kingfisher,
Symposiachrus trivirgatus_Spectacled Monarch,Symposiachrus trivirgatus,spemon1,Spectacled Monarch,
Synallaxis albescens_Pale-breasted Spinetail,Synallaxis albescens,pabspi1,Pale-breasted Spinetail,PBSP
Synallaxis albigularis_Dark-breasted Spinetail,Synallaxis albigularis,dabspi1,Dark-breasted Spinetail,
Synallaxis albilora_White-lored Spinetail,Synallaxis albilora,whlspi1,White-lored Spinetail,
Synallaxis azarae_Azara's Spinetail,Synallaxis azarae,azaspi1,Azara's Spinetail,
Synallaxis brachyura_Slaty Spinetail,Synallaxis brachyura,slaspi1,Slaty Spinetail,SLSP
Synallaxis cabanisi_Cabanis's Spinetail,Synallaxis cabanisi,cabspi1,Cabanis's Spinetail,
Synallaxis candei_White-whiskered Spinetail,Synallaxis candei,whwspi1,White-whiskered Spinetail,
Synallaxis castanea_Black-throated Spinetail,Synallaxis castanea,bltspi1,Black-throated Spinetail,
Synallaxis cherriei_Chestnut-throated Spinetail,Synallaxis cherriei,chtspi1,Chestnut-throated Spinetail,
Synallaxis cinerascens_Gray-bellied Spinetail,Synallaxis cinerascens,gybspi1,Grey-bellied Spinetail,
Synallaxis cinerea_Bahia Spinetail,Synallaxis cinerea,bahspi1,Bahia Spinetail,
Synallaxis cinnamomea_Stripe-breasted Spinetail,Synallaxis cinnamomea,stbspi1,Stripe-breasted Spinetail,
Synallaxis courseni_Apurimac Spinetail,Synallaxis courseni,apuspi1,Apurimac Spinetail,
Synallaxis erythrothorax_Rufous-breasted Spinetail,Synallaxis erythrothorax,rubspi2,Rufous-breasted Spinetail,RBSP
Synallaxis frontalis_Sooty-fronted Spinetail,Synallaxis frontalis,sofspi1,Sooty-fronted Spinetail,
Synallaxis fuscorufa_Rusty-headed Spinetail,Synallaxis fuscorufa,ruhspi1,Rusty-headed Spinetail,
Synallaxis gujanensis_Plain-crowned Spinetail,Synallaxis gujanensis,plcspi1,Plain-crowned Spinetail,
Synallaxis hellmayri_Red-shouldered Spinetail,Synallaxis hellmayri,resspi2,Red-shouldered Spinetail,
Synallaxis hypochondriaca_Great Spinetail,Synallaxis hypochondriaca,grespi2,Great Spinetail,
Synallaxis hypospodia_Cinereous-breasted Spinetail,Synallaxis hypospodia,cibspi1,Cinereous-breasted Spinetail,
Synallaxis infuscata_Pinto's Spinetail,Synallaxis infuscata,pinspi1,Pinto's Spinetail,
Synallaxis kollari_Hoary-throated Spinetail,Synallaxis kollari,hotspi1,Hoary-throated Spinetail,
Synallaxis macconnelli_McConnell's Spinetail,Synallaxis macconnelli,mccspi1,McConnell's Spinetail,
Synallaxis maranonica_Marañon Spinetail,Synallaxis maranonica,marspi3,Maranon Spinetail,
Synallaxis moesta_Dusky Spinetail,Synallaxis moesta,dusspi1,Dusky Spinetail,
Synallaxis ruficapilla_Rufous-capped Spinetail,Synallaxis ruficapilla,rucspi1,Rufous-capped Spinetail,
Synallaxis rutilans_Ruddy Spinetail,Synallaxis rutilans,rudspi1,Ruddy Spinetail,
Synallaxis scutata_Ochre-cheeked Spinetail,Synallaxis scutata,occspi1,Ochre-cheeked Spinetail,
Synallaxis spixi_Spix's Spinetail,Synallaxis spixi,spispi1,Spix's Spinetail,
Synallaxis stictothorax_Necklaced Spinetail,Synallaxis stictothorax,necspi1,Necklaced Spinetail,
Synallaxis subpudica_Silvery-throated Spinetail,Synallaxis subpudica,sitspi1,Silvery-throated Spinetail,
Synallaxis tithys_Blackish-headed Spinetail,Synallaxis tithys,blhspi1,Blackish-headed Spinetail,
Synallaxis unirufa_Rufous Spinetail,Synallaxis unirufa,rufspi1,Rufous Spinetail,
Syndactyla dimidiata_Russet-mantled Foliage-gleaner,Syndactyla dimidiata,rumfog1,Planalto Foliage-gleaner,
Syndactyla guttulata_Guttulate Foliage-gleaner,Syndactyla guttulata,gufgle1,Guttulate Foliage-gleaner,
Syndactyla ruficollis_Rufous-necked Foliage-gleaner,Syndactyla ruficollis,rnfgle1,Rufous-necked Foliage-gleaner,
Syndactyla rufosuperciliata_Buff-browed Foliage-gleaner,Syndactyla rufosuperciliata,bbfgle1,Buff-browed Foliage-gleaner,
Syndactyla striata_Bolivian Recurvebill,Syndactyla striata,bolrec1,Bolivian Recurvebill,
Syndactyla subalaris_Lineated Foliage-gleaner,Syndactyla subalaris,lifgle1,Lineated Foliage-gleaner,LIFG
Syndactyla ucayalae_Peruvian Recurvebill,Syndactyla ucayalae,perrec1,Peruvian Recurvebill,
Synoicus chinensis_Blue-breasted Quail,Synoicus chinensis,blbqua1,King Quail,
Synoicus ypsilophorus_Brown Quail,Synoicus ypsilophorus,broqua1,Brown Quail,
Syrigma sibilatrix_Whistling Heron,Syrigma sibilatrix,whiher1,Whistling Heron,WHHE
Syrrhaptes paradoxus_Pallas's Sandgrouse,Syrrhaptes paradoxus,palsan1,Pallas's Sandgrouse,
Systellura decussata_Tschudi's Nightjar,Systellura decussata,,,
Systellura longirostris_Band-winged Nightjar,Systellura longirostris,bawnig1,Band-winged Nightjar,
Taccocua leschenaultii_Sirkeer Malkoha,Taccocua leschenaultii,sirmal1,Sirkeer Malkoha,
Tachornis phoenicobia_Antillean Palm-Swift,Tachornis phoenicobia,anpswi,Antillean Palm Swift,ANPS
Tachornis squamata_Fork-tailed Palm-Swift,Tachornis squamata,ftpswi1,Fork-tailed Palm Swift,
Tachuris rubrigastra_Many-colored Rush Tyrant,Tachuris rubrigastra,mcrtyr1,Many-colored Rush Tyrant,
Tachybaptus dominicus_Least Grebe,Tachybaptus dominicus,leagre,Least Grebe,LEGR
Tachybaptus novaehollandiae_Australasian Grebe,Tachybaptus novaehollandiae,ausgre1,Australasian Grebe,
Tachybaptus ruficollis_Little Grebe,Tachybaptus ruficollis,litgre1,Little Grebe,
Tachycineta albilinea_Mangrove Swallow,Tachycineta albilinea,manswa1,Mangrove Swallow,MANS
Tachycineta albiventer_White-winged Swallow,Tachycineta albiventer,whwswa1,White-winged Swallow,
Tachycineta bicolor_Tree Swallow,Tachycineta bicolor,treswa,Tree Swallow,TRES
Tachycineta euchrysea_Golden Swallow,Tachycineta euchrysea,golswa1,Golden Swallow,GOSW
Tachycineta leucopyga_Chilean Swallow,Tachycineta leucopyga,chiswa1,Chilean Swallow,
Tachycineta leucorrhoa_White-rumped Swallow,Tachycineta leucorrhoa,whrswa1,White-rumped Swallow,
Tachycineta thalassina_Violet-green Swallow,Tachycineta thalassina,vigswa,Violet-green Swallow,VGSW
Tachyeres patachonicus_Flying Steamer-Duck,Tachyeres patachonicus,flystd1,Flying Steamer Duck,
Tachyphonus coronatus_Ruby-crowned Tanager,Tachyphonus coronatus,ructan1,Ruby-crowned Tanager,
Tachyphonus delatrii_Tawny-crested Tanager,Tachyphonus delatrii,tactan1,Tawny-crested Tanager,TCTA
Tachyphonus phoenicius_Red-shouldered Tanager,Tachyphonus phoenicius,restan1,Red-shouldered Tanager,
Tachyphonus rufus_White-lined Tanager,Tachyphonus rufus,whltan1,White-lined Tanager,WLTA
Tachyphonus surinamus_Fulvous-crested Tanager,Tachyphonus surinamus,fuctan1,Fulvous-crested Tanager,
Tadorna cana_South African Shelduck,Tadorna cana,soashe1,South African Shelduck,
Tadorna ferruginea_Ruddy Shelduck,Tadorna ferruginea,rudshe,Ruddy Shelduck,RUSH
Tadorna tadorna_Common Shelduck,Tadorna tadorna,comshe,Common Shelduck,COMS
Tadorna tadornoides_Australian Shelduck,Tadorna tadornoides,ausshe1,Australian Shelduck,
Tadorna variegata_Paradise Shelduck,Tadorna variegata,parshe1,Paradise Shelduck,
Taenioptynx brodiei_Collared Owlet,Taenioptynx brodiei,colowl1,Collared Owlet,
Taeniopygia guttata_Zebra Finch,Taeniopygia guttata,zebfin2,Zebra Finch,
Taeniotriccus andrei_Black-chested Tyrant,Taeniotriccus andrei,blctyr2,Black-chested Tyrant,
Talaphorus chlorocercus_Olive-spotted Hummingbird,Talaphorus chlorocercus,olshum1,Olive-spotted Hummingbird,
Talegalla fuscirostris_Yellow-legged Brushturkey,Talegalla fuscirostris,bkbbrt1,Black-billed Brushturkey,
Talegalla jobiensis_Red-legged Brushturkey,Talegalla jobiensis,bncbrt1,Collared Brushturkey,
Tamias striatus_Eastern Chipmunk,Tamias striatus,,,
Tamiasciurus hudsonicus_Red Squirrel,Tamiasciurus hudsonicus,,,
Tangara arthus_Golden Tanager,Tangara arthus,goltan1,Golden Tanager,
Tangara chilensis_Paradise Tanager,Tangara chilensis,partan1,Paradise Tanager,
Tangara cyanocephala_Red-necked Tanager,Tangara cyanocephala,rentan1,Red-necked Tanager,
Tangara cyanoventris_Gilt-edged Tanager,Tangara cyanoventris,gietan1,Gilt-edged Tanager,
Tangara desmaresti_Brassy-breasted Tanager,Tangara desmaresti,brbtan1,Brassy-breasted Tanager,
Tangara dowii_Spangle-cheeked Tanager,Tangara dowii,spctan1,Spangle-cheeked Tanager,SCHT
Tangara florida_Emerald Tanager,Tangara florida,emetan1,Emerald Tanager,EMTA
Tangara gyrola_Bay-headed Tanager,Tangara gyrola,bahtan1,Bay-headed Tanager,BHTA
Tangara icterocephala_Silver-throated Tanager,Tangara icterocephala,sittan1,Silver-throated Tanager,STTA
Tangara inornata_Plain-colored Tanager,Tangara inornata,plctan1,Plain-colored Tanager,PCTA
Tangara labradorides_Metallic-green Tanager,Tangara labradorides,megtan1,Metallic-green Tanager,
Tangara lavinia_Rufous-winged Tanager,Tangara lavinia,ruwtan1,Rufous-winged Tanager,RWTA
Tangara mexicana_Turquoise Tanager,Tangara mexicana,turtan1,Turquoise Tanager,
Tangara nigroviridis_Beryl-spangled Tanager,Tangara nigroviridis,bestan1,Beryl-spangled Tanager,
Tangara parzudakii_Flame-faced Tanager,Tangara parzudakii,flftan1,Flame-faced Tanager,
Tangara schrankii_Green-and-gold Tanager,Tangara schrankii,gagtan2,Green-and-gold Tanager,
Tangara seledon_Green-headed Tanager,Tangara seledon,grhtan2,Green-headed Tanager,
Tangara vassorii_Blue-and-black Tanager,Tangara vassorii,babtan1,Blue-and-black Tanager,
Tangara velia_Opal-rumped Tanager,Tangara velia,oprtan1,Opal-rumped Tanager,
Tangara xanthocephala_Saffron-crowned Tanager,Tangara xanthocephala,sactan1,Saffron-crowned Tanager,
Tanygnathus sumatranus_Azure-rumped Parrot,Tanygnathus sumatranus,azrpar9,Azure-rumped Parrot,
Tanysiptera galatea_Common Paradise-Kingfisher,Tanysiptera galatea,copkin1,Common Paradise Kingfisher,
Tanysiptera sylvia_Buff-breasted Paradise-Kingfisher,Tanysiptera sylvia,bubpak1,Buff-breasted Paradise Kingfisher,
Tapera naevia_Striped Cuckoo,Tapera naevia,strcuc1,Striped Cuckoo,STCU
Taraba major_Great Antshrike,Taraba major,greant1,Great Antshrike,GANT
Tarphonomus certhioides_Chaco Earthcreeper,Tarphonomus certhioides,chaear1,Chaco Earthcreeper,
Tarphonomus harterti_Bolivian Earthcreeper,Tarphonomus harterti,bolear1,Bolivian Earthcreeper,
Tarsiger chrysaeus_Golden Bush-Robin,Tarsiger chrysaeus,gobrob1,Golden Bush Robin,
Tarsiger cyanurus_Red-flanked Bluetail,Tarsiger cyanurus,refblu1,Red-flanked Bluetail,RFBL
Tarsiger indicus_White-browed Bush-Robin,Tarsiger indicus,wbbrob1,White-browed Bush Robin,
Tarsiger johnstoniae_Collared Bush-Robin,Tarsiger johnstoniae,cobrob1,Collared Bush Robin,
Tarsiger rufilatus_Himalayan Bluetail,Tarsiger rufilatus,himblu1,Himalayan Bluetail,
Tauraco corythaix_Knysna Turaco,Tauraco corythaix,knytur1,Knysna Turaco,
Tauraco fischeri_Fischer's Turaco,Tauraco fischeri,fistur1,Fischer's Turaco,
Tauraco hartlaubi_Hartlaub's Turaco,Tauraco hartlaubi,hartur1,Hartlaub's Turaco,
Tauraco leucotis_White-cheeked Turaco,Tauraco leucotis,,,
Tauraco livingstonii_Livingstone's Turaco,Tauraco livingstonii,livtur1,Livingstone's Turaco,
Tauraco macrorhynchus_Yellow-billed Turaco,Tauraco macrorhynchus,yebtur1,Yellow-billed Turaco,
Tauraco persa_Guinea Turaco,Tauraco persa,guitur1,Guinea Turaco,
Tauraco porphyreolophus_Purple-crested Turaco,Tauraco porphyreolophus,,,
Tauraco schalowi_Schalow's Turaco,Tauraco schalowi,schtur1,Schalow's Turaco,
Tchagra australis_Brown-crowned Tchagra,Tchagra australis,brctch1,Brown-crowned Tchagra,
Tchagra senegalus_Black-crowned Tchagra,Tchagra senegalus,bkctch1,Black-crowned Tchagra,
Tchagra tchagra_Southern Tchagra,Tchagra tchagra,soutch1,Southern Tchagra,
Teledromas fuscus_Sandy Gallito,Teledromas fuscus,sangal1,Sandy Gallito,
Telespiza ultima_Nihoa Finch,Telespiza ultima,nihfin,Nihoa Finch,NIFI
Telophorus bocagei_Gray-green Bushshrike,Telophorus bocagei,,,
Telophorus dohertyi_Doherty's Bushshrike,Telophorus dohertyi,dohbus1,Doherty's Bushshrike,
Telophorus nigrifrons_Black-fronted Bushshrike,Telophorus nigrifrons,,,
Telophorus olivaceus_Olive Bushshrike,Telophorus olivaceus,,,
Telophorus sulfureopectus_Sulphur-breasted Bushshrike,Telophorus sulfureopectus,,,
Telophorus viridis_Four-colored Bushshrike,Telophorus viridis,focbus2,Gorgeous Bushshrike,
Telophorus zeylonus_Bokmakierie,Telophorus zeylonus,bokmak1,Bokmakierie,
Temnurus temnurus_Ratchet-tailed Treepie,Temnurus temnurus,rattre2,Ratchet-tailed Treepie,
Tephrodornis pondicerianus_Common Woodshrike,Tephrodornis pondicerianus,comwoo1,Common Woodshrike,
Tephrodornis sylvicola_Malabar Woodshrike,Tephrodornis sylvicola,malwoo1,Malabar Woodshrike,
Tephrodornis virgatus_Large Woodshrike,Tephrodornis virgatus,larwoo1,Large Woodshrike,
Terenotriccus erythrurus_Ruddy-tailed Flycatcher,Terenotriccus erythrurus,rutfly2,Ruddy-tailed Flycatcher,RDTF
Terenura maculata_Streak-capped Antwren,Terenura maculata,stcant3,Streak-capped Antwren,
Terenura sicki_Orange-bellied Antwren,Terenura sicki,orbant1,Orange-bellied Antwren,
Teretistris fernandinae_Yellow-headed Warbler,Teretistris fernandinae,yehwar1,Yellow-headed Warbler,YHWA
Teretistris fornsi_Oriente Warbler,Teretistris fornsi,oriwar1,Oriente Warbler,ORWA
Terpsiphone affinis_Blyth's Paradise-Flycatcher,Terpsiphone affinis,blypaf1,Blyth's Paradise Flycatcher,
Terpsiphone atrocaudata_Japanese Paradise-Flycatcher,Terpsiphone atrocaudata,japfly1,Black Paradise Flycatcher,
Terpsiphone bourbonnensis_Mascarene Paradise-Flycatcher,Terpsiphone bourbonnensis,mapfly2,Mascarene Paradise Flycatcher,
Terpsiphone cinnamomea_Rufous Paradise-Flycatcher,Terpsiphone cinnamomea,rupfly1,Rufous Paradise Flycatcher,
Terpsiphone incei_Amur Paradise-Flycatcher,Terpsiphone incei,amupaf1,Amur Paradise Flycatcher,
Terpsiphone mutata_Malagasy Paradise-Flycatcher,Terpsiphone mutata,mapfly1,Malagasy Paradise Flycatcher,
Terpsiphone paradisi_Indian Paradise-Flycatcher,Terpsiphone paradisi,aspfly1,Indian Paradise Flycatcher,
Terpsiphone rufiventer_Black-headed Paradise-Flycatcher,Terpsiphone rufiventer,bhpfly1,Red-bellied Paradise Flycatcher,
Terpsiphone viridis_African Paradise-Flycatcher,Terpsiphone viridis,afpfly1,African Paradise Flycatcher,
Tersina viridis_Swallow Tanager,Tersina viridis,swatan1,Swallow Tanager,SWTA
Tesia cyaniventer_Gray-bellied Tesia,Tesia cyaniventer,gybtes1,Grey-bellied Tesia,
Tesia everetti_Russet-capped Tesia,Tesia everetti,ructes1,Russet-capped Tesia,
Tesia olivea_Slaty-bellied Tesia,Tesia olivea,slbtes1,Slaty-bellied Tesia,
Tesia superciliaris_Javan Tesia,Tesia superciliaris,javtes1,Javan Tesia,
Tetrao urogallus_Western Capercaillie,Tetrao urogallus,wescap1,Western Capercaillie,
Tetraogallus caucasicus_Caucasian Snowcock,Tetraogallus caucasicus,causno1,Caucasian Snowcock,
Tetraogallus tibetanus_Tibetan Snowcock,Tetraogallus tibetanus,tibsno1,Tibetan Snowcock,
Tetrastes bonasia_Hazel Grouse,Tetrastes bonasia,hazgro1,Hazel Grouse,
Tetrax tetrax_Little Bustard,Tetrax tetrax,litbus1,Little Bustard,
Thalassarche melanophris_Black-browed Albatross,Thalassarche melanophris,bkbalb,Black-browed Albatross,BBAL
Thalasseus bengalensis_Lesser Crested Tern,Thalasseus bengalensis,lecter2,Lesser Crested Tern,
Thalasseus bergii_Great Crested Tern,Thalasseus bergii,grcter1,Greater Crested Tern,GCTE
Thalasseus elegans_Elegant Tern,Thalasseus elegans,eleter1,Elegant Tern,ELTE
Thalasseus maximus_Royal Tern,Thalasseus maximus,royter1,Royal Tern,ROYT
Thalasseus sandvicensis_Sandwich Tern,Thalasseus sandvicensis,santer1,Sandwich Tern,SATE
Thalurania colombica_Crowned Woodnymph,Thalurania colombica,crowoo1,Crowned Woodnymph,CRWO
Thalurania furcata_Fork-tailed Woodnymph,Thalurania furcata,fotwoo1,Fork-tailed Woodnymph,
Thalurania glaucopis_Violet-capped Woodnymph,Thalurania glaucopis,vicwoo2,Violet-capped Woodnymph,
Thamnistes anabatinus_Russet Antshrike,Thamnistes anabatinus,rusant1,Russet Antshrike,RUAN
Thamnolaea cinnamomeiventris_Mocking Cliff-Chat,Thamnolaea cinnamomeiventris,moccha1,Mocking Cliff Chat,
Thamnomanes ardesiacus_Dusky-throated Antshrike,Thamnomanes ardesiacus,dutant2,Dusky-throated Antshrike,
Thamnomanes caesius_Cinereous Antshrike,Thamnomanes caesius,cinant1,Cinereous Antshrike,
Thamnomanes saturninus_Saturnine Antshrike,Thamnomanes saturninus,satant1,Saturnine Antshrike,
Thamnomanes schistogynus_Bluish-slate Antshrike,Thamnomanes schistogynus,blsant1,Bluish-slate Antshrike,
Thamnophilus aethiops_White-shouldered Antshrike,Thamnophilus aethiops,whsant2,White-shouldered Antshrike,
Thamnophilus amazonicus_Amazonian Antshrike,Thamnophilus amazonicus,amaant2,Amazonian Antshrike,
Thamnophilus ambiguus_Sooretama Slaty-Antshrike,Thamnophilus ambiguus,soosla1,Sooretama Slaty Antshrike,
Thamnophilus aroyae_Upland Antshrike,Thamnophilus aroyae,uplant1,Upland Antshrike,
Thamnophilus atrinucha_Black-crowned Antshrike,Thamnophilus atrinucha,wesant1,Black-crowned Antshrike,BCAS
Thamnophilus bernardi_Collared Antshrike,Thamnophilus bernardi,colant1,Collared Antshrike,
Thamnophilus bridgesi_Black-hooded Antshrike,Thamnophilus bridgesi,blhant2,Black-hooded Antshrike,BHOA
Thamnophilus caerulescens_Variable Antshrike,Thamnophilus caerulescens,varant1,Variable Antshrike,
Thamnophilus cryptoleucus_Castelnau's Antshrike,Thamnophilus cryptoleucus,casant1,Castelnau's Antshrike,
Thamnophilus doliatus_Barred Antshrike,Thamnophilus doliatus,barant1,Barred Antshrike,BAAN
Thamnophilus melanonotus_Black-backed Antshrike,Thamnophilus melanonotus,blbant1,Black-backed Antshrike,
Thamnophilus multistriatus_Bar-crested Antshrike,Thamnophilus multistriatus,bacant2,Bar-crested Antshrike,
Thamnophilus murinus_Mouse-colored Antshrike,Thamnophilus murinus,mocant1,Mouse-colored Antshrike,
Thamnophilus nigriceps_Black Antshrike,Thamnophilus nigriceps,blaant1,Black Antshrike,BLAN
Thamnophilus nigrocinereus_Blackish-gray Antshrike,Thamnophilus nigrocinereus,blgant2,Blackish-grey Antshrike,
Thamnophilus palliatus_Chestnut-backed Antshrike,Thamnophilus palliatus,chbant2,Chestnut-backed Antshrike,
Thamnophilus pelzelni_Planalto Slaty-Antshrike,Thamnophilus pelzelni,plasla1,Planalto Slaty Antshrike,
Thamnophilus praecox_Cocha Antshrike,Thamnophilus praecox,cocant1,Cocha Antshrike,
Thamnophilus punctatus_Northern Slaty-Antshrike,Thamnophilus punctatus,norsla1,Northern Slaty Antshrike,
Thamnophilus ruficapillus_Rufous-capped Antshrike,Thamnophilus ruficapillus,rucant1,Rufous-capped Antshrike,
Thamnophilus schistaceus_Plain-winged Antshrike,Thamnophilus schistaceus,plwant1,Plain-winged Antshrike,
Thamnophilus stictocephalus_Natterer's Slaty-Antshrike,Thamnophilus stictocephalus,natsla1,Natterer's Slaty Antshrike,
Thamnophilus sticturus_Bolivian Slaty-Antshrike,Thamnophilus sticturus,bolsla1,Bolivian Slaty Antshrike,
Thamnophilus tenuepunctatus_Lined Antshrike,Thamnophilus tenuepunctatus,linant1,Lined Antshrike,
Thamnophilus torquatus_Rufous-winged Antshrike,Thamnophilus torquatus,ruwant2,Rufous-winged Antshrike,
Thamnophilus unicolor_Uniform Antshrike,Thamnophilus unicolor,uniant2,Uniform Antshrike,
Thamnophilus zarumae_Chapman's Antshrike,Thamnophilus zarumae,chaant1,Chapman's Antshrike,
Thectocercus acuticaudatus_Blue-crowned Parakeet,Thectocercus acuticaudatus,bucpar,Blue-crowned Parakeet,
Theristicus caerulescens_Plumbeous Ibis,Theristicus caerulescens,pluibi1,Plumbeous Ibis,
Theristicus caudatus_Buff-necked Ibis,Theristicus caudatus,bunibi1,Buff-necked Ibis,BNIB
Theristicus melanopis_Black-faced Ibis,Theristicus melanopis,bkfibi1,Black-faced Ibis,
Thescelocichla leucopleura_Swamp Greenbul,Thescelocichla leucopleura,swagre1,Swamp Palm Bulbul,
Thinocorus orbignyianus_Gray-breasted Seedsnipe,Thinocorus orbignyianus,gybsee1,Grey-breasted Seedsnipe,
Thinocorus rumicivorus_Least Seedsnipe,Thinocorus rumicivorus,leasee1,Least Seedsnipe,
Thlypopsis ornata_Rufous-chested Tanager,Thlypopsis ornata,ructan3,Rufous-chested Tanager,
Thlypopsis pyrrhocoma_Chestnut-headed Tanager,Thlypopsis pyrrhocoma,chhtan1,Chestnut-headed Tanager,
Thlypopsis sordida_Orange-headed Tanager,Thlypopsis sordida,orhtan1,Orange-headed Tanager,
Thlypopsis superciliaris_Superciliaried Hemispingus,Thlypopsis superciliaris,suphem1,Superciliaried Hemispingus,
Thraupis abbas_Yellow-winged Tanager,Thraupis abbas,yewtan1,Yellow-winged Tanager,YWTA
Thraupis cyanoptera_Azure-shouldered Tanager,Thraupis cyanoptera,azstan1,Azure-shouldered Tanager,
Thraupis episcopus_Blue-gray Tanager,Thraupis episcopus,bugtan,Blue-grey Tanager,BGTA
Thraupis ornata_Golden-chevroned Tanager,Thraupis ornata,goctan2,Golden-chevroned Tanager,
Thraupis palmarum_Palm Tanager,Thraupis palmarum,paltan1,Palm Tanager,PATA
Thraupis sayaca_Sayaca Tanager,Thraupis sayaca,saytan1,Sayaca Tanager,
Threnetes leucurus_Pale-tailed Barbthroat,Threnetes leucurus,patbar1,Pale-tailed Barbthroat,
Threnetes ruckeri_Band-tailed Barbthroat,Threnetes ruckeri,batbar1,Band-tailed Barbthroat,BTBA
Threskiornis melanocephalus_Black-headed Ibis,Threskiornis melanocephalus,blhibi1,Black-headed Ibis,
Threskiornis molucca_Australian Ibis,Threskiornis molucca,ausibi1,Australian White Ibis,
Thripadectes flammulatus_Flammulated Treehunter,Thripadectes flammulatus,flatre1,Flammulated Treehunter,
Thripadectes holostictus_Striped Treehunter,Thripadectes holostictus,strtre1,Striped Treehunter,
Thripadectes ignobilis_Uniform Treehunter,Thripadectes ignobilis,unitre1,Uniform Treehunter,
Thripadectes melanorhynchus_Black-billed Treehunter,Thripadectes melanorhynchus,blbtre1,Black-billed Treehunter,
Thripadectes rufobrunneus_Streak-breasted Treehunter,Thripadectes rufobrunneus,stbtre1,Streak-breasted Treehunter,SBTR
Thripadectes scrutator_Rufous-backed Treehunter,Thripadectes scrutator,rubtre1,Peruvian Treehunter,
Thripadectes virgaticeps_Streak-capped Treehunter,Thripadectes virgaticeps,stctre1,Streak-capped Treehunter,
Thripophaga cherriei_Orinoco Softtail,Thripophaga cherriei,orisof1,Orinoco Softtail,
Thripophaga fusciceps_Plain Softtail,Thripophaga fusciceps,plasof1,Plain Softtail,
Thripophaga macroura_Striated Softtail,Thripophaga macroura,strsof1,Striated Softtail,
Thryomanes bewickii_Bewick's Wren,Thryomanes bewickii,bewwre,Bewick's Wren,BEWR
Thryophilus nicefori_Niceforo's Wren,Thryophilus nicefori,nicwre1,Niceforo's Wren,
Thryophilus pleurostictus_Banded Wren,Thryophilus pleurostictus,banwre1,Banded Wren,BANW
Thryophilus rufalbus_Rufous-and-white Wren,Thryophilus rufalbus,rawwre1,Rufous-and-white Wren,RAWW
Thryophilus sernai_Antioquia Wren,Thryophilus sernai,antwre2,Antioquia Wren,
Thryophilus sinaloa_Sinaloa Wren,Thryophilus sinaloa,sinwre1,Sinaloa Wren,SIWR
Thryothorus ludovicianus_Carolina Wren,Thryothorus ludovicianus,carwre,Carolina Wren,CARW
Tiaris olivaceus_Yellow-faced Grassquit,Tiaris olivaceus,yefgra1,Yellow-faced Grassquit,YFGR
Tichodroma muraria_Wallcreeper,Tichodroma muraria,wallcr1,Wallcreeper,
Tickellia hodgsoni_Broad-billed Warbler,Tickellia hodgsoni,brbwar1,Broad-billed Warbler,
Tigrisoma lineatum_Rufescent Tiger-Heron,Tigrisoma lineatum,ruther1,Rufescent Tiger Heron,RTHE
Tigrisoma mexicanum_Bare-throated Tiger-Heron,Tigrisoma mexicanum,btther1,Bare-throated Tiger Heron,BTTH
Timalia pileata_Chestnut-capped Babbler,Timalia pileata,chcbab1,Chestnut-capped Babbler,
Tinamotis pentlandii_Puna Tinamou,Tinamotis pentlandii,puntin1,Puna Tinamou,
Tinamus guttatus_White-throated Tinamou,Tinamus guttatus,whttin1,White-throated Tinamou,
Tinamus major_Great Tinamou,Tinamus major,gretin1,Great Tinamou,GRTI
Tinamus solitarius_Solitary Tinamou,Tinamus solitarius,soltin1,Solitary Tinamou,
Tinamus tao_Gray Tinamou,Tinamus tao,grytin1,Grey Tinamou,
Tityra cayana_Black-tailed Tityra,Tityra cayana,blttit1,Black-tailed Tityra,
Tityra inquisitor_Black-crowned Tityra,Tityra inquisitor,blctit1,Black-crowned Tityra,BCRT
Tityra semifasciata_Masked Tityra,Tityra semifasciata,mastit1,Masked Tityra,MATI
Tockus deckeni_Von der Decken's Hornbill,Tockus deckeni,vddhor1,Von der Decken's Hornbill,
Tockus erythrorhynchus_Northern Red-billed Hornbill,Tockus erythrorhynchus,rebhor1,Northern Red-billed Hornbill,
Tockus kempi_Western Red-billed Hornbill,Tockus kempi,wrbhor2,Western Red-billed Hornbill,
Tockus leucomelas_Southern Yellow-billed Hornbill,Tockus leucomelas,sybhor1,Southern Yellow-billed Hornbill,
Tockus rufirostris_Southern Red-billed Hornbill,Tockus rufirostris,srbhor1,Southern Red-billed Hornbill,
Todiramphus australasia_Cinnamon-banded Kingfisher,Todiramphus australasia,cibkin1,Cinnamon-banded Kingfisher,
Todiramphus chloris_Collared Kingfisher,Todiramphus chloris,colkin1,Collared Kingfisher,
Todiramphus funebris_Sombre Kingfisher,Todiramphus funebris,somkin1,Sombre Kingfisher,
Todiramphus macleayii_Forest Kingfisher,Todiramphus macleayii,forkin1,Forest Kingfisher,
Todiramphus sacer_Pacific Kingfisher,Todiramphus sacer,packin1,Pacific Kingfisher,
Todiramphus sanctus_Sacred Kingfisher,Todiramphus sanctus,sackin1,Sacred Kingfisher,
Todiramphus sordidus_Torresian Kingfisher,Todiramphus sordidus,colkin9,Torresian Kingfisher,
Todiramphus tristrami_Melanesian Kingfisher,Todiramphus tristrami,melkin1,Melanesian Kingfisher,
Todiramphus winchelli_Rufous-lored Kingfisher,Todiramphus winchelli,rulkin1,Rufous-lored Kingfisher,
Todirostrum chrysocrotaphum_Yellow-browed Tody-Flycatcher,Todirostrum chrysocrotaphum,ybtfly1,Yellow-browed Tody-Flycatcher,
Todirostrum cinereum_Common Tody-Flycatcher,Todirostrum cinereum,cotfly1,Common Tody-Flycatcher,COTF
Todirostrum maculatum_Spotted Tody-Flycatcher,Todirostrum maculatum,sptfly1,Spotted Tody-Flycatcher,
Todirostrum nigriceps_Black-headed Tody-Flycatcher,Todirostrum nigriceps,bhtfly1,Black-headed Tody-Flycatcher,BHTF
Todirostrum pictum_Painted Tody-Flycatcher,Todirostrum pictum,patfly1,Painted Tody-Flycatcher,
Todirostrum poliocephalum_Gray-headed Tody-Flycatcher,Todirostrum poliocephalum,gyhtof1,Yellow-lored Tody-Flycatcher,
Todus angustirostris_Narrow-billed Tody,Todus angustirostris,nabtod1,Narrow-billed Tody,NBTO
Todus mexicanus_Puerto Rican Tody,Todus mexicanus,purtod1,Puerto Rican Tody,PRTO
Todus multicolor_Cuban Tody,Todus multicolor,cubtod1,Cuban Tody,CUTO
Todus subulatus_Broad-billed Tody,Todus subulatus,brbtod1,Broad-billed Tody,BBTO
Todus todus_Jamaican Tody,Todus todus,jamtod1,Jamaican Tody,JATO
Tolmomyias assimilis_Yellow-margined Flycatcher,Tolmomyias assimilis,yemfly1,Yellow-margined Flatbill,
Tolmomyias flaviventris_Yellow-breasted Flycatcher,Tolmomyias flaviventris,yebfly3,Ochre-lored Flatbill,OLOF
Tolmomyias poliocephalus_Gray-crowned Flycatcher,Tolmomyias poliocephalus,gycfly1,Grey-crowned Flatbill,
Tolmomyias sulphurescens_Yellow-olive Flycatcher,Tolmomyias sulphurescens,yeofly1,Yellow-olive Flatbill,YOFL
Tolmomyias traylori_Orange-eyed Flycatcher,Tolmomyias traylori,orefly1,Orange-eyed Flatbill,
Topaza pella_Crimson Topaz,Topaza pella,critop1,Crimson Topaz,
Topaza pyra_Fiery Topaz,Topaza pyra,fietop1,Fiery Topaz,
Torreornis inexpectata_Zapata Sparrow,Torreornis inexpectata,zapspa1,Zapata Sparrow,ZASP
Touit batavicus_Lilac-tailed Parrotlet,Touit batavicus,litpar2,Lilac-tailed Parrotlet,
Touit dilectissimus_Blue-fronted Parrotlet,Touit dilectissimus,bufpar1,Blue-fronted Parrotlet,BFPA
Touit huetii_Scarlet-shouldered Parrotlet,Touit huetii,scspar1,Scarlet-shouldered Parrotlet,
Touit melanonotus_Brown-backed Parrotlet,Touit melanonotus,brbpar1,Brown-backed Parrotlet,
Touit purpuratus_Sapphire-rumped Parrotlet,Touit purpuratus,sarpar2,Sapphire-rumped Parrotlet,
Touit stictopterus_Spot-winged Parrotlet,Touit stictopterus,spwpar2,Spot-winged Parrotlet,
Touit surdus_Golden-tailed Parrotlet,Touit surdus,gotpar2,Golden-tailed Parrotlet,
Toxorhamphus novaeguineae_Yellow-bellied Longbill,Toxorhamphus novaeguineae,yeblon1,Yellow-bellied Longbill,
Toxostoma bendirei_Bendire's Thrasher,Toxostoma bendirei,benthr,Bendire's Thrasher,BETH
Toxostoma cinereum_Gray Thrasher,Toxostoma cinereum,grathr1,Grey Thrasher,GRAT
Toxostoma crissale_Crissal Thrasher,Toxostoma crissale,crithr,Crissal Thrasher,CRTH
Toxostoma curvirostre_Curve-billed Thrasher,Toxostoma curvirostre,cubthr,Curve-billed Thrasher,CBTH
Toxostoma lecontei_LeConte's Thrasher,Toxostoma lecontei,lecthr,LeConte's Thrasher,LCTH
Toxostoma longirostre_Long-billed Thrasher,Toxostoma longirostre,lobthr,Long-billed Thrasher,LBTH
Toxostoma ocellatum_Ocellated Thrasher,Toxostoma ocellatum,ocethr1,Ocellated Thrasher,OCTH
Toxostoma redivivum_California Thrasher,Toxostoma redivivum,calthr,California Thrasher,CATH
Toxostoma rufum_Brown Thrasher,Toxostoma rufum,brnthr,Brown Thrasher,BRTH
Trachyphonus darnaudii_D'Arnaud's Barbet,Trachyphonus darnaudii,darbar1,D'Arnaud's Barbet,
Trachyphonus erythrocephalus_Red-and-yellow Barbet,Trachyphonus erythrocephalus,raybar1,Red-and-yellow Barbet,
Trachyphonus purpuratus_Yellow-billed Barbet,Trachyphonus purpuratus,,,
Trachyphonus vaillantii_Crested Barbet,Trachyphonus vaillantii,crebar1,Crested Barbet,
Tregellasia capito_Pale-yellow Robin,Tregellasia capito,,,
Treron affinis_Gray-fronted Green-Pigeon,Treron affinis,pomgrp2,Grey-fronted Green Pigeon,
Treron bicinctus_Orange-breasted Green-Pigeon,Treron bicinctus,orbpig1,Orange-breasted Green Pigeon,
Treron calvus_African Green-Pigeon,Treron calvus,afrgrp1,African Green Pigeon,
Treron curvirostra_Thick-billed Green-Pigeon,Treron curvirostra,thbpig1,Thick-billed Green Pigeon,
Treron formosae_Whistling Green-Pigeon,Treron formosae,whgpig1,Whistling Green Pigeon,
Treron fulvicollis_Cinnamon-headed Green-Pigeon,Treron fulvicollis,cihpig1,Cinnamon-headed Green Pigeon,
Treron olax_Little Green-Pigeon,Treron olax,ligpig1,Little Green Pigeon,
Treron phayrei_Ashy-headed Green-Pigeon,Treron phayrei,pomgrp5,Ashy-headed Green Pigeon,
Treron phoenicopterus_Yellow-footed Green-Pigeon,Treron phoenicopterus,yefpig1,Yellow-footed Green Pigeon,
Treron sieboldii_White-bellied Green-Pigeon,Treron sieboldii,whbpig1,White-bellied Green Pigeon,
Treron sphenurus_Wedge-tailed Green-Pigeon,Treron sphenurus,wetpig1,Wedge-tailed Green Pigeon,
Treron vernans_Pink-necked Green-Pigeon,Treron vernans,pinpig3,Pink-necked Green Pigeon,
Tribonyx mortierii_Tasmanian Nativehen,Tribonyx mortierii,tanhen1,Tasmanian Nativehen,
Tribonyx ventralis_Black-tailed Nativehen,Tribonyx ventralis,btnhen1,Black-tailed Nativehen,
Trichoglossus chlorolepidotus_Scaly-breasted Lorikeet,Trichoglossus chlorolepidotus,scblor1,Scaly-breasted Lorikeet,
Trichoglossus haematodus_Coconut Lorikeet,Trichoglossus haematodus,railor4,Coconut Lorikeet,
Trichoglossus moluccanus_Rainbow Lorikeet,Trichoglossus moluccanus,railor5,Rainbow Lorikeet,
Trichoglossus rubritorquis_Red-collared Lorikeet,Trichoglossus rubritorquis,railor7,Red-collared Lorikeet,
Tricholaema diademata_Red-fronted Barbet,Tricholaema diademata,refbar2,Red-fronted Barbet,
Tricholaema hirsuta_Hairy-breasted Barbet,Tricholaema hirsuta,habbar1,Hairy-breasted Barbet,
Tricholaema lacrymosa_Spot-flanked Barbet,Tricholaema lacrymosa,spfbar1,Spot-flanked Barbet,
Tricholaema leucomelas_Pied Barbet,Tricholaema leucomelas,piebar1,Acacia Pied Barbet,
Tricholaema melanocephala_Black-throated Barbet,Tricholaema melanocephala,bltbar1,Black-throated Barbet,
Tricholestes criniger_Hairy-backed Bulbul,Tricholestes criniger,habbul1,Hairy-backed Bulbul,
Trichothraupis melanops_Black-goggled Tanager,Trichothraupis melanops,blgtan1,Black-goggled Tanager,
Triclaria malachitacea_Blue-bellied Parrot,Triclaria malachitacea,blbpar4,Blue-bellied Parrot,
Tringa brevipes_Gray-tailed Tattler,Tringa brevipes,gyttat1,Grey-tailed Tattler,GTTA
Tringa erythropus_Spotted Redshank,Tringa erythropus,spored,Spotted Redshank,SPRE
Tringa flavipes_Lesser Yellowlegs,Tringa flavipes,lesyel,Lesser Yellowlegs,LEYE
Tringa glareola_Wood Sandpiper,Tringa glareola,woosan,Wood Sandpiper,WOSA
Tringa guttifer_Nordmann's Greenshank,Tringa guttifer,norgre1,Nordmann's Greenshank,
Tringa incana_Wandering Tattler,Tringa incana,wantat1,Wandering Tattler,WATA
Tringa melanoleuca_Greater Yellowlegs,Tringa melanoleuca,greyel,Greater Yellowlegs,GRYE
Tringa nebularia_Common Greenshank,Tringa nebularia,comgre,Common Greenshank,COMG
Tringa ochropus_Green Sandpiper,Tringa ochropus,grnsan,Green Sandpiper,GRSA
Tringa semipalmata_Willet,Tringa semipalmata,willet1,Willet,WILL
Tringa solitaria_Solitary Sandpiper,Tringa solitaria,solsan,Solitary Sandpiper,SOSA
Tringa stagnatilis_Marsh Sandpiper,Tringa stagnatilis,marsan,Marsh Sandpiper,MASA
Tringa totanus_Common Redshank,Tringa totanus,comred1,Common Redshank,CREH
Trochalopteron affine_Black-faced Laughingthrush,Trochalopteron affine,blflau1,Black-faced Laughingthrush,
Trochalopteron chrysopterum_Assam Laughingthrush,Trochalopteron chrysopterum,asslau1,Assam Laughingthrush,
Trochalopteron elliotii_Elliot's Laughingthrush,Trochalopteron elliotii,elllau1,Elliot's Laughingthrush,
Trochalopteron erythrocephalum_Chestnut-crowned Laughingthrush,Trochalopteron erythrocephalum,chclau2,Chestnut-crowned Laughingthrush,
Trochalopteron henrici_Prince Henry's Laughingthrush,Trochalopteron henrici,prhlau1,Brown-cheeked Laughingthrush,
Trochalopteron imbricatum_Bhutan Laughingthrush,Trochalopteron imbricatum,bhulau1,Bhutan Laughingthrush,
Trochalopteron lineatum_Streaked Laughingthrush,Trochalopteron lineatum,strlau1,Streaked Laughingthrush,
Trochalopteron melanostigma_Silver-eared Laughingthrush,Trochalopteron melanostigma,sielau1,Silver-eared Laughingthrush,
Trochalopteron milnei_Red-tailed Laughingthrush,Trochalopteron milnei,retlau1,Red-tailed Laughingthrush,
Trochalopteron morrisonianum_White-whiskered Laughingthrush,Trochalopteron morrisonianum,whwlau1,White-whiskered Laughingthrush,
Trochalopteron peninsulae_Malayan Laughingthrush,Trochalopteron peninsulae,mallau1,Malayan Laughingthrush,
Trochalopteron squamatum_Blue-winged Laughingthrush,Trochalopteron squamatum,blwlau1,Blue-winged Laughingthrush,
Trochalopteron subunicolor_Scaly Laughingthrush,Trochalopteron subunicolor,scalau1,Scaly Laughingthrush,
Trochalopteron variegatum_Variegated Laughingthrush,Trochalopteron variegatum,varlau1,Variegated Laughingthrush,
Trochalopteron virgatum_Striped Laughingthrush,Trochalopteron virgatum,strlau3,Striped Laughingthrush,
Trochocercus cyanomelas_African Crested-Flycatcher,Trochocercus cyanomelas,afcfly1,Blue-mantled Crested Flycatcher,
Trochocercus nitens_Blue-headed Crested-Flycatcher,Trochocercus nitens,bhcfly1,Blue-headed Crested Flycatcher,
Troglodytes aedon_House Wren,Troglodytes aedon,houwre,Northern House Wren,NHWR
Troglodytes hiemalis_Winter Wren,Troglodytes hiemalis,winwre3,Winter Wren,WIWR
Troglodytes ochraceus_Ochraceous Wren,Troglodytes ochraceus,ochwre1,Ochraceous Wren,OCWR
Troglodytes pacificus_Pacific Wren,Troglodytes pacificus,pacwre1,Pacific Wren,PAWR
Troglodytes rufociliatus_Rufous-browed Wren,Troglodytes rufociliatus,rubwre2,Rufous-browed Wren,RBWW
Troglodytes solstitialis_Mountain Wren,Troglodytes solstitialis,mouwre1,Mountain Wren,
Troglodytes troglodytes_Eurasian Wren,Troglodytes troglodytes,winwre4,Eurasian Wren,
Trogon bairdii_Baird's Trogon,Trogon bairdii,baitro1,Baird's Trogon,BATR
Trogon caligatus_Gartered Trogon,Trogon caligatus,gartro1,Gartered Trogon,GATR
Trogon chionurus_White-tailed Trogon,Trogon chionurus,whttro1,White-tailed Trogon,WTAT
Trogon citreolus_Citreoline Trogon,Trogon citreolus,cittro1,Citreoline Trogon,CITR
Trogon clathratus_Lattice-tailed Trogon,Trogon clathratus,lattro1,Lattice-tailed Trogon,LTTR
Trogon collaris_Collared Trogon,Trogon collaris,coltro1,Collared Trogon,COTR
Trogon comptus_Blue-tailed Trogon,Trogon comptus,buttro1,Choco Trogon,
Trogon curucui_Blue-crowned Trogon,Trogon curucui,blctro1,Blue-crowned Trogon,
Trogon elegans_Elegant Trogon,Trogon elegans,eletro,Elegant Trogon,ELTR
Trogon massena_Slaty-tailed Trogon,Trogon massena,slttro1,Slaty-tailed Trogon,STTR
Trogon melanocephalus_Black-headed Trogon,Trogon melanocephalus,blhtro1,Black-headed Trogon,BHTR
Trogon melanurus_Black-tailed Trogon,Trogon melanurus,blttro1,Black-tailed Trogon,BTAT
Trogon mesurus_Ecuadorian Trogon,Trogon mesurus,bkttro2,Ecuadorian Trogon,
Trogon mexicanus_Mountain Trogon,Trogon mexicanus,moutro1,Mountain Trogon,MOTR
Trogon personatus_Masked Trogon,Trogon personatus,mastro1,Masked Trogon,
Trogon ramonianus_Amazonian Trogon,Trogon ramonianus,viotro3,Amazonian Trogon,
Trogon rufus_Black-throated Trogon,Trogon rufus,bkttro6,Amazonian Black-throated Trogon,BTHT
Trogon surrucura_Surucua Trogon,Trogon surrucura,surtro1,Surucua Trogon,
Trogon violaceus_Guianan Trogon,Trogon violaceus,viotro2,Guianan Trogon,
Trogon viridis_Green-backed Trogon,Trogon viridis,gnbtro1,Green-backed Trogon,
Tropicoperdix chloropus_Scaly-breasted Partridge,Tropicoperdix chloropus,scbpar1,Green-legged Partridge,
Tumbezia salvini_Tumbes Tyrant,Tumbezia salvini,,,
Tunchiornis ochraceiceps_Tawny-crowned Greenlet,Tunchiornis ochraceiceps,tacgre1,Ochre-crowned Greenlet,TCGR
Turdinus atrigularis_Black-throated Wren-Babbler,Turdinus atrigularis,btwbab1,Black-throated Wren-Babbler,
Turdinus macrodactylus_Large Wren-Babbler,Turdinus macrodactylus,lawbab1,Large Wren-Babbler,
Turdinus marmoratus_Marbled Wren-Babbler,Turdinus marmoratus,mawbab1,Marbled Wren-Babbler,
Turdoides hartlaubii_Hartlaub's Babbler,Turdoides hartlaubii,harbab1,Hartlaub's Babbler,
Turdoides jardineii_Arrow-marked Babbler,Turdoides jardineii,armbab1,Arrow-marked Babbler,
Turdoides leucopygia_White-rumped Babbler,Turdoides leucopygia,whrbab2,White-rumped Babbler,
Turdoides plebejus_Brown Babbler,Turdoides plebejus,brobab1,Brown Babbler,
Turdoides reinwardtii_Blackcap Babbler,Turdoides reinwardtii,blabab2,Blackcap Babbler,
Turdoides sharpei_Black-lored Babbler,Turdoides sharpei,bklbab1,Black-lored Babbler,
Turdus abyssinicus_Abyssinian Thrush,Turdus abyssinicus,abythr1,Abyssinian Thrush,
Turdus albicollis_White-necked Thrush,Turdus albicollis,whnrob1,White-necked Thrush,
Turdus albocinctus_White-collared Blackbird,Turdus albocinctus,whcbla1,White-collared Blackbird,
Turdus amaurochalinus_Creamy-bellied Thrush,Turdus amaurochalinus,crbthr1,Creamy-bellied Thrush,
Turdus assimilis_White-throated Thrush,Turdus assimilis,whtrob1,White-throated Thrush,WTTH
Turdus atrogularis_Black-throated Thrush,Turdus atrogularis,datthr1,Black-throated Thrush,
Turdus aurantius_White-chinned Thrush,Turdus aurantius,whcthr1,White-chinned Thrush,WCTH
Turdus boulboul_Gray-winged Blackbird,Turdus boulboul,gywbla1,Grey-winged Blackbird,
Turdus cardis_Japanese Thrush,Turdus cardis,japthr1,Japanese Thrush,
Turdus celaenops_Izu Thrush,Turdus celaenops,izuthr1,Izu Thrush,
Turdus chiguanco_Chiguanco Thrush,Turdus chiguanco,chithr1,Chiguanco Thrush,
Turdus chrysolaus_Brown-headed Thrush,Turdus chrysolaus,brhthr1,Brown-headed Thrush,
Turdus dissimilis_Black-breasted Thrush,Turdus dissimilis,blbthr2,Black-breasted Thrush,
Turdus eunomus_Dusky Thrush,Turdus eunomus,dusthr2,Dusky Thrush,DUTH
Turdus falcklandii_Austral Thrush,Turdus falcklandii,austhr1,Austral Thrush,
Turdus feae_Gray-sided Thrush,Turdus feae,gysthr1,Grey-sided Thrush,
Turdus flavipes_Yellow-legged Thrush,Turdus flavipes,yelthr1,Yellow-legged Thrush,
Turdus fulviventris_Chestnut-bellied Thrush,Turdus fulviventris,chbthr2,Chestnut-bellied Thrush,
Turdus fumigatus_Cocoa Thrush,Turdus fumigatus,cocthr1,Cocoa Thrush,COCT
Turdus fuscater_Great Thrush,Turdus fuscater,grethr1,Great Thrush,
Turdus grayi_Clay-colored Thrush,Turdus grayi,clcrob,Clay-colored Thrush,CCTH
Turdus hauxwelli_Hauxwell's Thrush,Turdus hauxwelli,hauthr1,Hauxwell's Thrush,
Turdus hortulorum_Gray-backed Thrush,Turdus hortulorum,gybthr1,Grey-backed Thrush,
Turdus ignobilis_Black-billed Thrush,Turdus ignobilis,blbthr1,Black-billed Thrush,
Turdus iliacus_Redwing,Turdus iliacus,redwin,Redwing,REDW
Turdus infuscatus_Black Thrush,Turdus infuscatus,blarob1,Black Thrush,BLTH
Turdus lawrencii_Lawrence's Thrush,Turdus lawrencii,lawthr1,Lawrence's Thrush,
Turdus leucomelas_Pale-breasted Thrush,Turdus leucomelas,pabthr1,Pale-breasted Thrush,
Turdus leucops_Pale-eyed Thrush,Turdus leucops,paethr1,Pale-eyed Thrush,
Turdus libonyana_Kurrichane Thrush,Turdus libonyana,kurthr1,Kurrichane Thrush,
Turdus maculirostris_Ecuadorian Thrush,Turdus maculirostris,ecuthr1,Ecuadorian Thrush,
Turdus mandarinus_Chinese Blackbird,Turdus mandarinus,chibla1,Chinese Blackbird,
Turdus maranonicus_Marañon Thrush,Turdus maranonicus,marthr2,Maranon Thrush,
Turdus menachensis_Yemen Thrush,Turdus menachensis,yemthr1,Yemen Thrush,
Turdus merula_Eurasian Blackbird,Turdus merula,eurbla,Common Blackbird,EUBB
Turdus migratorius_American Robin,Turdus migratorius,amerob,American Robin,AMRO
Turdus naumanni_Naumann's Thrush,Turdus naumanni,dusthr1,Naumann's Thrush,NATH
Turdus nigrescens_Sooty Thrush,Turdus nigrescens,soorob1,Sooty Thrush,SOOT
Turdus nigriceps_Andean Slaty Thrush,Turdus nigriceps,slathr2,Andean Slaty Thrush,
Turdus nudigenis_Spectacled Thrush,Turdus nudigenis,baerob1,Spectacled Thrush,SPTH
Turdus obscurus_Eyebrowed Thrush,Turdus obscurus,eyethr,Eyebrowed Thrush,EYTH
Turdus obsoletus_Pale-vented Thrush,Turdus obsoletus,pavthr1,Pale-vented Thrush,PVTH
Turdus olivaceus_Olive Thrush,Turdus olivaceus,olithr2,Olive Thrush,
Turdus olivater_Black-hooded Thrush,Turdus olivater,blhthr1,Black-hooded Thrush,
Turdus pallidus_Pale Thrush,Turdus pallidus,palthr1,Pale Thrush,
Turdus pelios_African Thrush,Turdus pelios,afrthr1,African Thrush,
Turdus philomelos_Song Thrush,Turdus philomelos,sonthr1,Song Thrush,SOTH
Turdus pilaris_Fieldfare,Turdus pilaris,fieldf,Fieldfare,FIEL
Turdus plebejus_Mountain Thrush,Turdus plebejus,mourob1,Mountain Thrush,MOTH
Turdus plumbeus_Red-legged Thrush,Turdus plumbeus,relthr1,Western Red-legged Thrush,RLTH
Turdus poliocephalus_Island Thrush,Turdus poliocephalus,norist1,Tasman Sea Island Thrush,
Turdus reevei_Plumbeous-backed Thrush,Turdus reevei,plbthr2,Plumbeous-backed Thrush,
Turdus rubrocanus_Chestnut Thrush,Turdus rubrocanus,chethr1,Chestnut Thrush,
Turdus ruficollis_Red-throated Thrush,Turdus ruficollis,retthr1,Red-throated Thrush,
Turdus rufitorques_Rufous-collared Robin,Turdus rufitorques,rucrob1,Rufous-collared Thrush,RCRO
Turdus rufiventris_Rufous-bellied Thrush,Turdus rufiventris,rubthr1,Rufous-bellied Thrush,
Turdus rufopalliatus_Rufous-backed Robin,Turdus rufopalliatus,rubrob,Rufous-backed Thrush,RBRO
Turdus sanchezorum_Varzea Thrush,Turdus sanchezorum,hauthr3,Varzea Thrush,
Turdus serranus_Glossy-black Thrush,Turdus serranus,glbthr1,Glossy-black Thrush,
Turdus simillimus_Indian Blackbird,Turdus simillimus,eurbla2,Indian Blackbird,
Turdus smithi_Karoo Thrush,Turdus smithi,karthr1,Karoo Thrush,
Turdus subalaris_Blacksmith Thrush,Turdus subalaris,slathr3,Blacksmith Thrush,
Turdus swalesi_La Selle Thrush,Turdus swalesi,lasthr1,La Selle Thrush,LSTH
Turdus tephronotus_African Bare-eyed Thrush,Turdus tephronotus,abethr1,Bare-eyed Thrush,
Turdus torquatus_Ring Ouzel,Turdus torquatus,rinouz1,Ring Ouzel,
Turdus unicolor_Tickell's Thrush,Turdus unicolor,ticthr1,Tickell's Thrush,
Turdus viscivorus_Mistle Thrush,Turdus viscivorus,misthr1,Mistle Thrush,MITH
Turnix maculosus_Red-backed Buttonquail,Turnix maculosus,rebbut2,Red-backed Buttonquail,
Turnix suscitator_Barred Buttonquail,Turnix suscitator,barbut1,Barred Buttonquail,
Turnix sylvaticus_Small Buttonquail,Turnix sylvaticus,smabut2,Common Buttonquail,
Turnix varius_Painted Buttonquail,Turnix varius,paibut,Painted Buttonquail,
Turtur abyssinicus_Black-billed Wood-Dove,Turtur abyssinicus,bbwdov1,Black-billed Wood Dove,
Turtur afer_Blue-spotted Wood-Dove,Turtur afer,bswdov1,Blue-spotted Wood Dove,
Turtur brehmeri_Blue-headed Wood-Dove,Turtur brehmeri,bhwdov1,Blue-headed Wood Dove,
Turtur chalcospilos_Emerald-spotted Wood-Dove,Turtur chalcospilos,eswdov1,Emerald-spotted Wood Dove,
Turtur tympanistria_Tambourine Dove,Turtur tympanistria,tamdov1,Tambourine Dove,
Tylas eduardi_Tylas Vanga,Tylas eduardi,tylvan1,Tylas Vanga,
Tympanuchus cupido_Greater Prairie-Chicken,Tympanuchus cupido,grpchi,Greater Prairie Chicken,GRPC
Tympanuchus pallidicinctus_Lesser Prairie-Chicken,Tympanuchus pallidicinctus,lepchi,Lesser Prairie Chicken,LEPC
Tympanuchus phasianellus_Sharp-tailed Grouse,Tympanuchus phasianellus,shtgro,Sharp-tailed Grouse,STGR
Tyranneutes stolzmanni_Dwarf Tyrant-Manakin,Tyranneutes stolzmanni,dwtman1,Dwarf Tyrant-Manakin,
Tyranneutes virescens_Tiny Tyrant-Manakin,Tyranneutes virescens,titman1,Tiny Tyrant-Manakin,
Tyrannopsis sulphurea_Sulphury Flycatcher,Tyrannopsis sulphurea,sulfly1,Sulphury Flycatcher,
Tyrannulus elatus_Yellow-crowned Tyrannulet,Tyrannulus elatus,yectyr1,Yellow-crowned Tyrannulet,YCTY
Tyrannus albogularis_White-throated Kingbird,Tyrannus albogularis,whtkin1,White-throated Kingbird,
Tyrannus caudifasciatus_Loggerhead Kingbird,Tyrannus caudifasciatus,logkin,Loggerhead Kingbird,LOKI
Tyrannus couchii_Couch's Kingbird,Tyrannus couchii,coukin,Couch's Kingbird,COKI
Tyrannus crassirostris_Thick-billed Kingbird,Tyrannus crassirostris,thbkin,Thick-billed Kingbird,TBKI
Tyrannus dominicensis_Gray Kingbird,Tyrannus dominicensis,grykin,Grey Kingbird,GRAK
Tyrannus forficatus_Scissor-tailed Flycatcher,Tyrannus forficatus,sctfly,Scissor-tailed Flycatcher,STFL
Tyrannus melancholicus_Tropical Kingbird,Tyrannus melancholicus,trokin,Tropical Kingbird,TRKI
Tyrannus niveigularis_Snowy-throated Kingbird,Tyrannus niveigularis,sntkin1,Snowy-throated Kingbird,
Tyrannus savana_Fork-tailed Flycatcher,Tyrannus savana,fotfly,Fork-tailed Flycatcher,FTFL
Tyrannus tyrannus_Eastern Kingbird,Tyrannus tyrannus,easkin,Eastern Kingbird,EAKI
Tyrannus verticalis_Western Kingbird,Tyrannus verticalis,weskin,Western Kingbird,WEKI
Tyrannus vociferans_Cassin's Kingbird,Tyrannus vociferans,caskin,Cassin's Kingbird,CAKI
Tyto alba_Barn Owl,Tyto alba,webowl1,Western Barn Owl,
Tyto novaehollandiae_Australian Masked-Owl,Tyto novaehollandiae,aumowl1,Australasian Masked Owl,
Tyto tenebricosa_Sooty Owl,Tyto tenebricosa,sooowl1,Sooty Owl,
Upucerthia dumetaria_Scale-throated Earthcreeper,Upucerthia dumetaria,sctear1,Scale-throated Earthcreeper,
Upucerthia saturatior_Patagonian Forest Earthcreeper,Upucerthia saturatior,pafear1,Patagonian Forest Earthcreeper,
Upucerthia validirostris_Buff-breasted Earthcreeper,Upucerthia validirostris,bubear2,Buff-breasted Earthcreeper,
Upupa epops_Eurasian Hoopoe,Upupa epops,hoopoe,Common Hoopoe,EHOO
Upupa marginata_Madagascar Hoopoe,Upupa marginata,madhoo1,Madagascar Hoopoe,
Uraeginthus angolensis_Southern Cordonbleu,Uraeginthus angolensis,bubcor1,Blue Waxbill,
Uraeginthus bengalus_Red-cheeked Cordonbleu,Uraeginthus bengalus,reccor,Red-cheeked Cordon-bleu,
Uranomitra franciae_Andean Emerald,Uranomitra franciae,andeme1,Andean Emerald,
Uria aalge_Common Murre,Uria aalge,commur,Common Murre,COMU
Uria lomvia_Thick-billed Murre,Uria lomvia,thbmur,Thick-billed Murre,TBMU
Urocissa caerulea_Taiwan Blue-Magpie,Urocissa caerulea,formag1,Taiwan Blue Magpie,
Urocissa erythroryncha_Red-billed Blue-Magpie,Urocissa erythroryncha,rbbmag,Red-billed Blue Magpie,
Urocissa flavirostris_Yellow-billed Blue-Magpie,Urocissa flavirostris,gobmag1,Yellow-billed Blue Magpie,
Urocissa ornata_Sri Lanka Blue-Magpie,Urocissa ornata,ceymag1,Sri Lanka Blue Magpie,
Urocolius indicus_Red-faced Mousebird,Urocolius indicus,refmou1,Red-faced Mousebird,
Urocolius macrourus_Blue-naped Mousebird,Urocolius macrourus,blnmou1,Blue-naped Mousebird,
Urocynchramus pylzowi_Przevalski's Pinktail,Urocynchramus pylzowi,przros1,Przevalski's Finch,
Urodynamis taitensis_Long-tailed Koel,Urodynamis taitensis,lotkoe1,Long-tailed Koel,
Uromyias agilis_Agile Tit-Tyrant,Uromyias agilis,agitit1,Agile Tit-Tyrant,
Uromyias agraphia_Unstreaked Tit-Tyrant,Uromyias agraphia,unstit1,Unstreaked Tit-Tyrant,
Uropsalis lyra_Lyre-tailed Nightjar,Uropsalis lyra,lytnig1,Lyre-tailed Nightjar,
Uropsalis segmentata_Swallow-tailed Nightjar,Uropsalis segmentata,swtnig1,Swallow-tailed Nightjar,
Uropsila leucogastra_White-bellied Wren,Uropsila leucogastra,whbwre1,White-bellied Wren,WBWR
Urosphena pallidipes_Pale-footed Bush Warbler,Urosphena pallidipes,,,
Urosphena squameiceps_Asian Stubtail,Urosphena squameiceps,asistu1,Asian Stubtail,
Urosphena subulata_Timor Stubtail,Urosphena subulata,timstu1,Timor Stubtail,
Urosphena whiteheadi_Bornean Stubtail,Urosphena whiteheadi,borstu1,Bornean Stubtail,
Urothraupis stolzmanni_Black-backed Bush Tanager,Urothraupis stolzmanni,bbbtan1,Black-backed Bush Tanager,
Urotriorchis macrourus_Long-tailed Hawk,Urotriorchis macrourus,lothaw1,Long-tailed Hawk,
Vanellus armatus_Blacksmith Lapwing,Vanellus armatus,blaplo1,Blacksmith Lapwing,
Vanellus cayanus_Pied Lapwing,Vanellus cayanus,,,
Vanellus chilensis_Southern Lapwing,Vanellus chilensis,soulap1,Southern Lapwing,SOLA
Vanellus cinereus_Gray-headed Lapwing,Vanellus cinereus,gyhlap1,Grey-headed Lapwing,
Vanellus coronatus_Crowned Lapwing,Vanellus coronatus,crolap1,Crowned Lapwing,
Vanellus duvaucelii_River Lapwing,Vanellus duvaucelii,rivlap1,River Lapwing,
Vanellus indicus_Red-wattled Lapwing,Vanellus indicus,rewlap1,Red-wattled Lapwing,
Vanellus leucurus_White-tailed Lapwing,Vanellus leucurus,whtlap1,White-tailed Lapwing,
Vanellus malabaricus_Yellow-wattled Lapwing,Vanellus malabaricus,yewlap2,Yellow-wattled Lapwing,
Vanellus melanocephalus_Spot-breasted Lapwing,Vanellus melanocephalus,spblap1,Spot-breasted Lapwing,
Vanellus melanopterus_Black-winged Lapwing,Vanellus melanopterus,blwlap1,Black-winged Lapwing,
Vanellus miles_Masked Lapwing,Vanellus miles,maslap1,Masked Lapwing,
Vanellus resplendens_Andean Lapwing,Vanellus resplendens,andlap1,Andean Lapwing,
Vanellus senegallus_Wattled Lapwing,Vanellus senegallus,watlap1,African Wattled Lapwing,
Vanellus spinosus_Spur-winged Lapwing,Vanellus spinosus,spwlap1,Spur-winged Lapwing,
Vanellus tectus_Black-headed Lapwing,Vanellus tectus,blhlap1,Black-headed Lapwing,
Vanellus tricolor_Banded Lapwing,Vanellus tricolor,banlap1,Banded Lapwing,
Vanellus vanellus_Northern Lapwing,Vanellus vanellus,norlap,Northern Lapwing,NOLA
Vanga curvirostris_Hook-billed Vanga,Vanga curvirostris,hobvan1,Hook-billed Vanga,
Vermivora chrysoptera_Golden-winged Warbler,Vermivora chrysoptera,gowwar,Golden-winged Warbler,GWWA
Vermivora cyanoptera_Blue-winged Warbler,Vermivora cyanoptera,buwwar,Blue-winged Warbler,BWWA
Vidua chalybeata_Village Indigobird,Vidua chalybeata,vilind,Village Indigobird,
Vidua fischeri_Straw-tailed Whydah,Vidua fischeri,sttwhy1,Straw-tailed Whydah,
Vidua funerea_Variable Indigobird,Vidua funerea,varind1,Dusky Indigobird,
Vidua macroura_Pin-tailed Whydah,Vidua macroura,pitwhy,Pin-tailed Whydah,PTWH
Vireo altiloquus_Black-whiskered Vireo,Vireo altiloquus,bkwvir,Black-whiskered Vireo,BWVI
Vireo atricapilla_Black-capped Vireo,Vireo atricapilla,bkcvir1,Black-capped Vireo,BCVI
Vireo bairdi_Cozumel Vireo,Vireo bairdi,cozvir1,Cozumel Vireo,COVI
Vireo bellii_Bell's Vireo,Vireo bellii,belvir,Bell's Vireo,BEVI
Vireo brevipennis_Slaty Vireo,Vireo brevipennis,slavir1,Slaty Vireo,SLVI
Vireo carmioli_Yellow-winged Vireo,Vireo carmioli,yewvir1,Yellow-winged Vireo,YWVI
Vireo cassinii_Cassin's Vireo,Vireo cassinii,casvir,Cassin's Vireo,CAVI
Vireo chivi_Chivi Vireo,Vireo chivi,chivir1,Chivi Vireo,
Vireo crassirostris_Thick-billed Vireo,Vireo crassirostris,thbvir,Thick-billed Vireo,TBVI
Vireo flavifrons_Yellow-throated Vireo,Vireo flavifrons,yetvir,Yellow-throated Vireo,YTVI
Vireo flavoviridis_Yellow-green Vireo,Vireo flavoviridis,yegvir,Yellow-green Vireo,YGVI
Vireo gilvus_Warbling Vireo,Vireo gilvus,warvir,Warbling Vireo,WAVI
Vireo gracilirostris_Noronha Vireo,Vireo gracilirostris,norvir1,Noronha Vireo,
Vireo griseus_White-eyed Vireo,Vireo griseus,whevir,White-eyed Vireo,WEVI
Vireo gundlachii_Cuban Vireo,Vireo gundlachii,cubvir1,Cuban Vireo,CUVI
Vireo huttoni_Hutton's Vireo,Vireo huttoni,hutvir,Hutton's Vireo,HUVI
Vireo hypochryseus_Golden Vireo,Vireo hypochryseus,golvir1,Golden Vireo,GOVI
Vireo latimeri_Puerto Rican Vireo,Vireo latimeri,purvir1,Puerto Rican Vireo,PRVI
Vireo leucophrys_Brown-capped Vireo,Vireo leucophrys,brcvir1,Brown-capped Vireo,BCAV
Vireo magister_Yucatan Vireo,Vireo magister,yucvir,Yucatan Vireo,YUVI
Vireo masteri_Choco Vireo,Vireo masteri,chovir1,Choco Vireo,
Vireo modestus_Jamaican Vireo,Vireo modestus,jamvir1,Jamaican Vireo,JAVI
Vireo nelsoni_Dwarf Vireo,Vireo nelsoni,dwavir1,Dwarf Vireo,DWVI
Vireo olivaceus_Red-eyed Vireo,Vireo olivaceus,reevir1,Red-eyed Vireo,REVI
Vireo pallens_Mangrove Vireo,Vireo pallens,manvir1,Mangrove Vireo,MAVI
Vireo philadelphicus_Philadelphia Vireo,Vireo philadelphicus,phivir,Philadelphia Vireo,PHVI
Vireo plumbeus_Plumbeous Vireo,Vireo plumbeus,plsvir,Plumbeous Vireo,PLVI
Vireo sclateri_Tepui Vireo,Vireo sclateri,tepgre1,Tepui Vireo,
Vireo solitarius_Blue-headed Vireo,Vireo solitarius,buhvir,Blue-headed Vireo,BHVI
Vireo vicinior_Gray Vireo,Vireo vicinior,gryvir,Grey Vireo,GRVI
Vireolanius eximius_Yellow-browed Shrike-Vireo,Vireolanius eximius,ybsvir1,Yellow-browed Shrike-Vireo,YBSV
Vireolanius leucotis_Slaty-capped Shrike-Vireo,Vireolanius leucotis,scsvir1,Slaty-capped Shrike-Vireo,
Vireolanius melitophrys_Chestnut-sided Shrike-Vireo,Vireolanius melitophrys,cssvir1,Chestnut-sided Shrike-Vireo,CSSV
Vireolanius pulchellus_Green Shrike-Vireo,Vireolanius pulchellus,grsvir1,Green Shrike-Vireo,GRSV
Volatinia jacarina_Blue-black Grassquit,Volatinia jacarina,blbgra1,Blue-black Grassquit,BGRA
Wetmorethraupis sterrhopteron_Orange-throated Tanager,Wetmorethraupis sterrhopteron,orttan1,Orange-throated Tanager,
Willisornis poecilinotus_Common Scale-backed Antbird,Willisornis poecilinotus,scbant3,Common Scale-backed Antbird,
Willisornis vidua_Xingu Scale-backed Antbird,Willisornis vidua,scbant8,Xingu Scale-backed Antbird,
Xanthocephalus xanthocephalus_Yellow-headed Blackbird,Xanthocephalus xanthocephalus,yehbla,Yellow-headed Blackbird,YHBL
Xanthomixis zosterops_Spectacled Tetraka,Xanthomixis zosterops,spetet1,Spectacled Tetraka,
Xanthopsar flavus_Saffron-cowled Blackbird,Xanthopsar flavus,sacbla2,Saffron-cowled Blackbird,
Xanthotis macleayanus_Macleay's Honeyeater,Xanthotis macleayanus,machon2,Macleay's Honeyeater,
Xema sabini_Sabine's Gull,Xema sabini,sabgul,Sabine's Gull,SAGU
Xenerpestes singularis_Equatorial Graytail,Xenerpestes singularis,equgra1,Equatorial Greytail,
Xenodacnis parina_Tit-like Dacnis,Xenodacnis parina,tildac1,Tit-like Dacnis,
Xenoglaux loweryi_Long-whiskered Owlet,Xenoglaux loweryi,lowowl1,Long-whiskered Owlet,
Xenopipo atronitens_Black Manakin,Xenopipo atronitens,blaman1,Black Manakin,
Xenopirostris damii_Van Dam's Vanga,Xenopirostris damii,vadvan1,Van Dam's Vanga,
Xenopirostris polleni_Pollen's Vanga,Xenopirostris polleni,polvan1,Pollen's Vanga,
Xenops minutus_Plain Xenops,Xenops minutus,plaxen4,Atlantic Plain Xenops,PLXE
Xenops rutilans_Streaked Xenops,Xenops rutilans,strxen1,Streaked Xenops,STXE
Xenops tenuirostris_Slender-billed Xenops,Xenops tenuirostris,slbxen1,Slender-billed Xenops,
Xenopsaris albinucha_White-naped Xenopsaris,Xenopsaris albinucha,whnxen1,White-naped Xenopsaris,
Xenospiza baileyi_Sierra Madre Sparrow,Xenospiza baileyi,simspa1,Sierra Madre Sparrow,SMSP
Xenotriccus callizonus_Belted Flycatcher,Xenotriccus callizonus,belfly1,Belted Flycatcher,BEFL
Xenotriccus mexicanus_Pileated Flycatcher,Xenotriccus mexicanus,pilfly1,Pileated Flycatcher,PILF
Xenus cinereus_Terek Sandpiper,Xenus cinereus,tersan,Terek Sandpiper,TESA
Xiphidiopicus percussus_Cuban Green Woodpecker,Xiphidiopicus percussus,cugwoo1,Cuban Green Woodpecker,CGWO
Xiphocolaptes albicollis_White-throated Woodcreeper,Xiphocolaptes albicollis,whtwoo1,White-throated Woodcreeper,
Xiphocolaptes major_Great Rufous Woodcreeper,Xiphocolaptes major,grrwoo1,Great Rufous Woodcreeper,
Xiphocolaptes promeropirhynchus_Strong-billed Woodcreeper,Xiphocolaptes promeropirhynchus,stbwoo1,Strong-billed Woodcreeper,SNBW
Xipholena punicea_Pompadour Cotinga,Xipholena punicea,pomcot1,Pompadour Cotinga,
Xiphorhynchus elegans_Elegant Woodcreeper,Xiphorhynchus elegans,elewoo1,Elegant Woodcreeper,
Xiphorhynchus erythropygius_Spotted Woodcreeper,Xiphorhynchus erythropygius,spowoo1,Spotted Woodcreeper,SPWO
Xiphorhynchus flavigaster_Ivory-billed Woodcreeper,Xiphorhynchus flavigaster,ivbwoo1,Ivory-billed Woodcreeper,IBIW
Xiphorhynchus fuscus_Lesser Woodcreeper,Xiphorhynchus fuscus,leswoo2,Lesser Woodcreeper,
Xiphorhynchus guttatus_Buff-throated Woodcreeper,Xiphorhynchus guttatus,butwoo1,Buff-throated Woodcreeper,
Xiphorhynchus lachrymosus_Black-striped Woodcreeper,Xiphorhynchus lachrymosus,blswoo1,Black-striped Woodcreeper,BSWO
Xiphorhynchus obsoletus_Striped Woodcreeper,Xiphorhynchus obsoletus,strwoo2,Striped Woodcreeper,
Xiphorhynchus ocellatus_Ocellated Woodcreeper,Xiphorhynchus ocellatus,ocewoo1,Ocellated Woodcreeper,
Xiphorhynchus pardalotus_Chestnut-rumped Woodcreeper,Xiphorhynchus pardalotus,chrwoo1,Chestnut-rumped Woodcreeper,
Xiphorhynchus spixii_Spix's Woodcreeper,Xiphorhynchus spixii,spiwoo1,Spix's Woodcreeper,
Xiphorhynchus susurrans_Cocoa Woodcreeper,Xiphorhynchus susurrans,cocwoo1,Cocoa Woodcreeper,COWO
Xiphorhynchus triangularis_Olive-backed Woodcreeper,Xiphorhynchus triangularis,olbwoo1,Olive-backed Woodcreeper,
Xolmis irupero_White Monjita,Xolmis irupero,whimon1,White Monjita,
Yuhina brunneiceps_Taiwan Yuhina,Yuhina brunneiceps,taiyuh1,Taiwan Yuhina,
Yuhina flavicollis_Whiskered Yuhina,Yuhina flavicollis,whiyuh1,Whiskered Yuhina,
Yuhina gularis_Stripe-throated Yuhina,Yuhina gularis,sttyuh1,Stripe-throated Yuhina,
Yuhina nigrimenta_Black-chinned Yuhina,Yuhina nigrimenta,blcyuh1,Black-chinned Yuhina,
Yuhina occipitalis_Rufous-vented Yuhina,Yuhina occipitalis,ruvyuh1,Rufous-vented Yuhina,
Yungipicus canicapillus_Gray-capped Pygmy Woodpecker,Yungipicus canicapillus,gycwoo1,Grey-capped Pygmy Woodpecker,
Yungipicus kizuki_Japanese Pygmy Woodpecker,Yungipicus kizuki,pygwoo1,Japanese Pygmy Woodpecker,
Yungipicus moluccensis_Sunda Pygmy Woodpecker,Yungipicus moluccensis,bncwoo2,Sunda Pygmy Woodpecker,
Yungipicus nanus_Brown-capped Pygmy Woodpecker,Yungipicus nanus,bncwoo3,Brown-capped Pygmy Woodpecker,
Zapornia bicolor_Black-tailed Crake,Zapornia bicolor,bltcra1,Black-tailed Crake,
Zapornia flavirostra_Black Crake,Zapornia flavirostra,blacra1,Black Crake,
Zapornia fusca_Ruddy-breasted Crake,Zapornia fusca,rubcra1,Ruddy-breasted Crake,
Zapornia parva_Little Crake,Zapornia parva,litcra1,Little Crake,
Zapornia paykullii_Band-bellied Crake,Zapornia paykullii,babcra1,Band-bellied Crake,
Zapornia pusilla_Baillon's Crake,Zapornia pusilla,baicra1,Baillon's Crake,
Zapornia tabuensis_Spotless Crake,Zapornia tabuensis,spocra2,Spotless Crake,
Zavattariornis stresemanni_Stresemann's Bush-Crow,Zavattariornis stresemanni,stbcro1,Ethiopian Bushcrow,
Zebrilus undulatus_Zigzag Heron,Zebrilus undulatus,zigher1,Zigzag Heron,
Zeledonia coronata_Wrenthrush,Zeledonia coronata,wrenth1,Wrenthrush,WRET
Zenaida asiatica_White-winged Dove,Zenaida asiatica,whwdov,White-winged Dove,WWDO
Zenaida auriculata_Eared Dove,Zenaida auriculata,eardov1,Eared Dove,EADO
Zenaida aurita_Zenaida Dove,Zenaida aurita,zendov,Zenaida Dove,ZEND
Zenaida macroura_Mourning Dove,Zenaida macroura,moudov,Mourning Dove,MODO
Zenaida meloda_West Peruvian Dove,Zenaida meloda,wepdov1,West Peruvian Dove,
Zentrygon albifacies_White-faced Quail-Dove,Zentrygon albifacies,wfqdov1,White-faced Quail-Dove,WFAQ
Zentrygon carrikeri_Tuxtla Quail-Dove,Zentrygon carrikeri,tuqdov1,Tuxtla Quail-Dove,TUQD
Zentrygon frenata_White-throated Quail-Dove,Zentrygon frenata,wtqdov1,White-throated Quail-Dove,
Zentrygon goldmani_Russet-crowned Quail-Dove,Zentrygon goldmani,rcqdov1,Russet-crowned Quail-Dove,RCQD
Zentrygon lawrencii_Purplish-backed Quail-Dove,Zentrygon lawrencii,pbqdov1,Purplish-backed Quail-Dove,PBQD
Zentrygon linearis_Lined Quail-Dove,Zentrygon linearis,liqdov1,Lined Quail-Dove,
Zimmerius acer_Guianan Tyrannulet,Zimmerius acer,guityr1,Guianan Tyrannulet,
Zimmerius albigularis_Choco Tyrannulet,Zimmerius albigularis,chotyr1,Choco Tyrannulet,
Zimmerius bolivianus_Bolivian Tyrannulet,Zimmerius bolivianus,boltyr1,Bolivian Tyrannulet,
Zimmerius chrysops_Golden-faced Tyrannulet,Zimmerius chrysops,goftyr1,Golden-faced Tyrannulet,
Zimmerius cinereicapilla_Red-billed Tyrannulet,Zimmerius cinereicapilla,rebtyr2,Red-billed Tyrannulet,
Zimmerius gracilipes_Slender-footed Tyrannulet,Zimmerius gracilipes,slftyr1,Slender-footed Tyrannulet,
Zimmerius parvus_Mistletoe Tyrannulet,Zimmerius parvus,paltyr3,Mistletoe Tyrannulet,MITY
Zimmerius vilissimus_Guatemalan Tyrannulet,Zimmerius vilissimus,paltyr2,Guatemalan Tyrannulet,GUTY
Zimmerius villarejoi_Mishana Tyrannulet,Zimmerius villarejoi,mistyr1,Mishana Tyrannulet,
Zimmerius viridiflavus_Peruvian Tyrannulet,Zimmerius viridiflavus,pertyr1,Peruvian Tyrannulet,
Zonotrichia albicollis_White-throated Sparrow,Zonotrichia albicollis,whtspa,White-throated Sparrow,WTSP
Zonotrichia atricapilla_Golden-crowned Sparrow,Zonotrichia atricapilla,gocspa,Golden-crowned Sparrow,GCSP
Zonotrichia capensis_Rufous-collared Sparrow,Zonotrichia capensis,rucspa1,Rufous-collared Sparrow,RCOS
Zonotrichia leucophrys_White-crowned Sparrow,Zonotrichia leucophrys,whcspa,White-crowned Sparrow,WCSP
Zonotrichia querula_Harris's Sparrow,Zonotrichia querula,harspa,Harris's Sparrow,HASP
Zoothera aurea_White's Thrush,Zoothera aurea,scathr2,White's Thrush,WHTH
Zoothera heinei_Russet-tailed Thrush,Zoothera heinei,rutthr1,Russet-tailed Thrush,
Zoothera lunulata_Bassian Thrush,Zoothera lunulata,oltthr1,Bassian Thrush,
Zoothera major_Amami Thrush,Zoothera major,scathr6,Amami Thrush,
Zosterops abyssinicus_Abyssinian White-eye,Zosterops abyssinicus,wbweye1,Abyssinian White-eye,
Zosterops anderssoni_Southern Yellow White-eye,Zosterops anderssoni,afywhe4,Southern Yellow White-eye,
Zosterops atricapilla_Black-capped White-eye,Zosterops atricapilla,bkcwhe1,Black-capped White-eye,
Zosterops atriceps_Cream-throated White-eye,Zosterops atriceps,crtwhe1,Cream-throated White-eye,
Zosterops atrifrons_Black-crowned White-eye,Zosterops atrifrons,bcweye2,Black-crowned White-eye,
Zosterops auriventer_Hume's White-eye,Zosterops auriventer,humwhe1,Hume's White-eye,
Zosterops ceylonensis_Sri Lanka White-eye,Zosterops ceylonensis,ceywhe1,Sri Lanka White-eye,
Zosterops chloronothos_Mauritius White-eye,Zosterops chloronothos,mauwhe1,Mauritius Olive White-eye,
Zosterops citrinella_Ashy-bellied White-eye,Zosterops citrinella,asbwhe1,Ashy-bellied White-eye,
Zosterops erythropleurus_Chestnut-flanked White-eye,Zosterops erythropleurus,cfweye1,Chestnut-flanked White-eye,
Zosterops eurycricotus_Kilimanjaro White-eye,Zosterops eurycricotus,brrwhe8,Broad-ringed White-eye,
Zosterops everetti_Everett's White-eye,Zosterops everetti,evweye1,Everett's White-eye,
Zosterops flavifrons_Yellow-fronted White-eye,Zosterops flavifrons,yfweye1,Vanuatu White-eye,
Zosterops flavilateralis_Pale White-eye,Zosterops flavilateralis,whbwhe3,Pale White-eye,
Zosterops japonicus_Warbling White-eye,Zosterops japonicus,warwhe1,Warbling White-eye,WAWE
Zosterops lateralis_Silvereye,Zosterops lateralis,silver3,Silvereye,
Zosterops luteus_Australian Yellow White-eye,Zosterops luteus,ayweye3,Canary White-eye,
Zosterops maderaspatanus_Malagasy White-eye,Zosterops maderaspatanus,madwhe1,Malagasy White-eye,
Zosterops mauritianus_Mauritius Gray White-eye,Zosterops mauritianus,maswhe3,Mauritius Grey White-eye,
Zosterops metcalfii_Yellow-throated White-eye,Zosterops metcalfii,ytweye1,Yellow-throated White-eye,
Zosterops meyeni_Lowland White-eye,Zosterops meyeni,loweye2,Lowland White-eye,
Zosterops pallidus_Orange River White-eye,Zosterops pallidus,capwhe6,Orange River White-eye,
Zosterops palpebrosus_Indian White-eye,Zosterops palpebrosus,indwhe1,Indian White-eye,
Zosterops senegalensis_Northern Yellow White-eye,Zosterops senegalensis,afywhe2,Northern Yellow White-eye,
Zosterops simplex_Swinhoe's White-eye,Zosterops simplex,swiwhe1,Swinhoe's White-eye,
Zosterops virens_Cape White-eye,Zosterops virens,capwhe2,Cape White-eye,
