scientific_name,ebird_code,common_name,alpha
Abavorana luctuosa,,,
Abeillia abeillei,emchum1,Emerald-chinned Hummingbird,ECHU
Abroscopus albogularis,rufwar1,Rufous-faced Warbler,
Abroscopus schisticeps,blfwar1,Black-faced Warbler,
Abroscopus superciliaris,yebwar1,Yellow-bellied Warbler,
Aburria aburri,watgua1,Wattled Guan,
Acanthagenys rufogularis,spchon1,Spiny-cheeked Honeyeater,
Acanthidops bairdi,pebfin1,Peg-billed Finch,PBFI
Acanthinodera cumingii,,,
Acanthis flammea,redpol1,Redpoll,REDP
Acanthisitta chloris,riflem1,Rifleman,
Acanthiza apicalis,inltho1,Inland Thornbill,
Acanthiza chrysorrhoa,yertho1,Yellow-rumped Thornbill,
Acanthiza cinerea,mouger1,Grey Thornbill,
Acanthiza ewingii,tastho1,Tasmanian Thornbill,
Acanthiza inornata,westho1,Western Thornbill,
Acanthiza iredalei,slbtho2,Slender-billed Thornbill,
Acanthiza katherina,moutho1,Mountain Thornbill,
Acanthiza lineata,strtho1,Striated Thornbill,
Acanthiza murina,paptho1,New Guinea Thornbill,
Acanthiza nana,yeltho1,Yellow Thornbill,
Acanthiza pusilla,brotho1,Brown Thornbill,
Acanthiza reguloides,burtho1,Buff-rumped Thornbill,
Acanthiza robustirostris,slbtho1,Slaty-backed Thornbill,
Acanthiza uropygialis,chrtho1,Chestnut-rumped Thornbill,
Acanthodis tessellata,,,
Acanthogryllus acus,,,
Acanthogryllus brunneri,,,
Acanthoplus discoidalis,,,
Acanthorhynchus superciliosus,wesspi1,Western Spinebill,
Acanthorhynchus tenuirostris,easspi1,Eastern Spinebill,
Acanthornis magna,scrubt2,Scrubtit,
Acanthosoma haemorrhoidale,,,
Acanthoventris drewseni,,,
Accelerating_and_revving_and_vroom,,,
Accipiter madagascariensis,madspa1,Madagascar Sparrowhawk,
Accipiter nisus,eurspa1,Eurasian Sparrowhawk,
Accipiter ovampensis,ovaspa2,Ovambo Sparrowhawk,
Accipiter poliogaster,gybhaw1,Grey-bellied Hawk,GBEH
Accipiter rufiventris,rucspa2,Rufous-breasted Sparrowhawk,
Accipiter striatus,shshaw,Sharp-shinned Hawk,SSHA
Accordion,,,
Aceros nipalensis,runhor1,Rufous-necked Hornbill,
Achaetops pycnopygius,damroc1,Rockrunner,
Acherontia atropos,,,
Acheta confalonierii,,,
Acheta domesticus,,,
Acheta hispanicus,,,
Acheta meridionalis,,,
Acheta rufopictus,,,
Acheta turcomanoides,,,
Acinonyx jubatus,,,
Acontista concinna,,,
Acoustic_guitar,,,
Acrida ungarica,,,
Acridotheres albocinctus,colmyn1,Collared Myna,
Acridotheres burmannicus,vibsta1,Burmese Myna,
Acridotheres cristatellus,cremyn,Crested Myna,
Acridotheres fuscus,junmyn1,Jungle Myna,
Acridotheres ginginianus,banmyn1,Bank Myna,
Acridotheres grandis,whvmyn1,Great Myna,
Acridotheres javanicus,whvmyn,Javan Myna,
Acridotheres leucocephalus,vibsta4,Vinous-breasted Myna,
Acridotheres melanopterus,bkwsta1,Black-winged Myna,
Acridotheres tristis,commyn,Common Myna,COMY
Acripeza reticulata,,,
Acris blanchardi,,,
Acris crepitans,,,
Acris gryllus,,,
Acritillas indica,yebbul3,Yellow-browed Bulbul,
Acrobates pygmaeus,,,
Acrobatornis fonsecai,pilgra1,Pink-legged Graveteiro,
Acrocephalus aequinoctialis,chiwar1,Bokikokiko,
Acrocephalus agricola,padwar1,Paddyfield Warbler,
Acrocephalus arundinaceus,grrwar1,Great Reed Warbler,
Acrocephalus atyphus,turwar1,Tuamotu Reed Warbler,
Acrocephalus australis,aurwar1,Australian Reed Warbler,
Acrocephalus bistrigiceps,bbrwar1,Black-browed Reed Warbler,
Acrocephalus brevipennis,cvswar1,Cape Verde Warbler,
Acrocephalus caffer,tahrew1,Tahiti Reed Warbler,
Acrocephalus concinens,blwwar1,Blunt-winged Warbler,
Acrocephalus dumetorum,blrwar1,Blyth's Reed Warbler,BREW
Acrocephalus familiaris,miller,Millerbird,MILL
Acrocephalus gracilirostris,leswar1,Lesser Swamp Warbler,
Acrocephalus griseldis,barwar2,Basra Reed Warbler,
Acrocephalus hiwae,sairew1,Saipan Reed Warbler,
Acrocephalus kerearako,cirwar2,Cook Reed Warbler,
Acrocephalus melanopogon,mouwar1,Moustached Warbler,
Acrocephalus mendanae,marwar2,Southern Marquesan Reed Warbler,
Acrocephalus newtoni,maswar1,Madagascar Swamp Warbler,
Acrocephalus orientalis,orrwar1,Oriental Reed Warbler,
Acrocephalus orinus,labrew1,Large-billed Reed Warbler,
Acrocephalus paludicola,aquwar1,Aquatic Warbler,
Acrocephalus palustris,marwar3,Marsh Warbler,
Acrocephalus percernis,marrew2,Northern Marquesan Reed Warbler,
Acrocephalus rehsei,narwar1,Nauru Reed Warbler,
Acrocephalus rimitarae,rimrew1,Rimatara Reed Warbler,
Acrocephalus rodericanus,rodbrw1,Rodrigues Warbler,
Acrocephalus rufescens,grswar2,Greater Swamp Warbler,
Acrocephalus schoenobaenus,sedwar1,Sedge Warbler,SEWA
Acrocephalus scirpaceus,eurwar1,Common Reed Warbler,
Acrocephalus sechellensis,sebwar1,Seychelles Warbler,
Acrocephalus stentoreus,clrwar1,Clamorous Reed Warbler,
Acrocephalus syrinx,carrew1,Caroline Reed Warbler,
Acrocephalus taiti,hirwar1,Henderson Reed Warbler,
Acrocephalus tangorum,manrew1,Manchurian Reed Warbler,
Acrocephalus vaughani,pirwar2,Pitcairn Reed Warbler,
Acrochordopus burmeisteri,roltyr3,Rough-legged Tyrannulet,
Acrochordopus zeledoni,roltyr1,White-fronted Tyrannulet,WFTY
Acrodectes philopagus,,,
Acrometopa cretensis,,,
Acrometopa italica,,,
Acrometopa macropoda,,,
Acrometopa servillea,,,
Acrometopa syriaca,,,
Acropternis orthonyx,ocetap1,Ocellated Tapaculo,
Acryllium vulturinum,vulgui1,Vulturine Guineafowl,
Actenoides bougainvillei,moukin2,Moustached Kingfisher,
Actenoides concretus,ruckin1,Rufous-collared Kingfisher,
Actenoides hombroni,blckin2,Blue-capped Kingfisher,
Actenoides lindsayi,spokin1,Spotted Wood Kingfisher,
Actenoides monachus,grbkin1,Green-backed Kingfisher,
Actenoides princeps,scakin1,Scaly-breasted Kingfisher,
Actinodura cyanouroptera,blwmin1,Blue-winged Minla,
Actinodura egertoni,rufbar1,Rusty-fronted Barwing,
Actinodura morrisoniana,taibar1,Taiwan Barwing,
Actinodura nipalensis,hotbar1,Hoary-throated Barwing,
Actinodura ramsayi,spebar1,Spectacled Barwing,
Actinodura sodangorum,bkcbar1,Black-crowned Barwing,
Actinodura souliei,strbar1,Streaked Barwing,
Actinodura strigula,chtmin1,Bar-throated Minla,
Actinodura waldeni,sttbar1,Streak-throated Barwing,
Actitis hypoleucos,comsan,Common Sandpiper,COSA
Actitis macularius,sposan,Spotted Sandpiper,SPSA
Actophilornis africanus,afrjac1,African Jacana,
Actophilornis albinucha,madjac1,Madagascar Jacana,
Addax nasomaculatus,,,
Adelomyia melanogenys,spehum1,Speckled Hummingbird,
Adelophryne amapaensis,,,
Adelophryne baturitensis,,,
Adelotus brevis,,,
Adelpha californica,,,
Adelphobates quinquevittatus,,,
Adenomera andreae,,,
Adenomera araucaria,,,
Adenomera bokermanni,,,
Adenomera diptyx,,,
Adenomera heyeri,,,
Adenomera hylaedactyla,,,
Adenomera marmorata,,,
Adenomera nana,,,
Adenomera saci,,,
Aechmophorus clarkii,clagre,Clark's Grebe,CLGR
Aechmophorus occidentalis,wesgre,Western Grebe,WEGR
Aegithalos caudatus,lottit1,Long-tailed Tit,
Aegithalos concinnus,blttit2,Black-throated Bushtit,
Aegithalos exilis,pygtit1,Pygmy Bushtit,
Aegithalos fuliginosus,sootit1,Sooty Bushtit,
Aegithalos glaucogularis,lottit5,Silver-throated Bushtit,
Aegithalos iouschistos,bkbtit3,Black-browed Bushtit,
Aegithalos leucogenys,whctit1,White-cheeked Bushtit,
Aegithalos niveogularis,whttit1,White-throated Bushtit,
Aegithina lafresnayei,greior1,Great Iora,
Aegithina nigrolutea,whtior1,Marshall's Iora,
Aegithina tiphia,comior1,Common Iora,
Aegithina viridissima,greior2,Green Iora,
Aegolius acadicus,nswowl,Northern Saw-whet Owl,NSWO
Aegolius funereus,borowl,Boreal Owl,BOOW
Aegolius harrisii,bufowl1,Buff-fronted Owl,
Aegolius ridgwayi,uswowl1,Unspotted Saw-whet Owl,USWO
Aegotheles albertisi,moonig1,Mountain Owlet-nightjar,
Aegotheles bennettii,barown1,Barred Owlet-nightjar,
Aegotheles crinifrons,molown1,Moluccan Owlet-nightjar,
Aegotheles cristatus,auonig1,Australian Owlet-nightjar,
Aegotheles insignis,feonig1,Feline Owlet-nightjar,
Aegotheles tatei,spaown1,Starry Owlet-nightjar,
Aegotheles wallacii,waonig1,Wallace's Owlet-nightjar,
Aegypius monachus,cinvul1,Cinereous Vulture,
Aenigmatolimnas marginalis,strcra1,Striped Crake,
Aepyceros melampus,,,
Aepypodius arfakianus,watbrt1,Wattled Brushturkey,
Aerodramus amelis,palswi2,Ameline Swiftlet,
Aerodramus brevirostris,himswi2,Himalayan Swiftlet,
Aerodramus elaphrus,seyswi1,Seychelles Swiftlet,
Aerodramus francicus,masswi1,Mascarene Swiftlet,
Aerodramus fuciphagus,y00731,Edible-nest Swiftlet,
Aerodramus hirundinaceus,mouswi2,Mountain Swiftlet,
Aerodramus infuscatus,molswi5,Moluccan Swiftlet,
Aerodramus inquietus,caiswi1,Caroline Swiftlet,
Aerodramus leucophaeus,polswi1,Polynesian Swiftlet,
Aerodramus maximus,blnswi1,Black-nest Swiftlet,
Aerodramus mearnsi,phiswi1,Philippine Swiftlet,
Aerodramus ocistus,,,
Aerodramus pelewensis,palswi1,Palau Swiftlet,
Aerodramus salangana,monswi2,Mossy-nest Swiftlet,
Aerodramus sawtelli,atiswi1,Atiu Swiftlet,
Aerodramus spodiopygius,whrswi2,White-rumped Swiftlet,
Aerodramus terraereginae,ausswi1,Australian Swiftlet,
Aerodramus unicolor,indswi1,Indian Swiftlet,
Aerodramus vanikorensis,uniswi1,Uniform Swiftlet,
Aeronautes andecolus,andswi1,Andean Swift,
Aeronautes montivagus,whtswi1,White-tipped Swift,
Aeronautes saxatalis,whtswi,White-throated Swift,WTSW
Aeropedellus clavatus,,,
Aeropedellus variegatus,,,
Aerospiza castanilius,chfspa1,Chestnut-flanked Sparrowhawk,
Aerospiza tachiro,afrgos1,African Goshawk,
Aeshna umbrosa,,,
Aethia cristatella,creauk,Crested Auklet,CRAU
Aethia psittacula,parauk,Parakeet Auklet,PAAU
Aethia pusilla,leaauk,Least Auklet,LEAU
Aethia pygmaea,whiauk,Whiskered Auklet,WHAU
Aethomyias arfakianus,gygscr1,Grey-green Scrubwren,
Aethomyias nigrorufus,bimwar1,Bicolored Scrubwren,
Aethomyias papuensis,papscr1,Papuan Scrubwren,
Aethomyias perspicillatus,bufscr1,Buff-faced Scrubwren,
Aethomyias rufescens,vogscr1,Vogelkop Scrubwren,
Aethomyias spilodera,pabscr1,Pale-billed Scrubwren,
Aethopyga bella,hansun1,Handsome Sunbird,
Aethopyga boltoni,moasun1,Apo Sunbird,
Aethopyga christinae,fotsun1,Fork-tailed Sunbird,
Aethopyga duyvenbodei,elesun1,Elegant Sunbird,
Aethopyga flagrans,flasun1,Flaming Sunbird,
Aethopyga gouldiae,gousun1,Mrs. Gould's Sunbird,
Aethopyga guimarasensis,mansun1,Maroon-naped Sunbird,
Aethopyga ignicauda,fitsun1,Fire-tailed Sunbird,
Aethopyga linaraborae,linsun1,Lina's Sunbird,
Aethopyga magnifica,magsun1,Magnificent Sunbird,
Aethopyga mystacalis,scasun1,Javan Sunbird,
Aethopyga nipalensis,grtsun1,Green-tailed Sunbird,
Aethopyga primigenia,gyhsun2,Grey-hooded Sunbird,
Aethopyga pulcherrima,mewsun3,Metallic-winged Sunbird,
Aethopyga saturata,bltsun1,Black-throated Sunbird,
Aethopyga shelleyi,lovsun1,Lovely Sunbird,
Aethopyga siparaja,eacsun1,Crimson Sunbird,
Aethopyga temminckii,temsun1,Temminck's Sunbird,
Aethopyga vigorsii,wecsun1,Vigors's Sunbird,
Afrixalus aureus,,,
Afrixalus brachycnemis,,,
Afrixalus clarkei,,,
Afrixalus crotalus,,,
Afrixalus delicatus,,,
Afrixalus dorsalis,,,
Afrixalus fornasini,,,
Afrixalus fulvovittatus,,,
Afrixalus knysnae,,,
Afrixalus morerei,,,
Afrixalus osorioi,,,
Afrixalus quadrivittatus,,,
Afrixalus spinifrons,,,
Afrixalus stuhlmanni,,,
Afrixalus sylvaticus,,,
Afrixalus wittei,,,
Afromelampsalta leucoptera,,,
Afropavo congensis,conpea1,Congo Peafowl,
Afrotis afra,blabus3,Southern Black Korhaan,
Afrotis afraoides,whqbus1,Northern Black Korhaan,
Agalychnis annae,,,
Agalychnis callidryas,,,
Agalychnis dacnicolor,,,
Agalychnis moreletii,,,
Agalychnis taylori,,,
Agamia agami,agaher1,Agami Heron,AGHE
Agapanthia dahlii,,,
Agapanthia villosoviridescens,,,
Agapanthia violacea,,,
Agapornis canus,gyhlov1,Grey-headed Lovebird,
Agapornis fischeri,fislov1,Fischer's Lovebird,
Agapornis lilianae,lillov1,Lilian's Lovebird,
Agapornis nigrigenis,blclov1,Black-cheeked Lovebird,
Agapornis personatus,yeclov,Yellow-collared Lovebird,
Agapornis pullarius,rehlov1,Red-headed Lovebird,
Agapornis roseicollis,peflov,Rosy-faced Lovebird,RFLO
Agapornis swindernianus,blclov2,Black-collared Lovebird,
Agapornis taranta,blwlov1,Black-winged Lovebird,
Agelaioides badius,bawcow4,Greyish Baywing,
Agelaioides fringillarius,bawcow3,Pale Baywing,
Agelaius assimilis,resbla1,Red-shouldered Blackbird,RSBL
Agelaius humeralis,tasbla,Tawny-shouldered Blackbird,TSBL
Agelaius phoeniceus,rewbla,Red-winged Blackbird,RWBL
Agelaius tricolor,tribla,Tricolored Blackbird,TRBL
Agelaius xanthomus,yesbla1,Yellow-shouldered Blackbird,YSBL
Agelastes meleagrides,whbgui1,White-breasted Guineafowl,
Agelastes niger,blagui1,Black Guineafowl,
Agelasticus cyanopus,unibla2,Unicolored Blackbird,
Agelasticus thilius,yewbla2,Yellow-winged Blackbird,
Agelasticus xanthophthalmus,paebla2,Pale-eyed Blackbird,
Ageneotettix deorum,,,
Aglaeactis aliciae,pubsun1,Purple-backed Sunbeam,
Aglaeactis castelnaudii,whtsun1,White-tufted Sunbeam,
Aglaeactis cupripennis,shisun1,Shining Sunbeam,
Aglaeactis pamela,blhsun1,Black-hooded Sunbeam,
Aglaiocercus berlepschi,vensyl1,Venezuelan Sylph,
Aglaiocercus coelestis,vitsyl1,Violet-tailed Sylph,
Aglaiocercus kingii,lotsyl1,Long-tailed Sylph,
Aglaothorax diminutiva,,,
Aglaothorax gurneyi,,,
Aglaothorax morsei,,,
Aglaothorax ovatus,,,
Agraecia agraecioides,,,
Agraphospiza rubescens,blaros1,Blanford's Rosefinch,
Agricola infuscatus,chafly2,Chat Flycatcher,
Agricola pallidus,palfly2,Pale Flycatcher,
Agriornis albicauda,wtstyr1,White-tailed Shrike-Tyrant,
Agriornis lividus,gresht1,Great Shrike-Tyrant,
Agriornis micropterus,gybsht1,Grey-bellied Shrike-Tyrant,
Agriornis montanus,bkbsht1,Black-billed Shrike-Tyrant,
Agriornis murinus,lessht1,Lesser Shrike-Tyrant,
Agriotes lineatus,,,
Agropsar philippensis,chcsta1,Chestnut-cheeked Starling,
Agropsar sturninus,dausta1,Daurian Starling,
Ailuroedus arfakianus,,,
Ailuroedus astigmaticus,,,
Ailuroedus buccoides,whecat1,White-eared Catbird,
Ailuroedus crassirostris,grecat1,Green Catbird,
Ailuroedus geislerorum,taccat1,Tan-capped Catbird,
Ailuroedus jobiensis,,,
Ailuroedus maculosus,spocat2,Spotted Catbird,
Ailuroedus melanocephalus,,,
Ailuroedus melanotis,spocat1,Black-eared Catbird,
Ailuroedus stonii,ocbcat1,Ochre-breasted Catbird,
Ailuropoda melanoleuca,,,
Ailurus fulgens,,,
Aimophila notosticta,oaxspa1,Oaxaca Sparrow,OASP
Aimophila rufescens,russpa1,Rusty Sparrow,RUSP
Aimophila ruficeps,rucspa,Rufous-crowned Sparrow,RCSP
Aiolopus strepens,,,
Aircraft,,,
Aix galericulata,manduc,Mandarin Duck,
Aix sponsa,wooduc,Wood Duck,WODU
Ajorama balatukanis,,,
Akletos goeldii,goeant1,Goeldi's Antbird,
Akletos melanoceps,whsant1,White-shouldered Antbird,
Alaemon alaudipes,grhlar1,Greater Hoopoe-Lark,
Alaemon hamertoni,lehlar1,Lesser Hoopoe-Lark,
Alarm,,,
Alauda arvensis,skylar,Eurasian Skylark,EUSK
Alauda gulgula,orisky1,Oriental Skylark,
Alauda leucoptera,whwlar1,White-winged Lark,
Alauda razae,razsky1,Raso Lark,
Alaudala cheleensis,lstlar2,Asian Short-toed Lark,
Alaudala heinei,tstlar1,Turkestan Short-toed Lark,
Alaudala raytal,sanlar1,Sand Lark,
Alaudala rufescens,mstlar1,Mediterranean Short-toed Lark,
Alaudala somalica,sstlar1,Somali Short-toed Lark,
Albarracinia zapaterii,,,
Alburnus alburnus,,,
Alca torda,razorb,Razorbill,RAZO
Alcedo atthis,comkin1,Common Kingfisher,
Alcedo coerulescens,smbkin1,Cerulean Kingfisher,
Alcedo euryzona,bubkin2,Javan Blue-banded Kingfisher,
Alcedo hercules,blykin1,Blyth's Kingfisher,
Alcedo meninting,blekin1,Blue-eared Kingfisher,
Alcedo quadribrachys,shbkin1,Shining-blue Kingfisher,
Alcedo semitorquata,hackin1,Half-collared Kingfisher,
Alces alces,,,
Alcippe brunneicauda,broful1,Brown Fulvetta,
Alcippe davidi,gycful3,David's Fulvetta,
Alcippe fratercula,gycful4,Yunnan Fulvetta,
Alcippe grotei,bkbful1,Black-browed Fulvetta,
Alcippe hueti,gycful5,Huet's Fulvetta,
Alcippe morrisonia,gycful1,Grey-cheeked Fulvetta,
Alcippe nipalensis,nepful1,Nepal Fulvetta,
Alcippe peracensis,mouful1,Mountain Fulvetta,
Alcippe poioicephala,brcful1,Brown-cheeked Fulvetta,
Alcippe pyrrhoptera,javful1,Javan Fulvetta,
Alcurus striatus,strbul2,Striated Bulbul,
Aldabrachelys gigantea,,,
Aleadryas rufinucha,runwhi1,Rufous-naped Bellbird,
Alectoris barbara,barpar2,Barbary Partridge,
Alectoris chukar,chukar,Chukar Partridge,CHUK
Alectoris graeca,rocpar2,Rock Partridge,
Alectoris magna,przpar1,Przevalski's Partridge,
Alectoris melanocephala,arapar1,Arabian Partridge,
Alectoris philbyi,phipar1,Philby's Partridge,
Alectoris rufa,relpar1,Red-legged Partridge,
Alectroenas madagascariensis,mabpig1,Madagascar Blue Pigeon,
Alectroenas pulcherrimus,sebpig1,Seychelles Blue Pigeon,
Alectroenas sganzini,cobpig1,Comoro Blue Pigeon,
Alectrurus risora,stttyr1,Strange-tailed Tyrant,
Alectrurus tricolor,cottyr1,Cock-tailed Tyrant,
Alectura lathami,ausbrt1,Australian Brushturkey,
Aleeta curvicosta,,,
Alethe castanea,ficale2,Fire-crested Alethe,
Alethe diademata,ficale3,White-tailed Alethe,
Alexandromys oeconomus,,,
Alinjarria elongata,,,
Alipiopsitta xanthops,yefpar5,Yellow-faced Parrot,
Alisterus amboinensis,mokpar1,Moluccan King Parrot,
Alisterus chloropterus,pakpar1,Papuan King Parrot,
Alisterus scapularis,aukpar1,Australian King Parrot,
Alle alle,doveki,Little Auk,DOVE
Allenia fusca,scbthr,Scaly-breasted Thrasher,SBTH
Allenopithecus nigroviridis,,,
Alligator mississippiensis,,,
Alligator sinensis,,,
Allobates femoralis,,,
Allobates granti,,,
Allobates ignotus,,,
Allobates marchesianus,,,
Allobates niputidea,,,
Allobates ripicolus,,,
Allobates talamancae,,,
Allobates zaparo,,,
Allochrocebus lhoesti,,,
Allonemobius allardi,,,
Allonemobius fasciatus,,,
Allonemobius griseus,,,
Allonemobius maculatus,,,
Allonemobius shalontaki,,,
Allonemobius socius,,,
Allonemobius tinnulus,,,
Allonemobius walkeri,,,
Allophryne resplendens,,,
Allophryne ruthveni,,,
Alloteratura lamella,,,
Aloha campylothecae,,,
Aloha swezeyi,,,
Alophoixus flaveolus,whtbul1,White-throated Bulbul,
Alophoixus frater,gytbul1,Palawan Bulbul,
Alophoixus ochraceus,ochbul2,Ochraceous Bulbul,
Alophoixus pallidus,putbul1,Puff-throated Bulbul,
Alophoixus phaeocephalus,yebbul2,Yellow-bellied Bulbul,
Alophoixus ruficrissus,ochbul3,Penan Bulbul,
Alopochelidon fucata,tahswa2,Tawny-headed Swallow,
Alopochen aegyptiaca,egygoo,Egyptian Goose,EGGO
Alouatta belzebul,,,
Alouatta caraya,,,
Alouatta guariba,,,
Alouatta macconnelli,,,
Alouatta palliata,,,
Alouatta pigra,,,
Alouatta sara,,,
Alouatta seniculus,,,
Alytes almogavarii,,,
Alytes cisternasii,,,
Alytes dickhilleni,,,
Alytes muletensis,,,
Alytes obstetricans,,,
Amadina erythrocephala,rehfin1,Red-headed Finch,
Amadina fasciata,cutthr1,Cut-throat Finch,
Amalocichla incerta,legrob1,Lesser Ground Robin,
Amalocichla sclateriana,grgrob1,Greater Ground Robin,
Amandava amandava,redava,Red Avadavat,REAV
Amandava subflava,zebwax2,Orange-breasted Waxbill,
Amaurolimnas concolor,unicra1,Uniform Crake,UNIC
Amaurornis isabellina,isabuh1,Isabelline Bush-hen,
Amaurornis magnirostris,talbuh1,Talaud Bush-hen,
Amaurornis moluccana,rutbuh1,Pale-vented Bush-hen,
Amaurornis olivacea,plabuh1,Plain Bush-hen,
Amaurornis phoenicurus,whbwat1,White-breasted Waterhen,
Amaurospiza aequatorialis,blusee4,Ecuadorian Seedeater,
Amaurospiza carrizalensis,carsee1,Carrizal Seedeater,
Amaurospiza concolor,blusee1,Blue Seedeater,BLSE
Amaurospiza moesta,blbsee3,Blackish-blue Seedeater,
Amazilia luciae,honeme1,Honduran Emerald,HOEM
Amazilia rutila,cinhum1,Cinnamon Hummingbird,CIHU
Amazilia tzacatl,rtlhum,Rufous-tailed Hummingbird,RTAH
Amazilia yucatanensis,bubhum,Buff-bellied Hummingbird,BBEH
Amazilis amazilia,amahum1,Amazilia Hummingbird,AMHU
Amazona aestiva,bufpar,Turquoise-fronted Amazon,
Amazona agilis,blbpar1,Black-billed Amazon,BBPA
Amazona albifrons,whfpar1,White-fronted Amazon,WFPA
Amazona amazonica,orwpar,Orange-winged Amazon,
Amazona arausiaca,renpar1,Red-necked Amazon,RNPA
Amazona auropalliata,yenpar1,Yellow-naped Amazon,YNPA
Amazona autumnalis,relpar,Red-lored Amazon,RLPA
Amazona barbadensis,yespar1,Yellow-shouldered Amazon,
Amazona brasiliensis,retpar1,Red-tailed Amazon,
Amazona collaria,yebpar1,Yellow-billed Amazon,YBPA
Amazona dufresniana,blcpar2,Blue-cheeked Amazon,
Amazona farinosa,meapar,Mealy Amazon,MEAP
Amazona festiva,fespar1,Festive Amazon,
Amazona finschi,licpar,Lilac-crowned Amazon,LCPA
Amazona guildingii,stvpar1,St. Vincent Amazon,SVPA
Amazona imperialis,imppar1,Imperial Amazon,IMPA
Amazona kawalli,kawpar1,Kawall's Amazon,
Amazona leucocephala,cubpar1,Cuban Amazon,CPAT
Amazona mercenarius,scnpar1,Scaly-naped Amazon,
Amazona ochrocephala,ywcpar,Yellow-crowned Amazon,YCRP
Amazona oratrix,yehpar,Yellow-headed Amazon,YHPA
Amazona pretrei,respar2,Red-spectacled Amazon,
Amazona rhodocorytha,rebpar7,Red-browed Amazon,
Amazona tucumana,tucpar1,Tucuman Amazon,
Amazona ventralis,hispar1,Hispaniolan Amazon,HPAT
Amazona versicolor,stlpar1,St. Lucia Amazon,SLPA
Amazona vinacea,vinpar1,Vinaceous-breasted Amazon,
Amazona viridigenalis,recpar,Red-crowned Amazon,RCPA
Amazona vittata,purpar1,Puerto Rican Amazon,PRPO
Amazona xantholora,yelpar1,Yucatan Amazon,YLPA
Amazonetta brasiliensis,bratea1,Brazilian Teal,
Amazophrynella minuta,,,
Ambloplites rupestris,,,
Amblycercus holosericeus,yebcac1,Yellow-billed Cacique,YBIC
Amblycorypha alexanderi,,,
Amblycorypha arenicola,,,
Amblycorypha floridana,,,
Amblycorypha huasteca,,,
Amblycorypha oblongifolia,,,
Amblycorypha parvipennis,,,
Amblycorypha rivograndis,,,
Amblycorypha rotundifolia,,,
Amblyornis inornata,vogbow2,Vogelkop Bowerbird,
Amblyornis macgregoriae,macbow2,MacGregor's Bowerbird,
Amblyornis subalaris,strbow1,Streaked Bowerbird,
Amblyospiza albifrons,growea1,Thick-billed Weaver,
Amblyramphus holosericeus,schbla1,Scarlet-headed Blackbird,
Ambystoma maculatum,,,
Amedegnatiana vicheti,,,
Ameerega berohoka,,,
Ameerega braccata,,,
Ameerega flavopicta,,,
Ameerega hahneli,,,
Ameerega macero,,,
Ameerega munduruku,,,
Ameerega petersi,,,
Ameerega picta,,,
Ameerega pulchripecta,,,
Ameerega trivittata,,,
Amegilla asserta,,,
Amegilla calva,,,
Amegilla garrula,,,
Ameiurus melas,,,
Amietia delalandii,,,
Amietia fuscigula,,,
Amietia poyntoni,,,
Amietia tenuoplicata,,,
Amietia wittei,,,
Amirafra angolensis,anglar1,Angola Lark,
Amirafra collaris,collar1,Collared Lark,
Amirafra rufocinnamomea,flalar1,Flappet Lark,
Ammodramus aurifrons,yebspa1,Yellow-browed Sparrow,
Ammodramus humeralis,graspa1,Grassland Sparrow,
Ammodramus savannarum,graspa,Grasshopper Sparrow,GRSP
Ammomanes cinctura,batlar1,Bar-tailed Lark,
Ammomanes deserti,deslar1,Desert Lark,
Ammomanes phoenicura,rutlar2,Rufous-tailed Lark,
Ammomanopsis grayi,gralar2,Gray's Lark,
Ammonastes pelzelni,gybant1,Grey-bellied Antbird,
Ammoperdix griseogularis,sespar1,See-see Partridge,
Ammoperdix heyi,sanpar1,Sand Partridge,
Ammospermophilus harrisii,,,
Ammospermophilus interpres,,,
Ammospiza caudacuta,sstspa,Saltmarsh Sparrow,SALS
Ammospiza leconteii,lecspa,LeConte's Sparrow,LCSP
Ammospiza maritima,seaspa,Seaside Sparrow,SESP
Ammospiza nelsoni,nstspa,Nelson's Sparrow,NESP
Ammotragus lervia,,,
Amolops torrentis,,,
Ampeliceps coronatus,gocmyn1,Golden-crested Myna,
Ampelioides tschudii,scafru1,Scaled Fruiteater,
Ampelion rubrocristatus,reccot1,Red-crested Cotinga,
Ampelion rufaxilla,chccot1,Chestnut-crested Cotinga,
Ampelornis griseiceps,gyhant1,Grey-headed Antbird,
Amphiestris baetica,,,
Amphipsalta cingulata,,,
Amphipsalta strepitans,,,
Amphipsalta zelandica,,,
Amphispiza bilineata,bktspa,Black-throated Sparrow,BTSP
Amphispizopsis quinquestriata,fisspa,Five-striped Sparrow,FSSP
Amphitornus coloradus,,,
Amphylaeus obscuriceps,,,
Ampulex compressa,,,
Amytornis ballarae,kalgra1,Kalkadoon Grasswren,
Amytornis barbatus,grygra1,Grey Grasswren,
Amytornis dorotheae,cargra2,Carpentarian Grasswren,
Amytornis goyderi,eyrgra1,Eyrean Grasswren,
Amytornis housei,blagra1,Black Grasswren,
Amytornis merrotsyi,shtgra1,Short-tailed Grasswren,
Amytornis modestus,thbgra4,Thick-billed Grasswren,
Amytornis oweni,sangra1,Sandhill Grasswren,
Amytornis purnelli,dusgra1,Dusky Grasswren,
Amytornis rowleyi,rusgra1,Opalton Grasswren,
Amytornis striatus,strgra2,Striated Grasswren,
Amytornis textilis,thbgra1,Western Grasswren,
Amytornis whitei,strgra4,Pilbara Grasswren,
Amytornis woodwardi,whtgra1,White-throated Grasswren,
Anabacerthia amaurotis,whbfog1,White-browed Foliage-gleaner,
Anabacerthia lichtensteini,obfgle2,Ochre-breasted Foliage-gleaner,
Anabacerthia ruficaudata,rutfog1,Rufous-tailed Foliage-gleaner,
Anabacerthia striaticollis,mofgle1,Montane Foliage-gleaner,
Anabacerthia variegaticeps,stfgle1,Scaly-throated Foliage-gleaner,STFG
Anabathmis hartlaubii,prisun2,Principe Sunbird,
Anabathmis newtonii,newsun2,Newton's Sunbird,
Anabathmis reichenbachii,reisun2,Reichenbach's Sunbird,
Anabazenops dorsalis,ducfog1,Bamboo Foliage-gleaner,
Anabazenops fuscus,wcfgle1,White-collared Foliage-gleaner,
Anabrus cerciata,,,
Anabrus simplex,,,
Anadolua burri,,,
Anadolua schwarzi,,,
Anadrymadusa brevipennis,,,
Anadrymadusa ornatipennis,,,
Anadrymadusa retowskii,,,
Anadrymadusa spinicercis,,,
Anairetes alpinus,abttyr1,Ash-breasted Tit-Tyrant,
Anairetes fernandezianus,jfttyr1,Juan Fernandez Tit-Tyrant,
Anairetes flavirostris,ybttyr1,Yellow-billed Tit-Tyrant,
Anairetes nigrocristatus,bkctit1,Black-crested Tit-Tyrant,
Anairetes parulus,tuttyr1,Tufted Tit-Tyrant,
Anairetes reguloides,pcttyr1,Pied-crested Tit-Tyrant,
Anaplectes rubriceps,rehwea1,Red-headed Weaver,
Anapsaltoda pulchra,,,
Anarhynchus alexandrinus,kenplo1,Kentish Plover,
Anarhynchus alticola,punplo1,Puna Plover,
Anarhynchus asiaticus,casplo1,Caspian Plover,
Anarhynchus atrifrons,lessap1,Tibetan Sand Plover,
Anarhynchus bicinctus,dobplo1,Double-banded Plover,
Anarhynchus collaris,colplo1,Collared Plover,COPL
Anarhynchus dealbatus,whfplo2,White-faced Plover,
Anarhynchus falklandicus,twbplo1,Two-banded Plover,
Anarhynchus frontalis,wrybil1,Wrybill,
Anarhynchus javanicus,javplo1,Javan Plover,
Anarhynchus leschenaultii,grsplo,Greater Sand Plover,GSAP
Anarhynchus marginatus,whfplo1,White-fronted Plover,
Anarhynchus mongolus,lessap2,Siberian Sand Plover,SISP
Anarhynchus montanus,mouplo,Mountain Plover,MOPL
Anarhynchus nivosus,snoplo5,Snowy Plover,SNPL
Anarhynchus obscurus,rebdot1,New Zealand Plover,
Anarhynchus pallidus,chbplo1,Chestnut-banded Plover,
Anarhynchus pecuarius,kitplo1,Kittlitz's Plover,
Anarhynchus peronii,malplo1,Malaysian Plover,
Anarhynchus ruficapillus,recplo1,Red-capped Plover,
Anarhynchus sanctaehelenae,sthplo1,St. Helena Plover,
Anarhynchus thoracicus,madplo1,Madagascar Plover,
Anarhynchus veredus,oriplo1,Oriental Plover,ORPL
Anarhynchus wilsonia,wilplo,Wilson's Plover,WIPL
Anartia amathea,,,
Anas acuta,norpin,Northern Pintail,NOPI
Anas albogularis,andtea1,Andaman Teal,
Anas andium,spetea3,Andean Teal,
Anas bahamensis,whcpin,White-cheeked Pintail,WCHP
Anas bernieri,bertea1,Bernier's Teal,
Anas capensis,captea1,Cape Teal,
Anas castanea,chetea1,Chestnut Teal,
Anas chlorotis,brotea1,Brown Teal,
Anas crecca,gnwtea,Green-winged Teal,GWTE
Anas diazi,mexduc,Mexican Duck,MEDU
Anas eatoni,eatpin1,Eaton's Pintail,
Anas erythrorhyncha,rebduc1,Red-billed Teal,
Anas flavirostris,yebtea1,Yellow-billed Teal,
Anas fulvigula,motduc,Mottled Duck,MODU
Anas georgica,yebpin1,Yellow-billed Pintail,
Anas gibberifrons,suntea1,Sunda Teal,
Anas gracilis,gretea1,Grey Teal,
Anas laysanensis,layduc,Laysan Duck,LAYD
Anas luzonica,phiduc1,Philippine Duck,
Anas melleri,melduc1,Meller's Duck,
Anas nesiotis,caitea1,Campbell Teal,
Anas platyrhynchos,mallar3,Mallard,MALL
Anas poecilorhyncha,isbduc1,Indian Spot-billed Duck,
Anas rubripes,ambduc,American Black Duck,ABDU
Anas sparsa,afbduc1,African Black Duck,
Anas superciliosa,pabduc1,Pacific Black Duck,
Anas undulata,yebduc1,Yellow-billed Duck,
Anas wyvilliana,hawduc,Hawaiian Duck,HAWD
Anas zonorhyncha,spbduc,Eastern Spot-billed Duck,ESBD
Anasaitis canosus,,,
Anastomus lamelligerus,afrope1,African Openbill,
Anastomus oscitans,asiope1,Asian Openbill,
Anaxipha calusa,,,
Anaxipha exigua,,,
Anaxipha fultoni,,,
Anaxipha hyalicetra,,,
Anaxipha rosamacula,,,
Anaxipha thomasi,,,
Anaxipha tinnulacita,,,
Anaxipha tinnulenta,,,
Anaxipha vernalis,,,
Anaxyrus americanus,,,
Anaxyrus boreas,,,
Anaxyrus californicus,,,
Anaxyrus canorus,,,
Anaxyrus cognatus,,,
Anaxyrus debilis,,,
Anaxyrus fowleri,,,
Anaxyrus hemiophrys,,,
Anaxyrus nelsoni,,,
Anaxyrus punctatus,,,
Anaxyrus quercicus,,,
Anaxyrus retiformis,,,
Anaxyrus speciosus,,,
Anaxyrus terrestris,,,
Anaxyrus woodhousii,,,
Ancistrops strigilatus,chwhoo1,Chestnut-winged Hookbill,
Ancistrura nigrovittata,,,
Andigena cucullata,homtou1,Hooded Mountain Toucan,
Andigena hypoglauca,gybmot1,Grey-breasted Mountain Toucan,
Andigena laminirostris,pbmtou1,Plate-billed Mountain Toucan,
Andigena nigrirostris,bbmtou1,Black-billed Mountain Toucan,
Andinobates bombetes,,,
Andinobates cassidyhornae,,,
Andinobates opisthomelas,,,
Andinobates victimatus,,,
Andreiniimon nuptialis,,,
Androdon aequatorialis,tobhum1,Tooth-billed Hummingbird,TBHU
Andropadus importunus,somgre1,Sombre Greenbul,
Androphobus viridis,papwhi1,Papuan Whipbird,
Anele ulia,,,
Anelytra cornuta,,,
Anelytra curvata,,,
Anelytra elongata,,,
Anelytra fastigata,,,
Anelytra furcata,,,
Anelytra petria,,,
Anelytra robusta,,,
Anelytra rufa,,,
Anelytra symfioma,,,
Anelytra tristellata,,,
Angaracris barabensis,,,
Anguis colchica,,,
Angusta fangtingyui,,,
Anhima cornuta,horscr1,Horned Screamer,
Anhinga anhinga,anhing,Anhinga,ANHI
Anhinga melanogaster,darter2,Oriental Darter,
Anhinga novaehollandiae,darter4,Australasian Darter,
Anhinga rufa,darter3,African Darter,
Anhydrophryne hewitti,,,
Anhydrophryne ngongoniensis,,,
Anhydrophryne rattrayi,,,
Animal,,,
Anisognathus igniventris,sbmtan1,Scarlet-bellied Mountain Tanager,
Anisognathus lacrymosus,lamtan1,Lacrimose Mountain Tanager,
Anisognathus melanogenys,bkcmot1,Santa Marta Mountain Tanager,
Anisognathus notabilis,bcmtan2,Black-chinned Mountain Tanager,
Anisognathus somptuosus,bwmtan1,Blue-winged Mountain Tanager,
Anodorhynchus hyacinthinus,hyamac1,Hyacinth Macaw,
Anodorhynchus leari,indmac1,Lear's Macaw,
Anoedopoda lamellata,,,
Anolis sagrei,,,
Anomaloglossus baeobatrachus,,,
Anomaloglossus stepheni,,,
Anomaloglossus surinamensis,,,
Anomalospiza imberbis,parwea1,Cuckoo-finch,
Anonconotus alpinus,,,
Anonconotus baracunensis,,,
Anonconotus ghilianii,,,
Anonconotus italoaustriacus,,,
Anonconotus ligustinus,,,
Anonconotus mercantouri,,,
Anonconotus occidentalis,,,
Anopetia gounellei,brther2,Broad-tipped Hermit,
Anoplognathus brunnipennis,,,
Anoplophora chinensis,,,
Anoplotrupes stercorosus,,,
Anorrhinus austeni,brnhor1,Austen's Brown Hornbill,
Anorrhinus galeritus,buchor1,Bushy-crested Hornbill,
Anorrhinus tickelli,ruchor1,Tickell's Brown Hornbill,
Anous ceruleus,bugnod,Blue Noddy,BGNO
Anous minutus,blknod,Black Noddy,BLNO
Anous stolidus,brnnod,Brown Noddy,BRNO
Anous tenuirostris,lesnod1,Lesser Noddy,
Anser albifrons,gwfgoo,Greater White-fronted Goose,GWFG
Anser anser,gragoo,Greylag Goose,GRGO
Anser brachyrhynchus,pifgoo,Pink-footed Goose,PFGO
Anser caerulescens,snogoo,Snow Goose,SNGO
Anser canagicus,empgoo,Emperor Goose,EMGO
Anser cygnoides,swagoo1,Swan Goose,
Anser erythropus,lwfgoo,Lesser White-fronted Goose,LWFG
Anser fabalis,taibeg1,Taiga Bean Goose,TABG
Anser indicus,bahgoo,Bar-headed Goose,
Anser rossii,rosgoo,Ross's Goose,ROGO
Anser serrirostris,tunbeg1,Tundra Bean Goose,TUBG
Anseranas semipalmata,maggoo1,Magpie Goose,
Ansonia hanitschi,,,
Ansonia spinulifer,,,
Anstisia alba,,,
Anstisia lutea,,,
Anstisia rosea,,,
Anstisia vitellina,,,
Antaxius bouvieri,,,
Antaxius chopardi,,,
Antaxius difformis,,,
Antaxius florezi,,,
Antaxius hispanicus,,,
Antaxius kraussii,,,
Antaxius pedestris,,,
Antaxius sorrezensis,,,
Antaxius spinibrachius,,,
Antechinus flavipes,,,
Anterastes antecessor,,,
Anterastes serbicus,,,
Anthidium oblongatum,,,
Anthidium punctatum,,,
Anthipes monileger,whgfly1,White-gorgeted Flycatcher,
Anthipes solitaris,rubfly3,Rufous-browed Flycatcher,
Anthobaphes violacea,orbsun2,Orange-breasted Sunbird,
Anthocephala berlepschi,tolblo1,Tolima Blossomcrown,
Anthocephala floriceps,samblo1,Santa Marta Blossomcrown,
Anthochaera carunculata,redwat1,Red Wattlebird,
Anthochaera chrysoptera,bruwat1,Little Wattlebird,
Anthochaera lunulata,litwat1,Western Wattlebird,
Anthochaera paradoxa,yelwat1,Yellow Wattlebird,
Anthochaera phrygia,reghon1,Regent Honeyeater,
Anthophora abrupta,,,
Anthophora bimaculata,,,
Anthophora plumipes,,,
Anthophora ursina,,,
Anthornis melanura,nezbel1,New Zealand Bellbird,
Anthoscopus caroli,afptit1,Grey Penduline Tit,
Anthoscopus flavifrons,foptit1,Forest Penduline Tit,
Anthoscopus minutus,soptit1,Cape Penduline Tit,
Anthoscopus musculus,mcptit1,Mouse-colored Penduline Tit,
Anthoscopus parvulus,yeptit1,Yellow Penduline Tit,
Anthoscopus punctifrons,septit1,Sennar Penduline Tit,
Anthracoceros albirostris,orphor1,Oriental Pied Hornbill,
Anthracoceros coronatus,maphor1,Malabar Pied Hornbill,
Anthracoceros malayanus,blahor1,Black Hornbill,
Anthracoceros marchei,palhor1,Palawan Hornbill,
Anthracoceros montani,sulhor2,Sulu Hornbill,
Anthracothorax dominicus,antman2,Hispaniolan Mango,HIMA
Anthracothorax mango,jamman1,Jamaican Mango,JAMA
Anthracothorax nigricollis,bltman1,Black-throated Mango,BTMA
Anthracothorax prevostii,gnbman,Green-breasted Mango,GNBM
Anthracothorax veraguensis,verman1,Veraguan Mango,VERM
Anthracothorax viridigula,grtman1,Green-throated Mango,
Anthracothorax viridis,greman1,Green Mango,GMAG
Anthrenus coloratus,,,
Anthreptes anchietae,ancsun1,Anchieta's Sunbird,
Anthreptes aurantius,vitsun1,Violet-tailed Sunbird,
Anthreptes gabonicus,mobsun1,Mangrove Sunbird,
Anthreptes griseigularis,pltsun3,Grey-throated Sunbird,
Anthreptes longuemarei,wvbsun1,Western Violet-backed Sunbird,
Anthreptes malacensis,pltsun2,Brown-throated Sunbird,
Anthreptes neglectus,uvbsun1,Uluguru Violet-backed Sunbird,
Anthreptes orientalis,kvbsun1,Eastern Violet-backed Sunbird,
Anthreptes rectirostris,grnsun1,Yellow-chinned Sunbird,
Anthreptes reichenowi,plbsun1,Plain-backed Sunbird,
Anthreptes rhodolaemus,retsun3,Red-throated Sunbird,
Anthreptes rubritorques,bansun1,Banded Green Sunbird,
Anthreptes seimundi,ligsun2,Little Green Sunbird,
Anthreptes simplex,plasun1,Plain Sunbird,
Anthreptes tephrolaemus,grnsun2,Grey-chinned Sunbird,
Anthropoides paradiseus,,,
Anthropoides virgo,,,
Anthus antarcticus,sogpip1,South Georgia Pipit,
Anthus australis,auspip2,Australian Pipit,
Anthus berthelotii,berpip1,Berthelot's Pipit,
Anthus bogotensis,parpip1,Paramo Pipit,
Anthus brachyurus,shtpip1,Short-tailed Pipit,
Anthus brevirostris,shbpip3,Puna Pipit,
Anthus caffer,buspip1,Bushveld Pipit,
Anthus campestris,tawpip1,Tawny Pipit,
Anthus cervinus,retpip,Red-throated Pipit,RTPI
Anthus chacoensis,chapip1,Pampas Pipit,
Anthus chii,yelpip2,Yellowish Pipit,YEPI
Anthus cinnamomeus,afrpip1,African Pipit,
Anthus correndera,corpip1,Correndera Pipit,
Anthus crenatus,yetpip1,African Rock Pipit,
Anthus furcatus,shbpip1,Short-billed Pipit,
Anthus godlewskii,blypip1,Blyth's Pipit,
Anthus gustavi,pecpip,Pechora Pipit,PEPI
Anthus gutturalis,alppip1,Alpine Pipit,
Anthus hellmayri,helpip1,Hellmayr's Pipit,
Anthus hodgsoni,olbpip,Olive-backed Pipit,OBPI
Anthus hoeschi,moupip1,Mountain Pipit,
Anthus leucophrys,plbpip1,Plain-backed Pipit,
Anthus lineiventris,strpip1,Striped Pipit,
Anthus melindae,malpip1,Malindi Pipit,
Anthus nattereri,ocbpip1,Ochre-breasted Pipit,
Anthus nicholsoni,lobpip7,Nicholson's Pipit,
Anthus nilghiriensis,nilpip1,Nilgiri Pipit,
Anthus novaeseelandiae,auspip3,New Zealand Pipit,
Anthus nyassae,woopip1,Wood Pipit,
Anthus pallidiventris,lolpip1,Long-legged Pipit,
Anthus peruvianus,yelpip3,Peruvian Pipit,
Anthus petrosus,rocpip1,European Rock Pipit,
Anthus pratensis,meapip1,Meadow Pipit,MEPI
Anthus richardi,ricpip1,Richard's Pipit,
Anthus roseatus,rospip1,Rosy Pipit,
Anthus rubescens,amepip,American Pipit,AMPI
Anthus rufulus,oripip1,Paddyfield Pipit,
Anthus similis,lobpip1,Long-billed Pipit,
Anthus sokokensis,sokpip1,Sokoke Pipit,
Anthus spinoletta,watpip1,Water Pipit,
Anthus spragueii,sprpip,Sprague's Pipit,SPPI
Anthus sylvanus,uplpip1,Upland Pipit,
Anthus trivialis,trepip,Tree Pipit,TRPI
Anthus vaalensis,bufpip1,Buffy Pipit,
Antigone antigone,sarcra1,Sarus Crane,
Antigone canadensis,sancra,Sandhill Crane,SACR
Antigone rubicunda,brolga1,Brolga,
Antigone vipio,whncra1,White-naped Crane,
Antilocapra americana,,,
Antilope cervicapra,,,
Antipodectes bituberculatus,,,
Antiurus maculicaudus,sptnig1,Spot-tailed Nightjar,
Antrostomus arizonae,souwpw1,Mexican Whip-poor-will,MWPW
Antrostomus badius,yucnig1,Yucatan Nightjar,YUNI
Antrostomus carolinensis,chwwid,Chuck-will's-widow,CWWI
Antrostomus cubanensis,granig2,Cuban Nightjar,CUNI
Antrostomus ekmani,granig3,Hispaniolan Nightjar,HINI
Antrostomus noctitherus,purnig1,Puerto Rican Nightjar,PRNI
Antrostomus ridgwayi,bucnig,Buff-collared Nightjar,BCNI
Antrostomus rufus,rufnig1,Rufous Nightjar,RUNI
Antrostomus salvini,tacnig1,Tawny-collared Nightjar,TCNI
Antrostomus saturatus,dusnig1,Dusky Nightjar,DUNI
Antrostomus sericocaudatus,sitnig1,Silky-tailed Nightjar,
Antrostomus vociferus,easwpw1,Eastern Whip-poor-will,EWPW
Anumara forbesi,forbla1,Forbes's Blackbird,
Anumbius annumbi,firgat1,Firewood-gatherer,
Anurogryllus arboreus,,,
Anurogryllus celerinictus,,,
Anurogryllus muticus,,,
Anurolimnas castaneiceps,chhcra1,Chestnut-headed Crake,
Aonyx cinereus,,,
Aotus azarae,,,
Apalharpactes mackloti,sumtro1,Sumatran Trogon,
Apalharpactes reinwardtii,javtro1,Javan Trogon,
Apalis alticola,brhapa1,Brown-headed Apalis,
Apalis argentea,kunapa1,Kungwe Apalis,
Apalis binotata,masapa1,Lowland Masked Apalis,
Apalis chapini,chaapa1,Chapin's Apalis,
Apalis chariessa,whwapa1,White-winged Apalis,
Apalis chirindensis,chiapa1,Chirinda Apalis,
Apalis cinerea,gryapa1,Grey Apalis,
Apalis flavida,yebapa1,Yellow-breasted Apalis,
Apalis flavigularis,batapa3,Yellow-throated Apalis,
Apalis fuscigularis,batapa4,Taita Apalis,
Apalis goslingi,gosapa1,Gosling's Apalis,
Apalis jacksoni,bltapa1,Black-throated Apalis,
Apalis karamojae,karapa2,Karamoja Apalis,
Apalis lynesi,batapa5,Namuli Apalis,
Apalis melanocephala,blhapa1,Black-headed Apalis,
Apalis nigriceps,blcapa1,Black-capped Apalis,
Apalis personata,blfapa1,Mountain Masked Apalis,
Apalis porphyrolaema,chtapa3,Chestnut-throated Apalis,
Apalis ruddi,rudapa1,Rudd's Apalis,
Apalis rufogularis,butapa1,Buff-throated Apalis,
Apalis sharpii,shaapa2,Sharpe's Apalis,
Apalis thoracica,batapa2,Bar-throated Apalis,
Apaloderma aequatoriale,bactro1,Bare-cheeked Trogon,
Apaloderma narina,nartro1,Narina Trogon,
Apaloderma vittatum,battro1,Bar-tailed Trogon,
Apalopteron familiare,bonhon1,Bonin White-eye,
Apartus michalki,,,
Aphanotriccus audax,blbfly1,Black-billed Flycatcher,BLBF
Aphanotriccus capitalis,tacfly1,Tawny-chested Flycatcher,TCFL
Aphelocephala leucopsis,souwhi1,Southern Whiteface,
Aphelocephala nigricincta,banwhi1,Banded Whiteface,
Aphelocephala pectoralis,chbwhi1,Chestnut-breasted Whiteface,
Aphelocoma californica,cowscj1,California Scrub Jay,CASJ
Aphelocoma coerulescens,flsjay,Florida Scrub Jay,FLSJ
Aphelocoma insularis,issjay,Island Scrub Jay,ISSJ
Aphelocoma ultramarina,mexjay3,Transvolcanic Jay,TRJA
Aphelocoma unicolor,unijay1,Unicolored Jay,UNJA
Aphelocoma wollweberi,mexjay4,Mexican Jay,MEJA
Aphelocoma woodhouseii,wooscj2,Woodhouse's Scrub Jay,WOSJ
Aphractus acuminatus,,,
Aphrastura spinicauda,thtray1,Thorn-tailed Rayadito,
Aphrodroma brevirostris,kerpet2,Kerguelen Petrel,
Apis cerana,,,
Apis mellifera,,,
Aplastodiscus albosignatus,,,
Aplastodiscus arildae,,,
Aplastodiscus cavicola,,,
Aplastodiscus cochranae,,,
Aplastodiscus ehrhardti,,,
Aplastodiscus eugenioi,,,
Aplastodiscus leucopygius,,,
Aplastodiscus lutzorum,,,
Aplastodiscus perviridis,,,
Aplodinotus grunniens,,,
Aplonis atrifusca,samsta1,Samoan Starling,
Aplonis brunneicapillus,whesta2,White-eyed Starling,
Aplonis cantoroides,sinsta1,Singing Starling,
Aplonis cinerascens,rarsta1,Rarotonga Starling,
Aplonis crassa,tansta1,Tanimbar Starling,
Aplonis dichroa,sacsta1,Makira Starling,
Aplonis feadensis,atosta1,Atoll Starling,
Aplonis grandis,brwsta1,Brown-winged Starling,
Aplonis insularis,rensta1,Rennell Starling,
Aplonis magna,lotsta1,Long-tailed Starling,
Aplonis metallica,metsta1,Metallic Starling,
Aplonis minor,shtsta1,Short-tailed Starling,
Aplonis mysolensis,molsta1,Moluccan Starling,
Aplonis opaca,micsta1,Micronesian Starling,
Aplonis panayensis,asgsta1,Asian Glossy Starling,
Aplonis striata,strsta1,Striated Starling,
Aplonis tabuensis,polsta1,Polynesian Starling,
Aplonis zelandica,ruwsta1,Rusty-winged Starling,
Aplopelia larvata,lemdov2,Lemon Dove,
Apodemus sylvaticus,,,
Applause,,,
Aprositornis disjuncta,yapant1,Yapacana Antbird,
Aprosmictus erythropterus,rewpar1,Red-winged Parrot,
Aprosmictus jonquillaceus,olspar1,Jonquil Parrot,
Aptenodytes forsteri,emppen1,Emperor Penguin,
Aptenodytes patagonicus,kinpen1,King Penguin,
Apteryx australis,sobkiw1,Southern Brown Kiwi,
Apteryx mantelli,nibkiw1,North Island Brown Kiwi,
Apteryx maxima,grskiw1,Great Spotted Kiwi,
Apteryx owenii,liskiw1,Little Spotted Kiwi,
Apteryx rowi,okbkiw1,Okarito Kiwi,
Apus acuticauda,darswi1,Dark-rumped Swift,
Apus affinis,litswi1,Little Swift,
Apus alexandri,aleswi1,Cape Verde Swift,
Apus apus,comswi,Common Swift,COSW
Apus balstoni,madswi1,Malagasy Black Swift,
Apus barbatus,afrswi1,African Black Swift,
Apus batesi,batswi1,Bates's Swift,
Apus berliozi,fowswi1,Forbes-Watson's Swift,
Apus bradfieldi,braswi1,Bradfield's Swift,
Apus caffer,whrswi1,White-rumped Swift,
Apus cooki,,,
Apus horus,horswi1,Horus Swift,
Apus leuconyx,,,
Apus niansae,nyaswi1,Nyanza Swift,
Apus nipalensis,houswi1,House Swift,
Apus pacificus,fotswi,Fork-tailed Swift,FTSW
Apus pallidus,palswi3,Pallid Swift,
Apus salimalii,,,
Apus unicolor,plaswi1,Plain Swift,
Aquarana catesbeiana,,,
Aquarana clamitans,,,
Aquarana grylio,,,
Aquarana septentrionalis,,,
Aquila adalberti,spaeag1,Spanish Imperial Eagle,
Aquila africana,cashae1,Cassin's Hawk-Eagle,
Aquila audax,weteag1,Wedge-tailed Eagle,
Aquila chrysaetos,goleag,Golden Eagle,GOEA
Aquila fasciata,boneag2,Bonelli's Eagle,
Aquila gurneyi,gureag1,Gurney's Eagle,
Aquila heliaca,impeag1,Eastern Imperial Eagle,
Aquila nipalensis,steeag1,Steppe Eagle,
Aquila rapax,taweag1,Tawny Eagle,
Aquila spilogaster,afrhae1,African Hawk-Eagle,
Aquila verreauxii,vereag1,Verreaux's Eagle,
Ara ambiguus,grgmac,Great Green Macaw,GGMA
Ara ararauna,baymac,Blue-and-yellow Macaw,BAYM
Ara chloropterus,ragmac1,Red-and-green Macaw,RAGM
Ara macao,scamac1,Scarlet Macaw,SCMA
Ara militaris,milmac,Military Macaw,MIMA
Ara rubrogenys,refmac1,Red-fronted Macaw,
Ara severus,chfmac1,Chestnut-fronted Macaw,CFMA
Arachnothera affinis,stbspi2,Streaky-breasted Spiderhunter,
Arachnothera chrysogenys,yeespi1,Yellow-eared Spiderhunter,
Arachnothera clarae,nafspi1,Naked-faced Spiderhunter,
Arachnothera crassirostris,thbspi1,Thick-billed Spiderhunter,
Arachnothera dilutior,palspi2,Pale Spiderhunter,
Arachnothera everetti,borspi1,Bornean Spiderhunter,
Arachnothera flammifera,ortspi1,Orange-tufted Spiderhunter,
Arachnothera flavigaster,spespi2,Spectacled Spiderhunter,
Arachnothera juliae,whispi1,Whitehead's Spiderhunter,
Arachnothera longirostra,litspi1,Little Spiderhunter,
Arachnothera magna,strspi1,Streaked Spiderhunter,
Arachnothera modesta,gybspi2,Grey-breasted Spiderhunter,
Arachnothera robusta,lobspi1,Long-billed Spiderhunter,
Aramides albiventris,runwor1,Russet-naped Wood Rail,RSWR
Aramides axillaris,rnwrai1,Rufous-necked Wood Rail,RNWR
Aramides cajaneus,gycwor1,Grey-cowled Wood Rail,GCWR
Aramides calopterus,rwwrai1,Red-winged Wood Rail,
Aramides mangle,liwrai1,Little Wood Rail,
Aramides saracura,sbwrai1,Slaty-breasted Wood Rail,
Aramides wolfi,brwrai1,Brown Wood Rail,
Aramides ypecaha,giwrai1,Giant Wood Rail,
Aramidopsis plateni,plarai1,Snoring Rail,
Aramus guarauna,limpki,Limpkin,LIMP
Araneus diadematus,,,
Aratinga auricapillus,gocpar2,Golden-capped Parakeet,
Aratinga jandaya,janpar1,Jandaya Parakeet,
Aratinga maculata,subpar1,Sulphur-breasted Parakeet,
Aratinga nenday,bkhpar,Nanday Parakeet,NAPA
Aratinga solstitialis,sunpar1,Sun Parakeet,
Aratinga weddellii,duhpar,Dusky-headed Parakeet,
Arborophila ardens,haipar1,Hainan Partridge,
Arborophila atrogularis,whcpar1,White-cheeked Partridge,
Arborophila brunneopectus,babpar1,Bar-backed Partridge,
Arborophila cambodiana,chhpar1,Chestnut-headed Partridge,
Arborophila campbelli,gybpar3,Malayan Partridge,
Arborophila crudigularis,taipar1,Taiwan Partridge,
Arborophila davidi,ornpar1,Orange-necked Partridge,
Arborophila gingica,whnpar2,White-necklaced Partridge,
Arborophila hyperythra,rebpar5,Red-breasted Partridge,
Arborophila javanica,chbpar1,Chestnut-bellied Partridge,
Arborophila mandellii,chbpar2,Chestnut-breasted Partridge,
Arborophila rufipectus,sicpar1,Sichuan Partridge,
Arborophila rufogularis,rutpar1,Rufous-throated Partridge,
Arborophila torqueola,hilpar1,Hill Partridge,
Arcanator orostruthus,dapthr1,Dapple-throat,
Archboldia papuensis,arcbow1,Archbold's Bowerbird,
Archilochus alexandri,bkchum,Black-chinned Hummingbird,BCHU
Archilochus colubris,rthhum,Ruby-throated Hummingbird,RTHU
Arcovomer passarellii,,,
Arctia matronula,,,
Arctictis binturong,,,
Arctocephalus australis,,,
Arctocephalus gazella,,,
Arctocephalus pusillus,,,
Arctogalidia trivirgata,,,
Arcyptera albogeniculata,,,
Arcyptera fusca,,,
Arcyptera kheili,,,
Arcyptera microptera,,,
Arcyptera tornosi,,,
Ardea alba,greegr,Great Egret,GREG
Ardea cinerea,graher1,Grey Heron,GRAH
Ardea cocoi,cocher1,Cocoi Heron,COHE
Ardea coromanda,categr2,Eastern Cattle Egret,EACE
Ardea goliath,golher1,Goliath Heron,
Ardea herodias,grbher3,Great Blue Heron,GBHE
Ardea ibis,categr1,Western Cattle Egret,WECE
Ardea intermedia,integr1,Medium Egret,MEEG
Ardea melanocephala,blhher1,Black-headed Heron,
Ardea pacifica,pacher1,White-necked Heron,
Ardea purpurea,purher1,Purple Heron,PUHE
Ardea sumatrana,grbher2,Great-billed Heron,
Ardenna bulleri,bulshe,Buller's Shearwater,BULS
Ardenna carneipes,flfshe,Flesh-footed Shearwater,FFSH
Ardenna creatopus,pifshe,Pink-footed Shearwater,PFSH
Ardenna gravis,greshe,Great Shearwater,GRSH
Ardenna grisea,sooshe,Sooty Shearwater,SOSH
Ardenna pacifica,wetshe,Wedge-tailed Shearwater,WTSH
Ardenna tenuirostris,shtshe,Short-tailed Shearwater,STTS
Ardeola bacchus,chpher1,Chinese Pond Heron,CHPH
Ardeola grayii,inpher1,Indian Pond Heron,
Ardeola ralloides,squher1,Squacco Heron,
Ardeola rufiventris,rubher2,Rufous-bellied Heron,
Ardeola speciosa,japher1,Javan Pond Heron,
Ardeotis arabs,arabus1,Arabian Bustard,
Ardeotis australis,ausbus1,Australian Bustard,
Ardeotis kori,korbus1,Kori Bustard,
Arenaria interpres,rudtur,Ruddy Turnstone,RUTU
Arenaria melanocephala,blktur,Black Turnstone,BLTU
Arenopsaltria fullo,,,
Arenopsaltria nubivena,,,
Argusianus argus,grearg1,Great Argus,
Argya affinis,yebbab1,Yellow-billed Babbler,
Argya altirostris,irabab1,Iraq Babbler,
Argya aylmeri,scacha1,Scaly Chatterer,
Argya caudata,combab3,Common Babbler,
Argya cinereifrons,ashlau1,Ashy-headed Laughingthrush,
Argya earlei,strbab1,Striated Babbler,
Argya fulva,fulcha1,Fulvous Babbler,
Argya gularis,whtbab1,White-throated Babbler,
Argya huttoni,combab1,Afghan Babbler,
Argya longirostris,slbbab1,Slender-billed Babbler,
Argya malcolmi,lagbab2,Large Grey Babbler,
Argya rubiginosa,rufcha2,Rufous Chatterer,
Argya rufescens,orbbab1,Orange-billed Babbler,
Argya squamiceps,arabab1,Arabian Babbler,
Argya striata,junbab2,Jungle Babbler,
Argya subrufa,rufbab3,Rufous Babbler,
Arhopalus ferus,,,
Ariagona margaritae,,,
Arilus cristatus,,,
Arion ater,,,
Arizelocichla chlorigula,easmog3,Yellow-throated Mountain Greenbul,
Arizelocichla fusciceps,easmog4,Black-browed Mountain Greenbul,
Arizelocichla kikuyuensis,easmog5,Kikuyu Mountain Greenbul,
Arizelocichla masukuensis,shegre1,Shelley's Greenbul,
Arizelocichla milanjensis,stcgre1,Stripe-cheeked Greenbul,
Arizelocichla montana,camgre2,Cameroon Mountain Greenbul,
Arizelocichla neumanni,easmog6,Uluguru Mountain Greenbul,
Arizelocichla nigriceps,easmog2,Black-headed Mountain Greenbul,
Arizelocichla striifacies,stfgre1,Olive-headed Greenbul,
Arizelocichla tephrolaema,wesmog1,Western Mountain Greenbul,
Arizelopsar femoralis,abbsta2,Abbott's Starling,
Armadillagraecia yerilla,,,
Arnobia ocellata,,,
Aromia bungii,,,
Aromia moschata,,,
Arphia pseudonietana,,,
Arremon abeillei,bkcspa1,Black-capped Sparrow,
Arremon assimilis,sthbrf8,Grey-browed Brushfinch,
Arremon atricapillus,sthbrf1,Black-headed Brushfinch,BHBR
Arremon aurantiirostris,orbspa1,Orange-billed Sparrow,OBSP
Arremon basilicus,sthbrf4,Sierra Nevada Brushfinch,
Arremon brunneinucha,ccbfin,Chestnut-capped Brushfinch,CCBR
Arremon castaneiceps,olifin1,Olive Finch,
Arremon costaricensis,sthbrf3,Costa Rican Brushfinch,CRBR
Arremon crassirostris,soffin1,Sooty-faced Finch,SFFI
Arremon dorbignii,sabspa4,Moss-backed Sparrow,
Arremon flavirostris,sabspa1,Saffron-billed Sparrow,
Arremon franciscanus,safspa1,Sao Francisco Sparrow,
Arremon perijanus,sthbrf5,Perija Brushfinch,
Arremon phaeopleurus,sthbrf6,Caracas Brushfinch,
Arremon phygas,sthbrf7,Paria Brushfinch,
Arremon schlegeli,gowspa1,Golden-winged Sparrow,
Arremon semitorquatus,hacspa1,Half-collared Sparrow,
Arremon taciturnus,pecspa1,Pectoral Sparrow,
Arremon torquatus,sthbrf2,White-browed Brushfinch,
Arremon virenticeps,gsbfin1,Green-striped Brushfinch,GSBR
Arremonops chloronotus,grbspa1,Green-backed Sparrow,GBSP
Arremonops conirostris,blsspa1,Black-striped Sparrow,BSTS
Arremonops rufivirgatus,olispa,Olive Sparrow,OLSP
Arremonops tocuyensis,tocspa1,Tocuyo Sparrow,
Arses insularis,rucmon1,Ochre-collared Monarch,
Arses kaupi,piemon1,Pied Monarch,
Arses lorealis,frnmon1,Frill-necked Monarch,
Arses telescopthalmus,frimon1,Frilled Monarch,
Artamella viridis,whhvan1,White-headed Vanga,
Artamus cinereus,blfwoo1,Black-faced Woodswallow,
Artamus cyanopterus,duswoo1,Dusky Woodswallow,
Artamus fuscus,ashwoo2,Ashy Woodswallow,
Artamus insignis,biswoo1,White-backed Woodswallow,
Artamus leucorynchus,whbwoo4,White-breasted Woodswallow,
Artamus maximus,grewoo1,Great Woodswallow,
Artamus mentalis,fijwoo1,Fiji Woodswallow,
Artamus minor,litwoo4,Little Woodswallow,
Artamus monachus,whbwoo8,Ivory-backed Woodswallow,
Artamus personatus,maswoo1,Masked Woodswallow,
Artamus superciliosus,whbwoo5,White-browed Woodswallow,
Artemisiospiza belli,belspa2,Bell's Sparrow,BESP
Artemisiospiza nevadensis,sagspa1,Sagebrush Sparrow,SABS
Arthroleptella atermina,,,
Arthroleptella bicolor,,,
Arthroleptella draconella,,,
Arthroleptella drewesii,,,
Arthroleptella kogelbergensis,,,
Arthroleptella landdrosia,,,
Arthroleptella lightfooti,,,
Arthroleptella rugosa,,,
Arthroleptella subvoce,,,
Arthroleptella villiersi,,,
Arthroleptis stenodactylus,,,
Arthroleptis wahlbergii,,,
Arthroleptis xenochirus,,,
Arthroleptis xenodactyloides,,,
Artisornis metopias,afrtai2,Red-capped Forest Warbler,
Artisornis moreaui,lobtai1,Long-billed Forest Warbler,
Artomyias fuliginosa,soofly1,Sooty Flycatcher,
Artomyias ussheri,ussfly1,Ussher's Flycatcher,
Arundinax aedon,thbwar1,Thick-billed Warbler,TBWA
Arundinicola leucocephala,whmtyr1,White-headed Marsh Tyrant,
Arunta interclusa,,,
Arunta perulata,,,
Arvicola amphibius,,,
Asarcornis scutulata,whwduc1,White-winged Duck,
Ascaphus truei,,,
Asemospiza fuliginosa,soogra2,Sooty Grassquit,
Asemospiza obscura,ducgra2,Dull-colored Grassquit,
Asio capensis,marowl2,Marsh Owl,
Asio clamator,strowl1,Striped Owl,STRO
Asio flammeus,sheowl,Short-eared Owl,SEOW
Asio grammicus,jamowl1,Jamaican Owl,JAOW
Asio madagascariensis,mleowl1,Madagascar Owl,
Asio otus,loeowl,Long-eared Owl,LEOW
Asio solomonensis,feaowl1,Fearful Owl,
Asio stygius,styowl1,Stygian Owl,STOW
Asiophlugis longiuncus,,,
Asiophlugis philippina,,,
Asiophlugis rete,,,
Asiophlugis temasek,,,
Asiophlugis thaumasia,,,
Asiophlugis trusmadi,,,
Aspatha gularis,bltmot1,Blue-throated Motmot,BTMO
Assa darlingtoni,,,
Asthenes anthoides,auscan1,Austral Canastero,
Asthenes ayacuchensis,vilthi3,Ayacucho Thistletail,
Asthenes baeri,shbcan1,Short-billed Canastero,
Asthenes berlepschi,bercan1,Berlepsch's Canastero,
Asthenes coryi,ocbthi1,Ochre-browed Thistletail,
Asthenes dorbignyi,crbcan1,Rusty-vented Canastero,
Asthenes flammulata,mascan1,Many-striped Canastero,
Asthenes fuliginosa,whcthi1,White-chinned Thistletail,
Asthenes griseomurina,mocthi1,Mouse-colored Thistletail,
Asthenes harterti,bltthi1,Black-throated Thistletail,
Asthenes helleri,punthi1,Puna Thistletail,
Asthenes heterura,maqcan1,Maquis Canastero,
Asthenes hudsoni,hudcan1,Hudson's Canastero,
Asthenes humilis,sttcan1,Streak-throated Canastero,
Asthenes luizae,cipcan1,Cipo Canastero,
Asthenes maculicauda,sctcan1,Scribble-tailed Canastero,
Asthenes modesta,corcan1,Cordilleran Canastero,
Asthenes moreirae,itaspi1,Itatiaia Spinetail,
Asthenes ottonis,rufcan1,Rusty-fronted Canastero,
Asthenes palpebralis,eyrthi1,Eye-ringed Thistletail,
Asthenes perijana,perthi1,Perija Thistletail,
Asthenes pudibunda,cancan1,Canyon Canastero,
Asthenes pyrrholeuca,shbcan2,Sharp-billed Canastero,
Asthenes urubambensis,lifcan1,Line-fronted Canastero,
Asthenes vilcabambae,vilthi2,Vilcabamba Thistletail,
Asthenes virgata,juncan1,Junin Canastero,
Asthenes wyatti,stbcan9,Streak-backed Canastero,
Astrapia mayeri,ritast1,Ribbon-tailed Astrapia,
Astrapia nigra,arfast1,Arfak Astrapia,
Astrapia rothschildi,huoast1,Huon Astrapia,
Astrapia splendidissima,splast1,Splendid Astrapia,
Astrapia stephaniae,prsast1,Princess Stephanie's Astrapia,
Astur atricapillus,norgos,American Goshawk,
Astur bicolor,bichaw1,Bicolored Hawk,
Astur chilensis,bichaw4,Chilean Hawk,
Astur cooperii,coohaw,Cooper's Hawk,
Astur gentilis,norgos1,Eurasian Goshawk,
Astur gundlachi,gunhaw1,Gundlach's Hawk,
Astur henstii,hengos1,Henst's Goshawk,
Astur melanoleucus,blagos1,Black Sparrowhawk,
Astur meyerianus,meygos1,Meyer's Goshawk,
Atalotriccus pilaris,peptyr1,Pale-eyed Pygmy Tyrant,
Atelerix frontalis,,,
Ateles belzebuth,,,
Ateles chamek,,,
Ateles fusciceps,,,
Ateles geoffroyi,,,
Ateles marginatus,,,
Ateles paniscus,,,
Ateloplus coconino,,,
Ateloplus schwarzi,,,
Ateloplus splendidus,,,
Atelopus bomolochos,,,
Atelopus flavescens,,,
Atelopus franciscus,,,
Atelopus ignescens,,,
Atelopus spumarius,,,
Atelornis crossleyi,rhgrol1,Rufous-headed Ground Roller,
Atelornis pittoides,plgrol1,Pitta-like Ground Roller,
Athene blewitti,forowl1,Forest Owlet,
Athene brama,spoowl1,Spotted Owlet,
Athene cunicularia,burowl,Burrowing Owl,BUOW
Athene granti,solboo2,Guadalcanal Owl,
Athene jacquinoti,solboo1,West Solomons Owl,
Athene malaitae,solboo3,Malaita Owl,
Athene noctua,litowl1,Little Owl,
Athene roseoaxillaris,solboo4,Makira Owl,
Athene superciliaris,whbowl1,White-browed Owl,
Atimastillas flavicollis,yetgre2,Yellow-gorgeted Greenbul,
Atimastillas flavigula,patgre1,Pale-throated Greenbul,
Atlanticus gibbosus,,,
Atlanticus glaber,,,
Atlanticus interval,,,
Atlanticus monticola,,,
Atlanticus testaceus,,,
Atlantoxerus getulus,,,
Atlapetes albiceps,whbfin1,White-headed Brushfinch,
Atlapetes albinucha,wnbfin1,White-naped Brushfinch,WNBR
Atlapetes albofrenatus,mobfin1,Moustached Brushfinch,
Atlapetes canigenis,cuzbrf1,Cuzco Brushfinch,
Atlapetes citrinellus,ysbfin1,Yellow-striped Brushfinch,
Atlapetes crassus,tribrf1,Choco Brushfinch,
Atlapetes flaviceps,yehbrf1,Yellow-headed Brushfinch,
Atlapetes forbesi,apubrf1,Apurimac Brushfinch,
Atlapetes fulviceps,fhbfin1,Fulvous-headed Brushfinch,
Atlapetes fuscoolivaceus,dhbfin1,Dusky-headed Brushfinch,
Atlapetes latinuchus,yebbrf1,Yellow-breasted Brushfinch,
Atlapetes leucopis,wrbfin1,White-rimmed Brushfinch,
Atlapetes leucopterus,wwbfin1,White-winged Brushfinch,
Atlapetes luteoviridis,yegfin1,Yellow-green Brushfinch,YGBR
Atlapetes melanocephalus,smbfin1,Santa Marta Brushfinch,
Atlapetes melanolaemus,bkfbrf1,Grey-eared Brushfinch,
Atlapetes melanopsis,bksbrf1,Black-spectacled Brushfinch,
Atlapetes nationi,rbbfin1,Rusty-bellied Brushfinch,
Atlapetes pallidiceps,phbfin1,Pale-headed Brushfinch,
Atlapetes pallidinucha,pnbfin1,Pale-naped Brushfinch,
Atlapetes personatus,tebfin1,Tepui Brushfinch,
Atlapetes pileatus,rcbfin1,Rufous-capped Brushfinch,RCBR
Atlapetes rufigenis,rebfin1,Rufous-eared Brushfinch,
Atlapetes rufinucha,rnbfin1,Bolivian Brushfinch,
Atlapetes schistaceus,slabru1,Slaty Brushfinch,
Atlapetes seebohmi,bcbfin1,Bay-crowned Brushfinch,
Atlapetes semirufus,obbfin1,Ochre-breasted Brushfinch,
Atlapetes tibialis,yetfin1,Yellow-thighed Brushfinch,YTBR
Atlapetes tricolor,tribrf2,Tricolored Brushfinch,
Atrapsalta audax,,,
Atrapsalta collina,,,
Atrapsalta corticina,,,
Atrapsalta dolens,,,
Atrapsalta encaustica,,,
Atrapsalta furcilla,,,
Atrapsalta fuscata,,,
Atrichornis clamosus,nosbir1,Noisy Scrubbird,
Atrichornis rufescens,rusbir1,Rufous Scrubbird,
Atronanus fuliginosus,forswa2,Forest Swallow,
Atta texana,,,
Attagis gayi,rubsee2,Rufous-bellied Seedsnipe,
Attagis malouinus,whbsee2,White-bellied Seedsnipe,
Atticora fasciata,whbswa2,White-banded Swallow,
Atticora pileata,blcswa1,Black-capped Swallow,BCSW
Atticora tibialis,whtswa1,White-thighed Swallow,WTGS
Attila bolivianus,ducatt1,White-eyed Attila,
Attila cinnamomeus,cinatt1,Cinnamon Attila,
Attila citriniventris,cibatt1,Citron-bellied Attila,
Attila phoenicurus,rutatt1,Rufous-tailed Attila,
Attila rufus,gyhatt1,Grey-hooded Attila,
Attila spadiceus,brratt1,Bright-rumped Attila,BRAT
Attila torridus,ochatt1,Ochraceous Attila,
Augastes lumachella,hoovis2,Hooded Visorbearer,
Augastes scutatus,hyavis1,Hyacinth Visorbearer,
Aulacobothrus taeniatus,,,
Aulacocyclus edentulus,,,
Aulacorhynchus albivitta,souemt1,Southern Emerald Toucanet,
Aulacorhynchus coeruleicinctis,blbtou1,Blue-banded Toucanet,
Aulacorhynchus derbianus,chttou3,Chestnut-tipped Toucanet,
Aulacorhynchus haematopygus,crrtou1,Crimson-rumped Toucanet,
Aulacorhynchus huallagae,yebtou1,Yellow-browed Toucanet,
Aulacorhynchus prasinus,noremt1,Northern Emerald Toucanet,NOET
Aulacorhynchus sulcatus,grbtou1,Groove-billed Toucanet,
Aulacorhynchus whitelianus,chttou2,Tepui Toucanet,
Auriparus flaviceps,verdin,Verdin,VERD
Auritibicen bihamatus,,,
Auritibicen esakii,,,
Auritibicen flammatus,,,
Auritibicen jai,,,
Auritibicen japonicus,,,
Auritibicen kyushyuensis,,,
Auritibicen tsaopaonensis,,,
Auscala flammea,,,
Auscala spinosa,,,
Austrochaperina adelphe,,,
Austrochaperina fryi,,,
Austrochaperina gracilipes,,,
Austrochaperina pluvialis,,,
Austrochaperina robusta,,,
Austrosalomona falcata,,,
Austrosalomona personafrons,,,
Automolus cervinigularis,butfog9,Fawn-throated Foliage-gleaner,FTFG
Automolus exsertus,butfog4,Chiriqui Foliage-gleaner,CHFG
Automolus infuscatus,obfgle3,Olive-backed Foliage-gleaner,
Automolus lammi,perfog1,Pernambuco Foliage-gleaner,
Automolus leucophthalmus,wefgle1,White-eyed Foliage-gleaner,
Automolus melanopezus,brfgle1,Brown-rumped Foliage-gleaner,
Automolus ochrolaemus,btfgle1,Ochre-throated Foliage-gleaner,OTFG
Automolus paraensis,parfog1,Para Foliage-gleaner,
Automolus rufipileatus,ccfgle2,Chestnut-crowned Foliage-gleaner,
Automolus subulatus,strwoo4,Eastern Woodhaunter,STPW
Automolus virgatus,strwoo5,Western Woodhaunter,
Aviceda cuculoides,afrcuh1,African Cuckoo-Hawk,
Aviceda jerdoni,jerbaz1,Jerdon's Baza,
Aviceda leuphotes,blabaz1,Black Baza,
Aviceda madagascariensis,madcuh1,Madagascar Cuckoo-Hawk,
Aviceda subcristata,pacbaz1,Pacific Baza,
Avocettula recurvirostris,fitawl1,Fiery-tailed Awlbill,
Axis axis,,,
Axis porcinus,,,
Axylus philippinus,,,
Ayesha serva,,,
Aythya affinis,lessca,Lesser Scaup,LESC
Aythya americana,redhea,Redhead,REDH
Aythya australis,wheduc1,Hardhead,
Aythya collaris,rinduc,Ring-necked Duck,RNDU
Aythya ferina,compoc,Common Pochard,COMP
Aythya fuligula,tufduc,Tufted Duck,TUDU
Aythya marila,gresca,Greater Scaup,GRSC
Aythya novaeseelandiae,nezsca1,New Zealand Scaup,
Aythya nyroca,ferduc,Ferruginous Duck,
Aythya valisineria,canvas,Canvasback,CANV
Babyrousa babyrussa,,,
Bactrododema tiaratum,,,
Baeolophus atricristatus,blctit4,Black-crested Titmouse,BCTI
Baeolophus bicolor,tuftit,Tufted Titmouse,TUTI
Baeolophus inornatus,oaktit,Oak Titmouse,OATI
Baeolophus ridgwayi,juntit1,Juniper Titmouse,JUTI
Baeolophus wollweberi,britit,Bridled Titmouse,BRTI
Baeopogon clamans,sjogre1,Sjöstedt's Greenbul,
Baeopogon indicator,hongre1,Honeyguide Greenbul,
Baetica ustulata,,,
Balaena mysticetus,,,
Balaeniceps rex,shoebi1,Shoebill,
Balaenoptera physalus,,,
Balearica pavonina,blccra1,Black Crowned Crane,
Balearica regulorum,grccra1,Grey Crowned Crane,
Bambusicola fytchii,mobpar1,Mountain Bamboo Partridge,
Bambusicola sonorivox,taibap1,Taiwan Bamboo Partridge,
Bambusicola thoracicus,chbpar3,Chinese Bamboo Partridge,
Bangsia arcaei,bagtan1,Blue-and-gold Tanager,BAGT
Bangsia aureocincta,gortan1,Gold-ringed Tanager,
Bangsia edwardsi,mobtan1,Moss-backed Tanager,
Bangsia flavovirens,ygbtan1,Yellow-green Tanager,
Bangsia melanochlamys,bagtan2,Black-and-gold Tanager,
Bangsia rothschildi,goctan1,Golden-chested Tanager,
Banza kauaiensis,,,
Banza nitida,,,
Baratia sari,,,
Barbitistes alpinus,,,
Barbitistes constrictus,,,
Barbitistes fischeri,,,
Barbitistes kaltenbachi,,,
Barbitistes obtusus,,,
Barbitistes ocskayi,,,
Barbitistes serricauda,,,
Barbitistes vicetinus,,,
Barbitistes yersini,,,
Bark,,,
Barnardius zonarius,polpar1,Australian Ringneck,
Bartramia longicauda,uplsan,Upland Sandpiper,UPSA
Barycholos ternetzi,,,
Baryphthengus martii,rufmot1,Rufous Motmot,RMOT
Baryphthengus ruficapillus,rucmot2,Rufous-capped Motmot,
Basileuterus belli,gobwar1,Golden-browed Warbler,GBWA
Basileuterus culicivorus,gcrwar,Golden-crowned Warbler,GCRW
Basileuterus delattrii,rucwar4,Chestnut-capped Warbler,CCAW
Basileuterus ignotus,pirwar1,Pirre Warbler,PIRW
Basileuterus lachrymosus,fatwar,Fan-tailed Warbler,FTWA
Basileuterus melanogenys,blcwar1,Black-cheeked Warbler,BCWA
Basileuterus melanotis,thswar5,Black-eared Warbler,CRWA
Basileuterus punctipectus,thswar2,Yungas Warbler,
Basileuterus rufifrons,rucwar,Rufous-capped Warbler,RCWA
Basileuterus tacarcunae,thswar9,Tacarcuna Warbler,TAWA
Basileuterus trifasciatus,thbwar2,Three-banded Warbler,
Basileuterus tristriatus,thswar1,Three-striped Warbler,
Basilinna leucotis,whehum,White-eared Hummingbird,WEHU
Basilinna xantusii,xanhum,Xantus's Hummingbird,XAHU
Basilornis celebensis,sulmyn1,Sulawesi Myna,
Basilornis corythaix,locmyn1,Long-crested Myna,
Basilornis galeatus,helmyn1,Helmeted Myna,
Bass_drum,,,
Bass_guitar,,,
Bassariscus astutus,,,
Bassariscus sumichrasti,,,
Batara cinerea,giaant2,Giant Antshrike,
Bathmocercus cerviniventris,bkcruw1,Black-headed Rufous Warbler,
Bathmocercus rufus,bkfruw1,Black-faced Rufous Warbler,
Bathtub_(filling_or_washing),,,
Batis capensis,capbat10,Cape Batis,
Batis crypta,darbat1,Dark Batis,
Batis diops,ruwbat1,Rwenzori Batis,
Batis erlangeri,bkhbat1,Western Black-headed Batis,
Batis fratrum,woobat1,Woodwards' Batis,
Batis ituriensis,itubat1,Ituri Batis,
Batis margaritae,boubat1,Margaret's Batis,
Batis minima,verbat1,Gabon Batis,
Batis minor,bkhbat2,Eastern Black-headed Batis,
Batis minulla,angbat1,Angola Batis,
Batis mixta,shtbat1,Short-tailed Batis,
Batis molitor,chibat1,Chinspot Batis,
Batis occulta,weabat1,West African Batis,
Batis orientalis,gyhbat1,Grey-headed Batis,
Batis perkeo,pygbat1,Pygmy Batis,
Batis poensis,fepbat1,Fernando Po Batis,
Batis pririt,pribat1,Pririt Batis,
Batis senegalensis,senbat1,Senegal Batis,
Batis soror,palbat1,Pale Batis,
Batocera rubus,,,
Batocera rufomaculata,,,
Batrachostomus affinis,javfro2,Blyth's Frogmouth,
Batrachostomus auritus,larfro1,Large Frogmouth,
Batrachostomus chaseni,palfro1,Palawan Frogmouth,
Batrachostomus cornutus,sunfro1,Sunda Frogmouth,
Batrachostomus harterti,dulfro1,Dulit Frogmouth,
Batrachostomus hodgsoni,hodfro1,Hodgson's Frogmouth,
Batrachostomus javensis,javfro3,Javan Frogmouth,
Batrachostomus mixtus,shtfro2,Bornean Frogmouth,
Batrachostomus moniliger,ceyfro1,Sri Lanka Frogmouth,
Batrachostomus poliolophus,shtfro3,Sumatran Frogmouth,
Batrachostomus septimus,phifro1,Philippine Frogmouth,
Batrachostomus stellatus,goufro1,Gould's Frogmouth,
Batrachyla antartandica,,,
Batrachyla leptopus,,,
Batrachyla taeniata,,,
Beameria ansercollis,,,
Beameria venosa,,,
Beameria wheeleri,,,
Bell,,,
Belocephalus subapterus,,,
Berberigetta dimelodica,,,
Berenicornis comatus,whchor2,White-crowned Hornbill,
Berlepschia rikeri,potpal1,Point-tailed Palmcreeper,
Bernieria madagascariensis,lobber1,Long-billed Bernieria,
Bias musicus,bawfly1,Black-and-white Shrike-flycatcher,
Biatas nigropectus,whbant2,White-bearded Antshrike,
Bicolorana bicolor,,,
Bicolorana kraussi,,,
Bicycle,,,
Bicycle_bell,,,
Birrima castanea,,,
Birrima varians,,,
Bison bison,,,
Bison bonasus,,,
Biziura lobata,musduc1,Musk Duck,
Blarina brevicauda,,,
Bleda canicapillus,gyhbri1,Grey-headed Bristlebill,
Bleda eximius,gntbri1,Green-tailed Bristlebill,
Bleda notatus,lesbri1,Yellow-lored Bristlebill,
Bleda syndactylus,combri2,Red-tailed Bristlebill,
Bleda ugandae,lesbri3,Yellow-eyed Bristlebill,
Blythipicus pyrrhotis,baywoo1,Bay Woodpecker,
Blythipicus rubiginosus,marwoo1,Maroon Woodpecker,
Boa imperator,,,
Boana albomarginata,,,
Boana albopunctata,,,
Boana bischoffi,,,
Boana boans,,,
Boana buriti,,,
Boana calcarata,,,
Boana cinerascens,,,
Boana cipoensis,,,
Boana cordobae,,,
Boana crepitans,,,
Boana dentei,,,
Boana diabolica,,,
Boana exastis,,,
Boana faber,,,
Boana fasciata,,,
Boana freicanecae,,,
Boana geographica,,,
Boana guentheri,,,
Boana heilprini,,,
Boana jimenezi,,,
Boana joaquini,,,
Boana lanciformis,,,
Boana lemai,,,
Boana lundii,,,
Boana multifasciata,,,
Boana ornatissima,,,
Boana pardalis,,,
Boana platanera,,,
Boana poaju,,,
Boana polytaenia,,,
Boana prasina,,,
Boana pugnax,,,
Boana pulchella,,,
Boana punctata,,,
Boana raniceps,,,
Boana riojana,,,
Boana rosenbergi,,,
Boana rufitela,,,
Boana semilineata,,,
Boana sibleszi,,,
Boana wavrini,,,
Boat_and_Water_vehicle,,,
Bocagia minuta,martch2,Marsh Tchagra,
Boiling,,,
Boissonneaua flavescens,butcor1,Buff-tailed Coronet,
Boissonneaua jardini,vepcor1,Velvet-purple Coronet,
Boissonneaua matthewsii,chbcor1,Chestnut-breasted Coronet,
Bokermannohyla astartea,,,
Bokermannohyla circumdata,,,
Bokermannohyla hylax,,,
Bokermannohyla pseudopseudis,,,
Bokermannohyla sapiranga,,,
Bolbelasmus hornii,,,
Bolbelasmus unicornis,,,
Bolbopsittacus lunulatus,guaiab1,Guaiabero,
Bolborhynchus ferrugineifrons,rufpar1,Rufous-fronted Parakeet,
Bolborhynchus lineola,barpar1,Barred Parakeet,BAPA
Bolborhynchus orbygnesius,andpar1,Andean Parakeet,
Bolemoreus frenatus,brihon1,Bridled Honeyeater,
Bolemoreus hindwoodi,eunhon1,Eungella Honeyeater,
Bombina bombina,,,
Bombina maxima,,,
Bombina microdeladigitora,,,
Bombina orientalis,,,
Bombina variegata,,,
Bombus bimaculatus,,,
Bombus borealis,,,
Bombus crotchii,,,
Bombus fervidus,,,
Bombus griseocollis,,,
Bombus huntii,,,
Bombus impatiens,,,
Bombus lapidarius,,,
Bombus melanopygus,,,
Bombus mixtus,,,
Bombus occidentalis,,,
Bombus pascuorum,,,
Bombus perplexus,,,
Bombus pratorum,,,
Bombus robustus,,,
Bombus ternarius,,,
Bombus terrestris,,,
Bombus wilmattae,,,
Bombycilla cedrorum,cedwax,Cedar Waxwing,CEDW
Bombycilla garrulus,bohwax,Bohemian Waxwing,BOWA
Bombycilla japonica,japwax1,Japanese Waxwing,
Bombylius cruciatus,,,
Bombylius major,,,
Bonasa umbellus,rufgro,Ruffed Grouse,RUGR
Boom,,,
Bootettix argentatus,,,
Boreorana sylvatica,,,
Borneopsis cryptosticta,,,
Bos bison,,,
Bos frontalis,,,
Bos grunniens,,,
Bos javanicus,,,
Bos mutus,,,
Bos taurus,,,
Boselaphus tragocamelus,,,
Bostrychia bocagei,oliibi3,Sao Tome Ibis,
Bostrychia carunculata,watibi1,Wattled Ibis,
Bostrychia hagedash,hadibi1,Hadada Ibis,
Bostrychia olivacea,oliibi2,Olive Ibis,
Bostrychia rara,spbibi1,Spot-breasted Ibis,
Botaurus cinnamomeus,cinbit1,Cinnamon Bittern,
Botaurus dubius,bkbbit1,Black-backed Bittern,
Botaurus eurhythmus,schbit1,Von Schrenck's Bittern,
Botaurus exilis,leabit,Least Bittern,LEBI
Botaurus flavicollis,blabit1,Black Bittern,
Botaurus involucris,stbbit1,Stripe-backed Bittern,
Botaurus lentiginosus,amebit,American Bittern,AMBI
Botaurus minutus,litbit1,Little Bittern,
Botaurus pinnatus,pinbit1,Pinnated Bittern,PIBI
Botaurus poiciloptilus,ausbit1,Australasian Bittern,
Botaurus sinensis,yelbit,Yellow Bittern,YEBI
Botaurus stellaris,grebit1,Eurasian Bittern,
Botaurus sturmii,dwabit1,Dwarf Bittern,
Boulenophrys binchuanensis,,,
Boulenophrys brachykolos,,,
Boulenophrys jinggangensis,,,
Boulenophrys nanlingensis,,,
Bowed_string_instrument,,,
Brachinus sclopeta,,,
Brachycephalus hermogenesi,,,
Brachycephalus rotenbergae,,,
Brachycephalus sulfuratus,,,
Brachycope anomala,botwea1,Bob-tailed Weaver,
Brachycrotaphus tryxalicerus,,,
Brachygalba albogularis,whtjac1,White-throated Jacamar,
Brachygalba goeringi,pahjac1,Pale-headed Jacamar,
Brachygalba lugubris,brojac2,Brown Jacamar,
Brachygalba salmoni,dubjac1,Dusky-backed Jacamar,DBJA
Brachygenys californiensis,,,
Brachypremna dispellens,,,
Brachypteracias leptosomus,slgrol1,Short-legged Ground Roller,
Brachypteryx cruralis,whbsho4,Himalayan Shortwing,
Brachypteryx erythrogyna,whbsho8,Bornean Shortwing,
Brachypteryx floris,whbsho11,Flores Shortwing,
Brachypteryx goodfellowi,whbsho6,Taiwan Shortwing,
Brachypteryx hyperythra,rubsho1,Rusty-bellied Shortwing,
Brachypteryx leucophris,lessho1,Lesser Shortwing,
Brachypteryx montana,whbsho10,Javan Shortwing,
Brachypteryx sinensis,whbsho5,Chinese Shortwing,
Brachyramphus marmoratus,marmur,Marbled Murrelet,MAMU
Brachystola magna,,,
Brachyteles arachnoides,,,
Brachyteles hypoxanthus,,,
Brachytrupes megacephalus,,,
Bradornis comitatus,dubfly2,Dusky-blue Flycatcher,
Bradornis mariquensis,marfly1,Marico Flycatcher,
Bradornis microrhynchus,afgfly1,African Grey Flycatcher,
Bradyporus avanos,,,
Bradyporus conophallus,,,
Bradyporus dasypus,,,
Bradyporus latipes,,,
Bradyporus macrogaster,,,
Bradyporus oniscus,,,
Bradyporus skopjensis,,,
Bradyporus sureyai,,,
Bradyporus toros,,,
Bradypterus baboecala,afbwar1,Little Rush Warbler,
Bradypterus bangwaensis,banscw1,Bangwa Forest Warbler,
Bradypterus barratti,afswar1,Barratt's Warbler,
Bradypterus brunneus,bretai1,Brown Emutail,
Bradypterus carpalis,wwswar1,White-winged Swamp Warbler,
Bradypterus centralis,hirwar2,Highland Rush Warbler,
Bradypterus cinnamomeus,cibwar1,Cinnamon Bracken Warbler,
Bradypterus grandis,jrswar1,Dja River Scrub Warbler,
Bradypterus graueri,grswar1,Grauer's Swamp Warbler,
Bradypterus lopezi,camscw1,Evergreen Forest Warbler,
Bradypterus seebohmi,gryemt1,Grey Emutail,
Bradypterus sylvaticus,knswar1,Knysna Warbler,
Bradypus variegatus,,,
Branta bernicla,brant,Brant Goose,BRAN
Branta canadensis,cangoo,Canada Goose,CANG
Branta hutchinsii,cacgoo1,Cackling Goose,CACG
Branta leucopsis,bargoo,Barnacle Goose,BARG
Branta ruficollis,rebgoo1,Red-breasted Goose,
Branta sandvicensis,hawgoo,Nene,HAGO
Brass_instrument,,,
Breathing,,,
Breviceps acutirostris,,,
Breviceps adspersus,,,
Breviceps fuscus,,,
Breviceps gibbosus,,,
Breviceps montanus,,,
Breviceps mossambicus,,,
Breviceps namaquensis,,,
Breviceps passmorei,,,
Breviceps pentheri,,,
Breviceps poweri,,,
Breviceps rosei,,,
Breviceps sopranus,,,
Breviceps verrucosus,,,
Brotogeris chiriri,yecpar,Yellow-chevroned Parakeet,YCPA
Brotogeris chrysoptera,gowpar2,Golden-winged Parakeet,
Brotogeris cyanoptera,cowpar1,Cobalt-winged Parakeet,
Brotogeris jugularis,orcpar,Orange-chinned Parakeet,OCPA
Brotogeris pyrrhoptera,gycpar1,Grey-cheeked Parakeet,
Brotogeris sanctithomae,tuipar1,Tui Parakeet,
Brotogeris tirica,plapar1,Plain Parakeet,
Brotogeris versicolurus,whwpar,White-winged Parakeet,WWPA
Broughtonia arnoldi,,,
Broughtonia domogledi,,,
Bruneria brunnea,,,
Brunhilda charmosyna,rerwax1,Black-cheeked Waxbill,
Brunhilda erythronotos,blcwax1,Black-faced Waxbill,
Bryodema gebleri,,,
Bryodema luctuosum,,,
Bryodemella holdereri,,,
Bryodemella orientalis,,,
Bryodemella tuberculata,,,
Bubalornis albirostris,wbbwea1,White-billed Buffalo Weaver,
Bubalornis niger,rbbwea1,Red-billed Buffalo Weaver,
Bubalus bubalis,,,
Bubalus quarlesi,,,
Bubo africanus,spoeao2,Spotted Eagle-Owl,
Bubo ascalaphus,pheowl1,Pharaoh Eagle-Owl,
Bubo bengalensis,roeowl1,Indian Eagle-Owl,
Bubo bubo,eueowl1,Eurasian Eagle-Owl,
Bubo capensis,caeowl1,Cape Eagle-Owl,
Bubo cinerascens,graeao1,Greyish Eagle-Owl,
Bubo magellanicus,grhowl2,Lesser Horned Owl,
Bubo milesi,speowl2,Arabian Eagle-Owl,
Bubo scandiacus,snoowl1,Snowy Owl,SNOW
Bubo virginianus,grhowl,Great Horned Owl,GHOW
Bucanetes githagineus,trufin2,Trumpeter Finch,
Bucanetes mongolicus,monfin2,Mongolian Finch,
Buccanodon duchaillui,yesbar1,Yellow-spotted Barbet,
Bucco capensis,colpuf1,Collared Puffbird,
Bucco macrodactylus,chcpuf1,Chestnut-capped Puffbird,
Bucco noanamae,socpuf1,Sooty-capped Puffbird,
Bucco tamatia,spopuf1,Spotted Puffbird,
Bucephala albeola,buffle,Bufflehead,BUFF
Bucephala clangula,comgol,Common Goldeneye,COGO
Bucephala islandica,bargol,Barrow's Goldeneye,BAGO
Bucephaloptera bucephala,,,
Buceros bicornis,grehor1,Great Hornbill,
Buceros hydrocorax,rufhor1,Rufous Hornbill,
Buceros rhinoceros,rhihor1,Rhinoceros Hornbill,
Bucorvus abyssinicus,noghor1,Abyssinian Ground Hornbill,
Bucorvus leadbeateri,soghor1,Southern Ground Hornbill,
Bucrates malivolans,,,
Bucrates weissmani,,,
Budorcas taxicolor,,,
Buergeria buergeri,,,
Buergeria choui,,,
Buergeria otai,,,
Buergeria robusta,,,
Bufo bufo,,,
Bufo formosus,,,
Bufo gargarizans,,,
Bufo praetextatus,,,
Bufo sachalinensis,,,
Bufo spinosus,,,
Bufotes boulengeri,,,
Bufotes cypriensis,,,
Bufotes luristanicus,,,
Bufotes oblongus,,,
Bufotes pewzowi,,,
Bufotes pseudoraddei,,,
Bufotes viridis,,,
Bugeranus carunculatus,,,
Bullacris unicolor,,,
Bulweria bulwerii,bulpet,Bulwer's Petrel,BUPE
Buphagus africanus,yeboxp1,Yellow-billed Oxpecker,
Buphagus erythroryncha,reboxp1,Red-billed Oxpecker,
Buprestis lyrata,,,
Burbunga gilmorei,,,
Burbunga hillieri,,,
Burbunga parva,,,
Burbunga queenslandica,,,
Burcus tarnis,,,
Burhinus capensis,sptkne1,Spotted Thick-knee,
Burhinus grallarius,butkne1,Bush Stone-curlew,
Burhinus indicus,indthk1,Indian Stone-curlew,
Burhinus oedicnemus,eutkne1,Eurasian Stone-curlew,
Burhinus senegalensis,setkne1,Senegal Thick-knee,
Burhinus vermiculatus,watkne1,Water Thick-knee,
Burping_and_eructation,,,
Bus,,,
Busarellus nigricollis,blchaw1,Black-collared Hawk,BCHA
Butastur indicus,gyfbuz1,Grey-faced Buzzard,
Butastur liventer,ruwbuz1,Rufous-winged Buzzard,
Butastur rufipennis,grabuz1,Grasshopper Buzzard,
Butastur teesa,whebuz1,White-eyed Buzzard,
Buteo albigula,whthaw1,White-throated Hawk,
Buteo albonotatus,zothaw,Zone-tailed Hawk,ZTHA
Buteo augur,augbuz2,Augur Buzzard,
Buteo auguralis,renbuz1,Red-necked Buzzard,
Buteo brachypterus,madbuz1,Madagascar Buzzard,
Buteo brachyurus,shthaw,Short-tailed Hawk,STHA
Buteo buteo,combuz1,Common Buzzard,
Buteo galapagoensis,galhaw1,Galapagos Hawk,
Buteo hemilasius,uplbuz1,Upland Buzzard,
Buteo jamaicensis,rethaw,Red-tailed Hawk,RTHA
Buteo japonicus,combuz6,Eastern Buzzard,
Buteo lagopus,rolhaw,Rough-legged Buzzard,RLHA
Buteo lineatus,reshaw,Red-shouldered Hawk,RSHA
Buteo nitidus,gryhaw3,Grey-lined Hawk,GLHA
Buteo oreophilus,moubuz2,Mountain Buzzard,
Buteo plagiatus,gryhaw2,Grey Hawk,GRHA
Buteo platypterus,brwhaw,Broad-winged Hawk,BWHA
Buteo refectus,combuz9,Himalayan Buzzard,
Buteo regalis,ferhaw,Ferruginous Hawk,FEHA
Buteo ridgwayi,ridhaw1,Ridgway's Hawk,RIHA
Buteo rufinus,lolbuz1,Long-legged Buzzard,LLBU
Buteo rufofuscus,jacbuz1,Jackal Buzzard,
Buteo socotraensis,socbuz1,Socotra Buzzard,
Buteo solitarius,hawhaw,Hawaiian Hawk,HAWH
Buteo swainsoni,swahaw,Swainson's Hawk,SWHA
Buteo trizonatus,moubuz3,Forest Buzzard,
Buteo ventralis,ruthaw1,Rufous-tailed Hawk,
Buteogallus aequinoctialis,ruchaw1,Rufous Crab Hawk,
Buteogallus anthracinus,comblh1,Common Black Hawk,COBH
Buteogallus coronatus,croeag1,Chaco Eagle,
Buteogallus gundlachii,cubblh1,Cuban Black Hawk,CUBH
Buteogallus lacernulatus,whnhaw2,White-necked Hawk,
Buteogallus meridionalis,savhaw1,Savanna Hawk,SAHA
Buteogallus schistaceus,slchaw2,Slate-colored Hawk,
Buteogallus solitarius,soleag1,Solitary Eagle,SOEA
Buteogallus urubitinga,grbhaw1,Great Black Hawk,GBHA
Buthraupis montana,homtan1,Hooded Mountain Tanager,
Butorides striata,strher,Striated Heron,STRH
Butorides virescens,grnher,Green Heron,GRHE
Buzz,,,
Bycanistes albotibialis,whthor1,White-thighed Hornbill,
Bycanistes brevis,sichor1,Silvery-cheeked Hornbill,
Bycanistes bucinator,truhor1,Trumpeter Hornbill,
Bycanistes cylindricus,bnchor1,Brown-cheeked Hornbill,
Bycanistes fistulator,piphor1,Piping Hornbill,
Bycanistes subcylindricus,bawhor2,Black-and-white-casqued Hornbill,
Cacama californica,,,
Cacama crepitans,,,
Cacama dissimilis,,,
Cacama moorei,,,
Cacama valvata,,,
Cacatua alba,whicoc1,White Cockatoo,
Cacatua ducorpsii,duccoc1,Solomons Corella,
Cacatua galerita,succoc,Sulphur-crested Cockatoo,
Cacatua goffiniana,tancoc1,Tanimbar Corella,
Cacatua haematuropygia,phicoc1,Red-vented Cockatoo,
Cacatua leadbeateri,pincoc1,Pink Cockatoo,
Cacatua moluccensis,saccoc,Salmon-crested Cockatoo,
Cacatua ophthalmica,blecoc1,Blue-eyed Cockatoo,
Cacatua pastinator,wescor1,Western Corella,
Cacatua sanguinea,litcor2,Little Corella,
Cacatua sulphurea,yeccoc1,Yellow-crested Cockatoo,
Cacatua tenuirostris,lobcor1,Long-billed Corella,
Cacicus cela,yercac1,Yellow-rumped Cacique,YRCA
Cacicus chrysonotus,moucac1,Mountain Cacique,
Cacicus chrysopterus,gowcac1,Golden-winged Cacique,
Cacicus haemorrhous,rercac1,Red-rumped Cacique,
Cacicus koepckeae,selcac1,Selva Cacique,
Cacicus latirostris,batoro1,Band-tailed Cacique,
Cacicus oseryi,casoro2,Casqued Cacique,
Cacicus sclateri,ecucac1,Ecuadorian Cacique,
Cacicus solitarius,sobcac1,Solitary Cacique,
Cacicus uropygialis,scrcac1,Scarlet-rumped Cacique,SRCA
Cacomantis aeruginosus,molcuc1,Moluccan Brush Cuckoo,
Cacomantis castaneiventris,chbcuc3,Chestnut-breasted Cuckoo,
Cacomantis flabelliformis,fatcuc1,Fan-tailed Cuckoo,
Cacomantis merulinus,placuc1,Plaintive Cuckoo,
Cacomantis passerinus,placuc3,Grey-bellied Cuckoo,
Cacomantis sepulcralis,brucuc2,Sunda Brush Cuckoo,
Cacomantis sonneratii,babcuc2,Banded Bay Cuckoo,
Cacomantis variolosus,brucuc3,Sahul Brush Cuckoo,
Cacopsylla pyri,,,
Cacosternum aggestum,,,
Cacosternum australis,,,
Cacosternum boettgeri,,,
Cacosternum capense,,,
Cacosternum cederbergense,,,
Cacosternum karooicum,,,
Cacosternum namaquense,,,
Cacosternum nanum,,,
Cacosternum parvum,,,
Cacosternum platys,,,
Cacosternum rhythmum,,,
Cacosternum striatum,,,
Cacosternum thorini,,,
Cadeguala occidentalis,,,
Caedicia noctivaga,,,
Caedicia simplex,,,
Caiman crocodilus,,,
Caiman latirostris,,,
Cairina moschata,musduc,Muscovy Duck,MUDU
Calamanthus campestris,ruffie2,Rufous Fieldwren,
Calamanthus fuliginosus,strfie1,Striated Fieldwren,
Calamanthus montanellus,ruffie3,Western Fieldwren,
Calamonastes fasciolatus,bawwar1,Barred Wren-Warbler,
Calamonastes simplex,grywrw1,Grey Wren-Warbler,
Calamonastes stierlingi,miowrw3,Stierling's Wren-Warbler,
Calamonastes undosus,miowrw2,Miombo Wren-Warbler,
Calamonastides gracilirostris,paywar1,Papyrus Yellow Warbler,
Calamospiza melanocorys,larbun,Lark Bunting,LARB
Calandrella acutirostris,humlar1,Hume's Short-toed Lark,
Calandrella blanfordi,blalar2,Blanford's Lark,
Calandrella brachydactyla,gstlar1,Greater Short-toed Lark,
Calandrella cinerea,reclar1,Red-capped Lark,
Calandrella dukhunensis,sstlar4,Mongolian Short-toed Lark,
Calandrella eremica,blalar4,Rufous-capped Lark,
Calcarius lapponicus,laplon,Lapland Longspur,LALO
Calcarius ornatus,chclon,Chestnut-collared Longspur,CCLO
Calcarius pictus,smilon,Smith's Longspur,SMLO
Calendulauda africanoides,faclar8,Fawn-colored Lark,
Calendulauda albescens,karlar2,Karoo Lark,
Calendulauda burra,ferlar2,Red Lark,
Calendulauda erythrochlamys,dunlar5,Dune Lark,
Calendulauda gilletti,gillar1,Gillett's Lark,
Calendulauda poecilosterna,piblar3,Pink-breasted Lark,
Calendulauda sabota,sablar2,Sabota Lark,
Calephorus compressicornis,,,
Calherodius leuconotus,wbnher1,White-backed Night Heron,
Calicalicus madagascariensis,retvan1,Red-tailed Vanga,
Calicalicus rufocarpalis,resvan1,Red-shouldered Vanga,
Calidris acuminata,shtsan,Sharp-tailed Sandpiper,SPTS
Calidris alba,sander,Sanderling,SAND
Calidris alpina,dunlin,Dunlin,DUNL
Calidris bairdii,baisan,Baird's Sandpiper,BASA
Calidris canutus,redkno,Red Knot,REKN
Calidris falcinellus,brbsan,Broad-billed Sandpiper,BBIS
Calidris ferruginea,cursan,Curlew Sandpiper,CUSA
Calidris fuscicollis,whrsan,White-rumped Sandpiper,WRSA
Calidris himantopus,stisan,Stilt Sandpiper,STSA
Calidris maritima,pursan,Purple Sandpiper,PUSA
Calidris mauri,wessan,Western Sandpiper,WESA
Calidris melanotos,pecsan,Pectoral Sandpiper,PESA
Calidris minuta,litsti,Little Stint,LIST
Calidris minutilla,leasan,Least Sandpiper,LESA
Calidris ptilocnemis,rocsan,Rock Sandpiper,ROSA
Calidris pugnax,ruff,Ruff,RUFF
Calidris pusilla,semsan,Semipalmated Sandpiper,SESA
Calidris pygmaea,spbsan1,Spoon-billed Sandpiper,
Calidris ruficollis,rensti,Red-necked Stint,RNST
Calidris subminuta,lotsti,Long-toed Stint,LTST
Calidris subruficollis,bubsan,Buff-breasted Sandpiper,BBSA
Calidris temminckii,temsti,Temminck's Stint,TEST
Calidris tenuirostris,grekno,Great Knot,GRKN
Calidris virgata,surfbi,Surfbird,SURF
Caliechthrus leucolophus,whckoe1,White-crowned Cuckoo,
Caligavis chrysops,yefhon1,Yellow-faced Honeyeater,
Caligavis obscura,obshon1,Obscure Honeyeater,
Caligavis subfrenata,blthon1,Black-throated Honeyeater,
Caliginopsalta percola,,,
Callacanthis burtoni,spefin1,Spectacled Finch,
Callaeas cinereus,kokako4,South Island Kokako,
Callaeas wilsoni,kokako3,North Island Kokako,
Callibia diana,,,
Callicebus coimbrai,,,
Callicebus melanochir,,,
Callicebus nigrifrons,,,
Callicebus personatus,,,
Callicrania faberi,,,
Callicrania plaxicauda,,,
Callicrania ramburii,,,
Callimedusa tomopterna,,,
Callimico goeldii,,,
Callinectes sapidus,,,
Calliope calliope,sibrub,Siberian Rubythroat,SIRU
Calliope pectardens,fireth1,Firethroat,
Calliope pectoralis,himrub1,Himalayan Rubythroat,
Calliope tschebaiewi,chirub1,Chinese Rubythroat,
Callipepla californica,calqua,California Quail,CAQU
Callipepla douglasii,elequa,Elegant Quail,ELQU
Callipepla gambelii,gamqua,Gambel's Quail,GAQU
Callipepla squamata,scaqua,Scaled Quail,SCQU
Calliphlox amethystina,amewoo1,Amethyst Woodstar,
Calliphona alluaudi,,,
Calliphona koenigi,,,
Calliptamus italicus,,,
Callithrix aurita,,,
Callithrix flaviceps,,,
Callithrix geoffroyi,,,
Callithrix jacchus,,,
Callithrix kuhlii,,,
Callithrix penicillata,,,
Callocephalon fimbriatum,gagcoc1,Gang-gang Cockatoo,
Callonetta leucophrys,rintea1,Ringed Teal,
Callorhinus ursinus,,,
Callosciurus adamsi,,,
Callosciurus caniceps,,,
Callosciurus erythraeus,,,
Callosciurus finlaysonii,,,
Callosciurus inornatus,,,
Callosciurus nigrovittatus,,,
Callosciurus notatus,,,
Callosciurus orestes,,,
Callosciurus prevostii,,,
Callosciurus quinquestriatus,,,
Callospermophilus lateralis,,,
Calochaetes coccineus,vertan1,Vermilion Tanager,
Calodactylodes aureus,,,
Caloenas nicobarica,nicpig1,Nicobar Pigeon,
Calonectris borealis,corshe1,Cory's Shearwater,CORS
Calonectris diomedea,scoshe1,Scopoli's Shearwater,SCSH
Calonectris edwardsii,cavshe1,Cape Verde Shearwater,CVSH
Calonectris leucomelas,strshe,Streaked Shearwater,STRS
Caloperdix oculeus,ferpar2,Ferruginous Partridge,
Caloramphus fuliginosus,brnbar2,Brown Barbet,
Caloramphus hayii,soobar2,Sooty Barbet,
Calothorax lucifer,luchum,Lucifer Sheartail,LUHU
Calothorax pulcher,beahum1,Beautiful Sheartail,BEAH
Calypte anna,annhum,Anna's Hummingbird,ANHU
Calypte costae,coshum,Costa's Hummingbird,COHU
Calyptocephalella gayi,,,
Calyptocichla serinus,golgre1,Golden Greenbul,
Calyptomena hosii,hosbro1,Hose's Broadbill,
Calyptomena viridis,grebro1,Green Broadbill,
Calyptomena whiteheadi,whibro1,Whitehead's Broadbill,
Calyptophilus frugivorus,eactan1,Eastern Chat-Tanager,EACT
Calyptophilus tertius,wectan1,Western Chat-Tanager,WECT
Calyptorhynchus banksii,rtbcoc1,Red-tailed Black Cockatoo,
Calyptorhynchus lathami,glbcoc1,Glossy Black Cockatoo,
Camarhynchus heliobates,manfin1,Mangrove Finch,
Camarhynchus pallidus,woofin1,Woodpecker Finch,
Camarhynchus parvulus,smtfin1,Small Tree Finch,
Camarhynchus pauper,metfin1,Medium Tree Finch,
Camarhynchus psittacula,latfin1,Large Tree Finch,
Camaroptera brachyura,grbcam1,Bleating Camaroptera,
Camaroptera chloronota,olgcam1,Olive-green Camaroptera,
Camaroptera harterti,gnbcam3,Hartert's Camaroptera,
Camaroptera superciliaris,yebcam1,Yellow-browed Camaroptera,
Camelus bactrianus,,,
Camelus dromedarius,,,
Camera,,,
Campephaga flava,blkcus1,Black Cuckooshrike,
Campephaga petiti,petcus1,Petit's Cuckooshrike,
Campephaga phoenicea,rescus1,Red-shouldered Cuckooshrike,
Campephaga quiscalina,putcus1,Purple-throated Cuckooshrike,
Campephilus gayaquilensis,guawoo2,Guayaquil Woodpecker,
Campephilus guatemalensis,pabwoo1,Pale-billed Woodpecker,PBIW
Campephilus haematogaster,crbwoo1,Crimson-bellied Woodpecker,CBWO
Campephilus leucopogon,crbwoo2,Cream-backed Woodpecker,
Campephilus magellanicus,magwoo1,Magellanic Woodpecker,
Campephilus melanoleucos,crcwoo1,Crimson-crested Woodpecker,CCRW
Campephilus pollens,powwoo1,Powerful Woodpecker,
Campephilus principalis,ivbwoo,Ivory-billed Woodpecker,IBWO
Campephilus robustus,robwoo1,Robust Woodpecker,
Campephilus rubricollis,renwoo1,Red-necked Woodpecker,
Campethera abingoni,gotwoo1,Golden-tailed Woodpecker,
Campethera bennettii,benwoo1,Bennett's Woodpecker,
Campethera maculosa,grbwoo2,Green-backed Woodpecker,
Campethera mombassica,momwoo1,Mombasa Woodpecker,
Campethera notata,knywoo1,Knysna Woodpecker,
Campethera nubica,nubwoo1,Nubian Woodpecker,
Campethera punctuligera,fiswoo1,Fine-spotted Woodpecker,
Campethera scriptoricauda,reiwoo1,Speckle-throated Woodpecker,
Campicoloides bifasciatus,busbus1,Buff-streaked Chat,
Campochaera sloetii,golcus1,Golden Cuckooshrike,
Campocolinus albogularis,whtfra2,White-throated Francolin,
Campocolinus coqui,coqfra2,Coqui Francolin,
Camponotus confusus,,,
Camptostoma imberbe,nobtyr,Northern Beardless Tyrannulet,NOBT
Camptostoma obsoletum,sobtyr1,Southern Beardless Tyrannulet,SOBT
Campylopterus calcirupicola,gybsab4,Outcrop Sabrewing,
Campylopterus diamantinensis,gybsab5,Diamantina Sabrewing,
Campylopterus duidae,bubsab1,Buff-breasted Sabrewing,
Campylopterus ensipennis,whtsab1,White-tailed Sabrewing,
Campylopterus falcatus,lazsab1,Lazuline Sabrewing,
Campylopterus hemileucurus,viosab1,Violet Sabrewing,VISA
Campylopterus hyperythrus,rubsab1,Rufous-breasted Sabrewing,
Campylopterus largipennis,gybsab1,Grey-breasted Sabrewing,
Campylopterus phainopeplus,samsab1,Santa Marta Sabrewing,
Campylopterus villaviscensio,napsab1,Napo Sabrewing,
Campylorhamphus falcularius,blbscy1,Black-billed Scythebill,
Campylorhamphus multostriatus,cubscy5,Xingu Scythebill,
Campylorhamphus procurvoides,cubscy1,Curve-billed Scythebill,
Campylorhamphus pusillus,brbscy1,Brown-billed Scythebill,BBSC
Campylorhamphus trochilirostris,rebscy1,Red-billed Scythebill,RBSC
Campylorhynchus albobrunneus,whhwre1,White-headed Wren,WHWR
Campylorhynchus brunneicapillus,cacwre,Cactus Wren,CACW
Campylorhynchus capistratus,runwre4,Rufous-backed Wren,RBAW
Campylorhynchus chiapensis,giawre1,Giant Wren,GIWR
Campylorhynchus fasciatus,faswre1,Fasciated Wren,
Campylorhynchus griseus,bicwre1,Bicolored Wren,BIWR
Campylorhynchus gularis,spowre1,Spotted Wren,SPWR
Campylorhynchus humilis,runwre3,Russet-naped Wren,RNAW
Campylorhynchus jocosus,bouwre1,Boucard's Wren,BOWR
Campylorhynchus megalopterus,grbwre1,Grey-barred Wren,GBWR
Campylorhynchus nuchalis,stbwre2,Stripe-backed Wren,
Campylorhynchus rufinucha,runwre2,Veracruz Wren,VEWR
Campylorhynchus turdinus,thlwre1,Thrush-like Wren,
Campylorhynchus yucatanicus,yucwre1,Yucatan Wren,YUWR
Campylorhynchus zonatus,babwre1,Band-backed Wren,BABW
Canachites canadensis,sprgro,Spruce Grouse,SPGR
Canariola emarginata,,,
Canirallus oculeus,gytrai1,Grey-throated Rail,
Canis aureus,,,
Canis familiaris,,,
Canis latrans,,,
Canis lupaster,,,
Canis lupus,,,
Canis lycaon,,,
Cantareus apertus,,,
Cantorchilus elutus,istwre1,Isthmian Wren,ISWR
Cantorchilus griseus,grywre1,Grey Wren,
Cantorchilus guarayanus,fabwre1,Fawn-breasted Wren,
Cantorchilus leucopogon,sttwre1,Stripe-throated Wren,STWR
Cantorchilus leucotis,bubwre1,Buff-breasted Wren,BBRW
Cantorchilus longirostris,lobwre1,Long-billed Wren,
Cantorchilus modestus,plawre1,Cabanis's Wren,CABW
Cantorchilus nigricapillus,baywre1,Bay Wren,BAYW
Cantorchilus semibadius,rivwre1,Riverside Wren,RIWR
Cantorchilus superciliaris,supwre1,Superciliated Wren,
Cantorchilus thoracicus,stbwre1,Stripe-breasted Wren,SIBW
Cantorchilus zeledoni,plawre3,Canebrake Wren,CAKW
Capcicada decora,,,
Capito auratus,gilbar1,Gilded Barbet,
Capito aurovirens,sccbar1,Scarlet-crowned Barbet,
Capito brunneipectus,brcbar1,Brown-chested Barbet,
Capito dayi,blgbar1,Black-girdled Barbet,
Capito hypoleucus,whmbar1,White-mantled Barbet,
Capito maculicoronatus,spcbar1,Spot-crowned Barbet,SCBA
Capito niger,blsbar1,Black-spotted Barbet,
Capito quinticolor,ficbar1,Five-colored Barbet,
Capito squamatus,orfbar1,Orange-fronted Barbet,
Capito wallacei,scbbar2,Scarlet-banded Barbet,
Capnobotes arizonensis,,,
Capnobotes attenuatus,,,
Capnobotes bruneri,,,
Capnobotes fuliginosus,,,
Capnobotes occidentalis,,,
Capnobotes unodontus,,,
Capra caucasica,,,
Capra falconeri,,,
Capra hircus,,,
Capra ibex,,,
Capreolus capreolus,,,
Capreolus pygargus,,,
Capricornis swinhoei,,,
Caprimulgus aegyptius,egynig1,Egyptian Nightjar,
Caprimulgus affinis,savnig1,Savanna Nightjar,
Caprimulgus andamanicus,andnig1,Andaman Nightjar,
Caprimulgus asiaticus,indnig1,Indian Nightjar,
Caprimulgus atripennis,jernig1,Jerdon's Nightjar,
Caprimulgus batesi,batnig2,Bates's Nightjar,
Caprimulgus celebensis,sulnig1,Sulawesi Nightjar,
Caprimulgus clarus,sltnig1,Slender-tailed Nightjar,
Caprimulgus climacurus,lotnig1,Long-tailed Nightjar,
Caprimulgus concretus,bonnig1,Bonaparte's Nightjar,
Caprimulgus donaldsoni,dosnig1,Donaldson Smith's Nightjar,
Caprimulgus europaeus,eurnig1,European Nightjar,
Caprimulgus eximius,golnig1,Golden Nightjar,
Caprimulgus fossii,sqtnig1,Square-tailed Nightjar,
Caprimulgus fraenatus,somnig1,Sombre Nightjar,
Caprimulgus indicus,grynig2,Jungle Nightjar,
Caprimulgus inornatus,planig1,Plain Nightjar,
Caprimulgus jotaka,grynig1,Grey Nightjar,GRNI
Caprimulgus longipennis,stwnig1,Standard-winged Nightjar,
Caprimulgus macrurus,latnig2,Large-tailed Nightjar,
Caprimulgus madagascariensis,madnig1,Madagascar Nightjar,
Caprimulgus mahrattensis,syknig1,Sykes's Nightjar,
Caprimulgus manillensis,phinig1,Philippine Nightjar,
Caprimulgus meesi,meenig1,Mees's Nightjar,
Caprimulgus natalensis,swanig1,Swamp Nightjar,
Caprimulgus nubicus,nubnig1,Nubian Nightjar,
Caprimulgus pectoralis,finnig1,Fiery-necked Nightjar,
Caprimulgus phalaena,palnig1,Palau Nightjar,
Caprimulgus poliocephalus,monnig1,Montane Nightjar,
Caprimulgus pulchellus,salnig1,Salvadori's Nightjar,
Caprimulgus ruficollis,rennig1,Red-necked Nightjar,
Caprimulgus rufigena,rucnig1,Rufous-cheeked Nightjar,
Caprimulgus stellatus,stsnig1,Star-spotted Nightjar,
Caprimulgus tristigma,frenig1,Freckled Nightjar,
Caprimulgus vexillarius,pewnig1,Pennant-winged Nightjar,
Capromys pilorides,,,
Capsiempis flaveola,yeltyr1,Yellow Tyrannulet,YETY
Car,,,
Car_passing_by,,,
Caracal aurata,,,
Caracal caracal,,,
Caracara plancus,y00678,Crested Caracara,CRCA
Cardellina canadensis,canwar,Canada Warbler,CAWA
Cardellina pusilla,wlswar,Wilson's Warbler,WIWA
Cardellina rubra,redwar1,Red Warbler,REWA
Cardellina rubrifrons,refwar,Red-faced Warbler,RFWA
Cardellina versicolor,pihwar1,Pink-headed Warbler,PHWA
Cardinalis cardinalis,norcar,Northern Cardinal,NOCA
Cardinalis phoeniceus,vercar1,Vermilion Cardinal,
Cardinalis sinuatus,pyrrhu,Pyrrhuloxia,PYRR
Cardiodactylus guttulus,,,
Carduelis carduelis,eurgol,European Goldfinch,EGOL
Carduelis citrinella,citfin1,Citril Finch,
Carduelis corsicana,corfin1,Corsican Finch,
Cariama cristata,relser1,Red-legged Seriema,
Caridonax fulgidus,whrkin1,White-rumped Kingfisher,
Carineta cearana,,,
Carineta diardi,,,
Carineta gemella,,,
Carpococcyx radiceus,bogcuc1,Bornean Ground Cuckoo,
Carpococcyx renauldi,cbgcuc1,Coral-billed Ground Cuckoo,
Carpococcyx viridis,sugcuc1,Sumatran Ground Cuckoo,
Carpodacus davidianus,chbros1,Chinese Beautiful Rosefinch,
Carpodacus dubius,cwbros1,Chinese White-browed Rosefinch,
Carpodacus edwardsii,darros1,Dark-rumped Rosefinch,
Carpodacus erythrinus,comros,Common Rosefinch,CORO
Carpodacus formosanus,vinros3,Taiwan Rosefinch,
Carpodacus grandis,blyros1,Blyth's Rosefinch,
Carpodacus pulcherrimus,bearos1,Himalayan Beautiful Rosefinch,
Carpodacus puniceus,refros1,Red-fronted Rosefinch,
Carpodacus rhodochlamys,remros1,Red-mantled Rosefinch,
Carpodacus roborowskii,tibros1,Tibetan Rosefinch,
Carpodacus rodochroa,pibros2,Pink-browed Rosefinch,
Carpodacus rodopeplus,spwros2,Spot-winged Rosefinch,
Carpodacus roseus,palros2,Pallas's Rosefinch,PARO
Carpodacus rubicilla,greros1,Great Rosefinch,
Carpodacus rubicilloides,strros1,Streaked Rosefinch,
Carpodacus sibiricus,lotros1,Long-tailed Rosefinch,
Carpodacus sillemi,tahmof1,Sillem's Rosefinch,
Carpodacus sipahi,scafin1,Scarlet Finch,
Carpodacus stoliczkae,palros3,Pale Rosefinch,
Carpodacus subhimachalus,crbfin3,Crimson-browed Finch,
Carpodacus synoicus,sinros1,Sinai Rosefinch,
Carpodacus thura,whbros1,Himalayan White-browed Rosefinch,
Carpodacus trifasciatus,thbros1,Three-banded Rosefinch,
Carpodacus verreauxii,spwros3,Sharpe's Rosefinch,
Carpodacus vinaceus,vinros2,Vinaceous Rosefinch,
Carpodacus waltoni,pirros1,Pink-rumped Rosefinch,
Carpodectes hopkei,bltcot1,Black-tipped Cotinga,BTCO
Carpodectes nitidus,snocot1,Snowy Cotinga,SNCO
Carpornis cucullata,hoober2,Hooded Berryeater,
Carpornis melanocephala,bkhber1,Black-headed Berryeater,
Carpospiza brachydactyla,palroc1,Pale Rockfinch,
Carterornis castus,loemon1,Tanimbar Monarch,
Carterornis chrysomela,golmon1,Golden Monarch,
Carterornis leucotis,whemon1,White-eared Monarch,
Carterornis pileatus,whnmon1,White-naped Monarch,
Caryothraustes canadensis,yeggro1,Yellow-green Grosbeak,YGGR
Caryothraustes poliogaster,blfgro1,Black-faced Grosbeak,BFAG
Casiornis fuscus,astcas2,Ash-throated Casiornis,
Casiornis rufus,rufcas2,Rufous Casiornis,
Cassiculus melanicterus,yewcac1,Mexican Cacique,YWCA
Castanozoster thoracicus,bcwfin1,Bay-chested Warbling Finch,
Castor canadensis,,,
Castor fiber,,,
Casuarius bennetti,dwacas1,Dwarf Cassowary,
Casuarius casuarius,soucas1,Southern Cassowary,
Casuarius unappendiculatus,norcas1,Northern Cassowary,
Cat,,,
Catamblyrhynchus diadema,plushc1,Plushcap,
Catamenia analis,batsee1,Band-tailed Seedeater,
Catamenia homochroa,parsee1,Paramo Seedeater,
Catamenia inornata,plcsee1,Plain-colored Seedeater,
Catharopeza bishopi,whiwar1,Whistling Warbler,WHIW
Cathartes aura,turvul,Turkey Vulture,TUVU
Cathartes burrovianus,lyhvul1,Lesser Yellow-headed Vulture,LYHV
Cathartes melambrotus,gyhvul1,Greater Yellow-headed Vulture,
Catharus aurantiirostris,obnthr1,Orange-billed Nightingale-Thrush,OBNT
Catharus bicknelli,bicthr,Bicknell's Thrush,BITH
Catharus dryas,spnthr1,Yellow-throated Nightingale-Thrush,YTNT
Catharus frantzii,rcnthr1,Ruddy-capped Nightingale-Thrush,RCNT
Catharus fuscater,sbnthr1,Slaty-backed Nightingale-Thrush,SBNT
Catharus fuscescens,veery,Veery,VEER
Catharus gracilirostris,bbnthr1,Black-billed Nightingale-Thrush,BBNT
Catharus guttatus,herthr,Hermit Thrush,HETH
Catharus maculatus,sponit2,Speckled Nightingale-Thrush,
Catharus mexicanus,bhnthr1,Black-headed Nightingale-Thrush,BHNT
Catharus minimus,gycthr,Grey-cheeked Thrush,GCTH
Catharus occidentalis,runthr1,Russet Nightingale-Thrush,RUNT
Catharus ustulatus,swathr,Swainson's Thrush,SWTH
Catherpes mexicanus,canwre,Canyon Wren,CANW
Catopuma temminckii,,,
Catreus wallichii,chephe1,Cheer Pheasant,
Catriscus brevirostris,fatgra1,Fan-tailed Grassbird,
Cavia aperea,,,
Cavia porcellus,,,
Ceblepyris caesius,grycus1,Grey Cuckooshrike,
Ceblepyris cinereus,ashcus2,Madagascar Cuckooshrike,
Ceblepyris cucullatus,ashcus3,Comoro Cuckooshrike,
Ceblepyris pectoralis,whbcus2,White-breasted Cuckooshrike,
Cebuella pygmaea,,,
Cebus aequatorialis,,,
Cebus albifrons,,,
Cebus capucinus,,,
Cebus imitator,,,
Cebus kaapori,,,
Cebus olivaceus,,,
Cebus yuracus,,,
Cecropis abyssinica,lessts1,Lesser Striped Swallow,
Cecropis badia,rubswa1,Rufous-bellied Swallow,
Cecropis cucullata,grests1,Greater Striped Swallow,
Cecropis daurica,y00621,Eastern Red-rumped Swallow,
Cecropis hyperythra,srlswa1,Sri Lanka Swallow,
Cecropis rufula,rerswa8,European Red-rumped Swallow,
Cecropis semirufa,rucswa2,Red-breasted Swallow,
Cecropis senegalensis,mosswa2,Mosque Swallow,
Celebesica abbotti,pygcus1,Pygmy Cuckooshrike,
Celeus castaneus,chcwoo1,Chestnut-colored Woodpecker,CCOW
Celeus elegans,chewoo2,Chestnut Woodpecker,
Celeus flavescens,blcwoo4,Blond-crested Woodpecker,
Celeus flavus,crcwoo2,Cream-colored Woodpecker,
Celeus galeatus,helwoo1,Helmeted Woodpecker,
Celeus loricatus,cinwoo1,Cinnamon Woodpecker,CIWO
Celeus lugubris,pacwoo1,Pale-crested Woodpecker,
Celeus obrieni,caawoo1,Kaempfer's Woodpecker,
Celeus ochraceus,blcwoo5,Ochre-backed Woodpecker,
Celeus spectabilis,ruhwoo1,Rufous-headed Woodpecker,
Celeus torquatus,rinwoo1,Ringed Woodpecker,
Celeus undatus,wavwoo5,Variable Woodpecker,
Centrocercus minimus,gusgro,Gunnison Grouse,GUSG
Centrocercus urophasianus,saggro,Sage Grouse,GRSG
Centrochelys sulcata,,,
Centrolene savagei,,,
Centronyx bairdii,baispa,Baird's Sparrow,BAIS
Centronyx henslowii,henspa,Henslow's Sparrow,HESP
Centropus andamanensis,andcou1,Andaman Coucal,
Centropus anselli,gabcou1,Gabon Coucal,
Centropus ateralbus,piecou1,White-necked Coucal,
Centropus bengalensis,lescou1,Lesser Coucal,
Centropus bernsteini,lebcou1,Black-billed Coucal,
Centropus burchellii,whbcou3,Burchell's Coucal,
Centropus celebensis,baycou1,Bay Coucal,
Centropus chalybeus,biacou1,Biak Coucal,
Centropus chlororhynchos,grbcou2,Green-billed Coucal,
Centropus cupreicaudus,cotcou1,Coppery-tailed Coucal,
Centropus goliath,golcou1,Goliath Coucal,
Centropus grillii,blacou1,Black Coucal,
Centropus leucogaster,bltcou1,Black-throated Coucal,
Centropus melanops,blfcou1,Black-faced Coucal,
Centropus menbeki,grbcou1,Ivory-billed Coucal,
Centropus milo,buhcou1,Buff-headed Coucal,
Centropus monachus,blhcou2,Blue-headed Coucal,
Centropus nigrorufus,suncou1,Sunda Coucal,
Centropus phasianinus,phecou2,Pheasant Coucal,
Centropus rectunguis,shtcou1,Short-toed Coucal,
Centropus senegalensis,sencou1,Senegal Coucal,
Centropus sinensis,grecou1,Greater Coucal,
Centropus steerii,blhcou1,Black-hooded Coucal,
Centropus superciliosus,whbcou2,White-browed Coucal,
Centropus toulou,madcou1,Malagasy Coucal,
Centropus unirufus,rufcou1,Rufous Coucal,
Centropus violaceus,viocou1,Violaceous Coucal,
Centropus viridis,phicou1,Philippine Coucal,
Cepaea hortensis,,,
Cephalophorus harveyi,,,
Cephalopterus glabricollis,banumb1,Bare-necked Umbrellabird,BNUM
Cephalopterus ornatus,amaumb1,Amazonian Umbrellabird,
Cephalopterus penduliger,lowumb1,Long-wattled Umbrellabird,
Cephalopyrus flammiceps,fictit1,Fire-capped Tit,
Cepphus columba,piggui,Pigeon Guillemot,PIGU
Cepphus grylle,blkgui,Black Guillemot,BLGU
Ceraeocercus fuscipennis,,,
Cerambyx cerdo,,,
Cerambyx scopolii,,,
Ceratogymna atrata,blchor1,Black-casqued Hornbill,
Ceratogymna elata,yechor1,Yellow-casqued Hornbill,
Ceratophrys cornuta,,,
Ceratophrys cranwelli,,,
Ceratophrys ornata,,,
Ceratophyus hoffmannseggi,,,
Ceratopipra chloromeros,rotman1,Round-tailed Manakin,
Ceratopipra cornuta,schman1,Scarlet-horned Manakin,
Ceratopipra erythrocephala,gohman1,Golden-headed Manakin,GHMA
Ceratopipra mentalis,recman1,Red-capped Manakin,RCMA
Ceratopipra rubrocapilla,rehman1,Red-headed Manakin,
Ceratotherium simum,,,
Cercibis oxycerca,shtibi1,Sharp-tailed Ibis,
Cercocebus atys,,,
Cercocebus chrysogaster,,,
Cercocebus torquatus,,,
Cercococcyx mechowi,dltcuc1,Dusky Long-tailed Cuckoo,
Cercococcyx montanus,bltcuc1,Barred Long-tailed Cuckoo,
Cercococcyx olivinus,oltcuc1,Olive Long-tailed Cuckoo,
Cercomacra brasiliana,rdjant1,Rio de Janeiro Antbird,
Cercomacra carbonaria,ribant1,Rio Branco Antbird,
Cercomacra cinerascens,gryant2,Grey Antbird,
Cercomacra ferdinandi,banant1,Bananal Antbird,
Cercomacra manu,manant1,Manu Antbird,
Cercomacra melanaria,magant1,Mato Grosso Antbird,
Cercomacra nigricans,jetant1,Jet Antbird,JEAN
Cercomacroides fuscicauda,blaant5,Riparian Antbird,
Cercomacroides laeta,wilant1,Willis's Antbird,
Cercomacroides nigrescens,blaant4,Blackish Antbird,
Cercomacroides parkeri,parant2,Parker's Antbird,
Cercomacroides serva,blaant2,Black Antbird,
Cercomacroides tyrannina,dusant1,Dusky Antbird,DUAN
Cercopis vulnerata,,,
Cercopithecus ascanius,,,
Cercopithecus campbelli,,,
Cercopithecus cephus,,,
Cercopithecus diana,,,
Cercopithecus hamlyni,,,
Cercopithecus lowei,,,
Cercopithecus mitis,,,
Cercopithecus mona,,,
Cercopithecus neglectus,,,
Cercopithecus nictitans,,,
Cercopithecus petaurista,,,
Cercopithecus pogonias,,,
Cercotrichas galactotes,rutscr1,Rufous-tailed Scrub Robin,
Cercotrichas hartlaubi,bbsrob1,Brown-backed Scrub Robin,
Cercotrichas leucophrys,rbsrob1,White-browed Scrub Robin,
Cercotrichas paena,kasrob1,Kalahari Scrub Robin,
Cercotrichas podobe,blsrob1,Black Scrub Robin,
Cerdocyon thous,,,
Cereopsis novaehollandiae,cabgoo1,Cape Barren Goose,
Cerorhinca monocerata,rhiauk,Rhinoceros Auklet,RHAU
Certhia americana,brncre,Brown Creeper,BRCR
Certhia brachydactyla,shttre1,Short-toed Treecreeper,
Certhia discolor,bnttre1,Sikkim Treecreeper,
Certhia familiaris,eurtre1,Eurasian Treecreeper,
Certhia himalayana,battre1,Bar-tailed Treecreeper,
Certhia hodgsoni,eurtre3,Hodgson's Treecreeper,
Certhia manipurensis,bnttre2,Hume's Treecreeper,
Certhia nipalensis,ruftre4,Rusty-flanked Treecreeper,
Certhia tianquanensis,sictre1,Sichuan Treecreeper,
Certhiasomus stictolaemus,sptwoo1,Spot-throated Woodcreeper,
Certhiaxis cinnamomeus,yecspi2,Yellow-chinned Spinetail,
Certhiaxis mustelinus,rawspi2,Red-and-white Spinetail,
Certhidea fusca,grywaf1,Grey Warbler-Finch,
Certhidea olivacea,warfin1,Green Warbler-Finch,
Certhilauda chuana,shclar1,Short-clawed Lark,
Certhilauda curvirostris,y00415,Cape Long-billed Lark,
Certhilauda semitorquata,elblar1,Eastern Long-billed Lark,
Certhilauda subcoronata,klblar6,Karoo Long-billed Lark,
Certhionyx variegatus,piehon1,Pied Honeyeater,
Cervus albirostris,,,
Cervus canadensis,,,
Cervus elaphus,,,
Cervus nippon,,,
Ceryle rudis,piekin1,Pied Kingfisher,
Cetonia aurata,,,
Cettia brunnifrons,gysbuw1,Grey-sided Bush Warbler,
Cettia castaneocoronata,chhtes1,Chestnut-headed Tesia,
Cettia cetti,cetwar1,Cetti's Warbler,
Cettia major,ccbwar1,Chestnut-crowned Bush Warbler,
Ceuthmochares aereus,yellow5,Blue Malkoha,
Ceuthmochares australis,yellow6,Green Malkoha,
Ceyx argentatus,silkin1,Southern Silvery Kingfisher,
Ceyx azureus,azukin1,Azure Kingfisher,
Ceyx collectoris,vardwk11,New Georgia Dwarf Kingfisher,
Ceyx cyanopectus,inbkin2,Indigo-banded Kingfisher,
Ceyx erithaca,bkbkin1,Black-backed Dwarf Kingfisher,
Ceyx fallax,sulkin1,Sulawesi Dwarf Kingfisher,
Ceyx flumenicola,norsik1,Northern Silvery Kingfisher,
Ceyx gentianus,vardwk15,Makira Dwarf Kingfisher,
Ceyx lepidus,varkin1,Moluccan Dwarf Kingfisher,
Ceyx margarethae,vardwk1,Dimorphic Dwarf Kingfisher,
Ceyx meeki,nosdwk1,North Solomons Dwarf Kingfisher,
Ceyx melanurus,phikin1,Philippine Dwarf Kingfisher,
Ceyx nigromaxilla,guadwk1,Guadalcanal Dwarf Kingfisher,
Ceyx pusillus,litkin1,Little Kingfisher,
Ceyx solitarius,vardwk6,Papuan Dwarf Kingfisher,
Chacophrys pierottii,,,
Chaetocercus astreans,samwoo2,Santa Marta Woodstar,
Chaetocercus berlepschi,esmwoo2,Esmeraldas Woodstar,
Chaetocercus bombus,litwoo5,Little Woodstar,
Chaetocercus heliodor,gorwoo2,Gorgeted Woodstar,
Chaetocercus mulsant,whbwoo6,White-bellied Woodstar,
Chaetops aurantius,orbroc1,Drakensberg Rockjumper,
Chaetops frenatus,rufroc1,Cape Rockjumper,
Chaetorhynchus papuensis,papdro1,Drongo Fantail,
Chaetura brachyura,shtswi1,Short-tailed Swift,STSW
Chaetura chapmani,chaswi2,Chapman's Swift,CHAS
Chaetura cinereiventris,grrswi1,Grey-rumped Swift,GRSW
Chaetura egregia,parswi1,Pale-rumped Swift,
Chaetura fumosa,corswi,Costa Rican Swift,CRSW
Chaetura martinica,leaswi1,Lesser Antillean Swift,LASW
Chaetura meridionalis,sicswi1,Sick's Swift,SISW
Chaetura pelagica,chiswi,Chimney Swift,CHSW
Chaetura spinicaudus,barswi,Band-rumped Swift,BRSW
Chaetura vauxi,vauswi,Vaux's Swift,VASW
Chalcites basalis,hobcuc1,Horsfield's Bronze Cuckoo,
Chalcites lucidus,shbcuc1,Shining Bronze Cuckoo,
Chalcites megarhynchus,lobcuc1,Long-billed Cuckoo,
Chalcites meyerii,webcuc1,White-eared Bronze Cuckoo,
Chalcites minutillus,libcuc1,Little Bronze Cuckoo,
Chalcites osculans,blecuc1,Black-eared Cuckoo,
Chalcites ruficollis,rtbcuc1,Rufous-throated Bronze Cuckoo,
Chalcomitra adelberti,butsun2,Buff-throated Sunbird,
Chalcomitra amethystina,amesun2,Amethyst Sunbird,
Chalcomitra balfouri,socsun2,Socotra Sunbird,
Chalcomitra fuliginosa,carsun2,Carmelite Sunbird,
Chalcomitra hunteri,hunsun2,Hunter's Sunbird,
Chalcomitra rubescens,gntsun1,Green-throated Sunbird,
Chalcomitra senegalensis,sccsun2,Scarlet-chested Sunbird,
Chalcoparia singalensis,rucsun2,Ruby-cheeked Sunbird,
Chalcophaps indica,emedov2,Common Emerald Dove,
Chalcophaps longirostris,emedov3,Pacific Emerald Dove,
Chalcophaps stephani,stedov1,Stephan's Emerald Dove,
Chalcophora virginiensis,,,
Chalcopsitta atra,blalor1,Black Lory,
Chalcopsitta cardinalis,carlor1,Cardinal Lory,
Chalcopsitta duivenbodei,brolor1,Brown Lory,
Chalcopsitta fuscata,duslor1,Dusky Lory,
Chalcopsitta scintillata,yeslor1,Yellow-streaked Lory,
Chalcorana chalconota,,,
Chalcostigma herrani,rabtho1,Rainbow-bearded Thornbill,
Chalcostigma heteropogon,brttho1,Bronze-tailed Thornbill,
Chalcostigma olivaceum,olitho1,Olivaceous Thornbill,
Chalcostigma ruficeps,ructho1,Rufous-capped Thornbill,
Chalcostigma stanleyi,blmtho1,Blue-mantled Thornbill,
Chalcothraupis ruficervix,gontan1,Golden-naped Tanager,
Chalybura buffonii,whvplu1,White-vented Plumeleteer,WVPL
Chalybura urochrysia,brtplu1,Bronze-tailed Plumeleteer,BTPL
Chamaea fasciata,wrenti,Wrentit,WREN
Chamaeleo dilepis,,,
Chamaepetes goudotii,siwgua1,Sickle-winged Guan,
Chamaepetes unicolor,blagua1,Black Guan,BLAG
Chamaetylas choloensis,choale1,Thyolo Alethe,
Chamaetylas fuelleborni,whcale1,White-chested Alethe,
Chamaetylas poliocephala,brcale1,Brown-chested Alethe,
Chamaetylas poliophrys,retale1,Red-throated Alethe,
Chamaeza campanisona,shtant1,Short-tailed Antthrush,
Chamaeza meruloides,sucant1,Cryptic Antthrush,
Chamaeza mollissima,barant2,Barred Antthrush,
Chamaeza nobilis,strant3,Striated Antthrush,
Chamaeza ruficauda,rutant2,Rufous-tailed Antthrush,
Chamaeza turdina,schant1,Schwartz's Antthrush,
Charadrius hiaticula,corplo,Common Ringed Plover,CRPL
Charadrius melodus,pipplo,Piping Plover,PIPL
Charadrius semipalmatus,semplo,Semipalmated Plover,SEPL
Charadrius vociferus,killde,Killdeer,KILL
Charaxes cithaeron,,,
Charina bottae,,,
Charitospiza eucosma,cocfin2,Coal-crested Finch,
Charmosyna josefinae,joslor1,Josephine's Lorikeet,
Charmosyna papou,paplor1,West Papuan Lorikeet,
Charmosyna stellae,paplor3,Stella's Lorikeet,
Charmosynopsis pulchella,failor1,Fairy Lorikeet,
Chasiempis ibidis,elepai4,Oahu Elepaio,OAEL
Chasiempis sandwichensis,elepai,Hawaii Elepaio,HAEL
Chasiempis sclateri,elepai5,Kauai Elepaio,KAEL
Chatter,,,
Chauna chavaria,norscr1,Northern Screamer,
Chauna torquata,souscr1,Southern Screamer,
Cheering,,,
Chelapsalta myoporae,,,
Chelapsalta puer,,,
Chelictinia riocourii,sctkit1,Scissor-tailed Kite,
Chelidoptera tenebrosa,swwpuf1,Swallow-winged Puffbird,
Chelidorhynx hypoxanthus,yebfan1,Yellow-bellied Fantail,
Chelonoidis niger,,,
Chenonetta jubata,manduc1,Maned Duck,
Cheracebus lucifer,,,
Cheracebus lugens,,,
Cheramoeca leucosterna,whbswa3,White-backed Swallow,
Chersomanes albofasciata,sphlar12,Spike-heeled Lark,
Chersomanes beesleyi,beelar1,Beesley's Lark,
Chersophilus duponti,duplar1,Dupont's Lark,
Chewing_and_mastication,,,
Chiasmocleis avilapiresae,,,
Chiasmocleis bassleri,,,
Chiasmocleis haddadi,,,
Chiasmocleis hudsoni,,,
Chiasmocleis jacki,,,
Chiasmocleis shudikarensis,,,
Chicken_and_rooster,,,
Child_speech_and_kid_speaking,,,
Chilecicada occidentis,,,
Chilecicada partemporaria,,,
Chilecicada viridicitata,,,
Chimarocephala pacifica,,,
Chime,,,
Chimerella mariaelenae,,,
Chinavia pensylvanica,,,
Chink_and_clink,,,
Chinnandectes neenan,,,
Chionis albus,snoshe2,Snowy Sheathbill,
Chionis minor,blfshe1,Black-faced Sheathbill,
Chionomesa fimbriata,glteme1,Glittering-throated Emerald,
Chionomesa lactea,saseme1,Sapphire-spangled Emerald,
Chirixalus doriae,,,
Chirixalus trilaksonoi,,,
Chiromantis xerampelina,,,
Chiropotes albinasus,,,
Chiropotes satanas,,,
Chiropotes utahicki,,,
Chiroxiphia bokermanni,araman1,Araripe Manakin,
Chiroxiphia boliviana,yunman1,Yungas Manakin,
Chiroxiphia caudata,swtman1,Blue Manakin,
Chiroxiphia galeata,helman1,Helmeted Manakin,
Chiroxiphia lanceolata,latman1,Lance-tailed Manakin,LATM
Chiroxiphia linearis,lotman1,Long-tailed Manakin,LOTM
Chiroxiphia pareola,blbman1,Blue-backed Manakin,
Chirp_and_tweet,,,
Chlamydera cerviniventris,fabbow1,Fawn-breasted Bowerbird,
Chlamydera guttata,wesbow1,Western Bowerbird,
Chlamydera lauterbachi,yebbow1,Yellow-breasted Bowerbird,
Chlamydera maculata,spobow1,Spotted Bowerbird,
Chlamydera nuchalis,grebow1,Great Bowerbird,
Chlamydochaera jefferyi,fruith1,Fruithunter,
Chlamydotis undulata,houbus1,African Houbara,
Chlidonias albostriatus,blfter1,Black-fronted Tern,
Chlidonias hybrida,whiter2,Whiskered Tern,WHST
Chlidonias leucopterus,whwter,White-winged Tern,WWTE
Chlidonias niger,blkter,Black Tern,BLTE
Chloealtis abdominalis,,,
Chloealtis conspersa,,,
Chloealtis gracilis,,,
Chloebia gouldiae,goufin3,Gouldian Finch,
Chloephaga hybrida,kelgoo1,Kelp Goose,
Chloephaga picta,uplgoo1,Upland Goose,
Chloephaga poliocephala,ashgoo1,Ashy-headed Goose,
Chloephaga rubidiceps,ruhgoo1,Ruddy-headed Goose,
Chloracris brullei,,,
Chlorestes candida,whbeme1,White-bellied Emerald,WBEM
Chlorestes cyanus,whcsap1,White-chinned Sapphire,
Chlorestes eliciae,bltgol1,Blue-throated Sapphire,BTRG
Chlorestes julie,vibhum1,Violet-bellied Hummingbird,VBHU
Chlorestes notata,bucsap1,Blue-chinned Sapphire,
Chloris ambigua,bkhgre1,Black-headed Greenfinch,
Chloris chloris,eurgre1,European Greenfinch,
Chloris monguilloti,viegre2,Vietnamese Greenfinch,
Chloris sinica,origre,Oriental Greenfinch,ORGR
Chloris spinoides,yebgre4,Yellow-breasted Greenfinch,
Chlorocanta viridis,,,
Chlorocebus aethiops,,,
Chlorocebus cynosuros,,,
Chlorocebus pygerythrus,,,
Chlorocebus sabaeus,,,
Chlorocebus tantalus,,,
Chloroceryle aenea,ampkin1,American Pygmy Kingfisher,APKI
Chloroceryle amazona,amakin1,Amazon Kingfisher,AMKI
Chloroceryle americana,grnkin,Green Kingfisher,GKIN
Chloroceryle inda,garkin1,Green-and-rufous Kingfisher,GARK
Chlorochrysa calliparaea,oretan1,Orange-eared Tanager,
Chlorochrysa nitidissima,multan1,Multicolored Tanager,
Chlorochrysa phoenicotis,glgtan1,Glistening-green Tanager,
Chlorocichla falkensteini,yengre1,Falkenstein's Greenbul,
Chlorocichla flaviventris,yebgre1,Yellow-bellied Greenbul,
Chlorocichla laetissima,joygre1,Joyful Greenbul,
Chlorocichla simplex,simgre1,Simple Greenbul,
Chlorocysta vitripennis,,,
Chlorodectes loquax,,,
Chlorodrepanis flava,oahama,Oahu Amakihi,OAAM
Chlorodrepanis stejnegeri,kauama,Kauai Amakihi,KAAM
Chlorodrepanis virens,hawama,Hawaii Amakihi,HAAM
Chlorophanes spiza,grehon1,Green Honeycreeper,GRHO
Chlorophoneus bocagei,gygbus1,Bocage's Bushshrike,
Chlorophoneus kupeensis,mtkbus1,Mount Kupe Bushshrike,
Chlorophoneus multicolor,macbus2,Many-colored Bushshrike,
Chlorophoneus nigrifrons,blfbus1,Black-fronted Bushshrike,
Chlorophoneus olivaceus,olibus1,Olive Bushshrike,
Chlorophoneus sulfureopectus,subbus1,Orange-breasted Bushshrike,
Chlorophonia callophrys,gobchl1,Golden-browed Chlorophonia,GBCH
Chlorophonia cyanea,blnchl1,Blue-naped Chlorophonia,
Chlorophonia cyanocephala,goreup1,Golden-rumped Euphonia,
Chlorophonia elegantissima,eleeup1,Elegant Euphonia,ELEU
Chlorophonia flavirostris,yecchl1,Yellow-collared Chlorophonia,YCCH
Chlorophonia musica,anteup2,Hispaniolan Euphonia,HIEU
Chlorophonia occipitalis,blcchl1,Blue-crowned Chlorophonia,BCRC
Chlorophonia pyrrhophrys,chbchl1,Chestnut-breasted Chlorophonia,
Chlorophonia sclateri,anteup3,Puerto Rican Euphonia,PREU
Chloropicus namaquus,beawoo1,Bearded Woodpecker,
Chloropicus pyrrhogaster,fibwoo1,Fire-bellied Woodpecker,
Chloropicus xantholophus,gocwoo3,Yellow-crested Woodpecker,
Chloropipo flavicapilla,yehman2,Yellow-headed Manakin,
Chloropipo unicolor,jetman2,Jet Manakin,
Chloropsis aurifrons,goflea1,Golden-fronted Leafbird,
Chloropsis cochinchinensis,buwlea2,Javan Leafbird,
Chloropsis cyanopogon,leglea1,Lesser Green Leafbird,
Chloropsis flavipennis,philea1,Philippine Leafbird,
Chloropsis hardwickii,orblea1,Orange-bellied Leafbird,
Chloropsis jerdoni,jerlea1,Jerdon's Leafbird,
Chloropsis kinabaluensis,borlea1,Bornean Leafbird,
Chloropsis moluccensis,blwlea1,Blue-winged Leafbird,
Chloropsis palawanensis,yetlea1,Yellow-throated Leafbird,
Chloropsis sonnerati,grglea1,Greater Green Leafbird,
Chlorornis riefferii,grgtan1,Grass-green Tanager,
Chlorospingus canigularis,atbtan1,Ashy-throated Chlorospingus,ATCH
Chlorospingus flavigularis,ytbtan1,Yellow-throated Chlorospingus,YTCH
Chlorospingus flavopectus,cobtan1,Common Chlorospingus,COCL
Chlorospingus inornatus,pibtan1,Pirre Chlorospingus,PICH
Chlorospingus parvirostris,shbbut1,Yellow-whiskered Chlorospingus,
Chlorospingus pileatus,scbtan1,Sooty-capped Chlorospingus,SCCH
Chlorospingus semifuscus,dubtan1,Dusky Chlorospingus,
Chlorospingus tacarcunae,tabtan1,Tacarcuna Chlorospingus,TACH
Chlorostilbon alice,grteme1,Green-tailed Emerald,
Chlorostilbon assimilis,gareme1,Garden Emerald,GAEM
Chlorostilbon gibsoni,rebeme1,Red-billed Emerald,
Chlorostilbon lucidus,glbeme1,Glittering-bellied Emerald,
Chlorostilbon melanorhynchus,weseme1,Western Emerald,
Chlorostilbon mellisugus,blteme1,Blue-tailed Emerald,
Chlorostilbon olivaresi,chieme1,Chiribiquete Emerald,
Chlorostilbon poortmani,shteme1,Short-tailed Emerald,
Chlorostilbon russatus,copeme1,Coppery Emerald,
Chlorothraupis carmioli,olitan1,Carmiol's Tanager,CATA
Chlorothraupis frenata,cartan2,Yellow-lored Tanager,
Chlorothraupis olivacea,lestan,Lemon-spectacled Tanager,LSTA
Chlorothraupis stolzmanni,ocbtan1,Ochre-breasted Tanager,
Choeropsis liberiensis,,,
Choloepus didactylus,,,
Choloepus hoffmanni,,,
Chondestes grammacus,larspa,Lark Sparrow,LASP
Chondrodactylus bibronii,,,
Chondroderella borneensis,,,
Chondrohierax uncinatus,hobkit,Hook-billed Kite,HBKI
Chordeiles acutipennis,lesnig,Lesser Nighthawk,LENI
Chordeiles gundlachii,antnig,Antillean Nighthawk,ANNI
Chordeiles minor,comnig,Common Nighthawk,CONI
Chordeiles nacunda,nacnig1,Nacunda Nighthawk,
Chordeiles pusillus,leanig1,Least Nighthawk,
Chordeiles rupestris,sacnig1,Sand-colored Nighthawk,
Chorthippus acroleucus,,,
Chorthippus albomarginatus,,,
Chorthippus alticola,,,
Chorthippus apicalis,,,
Chorthippus apricarius,,,
Chorthippus biguttulus,,,
Chorthippus binotatus,,,
Chorthippus brunneus,,,
Chorthippus caliginosus,,,
Chorthippus cialancensis,,,
Chorthippus corsicus,,,
Chorthippus dichrous,,,
Chorthippus dorsatus,,,
Chorthippus dubius,,,
Chorthippus eisentrauti,,,
Chorthippus intermedius,,,
Chorthippus jacobsi,,,
Chorthippus jucundus,,,
Chorthippus karelini,,,
Chorthippus loratus,,,
Chorthippus macrocerus,,,
Chorthippus maritimus,,,
Chorthippus messinai,,,
Chorthippus miramae,,,
Chorthippus mollis,,,
Chorthippus nevadensis,,,
Chorthippus oschei,,,
Chorthippus pulloides,,,
Chorthippus pullus,,,
Chorthippus reissingeri,,,
Chorthippus rubratibialis,,,
Chorthippus sampeyrensis,,,
Chorthippus saulcyi,,,
Chorthippus vagans,,,
Chorthippus yersini,,,
Chortoicetes terminifera,,,
Chortophaga viridifasciata,,,
Chremistica guamusangensis,,,
Chremistica mixta,,,
Chremistica ochracea,,,
Chremistica operculissima,,,
Chremistica pontianaka,,,
Chremistica umbrosa,,,
Chroicocephalus brunnicephalus,bnhgul1,Brown-headed Gull,
Chroicocephalus bulleri,blbgul1,Black-billed Gull,
Chroicocephalus cirrocephalus,grhgul,Grey-headed Gull,GHGU
Chroicocephalus genei,slbgul1,Slender-billed Gull,
Chroicocephalus hartlaubii,hargul1,Hartlaub's Gull,
Chroicocephalus maculipennis,brhgul2,Brown-hooded Gull,
Chroicocephalus novaehollandiae,silgul2,Silver Gull,
Chroicocephalus philadelphia,bongul,Bonaparte's Gull,BOGU
Chroicocephalus ridibundus,bkhgul,Black-headed Gull,BHGU
Chroicocephalus serranus,andgul1,Andean Gull,
Chromacris speciosa,,,
Chrysochraon beybienkoi,,,
Chrysochraon dispar,,,
Chrysococcyx caprius,didcuc1,Diederik Cuckoo,
Chrysococcyx cupreus,afecuc1,African Emerald Cuckoo,
Chrysococcyx flavigularis,yetcuc1,Yellow-throated Cuckoo,
Chrysococcyx klaas,klacuc1,Klaas's Cuckoo,
Chrysococcyx maculatus,asecuc1,Asian Emerald Cuckoo,
Chrysococcyx xanthorhynchus,viocuc1,Violet Cuckoo,
Chrysocolaptes erythrocephalus,rehfla1,Red-headed Flameback,
Chrysocolaptes festivus,whnwoo1,White-naped Woodpecker,
Chrysocolaptes guttacristatus,grefla1,Greater Flameback,
Chrysocolaptes haematribon,luzfla1,Luzon Flameback,
Chrysocolaptes lucidus,busfla1,Buff-spotted Flameback,
Chrysocolaptes socialis,grefla4,Malabar Flameback,
Chrysocolaptes stricklandi,crbfla1,Crimson-backed Flameback,
Chrysocolaptes strictus,javfla1,Javan Flameback,
Chrysocolaptes validus,orbwoo1,Orange-backed Woodpecker,
Chrysocolaptes xanthocephalus,yeffla1,Yellow-faced Flameback,
Chrysocorythus estherae,mouser2,Indonesian Serin,
Chrysocyon brachyurus,,,
Chrysolampis mosquitus,ruthum1,Ruby-topaz Hummingbird,RTOH
Chrysolophus amherstiae,laaphe1,Lady Amherst's Pheasant,
Chrysolophus pictus,golphe,Golden Pheasant,
Chrysomma altirostre,jerbab1,Jerdon's Babbler,
Chrysomma sinense,yeebab1,Yellow-eyed Babbler,
Chrysomus icterocephalus,yehbla2,Yellow-hooded Blackbird,YHOB
Chrysomus ruficapillus,chcbla2,Chestnut-capped Blackbird,
Chrysopelea paradisi,,,
Chrysophlegma flavinucha,greyel1,Greater Yellownape,
Chrysophlegma mentale,chtwoo1,Checker-throated Woodpecker,
Chrysophlegma miniaceum,banwoo2,Banded Woodpecker,
Chrysothlypis chrysomelas,baytan2,Black-and-yellow Tanager,BAYT
Chrysothlypis salmoni,sawtan1,Scarlet-and-white Tanager,
Chrysuronia boucardi,manhum1,Mangrove Hummingbird,MAHU
Chrysuronia brevirostris,whceme1,White-chested Emerald,
Chrysuronia coeruleogularis,sathum1,Sapphire-throated Hummingbird,SHTH
Chrysuronia goudoti,shghum1,Shining-green Hummingbird,
Chrysuronia grayi,blhsap1,Blue-headed Sapphire,
Chrysuronia humboldtii,humsap2,Humboldt's Sapphire,HUSA
Chrysuronia leucogaster,plbeme1,Plain-bellied Emerald,
Chrysuronia lilliae,sabhum1,Sapphire-bellied Hummingbird,
Chrysuronia oenone,gotsap1,Golden-tailed Sapphire,
Chrysuronia versicolor,vereme1,Versicolored Emerald,
Chuckle_and_chortle,,,
Chunga burmeisteri,bllser1,Black-legged Seriema,
Church_bell,,,
Cicada barbara,,,
Cicada cretensis,,,
Cicada lodosi,,,
Cicada mordoganensis,,,
Cicada orni,,,
Cicadatra atra,,,
Cicadatra hyalina,,,
Cicadatra icari,,,
Cicadatra platyptera,,,
Cicadatra xantes,,,
Cicadetta brevipennis,,,
Cicadetta cantilatrix,,,
Cicadetta chaharensis,,,
Cicadetta concinna,,,
Cicadetta fangoana,,,
Cicadetta hannekeae,,,
Cicadetta macedonica,,,
Cicadetta mediterranea,,,
Cicadetta montana,,,
Cicadetta petryi,,,
Cicadettana calliope,,,
Cichladusa arquata,copthr1,Collared Palm Thrush,
Cichladusa guttata,spmthr1,Spotted Palm Thrush,
Cichladusa ruficauda,rtpthr1,Rufous-tailed Palm Thrush,
Cichlocolaptes leucophrus,pabtre1,Pale-browed Treehunter,
Cichlocolaptes mazarbarnetti,crytre1,Cryptic Treehunter,
Cichlopsis leucogenys,rubsol1,Rufous-brown Solitaire,
Cicindela denverensis,,,
Cicindela hybrida,,,
Cicinnurus regius,kbopar1,King Bird-of-paradise,
Ciconia boyciana,oristo1,Oriental Stork,
Ciconia ciconia,whisto1,White Stork,
Ciconia episcopus,wonsto1,Asian Woolly-necked Stork,
Ciconia maguari,magsto1,Maguari Stork,MAST
Ciconia nigra,blasto1,Black Stork,
Cinclidium frontale,blfrob1,Blue-fronted Robin,
Cinclocerthia gutturalis,gratre1,Grey Trembler,GRTR
Cinclocerthia ruficauda,brotre1,Brown Trembler,BRTR
Cinclodes albidiventris,chwcin1,Chestnut-winged Cinclodes,
Cinclodes albiventris,crwcin1,Cream-winged Cinclodes,
Cinclodes antarcticus,blacin1,Blackish Cinclodes,
Cinclodes aricomae,roycin1,Royal Cinclodes,
Cinclodes atacamensis,whwcin1,White-winged Cinclodes,
Cinclodes comechingonus,corcin1,Cordoba Cinclodes,
Cinclodes excelsior,stbcin1,Stout-billed Cinclodes,
Cinclodes fuscus,buwcin1,Buff-winged Cinclodes,
Cinclodes nigrofumosus,seacin1,Chilean Seaside Cinclodes,
Cinclodes olrogi,olrcin1,Olrog's Cinclodes,
Cinclodes oustaleti,gyfcin1,Grey-flanked Cinclodes,
Cinclodes pabsti,lotcin1,Long-tailed Cinclodes,
Cinclodes palliatus,whbcin1,White-bellied Cinclodes,
Cinclodes patagonicus,dabcin1,Dark-bellied Cinclodes,
Cinclodes taczanowskii,surcin1,Peruvian Seaside Cinclodes,
Cincloramphus bivittatus,bubbus1,Buff-banded Thicketbird,
Cincloramphus cruralis,broson1,Brown Songlark,
Cincloramphus llaneae,bouthi1,Bougainville Thicketbird,
Cincloramphus macrurus,tawgra2,Papuan Grassbird,
Cincloramphus mariae,necgra1,New Caledonian Thicketbird,
Cincloramphus mathewsi,rufson1,Rufous Songlark,
Cincloramphus rubiginosus,rusthi1,Rusty Thicketbird,
Cincloramphus rufus,lolwar1,Long-legged Thicketbird,
Cincloramphus timoriensis,tawgra3,Tawny Grassbird,
Cincloramphus whitneyi,guathi2,Santo Thicketbird,
Cinclosoma ajax,paqthr1,Painted Quail-thrush,
Cinclosoma alisteri,nulqut1,Nullarbor Quail-thrush,
Cinclosoma castaneothorax,cbqthr1,Chestnut-breasted Quail-thrush,
Cinclosoma castanotum,chequt1,Chestnut Quail-thrush,
Cinclosoma cinnamomeum,ciqthr1,Cinnamon Quail-thrush,
Cinclosoma clarum,copqut1,Copperback Quail-thrush,
Cinclosoma marginatum,chbqut1,Western Quail-thrush,
Cinclosoma punctatum,spqthr1,Spotted Quail-thrush,
Cinclus cinclus,whtdip1,White-throated Dipper,
Cinclus leucocephalus,whcdip1,White-capped Dipper,
Cinclus mexicanus,amedip,American Dipper,AMDI
Cinclus pallasii,brodip1,Brown Dipper,
Cinclus schulzii,rutdip1,Rufous-throated Dipper,
Cinnycerthia fulva,fulwre1,Fulvous Wren,
Cinnycerthia olivascens,shawre1,Sepia-brown Wren,
Cinnycerthia peruana,perwre1,Peruvian Wren,
Cinnycerthia unirufa,rufwre1,Rufous Wren,
Cinnyricinclus leucogaster,vibsta2,Violet-backed Starling,
Cinnyris afer,gdcsun2,Greater Double-collared Sunbird,
Cinnyris asiaticus,pursun4,Purple Sunbird,
Cinnyris batesi,batsun2,Bates's Sunbird,
Cinnyris bifasciatus,pubsun4,Purple-banded Sunbird,
Cinnyris bouvieri,ortsun3,Orange-tufted Sunbird,
Cinnyris buettikoferi,apbsun2,Apricot-breasted Sunbird,
Cinnyris chalybeus,sdcsun3,Southern Double-collared Sunbird,
Cinnyris chloropygius,olbsun3,Olive-bellied Sunbird,
Cinnyris coccinigastrus,splsun2,Splendid Sunbird,
Cinnyris comorensis,anjsun2,Anjouan Sunbird,
Cinnyris congensis,consun2,Congo Sunbird,
Cinnyris coquerellii,maysun2,Mayotte Sunbird,
Cinnyris cupreus,copsun2,Copper Sunbird,
Cinnyris dussumieri,seysun2,Seychelles Sunbird,
Cinnyris erythrocercus,recsun2,Red-chested Sunbird,
Cinnyris frenatus,olbsun2,Sahul Sunbird,
Cinnyris fuelleborni,edcsun1,Forest Double-collared Sunbird,
Cinnyris fuscus,dussun2,Dusky Sunbird,
Cinnyris gertrudis,miosun2,Western Miombo Sunbird,
Cinnyris habessinicus,shisun3,Abyssinian Sunbird,
Cinnyris humbloti,humsun2,Humblot's Sunbird,
Cinnyris infrenatus,olbsun23,Tukangbesi Sunbird,
Cinnyris johannae,johsun2,Johanna's Sunbird,
Cinnyris jugularis,olbsun31,Garden Sunbird,
Cinnyris lotenius,lobsun2,Loten's Sunbird,
Cinnyris loveridgei,lovsun3,Loveridge's Sunbird,
Cinnyris ludovicensis,mdcsun3,Ludwig's Double-collared Sunbird,
Cinnyris manoensis,miosun3,Eastern Miombo Sunbird,
Cinnyris mariquensis,marsun2,Marico Sunbird,
Cinnyris mediocris,edcsun3,Eastern Double-collared Sunbird,
Cinnyris minullus,tinsun2,Tiny Sunbird,
Cinnyris moreaui,morsun2,Moreau's Sunbird,
Cinnyris nectarinioides,bkbsun1,Black-bellied Sunbird,
Cinnyris neergaardi,neesun2,Neergaard's Sunbird,
Cinnyris notatus,madsun1,Malagasy Green Sunbird,
Cinnyris ornatus,olbsun4,Ornate Sunbird,
Cinnyris osea,palsun2,Palestine Sunbird,
Cinnyris oustaleti,oussun2,Oustalet's Sunbird,
Cinnyris pembae,pemsun2,Pemba Sunbird,
Cinnyris pulchellus,beasun2,Beautiful Sunbird,
Cinnyris regius,regsun2,Regal Sunbird,
Cinnyris reichenowi,ndcsun2,Northern Double-collared Sunbird,
Cinnyris rufipennis,ruwsun2,Rufous-winged Sunbird,
Cinnyris shelleyi,shesun2,Shelley's Sunbird,
Cinnyris solaris,flbsun2,Flame-breasted Sunbird,
Cinnyris sovimanga,sousun2,Souimanga Sunbird,
Cinnyris stuhlmanni,stusun1,Rwenzori Double-collared Sunbird,
Cinnyris superbus,supsun2,Superb Sunbird,
Cinnyris talatala,whbsun2,White-bellied Sunbird,
Cinnyris tsavoensis,tsasun1,Tsavo Sunbird,
Cinnyris ursulae,urssun2,Ursula's Sunbird,
Cinnyris usambaricus,edcsun4,Usambara Double-collared Sunbird,
Cinnyris venustus,varsun2,Variable Sunbird,
Circaetus cinerascens,baseag1,Western Banded Snake Eagle,
Circaetus cinereus,brseag1,Brown Snake Eagle,
Circaetus fasciolatus,faseag1,Southern Banded Snake Eagle,
Circaetus gallicus,shteag1,Short-toed Snake Eagle,
Circaetus pectoralis,bkbsne1,Black-chested Snake Eagle,
Circaetus spectabilis,coseag1,Congo Serpent Eagle,
Circotettix rabula,,,
Circotettix undulatus,,,
Circus aeruginosus,wemhar1,Western Marsh Harrier,WMHA
Circus approximans,swahar1,Swamp Harrier,
Circus assimilis,spohar1,Spotted Harrier,
Circus buffoni,lowhar1,Long-winged Harrier,LWHA
Circus cinereus,cinhar1,Cinereous Harrier,
Circus cyaneus,norhar1,Hen Harrier,
Circus hudsonius,norhar2,Northern Harrier,NOHA
Circus macrosceles,reuhar3,Malagasy Harrier,
Circus macrourus,palhar1,Pallid Harrier,
Circus maillardi,reuhar2,Reunion Harrier,
Circus maurus,blahar1,Black Harrier,
Circus melanoleucos,piehar1,Pied Harrier,
Circus pygargus,monhar1,Montagu's Harrier,
Circus ranivorus,afmhar1,African Marsh Harrier,
Circus spilonotus,easmah1,Eastern Marsh Harrier,
Circus spilothorax,easmah2,Papuan Harrier,
Cirrula hians,,,
Cissa chinensis,gremag1,Common Green Magpie,
Cissa hypoleuca,yebmag1,Indochinese Green Magpie,
Cissa jefferyi,borgrm1,Bornean Green Magpie,
Cissa thalassina,shtmag1,Javan Green Magpie,
Cissomela pectoralis,banhon1,Banded Honeyeater,
Cissopis leverianus,magtan2,Magpie Tanager,
Cisticola aberdare,abecis1,Aberdare Cisticola,
Cisticola aberrans,rolcis2,Rock-loving Cisticola,
Cisticola angusticauda,tabcis1,Long-tailed Cisticola,
Cisticola anonymus,chacis1,Chattering Cisticola,
Cisticola aridulus,descis1,Desert Cisticola,
Cisticola ayresii,wiscis1,Wing-snapping Cisticola,
Cisticola bailunduensis,rolcis4,Huambo Cisticola,
Cisticola bodessa,borcis1,Boran Cisticola,
Cisticola brachypterus,sifcis1,Short-winged Cisticola,
Cisticola brunnescens,pepcis1,Pectoral-patch Cisticola,
Cisticola bulliens,bubcis1,Bubbling Cisticola,
Cisticola cantans,sincis1,Singing Cisticola,
Cisticola carruthersi,carcis1,Carruthers's Cisticola,
Cisticola cherina,madcis2,Madagascar Cisticola,
Cisticola chiniana,ratcis1,Rattling Cisticola,
Cisticola chubbi,chucis1,Chubb's Cisticola,
Cisticola cinereolus,ashcis1,Ashy Cisticola,
Cisticola cinnamomeus,paccis1,Pale-crowned Cisticola,
Cisticola dambo,clscis1,Dambo Cisticola,
Cisticola distinctus,waicis2,Lynes's Cisticola,
Cisticola erythrops,refcis1,Red-faced Cisticola,
Cisticola exilis,gohcis1,Golden-headed Cisticola,
Cisticola eximius,blncis1,Black-backed Cisticola,
Cisticola fulvicapilla,pipcis2,Neddicky,
Cisticola galactotes,wincis2,Rufous-winged Cisticola,
Cisticola guinea,dorcis1,Dorst's Cisticola,
Cisticola haematocephalus,wincis4,Coastal Cisticola,
Cisticola haesitatus,soccis1,Socotra Cisticola,
Cisticola hunteri,huncis1,Hunter's Cisticola,
Cisticola juncidis,zitcis1,Zitting Cisticola,
Cisticola lais,waicis1,Wailing Cisticola,
Cisticola lateralis,whicis1,Whistling Cisticola,
Cisticola luapula,wincis5,Luapula Cisticola,
Cisticola lugubris,wincis6,Ethiopian Cisticola,
Cisticola marginatus,wincis3,Winding Cisticola,
Cisticola nana,tincis3,Tiny Cisticola,
Cisticola natalensis,crocis1,Croaking Cisticola,
Cisticola nigriloris,bllcis1,Black-lored Cisticola,
Cisticola njombe,chucis2,Churring Cisticola,
Cisticola pipiens,chicis1,Chirping Cisticola,
Cisticola robustus,stocis1,Stout Cisticola,
Cisticola ruficeps,repcis1,Red-pate Cisticola,
Cisticola rufilatus,grycis1,Tinkling Cisticola,
Cisticola rufus,rufcis1,Rufous Cisticola,
Cisticola subruficapilla,rehcis2,Grey-backed Cisticola,
Cisticola textrix,clocis1,Cloud Cisticola,
Cisticola tinniens,tincis1,Levaillant's Cisticola,
Cisticola troglodytes,foxcis1,Foxy Cisticola,
Cisticola woosnami,tricis1,Trilling Cisticola,
Cistothorus apolinari,apowre1,Apolinar's Wren,
Cistothorus meridae,merwre1,Merida Wren,
Cistothorus palustris,marwre,Marsh Wren,MAWR
Cistothorus platensis,sedwre,Grass Wren,GWRE
Cistothorus stellaris,sedwre1,Sedge Wren,SEWR
Cittura cyanotis,lickin2,Sulawesi Lilac Kingfisher,
Cladorhynchus leucocephalus,bansti1,Banded Stilt,
Clamator coromandus,chwcuc1,Chestnut-winged Cuckoo,
Clamator glandarius,grscuc1,Great Spotted Cuckoo,
Clamator jacobinus,piecuc1,Jacobin Cuckoo,
Clamator levaillantii,levcuc1,Levaillant's Cuckoo,
Clanga clanga,grseag1,Greater Spotted Eagle,
Clanga hastata,inseag1,Indian Spotted Eagle,
Clanga pomarina,leseag1,Lesser Spotted Eagle,
Clangula hyemalis,lotduc,Long-tailed Duck,LTDU
Clapping,,,
Claravis pretiosa,blgdov1,Blue Ground Dove,BGDO
Clemacantha goliath,,,
Cleptornis marchei,goweye1,Golden White-eye,
Clethrionomys glareolus,,,
Clethrionomys rutilus,,,
Clibanornis dendrocolaptoides,cangro1,Canebrake Groundcreeper,
Clibanornis erythrocephalus,hhfgle1,Henna-hooded Foliage-gleaner,
Clibanornis rectirostris,ccfgle1,Henna-capped Foliage-gleaner,
Clibanornis rubiginosus,rufgle1,Ruddy Foliage-gleaner,RUFG
Clibanornis rufipectus,samfog1,Santa Marta Foliage-gleaner,
Clidophleps beameri,,,
Clidophleps blaisdellii,,,
Clidophleps distanti,,,
Clidophleps tenuis,,,
Clidophleps vagans,,,
Climacoptera parallela,,,
Climacteris affinis,whbtre2,White-browed Treecreeper,
Climacteris erythrops,rebtre1,Red-browed Treecreeper,
Climacteris melanurus,bkttre1,Black-tailed Treecreeper,
Climacteris picumnus,brotre2,Brown Treecreeper,
Climacteris rufus,ruftre3,Rufous Treecreeper,
Clinopsalta adelaida,,,
Clinopsalta autumna,,,
Clock,,,
Clytoctantes alixii,rebbus1,Recurve-billed Bushbird,
Clytoctantes atrogularis,ronbus1,Rondonia Bushbird,
Clytomyias insignis,orcfai1,Orange-crowned Fairywren,
Clytorhynchus hamlini,renshr1,Rennell Shrikebill,
Clytorhynchus nigrogularis,bktshr1,Black-throated Shrikebill,
Clytorhynchus pachycephaloides,soushr2,Southern Shrikebill,
Clytorhynchus vitiensis,fijshr1,Fiji Shrikebill,
Clytospiza monteiri,brotwi1,Brown Twinspot,
Clytus arietis,,,
Cnemarchus erythropygius,rrbtyr1,Red-rumped Bush Tyrant,
Cnemarchus rufipennis,rwbtyr1,Rufous-webbed Bush Tyrant,
Cnemathraupis aureodorsalis,gbmtan1,Golden-backed Mountain Tanager,
Cnemathraupis eximia,bcmtan1,Black-chested Mountain Tanager,
Cnemophilus loriae,lorsat1,Loria's Satinbird,
Cnemophilus macgregorii,cresat1,Crested Satinbird,
Cnemoscopus rubrirostris,gyhbut1,Grey-hooded Bush Tanager,
Cnemotriccus fuscatus,fusfly1,Fuscous Flycatcher,
Cnipodectes subbrunneus,brofly1,Brownish Twistwing,BRTW
Cnipodectes superrufus,ruftwi1,Rufous Twistwing,
Coccopygia bocagei,swewax1,Angola Waxbill,
Coccopygia melanotis,swewax3,Swee Waxbill,
Coccopygia quartinia,yebwax2,Yellow-bellied Waxbill,
Coccothraustes abeillei,,,
Coccothraustes coccothraustes,hawfin,Hawfinch,HAWF
Coccothraustes vespertinus,,,
Coccycua cinerea,asccuc1,Ash-colored Cuckoo,
Coccycua minuta,litcuc2,Little Cuckoo,LITC
Coccycua pumila,dwacuc1,Dwarf Cuckoo,DWCU
Coccyzus americanus,yebcuc,Yellow-billed Cuckoo,YBCU
Coccyzus erythropthalmus,bkbcuc,Black-billed Cuckoo,BBCU
Coccyzus euleri,pebcuc1,Pearly-breasted Cuckoo,PBCU
Coccyzus lansbergi,gyccuc,Grey-capped Cuckoo,GCCU
Coccyzus longirostris,hislic1,Hispaniolan Lizard Cuckoo,HILC
Coccyzus melacoryphus,dabcuc1,Dark-billed Cuckoo,DBCU
Coccyzus merlini,grelic1,Great Lizard Cuckoo,GRLC
Coccyzus minor,mancuc,Mangrove Cuckoo,MACU
Coccyzus pluvialis,chbcuc4,Chestnut-bellied Cuckoo,CBCU
Coccyzus rufigularis,babcuc4,Bay-breasted Cuckoo,BBRC
Coccyzus vetula,jamlic1,Jamaican Lizard Cuckoo,JALC
Coccyzus vieilloti,purlic1,Puerto Rican Lizard Cuckoo,PRLC
Cochlearius cochlearius,bobher1,Boat-billed Heron,BBHE
Cochoa purpurea,purcoc1,Purple Cochoa,
Cochoa viridis,grecoc1,Green Cochoa,
Cochranella granulosa,,,
Coeligena bonapartei,gobsta1,Golden-bellied Starfrontlet,
Coeligena coeligena,broinc1,Bronzy Inca,
Coeligena helianthea,bltsta1,Blue-throated Starfrontlet,
Coeligena iris,raista1,Rainbow Starfrontlet,
Coeligena lutetiae,buwsta1,Buff-winged Starfrontlet,
Coeligena orina,dussta1,Dusky Starfrontlet,
Coeligena phalerata,whtsta1,White-tailed Starfrontlet,
Coeligena prunellei,blainc1,Black Inca,
Coeligena torquata,colinc1,Collared Inca,
Coeligena violifer,vitsta1,Violet-throated Starfrontlet,
Coeligena wilsoni,broinc2,Brown Inca,
Coendou spinosus,,,
Coenocorypha huegeli,snisni1,Snares Snipe,
Coenocorypha pusilla,chisni1,Chatham Islands Snipe,
Coereba flaveola,banana,Bananaquit,BANA
Coin_(dropping),,,
Colaptes atricollis,blnwoo1,Black-necked Woodpecker,
Colaptes auratus,norfli,Northern Flicker,NOFL
Colaptes auricularis,grcwoo1,Grey-crowned Woodpecker,GRCW
Colaptes campestris,camfli1,Campo Flicker,
Colaptes chrysoides,gilfli,Gilded Flicker,GIFL
Colaptes fernandinae,ferfli1,Fernandina's Flicker,FEFL
Colaptes melanochloros,grbwoo3,Green-barred Woodpecker,
Colaptes mexicanoides,norfli1,Guatemalan Flicker,GUFL
Colaptes pitius,chifli1,Chilean Flicker,
Colaptes punctigula,spbwoo1,Spot-breasted Woodpecker,SBWP
Colaptes rivolii,crmwoo2,Crimson-mantled Woodpecker,
Colaptes rubiginosus,goowoo1,Golden-olive Woodpecker,GOWO
Colaptes rupicola,andfli1,Andean Flicker,
Colibri coruscans,spvear1,Sparkling Violetear,
Colibri cyanotus,lesvio1,Lesser Violetear,LEVI
Colibri delphinae,brvear1,Brown Violetear,BRVI
Colibri serrirostris,wvvear1,White-vented Violetear,
Colibri thalassinus,grnvie1,Mexican Violetear,MEVI
Colinus cristatus,crebob1,Crested Bobwhite,CRBO
Colinus leucopogon,crebob2,Spot-bellied Bobwhite,SPBO
Colinus nigrogularis,bltbob1,Yucatan Bobwhite,BTBO
Colinus virginianus,norbob,Northern Bobwhite,NOBO
Colius castanotus,rebmou1,Red-backed Mousebird,
Colius colius,whbmou1,White-backed Mousebird,
Colius leucocephalus,whhmou1,White-headed Mousebird,
Colius striatus,spemou2,Speckled Mousebird,
Colletes cunicularius,,,
Collocalia affinis,pltswi1,Plume-toed Swiftlet,
Collocalia dodgei,cavswi3,Bornean Swiftlet,
Collocalia esculenta,gloswi1,Glossy Swiftlet,
Collocalia isonota,ridswi1,Ridgetop Swiftlet,
Collocalia linchi,cavswi2,Linchi Swiftlet,
Collocalia neglecta,draswi1,Drab Swiftlet,
Collocalia sumbawae,tenswi1,Tenggara Swiftlet,
Collocalia troglodytes,pygswi2,Pygmy Swiftlet,
Collocalia uropygialis,satswi1,Satin Swiftlet,
Colluricincla affinis,,,
Colluricincla boweri,bowsht1,Bower's Shrikethrush,
Colluricincla discolor,,,
Colluricincla fortis,,,
Colluricincla harmonica,grysht1,Grey Shrikethrush,
Colluricincla megarhyncha,rufsht2,Little Shrikethrush,
Colluricincla obscura,,,
Colluricincla rufogaster,,,
Colluricincla tappenbecki,,,
Colluricincla tenebrosa,soosht1,Sooty Shrikethrush,
Colluricincla woodwardi,sansht2,Sandstone Shrikethrush,
Colobus guereza,,,
Colobus polykomos,,,
Colobus satanas,,,
Coloeus dauuricus,daujac1,Daurian Jackdaw,
Coloeus monedula,eurjac,Western Jackdaw,
Colonia colonus,lottyr1,Long-tailed Tyrant,LTTY
Colorhamphus parvirostris,pattyr2,Patagonian Tyrant,
Colostethus inguinalis,,,
Colostethus panamansis,,,
Colostethus pratti,,,
Colostethus ruthveni,,,
Coluber constrictor,,,
Columba albitorques,whcpig1,White-collared Pigeon,
Columba argentina,siwpig1,Silvery Pigeon,
Columba arquatrix,rampig1,African Olive Pigeon,
Columba bollii,bolpig1,Bolle's Pigeon,
Columba delegorguei,delpig1,Eastern Bronze-naped Pigeon,
Columba elphinstonii,niwpig1,Nilgiri Wood Pigeon,
Columba eversmanni,pabpig1,Yellow-eyed Pigeon,
Columba guinea,spepig1,Speckled Pigeon,
Columba hodgsonii,spwpig1,Speckled Wood Pigeon,
Columba iriditorques,brnpig1,Western Bronze-naped Pigeon,
Columba janthina,jawpig1,Black Wood Pigeon,
Columba junoniae,laupig1,Laurel Pigeon,
Columba leucomela,whhpig1,White-headed Pigeon,
Columba leuconota,snopig1,Snow Pigeon,
Columba livia,rocpig,Rock Dove,ROPI
Columba malherbii,satpig1,Island Bronze-naped Pigeon,
Columba oenas,stodov1,Stock Dove,
Columba pallidiceps,yelpig1,Yellow-legged Pigeon,
Columba palumboides,anwpig1,Andaman Wood Pigeon,
Columba palumbus,cowpig1,Common Wood Pigeon,CWPI
Columba pollenii,compig1,Comoro Olive Pigeon,
Columba pulchricollis,aswpig1,Ashy Wood Pigeon,
Columba punicea,pacpig1,Pale-capped Pigeon,
Columba rupestris,hilpig1,Hill Pigeon,
Columba thomensis,marpig1,Sao Tome Olive Pigeon,
Columba torringtoniae,ceywop1,Sri Lanka Wood Pigeon,
Columba trocaz,tropig1,Trocaz Pigeon,
Columba unicincta,afepig1,Afep Pigeon,
Columba vitiensis,metpig1,Metallic Pigeon,
Columbina buckleyi,ecgdov1,Ecuadorian Ground Dove,
Columbina cruziana,crgdov1,Croaking Ground Dove,
Columbina cyanopis,begdov2,Blue-eyed Ground Dove,
Columbina inca,incdov,Inca Dove,INDO
Columbina minuta,pbgdov1,Plain-breasted Ground Dove,PBGD
Columbina passerina,cogdov,Common Ground Dove,CGDO
Columbina picui,pigdov1,Picui Ground Dove,
Columbina squammata,scadov1,Scaled Dove,
Columbina talpacoti,rugdov,Ruddy Ground Dove,RGDO
Comidoblemmus nipponensis,,,
Compsothraupis loricata,scttan1,Scarlet-throated Tanager,
Computer_keyboard,,,
Conepatus amazonicus,,,
Conepatus leuconotus,,,
Conioptilon mcilhennyi,blfcot1,Black-faced Cotinga,
Conirostrum albifrons,capcon1,Capped Conebill,
Conirostrum bicolor,biccon1,Bicolored Conebill,
Conirostrum binghami,giacon1,Giant Conebill,
Conirostrum cinereum,cincon1,Cinereous Conebill,
Conirostrum ferrugineiventre,whbcon1,White-browed Conebill,
Conirostrum leucogenys,whecon1,White-eared Conebill,WECO
Conirostrum margaritae,pebcon1,Pearly-breasted Conebill,
Conirostrum rufum,rubcon1,Rufous-browed Conebill,
Conirostrum sitticolor,blbcon1,Blue-backed Conebill,
Conirostrum speciosum,chvcon1,Chestnut-vented Conebill,
Conirostrum tamarugense,tamcon1,Tamarugo Conebill,
Connochaetes gnou,,,
Connochaetes taurinus,,,
Conocephalus albescens,,,
Conocephalus bambusanus,,,
Conocephalus brevipennis,,,
Conocephalus chinensis,,,
Conocephalus cinereus,,,
Conocephalus cognatus,,,
Conocephalus concolor,,,
Conocephalus conocephalus,,,
Conocephalus dorsalis,,,
Conocephalus ebneri,,,
Conocephalus exemptus,,,
Conocephalus fasciatus,,,
Conocephalus fuscus,,,
Conocephalus gracillimus,,,
Conocephalus ictus,,,
Conocephalus kisi,,,
Conocephalus laetus,,,
Conocephalus longipes,,,
Conocephalus maculatus,,,
Conocephalus melaenus,,,
Conocephalus nemoralis,,,
Conocephalus nigropleurum,,,
Conocephalus oceanicus,,,
Conocephalus saltans,,,
Conocephalus saltator,,,
Conocephalus semivittatus,,,
Conocephalus spinosus,,,
Conocephalus strictoides,,,
Conocephalus strictus,,,
Conocephalus upoluensis,,,
Conocephalus vitticollis,,,
Conopias albovittatus,whrfly,White-ringed Flycatcher,WRFL
Conopias cinchoneti,lebfly2,Lemon-browed Flycatcher,
Conopias parvus,yetfly2,Yellow-throated Flycatcher,
Conopias trivirgatus,thsfly2,Three-striped Flycatcher,
Conopophaga ardesiaca,slagna1,Slaty Gnateater,
Conopophaga aurita,chbgna1,Chestnut-belted Gnateater,
Conopophaga castaneiceps,chcgna1,Chestnut-crowned Gnateater,
Conopophaga cearae,rufgna2,Ceara Gnateater,
Conopophaga lineata,rufgna3,Rufous Gnateater,
Conopophaga melanogaster,blbgna1,Black-bellied Gnateater,
Conopophaga melanops,blcgna1,Black-cheeked Gnateater,
Conopophaga peruviana,astgna1,Ash-throated Gnateater,
Conopophaga roberti,hoogna1,Hooded Gnateater,
Conopophila albogularis,rubhon2,Rufous-banded Honeyeater,
Conopophila rufogularis,ruthon1,Rufous-throated Honeyeater,
Conopophila whitei,gryhon1,Grey Honeyeater,
Conothraupis mesoleuca,cobtan2,Cone-billed Tanager,
Conothraupis speculigera,bawtan1,Black-and-white Tanager,
Conotrachelus posticatus,,,
Contopus albogularis,whtpew1,White-throated Pewee,
Contopus bogotensis,tropew4,Northern Tropical Pewee,
Contopus caribaeus,cubpew1,Cuban Pewee,CUPE
Contopus cinereus,tropew3,Southern Tropical Pewee,TROP
Contopus cooperi,olsfly,Olive-sided Flycatcher,OSFL
Contopus fumigatus,smcpew1,Smoke-colored Pewee,
Contopus hispaniolensis,hispew1,Hispaniolan Pewee,HIPE
Contopus latirostris,leapew1,Lesser Antillean Pewee,LAPE
Contopus lugubris,darpew1,Dark Pewee,DAPE
Contopus nigrescens,blapew1,Blackish Pewee,
Contopus ochraceus,ochpew1,Ochraceous Pewee,OCPE
Contopus pallidus,jampew1,Jamaican Pewee,JPEW
Contopus pertinax,grepew,Greater Pewee,GRPE
Contopus punensis,tropew2,Tumbes Pewee,
Contopus sordidulus,wewpew,Western Wood Pewee,WEWP
Contopus virens,eawpew,Eastern Wood Pewee,EAWP
Conversation,,,
Cophixalus australis,,,
Cophixalus exiguus,,,
Cophixalus infacetus,,,
Cophixalus mcdonaldi,,,
Cophixalus ornatus,,,
Cophixalus rajampatensis,,,
Cophyla fortuna,,,
Cophyla noromalalae,,,
Copris lunaris,,,
Copsychus albiventris,andsha1,Andaman Shama,
Copsychus albospecularis,mamrob1,Madagascar Magpie-Robin,
Copsychus cebuensis,blasha1,Black Shama,
Copsychus fulicatus,indrob1,Indian Robin,
Copsychus luzoniensis,whbsha1,White-browed Shama,
Copsychus malabaricus,whrsha,White-rumped Shama,WRSH
Copsychus mindanensis,phimar1,Philippine Magpie-Robin,
Copsychus niger,whvsha1,White-vented Shama,
Copsychus pyrropygus,rutsha2,Rufous-tailed Shama,
Copsychus saularis,magrob,Oriental Magpie-Robin,
Copsychus sechellarum,semrob1,Seychelles Magpie-Robin,
Copsychus stricklandii,whrsha16,White-crowned Shama,
Copsychus superciliaris,vissha1,Visayan Shama,
Coracias abyssinicus,abyrol2,Abyssinian Roller,
Coracias affinis,indrol3,Indochinese Roller,
Coracias benghalensis,indrol2,Indian Roller,
Coracias caudatus,librol2,Lilac-breasted Roller,
Coracias cyanogaster,blbrol1,Blue-bellied Roller,
Coracias garrulus,eurrol1,European Roller,
Coracias naevius,rucrol2,Purple Roller,
Coracias spatulatus,ratrol2,Racket-tailed Roller,
Coracias temminckii,puwrol1,Purple-winged Roller,
Coracina atriceps,molcus1,Moluccan Cuckooshrike,
Coracina bicolor,piecus1,Pied Cuckooshrike,
Coracina boyeri,boycus1,Boyer's Cuckooshrike,
Coracina caeruleogrisea,stbcus1,Stout-billed Cuckooshrike,
Coracina caledonica,melcus1,South Melanesian Cuckooshrike,
Coracina dobsoni,andcus1,Andaman Cuckooshrike,
Coracina fortis,burcus1,Buru Cuckooshrike,
Coracina javensis,larcuc11,Oriental Cuckooshrike,
Coracina larvata,suncus1,Sunda Cuckooshrike,
Coracina leucopygia,whrcus1,White-rumped Cuckooshrike,
Coracina lineata,yeecus1,Barred Cuckooshrike,
Coracina longicauda,hoocus1,Hooded Cuckooshrike,
Coracina macei,larcuc1,Indian Cuckooshrike,
Coracina maxima,grocus1,Ground Cuckooshrike,
Coracina novaehollandiae,bkfcus1,Black-faced Cuckooshrike,
Coracina papuensis,whbcus1,White-bellied Cuckooshrike,
Coracina parvula,halcus1,Halmahera Cuckooshrike,
Coracina personata,walcus1,Wallacean Cuckooshrike,
Coracina schistacea,slacus1,Slaty Cuckooshrike,
Coracina striata,babcus1,Bar-bellied Cuckooshrike,
Coracina temminckii,cercus1,Cerulean Cuckooshrike,
Coracina welchmani,melcus3,North Melanesian Cuckooshrike,
Coracopsis barklyi,seypar1,Seychelles Black Parrot,
Coracopsis nigra,blapar1,Lesser Vasa Parrot,
Coracopsis sibilans,levpar1,Comoro Black Parrot,
Coracopsis vasa,vaspar1,Greater Vasa Parrot,
Coracornis raveni,mabwhi1,Maroon-backed Whistler,
Coracornis sanghirensis,sansht1,Sangihe Whistler,
Coragyps atratus,blkvul,Black Vulture,BLVU
Corapipo altera,whrman1,White-ruffed Manakin,WRMA
Corapipo gutturalis,whtman1,White-throated Manakin,
Corapipo leucorrhoa,whbman2,White-bibbed Manakin,
Corcorax melanorhamphos,whwcho1,White-winged Chough,
Cormobates leucophaea,whttre3,White-throated Treecreeper,
Cormobates placens,paptre1,Papuan Treecreeper,
Cornu aspersum,,,
Cornufer papuensis,,,
Cornufer pelewensis,,,
Cornuplura nigroalbata,,,
Corsteropleurus chopardi,,,
Corthylio calendula,ruckin,Ruby-crowned Kinglet,RCKI
Corvinella corvina,yebshr1,Yellow-billed Shrike,
Corvus albicollis,whnrav1,White-necked Raven,
Corvus albus,piecro1,Pied Crow,
Corvus bennetti,litcro1,Little Crow,
Corvus brachyrhynchos,amecro,American Crow,AMCR
Corvus capensis,capcro2,Cape Crow,
Corvus corax,comrav,Northern Raven,CORA
Corvus cornix,,,
Corvus corone,carcro1,Carrion Crow,
Corvus coronoides,ausrav1,Australian Raven,
Corvus crassirostris,thbrav1,Thick-billed Raven,
Corvus cryptoleucus,chirav,Chihuahuan Raven,CHRA
Corvus edithae,somcro2,Somali Crow,
Corvus enca,slbcro2,Sunda Crow,
Corvus florensis,flocro1,Flores Crow,
Corvus frugilegus,rook1,Rook,ROOK
Corvus fuscicapillus,brhcro1,Brown-headed Crow,
Corvus imparatus,tamcro,Tamaulipas Crow,TACR
Corvus insularis,torcro3,Bismarck Crow,
Corvus jamaicensis,jamcro1,Jamaican Crow,JACR
Corvus kubaryi,marcro1,Mariana Crow,
Corvus leucognaphalus,whncro1,White-necked Crow,WNCR
Corvus macrorhynchos,labcro1,Large-billed Crow,
Corvus meeki,boucro1,Bougainville Crow,
Corvus mellori,litrav1,Little Raven,
Corvus minutus,cupcro1,Cuban Palm Crow,CUPC
Corvus moneduloides,neccro1,New Caledonian Crow,
Corvus nasicus,cubcro1,Cuban Crow,CUCR
Corvus orru,torcro2,Torresian Crow,
Corvus ossifragus,fiscro,Fish Crow,FICR
Corvus palmarum,palcro1,Hispaniolan Palm Crow,HIPC
Corvus philippinus,labcro15,Philippine Jungle Crow,
Corvus pusillus,slbcro7,Palawan Crow,
Corvus rhipidurus,fatrav1,Fan-tailed Raven,
Corvus ruficollis,brnrav1,Brown-necked Raven,
Corvus samarensis,slbcro6,Samar Crow,
Corvus sinaloae,sincro1,Sinaloa Crow,SICR
Corvus splendens,houcro1,House Crow,
Corvus tasmanicus,forrav1,Forest Raven,
Corvus torquatus,colcro1,Collared Crow,
Corvus tristis,grycro1,Grey Crow,
Corvus typicus,pipcro1,Piping Crow,
Corvus unicolor,bancro1,Banggai Crow,
Corvus validus,lobcro1,Long-billed Crow,
Corvus violaceus,slbcro3,Violet Crow,
Corvus woodfordi,guacro1,White-billed Crow,
Corydon sumatranus,dusbro1,Dusky Broadbill,
Corypha africana,runlar1,Rufous-naped Lark,
Corypha apiata,caclar1,Cape Clapper Lark,
Corypha athi,senlar1,Sentinel Lark,
Corypha fasciolata,eaclar1,Eastern Clapper Lark,
Corypha hypermetra,rewlar1,Red-winged Lark,
Corypha somalica,slblar1,Somali Lark,
Coryphaspiza melanotis,blmfin1,Black-masked Finch,
Coryphistera alaudina,lalbru1,Lark-like Brushrunner,
Coryphospingus cucullatus,recfin1,Red Pileated Finch,
Coryphospingus pileatus,pilfin1,Grey Pileated Finch,
Corythaeola cristata,grbtur1,Great Blue Turaco,
Corythopis delalandi,souant1,Southern Antpipit,
Corythopis torquatus,rinant2,Ringed Antpipit,
Corythornis cristatus,malkin1,Malachite Kingfisher,
Corythornis leucogaster,whbkin1,White-bellied Kingfisher,
Corythornis madagascariensis,mapkin1,Madagascar Pygmy Kingfisher,
Corythornis vintsioides,malkin2,Malagasy Kingfisher,
Coscoroba coscoroba,cosswa1,Coscoroba Swan,
Cossypha albicapillus,wcrcha1,White-crowned Robin-Chat,
Cossypha cyanocampter,bsrcha1,Blue-shouldered Robin-Chat,
Cossypha dichroa,chrcha1,Chorister Robin-Chat,
Cossypha heinrichi,whrcha1,White-headed Robin-Chat,
Cossypha heuglini,wbrcha2,White-browed Robin-Chat,
Cossypha natalensis,rcrcha1,Red-capped Robin-Chat,
Cossypha niveicapilla,scrcha1,Snowy-crowned Robin-Chat,
Cossypha semirufa,rurcha1,Rüppell's Robin-Chat,
Cossyphicula isabellae,morcha1,Mountain Robin-Chat,
Cossyphicula roberti,wbrcha1,White-bellied Robin-Chat,
Cotinga amabilis,lovcot1,Lovely Cotinga,LOCO
Cotinga cayana,spacot1,Spangled Cotinga,
Cotinga cotinga,pubcot1,Purple-breasted Cotinga,
Cotinga maculata,bancot1,Banded Cotinga,
Cotinga maynana,pltcot1,Plum-throated Cotinga,
Cotinga nattererii,blucot1,Blue Cotinga,BLCO
Cotinga ridgwayi,turcot1,Turquoise Cotinga,TUCO
Coturnicops exquisitus,swirai1,Swinhoe's Rail,
Coturnicops noveboracensis,yelrai,Yellow Rail,YERA
Coturnix coromandelica,raiqua1,Rain Quail,
Coturnix coturnix,comqua1,Common Quail,
Coturnix delegorguei,harqua1,Harlequin Quail,
Coturnix japonica,japqua,Japanese Quail,JAQU
Coturnix pectoralis,stuqua1,Stubble Quail,
Coua caerulea,blucou1,Blue Coua,
Coua coquereli,coqcou1,Coquerel's Coua,
Coua cristata,crecou1,Crested Coua,
Coua cursor,runcou1,Running Coua,
Coua gigas,giacou1,Giant Coua,
Coua reynaudii,refcou1,Red-fronted Coua,
Coua ruficeps,reccou2,Red-capped Coua,
Coua serriana,rebcou1,Red-breasted Coua,
Coua verreauxi,vercou1,Verreaux's Coua,
Cough,,,
Cowbell,,,
Crack,,,
Crackle,,,
Cracticus argenteus,sibbut1,Silver-backed Butcherbird,
Cracticus cassicus,hoobut1,Hooded Butcherbird,
Cracticus louisiadensis,tagbut1,Tagula Butcherbird,
Cracticus mentalis,blbbut1,Black-backed Butcherbird,
Cracticus nigrogularis,piebut1,Pied Butcherbird,
Cracticus torquatus,grybut1,Grey Butcherbird,
Cranioleuca albicapilla,crcspi1,Creamy-crested Spinetail,
Cranioleuca albiceps,licspi1,Light-crowned Spinetail,
Cranioleuca antisiensis,licspi5,Line-cheeked Spinetail,
Cranioleuca berlepschi,rumsof1,Russet-mantled Softtail,
Cranioleuca curtata,asbspi1,Ash-browed Spinetail,
Cranioleuca demissa,tepspi1,Tepui Spinetail,
Cranioleuca dissita,rubspi5,Coiba Spinetail,COSP
Cranioleuca erythrops,refspi1,Red-faced Spinetail,RFSP
Cranioleuca hellmayri,stcspi1,Streak-capped Spinetail,
Cranioleuca henricae,bolspi1,Bolivian Spinetail,
Cranioleuca marcapatae,marspi2,Marcapata Spinetail,
Cranioleuca muelleri,scaspi1,Scaled Spinetail,
Cranioleuca obsoleta,olispi1,Olive Spinetail,
Cranioleuca pallida,palspi1,Pallid Spinetail,
Cranioleuca pyrrhophia,stcspi2,Stripe-crowned Spinetail,
Cranioleuca semicinerea,gyhspi1,Grey-headed Spinetail,
Cranioleuca subcristata,crespi1,Crested Spinetail,
Cranioleuca vulpecula,parspi1,Parker's Spinetail,
Cranioleuca vulpina,rubspi4,Rusty-backed Spinetail,
Cranistus colliurides,,,
Craseomys rufocanus,,,
Crash_cymbal,,,
Craspedacusta sowerbii,,,
Craugastor augusti,,,
Craugastor crassidigitus,,,
Craugastor fitzingeri,,,
Craugastor loki,,,
Craugastor raniformis,,,
Craugastor rupinius,,,
Craugastor yucatanensis,,,
Crax alberti,bubcur1,Blue-billed Curassow,
Crax alector,blacur1,Black Curassow,
Crax blumenbachii,rebcur1,Red-billed Curassow,
Crax daubentoni,yekcur1,Yellow-knobbed Curassow,
Crax fasciolata,bafcur1,Bare-faced Curassow,
Crax globulosa,watcur1,Wattled Curassow,
Crax rubra,grecur1,Great Curassow,GRCU
Creagrus furcatus,swtgul1,Swallow-tailed Gull,STGU
Creatophora cinerea,watsta1,Wattled Starling,
Crecopsis egregia,afrcra1,African Crake,
Creurgops dentatus,slatan2,Slaty Tanager,
Creurgops verticalis,ructan4,Rufous-crested Tanager,
Crex crex,corcra,Corn Crake,CORC
Cricket,,,
Crinia bilingua,,,
Crinia deserticola,,,
Crinia georgiana,,,
Crinia glauerti,,,
Crinia insignifera,,,
Crinia nimbus,,,
Crinia parinsignifera,,,
Crinia pseudinsignifera,,,
Crinia remota,,,
Crinia riparia,,,
Crinia signifera,,,
Crinia sloanei,,,
Crinia subinsignifera,,,
Crinia tasmaniensis,,,
Crinia tinnula,,,
Crinifer concolor,grygab1,Grey Go-away-bird,
Crinifer leucogaster,wbgbir1,White-bellied Go-away-bird,
Crinifer personatus,bfgbir1,Bare-faced Go-away-bird,
Crinifer piscator,wesple1,Western Plantain-eater,
Crinifer zonurus,easple1,Eastern Plantain-eater,
Criniger barbatus,wesbeg1,Western Bearded Greenbul,
Criniger calurus,retgre1,Red-tailed Greenbul,
Criniger chloronotus,easbeg1,Eastern Bearded Greenbul,
Criniger ndussumensis,whbgre1,White-bearded Greenbul,
Criniger olivaceus,yebgre3,Yellow-bearded Greenbul,
Crioceris duodecimpunctata,,,
Crioceris quatuordecimpunctata,,,
Criorhina nigripes,,,
Crithagra albogularis,whtcan1,White-throated Canary,
Crithagra ankoberensis,ankser2,Ankober Serin,
Crithagra atrogularis,bltcan1,Black-throated Canary,
Crithagra buchanani,sougrc1,Southern Grosbeak-Canary,
Crithagra burtoni,thbsee1,Thick-billed Seedeater,
Crithagra canicapilla,sthsee3,West African Seedeater,
Crithagra capistrata,blfcan1,Black-faced Canary,
Crithagra citrinelloides,afrcit1,African Citril,
Crithagra citrinipectus,lebsee1,Lemon-breasted Canary,
Crithagra concolor,satgro1,Sao Tome Grosbeak,
Crithagra donaldsoni,norgrc1,Northern Grosbeak-Canary,
Crithagra dorsostriata,whbcan1,White-bellied Canary,
Crithagra flavigula,yetser1,Yellow-throated Seedeater,
Crithagra flaviventris,yelcan1,Yellow Canary,
Crithagra frontalis,wescit1,Western Citril,
Crithagra gularis,sthsee2,Streaky-headed Seedeater,
Crithagra hyposticta,soucit1,Southern Citril,
Crithagra koliensis,papcan1,Papyrus Canary,
Crithagra leucoptera,procan1,Protea Canary,
Crithagra leucopygia,whrsee,White-rumped Seedeater,
Crithagra melanochroa,tansee1,Kipengere Seedeater,
Crithagra menachensis,yemser1,Yemen Serin,
Crithagra mennelli,blesee1,Black-eared Seedeater,
Crithagra mozambica,yefcan,Yellow-fronted Canary,YFCA
Crithagra reichardi,reisee4,Reichard's Seedeater,
Crithagra reichenowi,reisee2,Reichenow's Seedeater,
Crithagra rothschildi,olrser1,Arabian Serin,
Crithagra rufobrunnea,prisee1,Principe Seedeater,
Crithagra scotops,forcan1,Forest Canary,
Crithagra striolata,strsee1,Streaky Seedeater,
Crithagra sulphurata,brican1,Brimstone Canary,
Crithagra symonsi,drasis2,Drakensberg Siskin,
Crithagra totta,capsis2,Cape Siskin,
Crithagra tristriata,brrsee1,Brown-rumped Seedeater,
Crithagra whytii,yebsee2,Yellow-browed Seedeater,
Crithagra xantholaema,salser1,Salvadori's Seedeater,
Crithagra xanthopygia,yerser1,Yellow-rumped Seedeater,
Crocidura leucodon,,,
Crocidura russula,,,
Crocuta crocuta,,,
Crossleyia tenebrosa,dustet1,Dusky Tetraka,
Crossleyia xanthophrys,yeboxy1,Madagascar Yellowbrow,
Crossodactylus gaudichaudii,,,
Crossoptilon auritum,blephe1,Blue Eared Pheasant,
Crossoptilon crossoptilon,whieap1,White Eared Pheasant,
Crossoptilon harmani,whieap2,Tibetan Eared Pheasant,
Crossoptilon mantchuricum,brephe1,Brown Eared Pheasant,
Crotalus adamanteus,,,
Crotalus atrox,,,
Crotalus cerastes,,,
Crotalus durissus,,,
Crotalus horridus,,,
Crotalus oreganus,,,
Crotalus ornatus,,,
Crotalus polystictus,,,
Crotalus pyrrhus,,,
Crotalus ruber,,,
Crotalus scutulatus,,,
Crotalus viridis,,,
Crotophaga ani,smbani,Smooth-billed Ani,SBAN
Crotophaga major,greani1,Greater Ani,GRTA
Crotophaga sulcirostris,grbani,Groove-billed Ani,GBAN
Crow,,,
Crowd,,,
Crumpling_and_crinkling,,,
Crushing,,,
Crying_and_sobbing,,,
Crypsirina cucullata,hootre1,Hooded Treepie,
Crypsirina temia,rattre1,Racket-tailed Treepie,
Cryptillas victorini,viswar1,Victorin's Warbler,
Cryptoleucopteryx plumbea,pluhaw,Plumbeous Hawk,PLHA
Cryptolybia olivacea,grebar2,Green Barbet,
Cryptomicroeca flaviventris,yebrob1,Yellow-bellied Flyrobin,
Cryptopezus nattereri,spbant1,Speckle-breasted Antpitta,
Cryptophaps poecilorrhoa,sompig2,Sombre Pigeon,
Cryptopipo holochlora,greman2,Green Manakin,GMAK
Cryptospiza jacksoni,ducwin1,Dusky Crimsonwing,
Cryptospiza reichenovii,rfcwin1,Red-faced Crimsonwing,
Cryptospiza salvadorii,abcwin1,Abyssinian Crimsonwing,
Cryptosylvicola randrianasoloi,crywar1,Cryptic Warbler,
Cryptotympana acuta,,,
Cryptotympana aquila,,,
Cryptotympana atrata,,,
Cryptotympana consanguinea,,,
Cryptotympana facialis,,,
Cryptotympana gracilis,,,
Cryptotympana holsti,,,
Cryptotympana mandarina,,,
Cryptotympana recta,,,
Cryptotympana takasagona,,,
Cryptotympana timorica,,,
Cryptotympana yaeyamana,,,
Crypturellus atrocapillus,blctin1,Black-capped Tinamou,
Crypturellus bartletti,bartin2,Bartlett's Tinamou,
Crypturellus berlepschi,bertin1,Berlepsch's Tinamou,
Crypturellus boucardi,slbtin1,Slaty-breasted Tinamou,SBTI
Crypturellus brevirostris,rustin1,Rusty Tinamou,
Crypturellus casiquiare,bartin1,Barred Tinamou,
Crypturellus cinereus,cintin1,Cinereous Tinamou,
Crypturellus cinnamomeus,thitin1,Thicket Tinamou,THTI
Crypturellus duidae,gyltin1,Grey-legged Tinamou,
Crypturellus erythropus,reltin1,Red-legged Tinamou,
Crypturellus kerriae,chotin1,Choco Tinamou,CHTI
Crypturellus noctivagus,yeltin1,Yellow-legged Tinamou,
Crypturellus obsoletus,brotin1,Brown Tinamou,
Crypturellus parvirostris,smbtin1,Small-billed Tinamou,
Crypturellus ptaritepui,teptin1,Tepui Tinamou,
Crypturellus soui,littin1,Little Tinamou,LITI
Crypturellus strigulosus,bratin1,Brazilian Tinamou,
Crypturellus tataupa,tattin1,Tataupa Tinamou,
Crypturellus transfasciatus,pabtin1,Pale-browed Tinamou,
Crypturellus undulatus,undtin1,Undulated Tinamou,
Crypturellus variegatus,vartin1,Variegated Tinamou,
Ctenodecticus bolivari,,,
Ctenodecticus granatensis,,,
Ctenodecticus lusitanicus,,,
Ctenodecticus major,,,
Ctenodecticus ramburi,,,
Ctenodecticus thymi,,,
Ctenomys argentinus,,,
Ctenomys magellanicus,,,
Ctenomys pearsoni,,,
Ctenomys rionegrensis,,,
Ctenomys torquatus,,,
Ctenomys yolandae,,,
Ctenophryne geayi,,,
Ctenoscelis acanthopus,,,
Cuculus canorus,comcuc,Common Cuckoo,COCU
Cuculus clamosus,blacuc1,Black Cuckoo,
Cuculus crassirostris,suhcuc1,Sulawesi Cuckoo,
Cuculus gularis,afrcuc1,African Cuckoo,
Cuculus lepidus,suncuc2,Sunda Cuckoo,
Cuculus micropterus,indcuc1,Indian Cuckoo,
Cuculus optatus,oricuc2,Oriental Cuckoo,ORCU
Cuculus poliocephalus,lescuc1,Lesser Cuckoo,
Cuculus rochii,madcuc1,Madagascar Cuckoo,
Cuculus saturatus,himcuc1,Himalayan Cuckoo,
Cuculus solitarius,reccuc1,Red-chested Cuckoo,
Culicicapa ceylonensis,gyhcaf1,Grey-headed Canary-flycatcher,
Culicicapa helianthea,citcaf1,Citrine Canary-flycatcher,
Culicivora caudacuta,shttyr1,Sharp-tailed Grass Tyrant,
Cuon alpinus,,,
Cupboard_open_or_close,,,
Curaeus curaeus,ausbla1,Austral Blackbird,
Curruca balearica,balwar1,Balearic Warbler,
Curruca boehmi,banwar2,Banded Parisoma,
Curruca buryi,yemwar1,Yemen Warbler,
Curruca cantillans,easwar1,Eastern Subalpine Warbler,
Curruca communis,grewhi1,Common Whitethroat,
Curruca conspicillata,spewar2,Spectacled Warbler,
Curruca crassirostris,eaowar2,Eastern Orphean Warbler,
Curruca curruca,leswhi4,Lesser Whitethroat,
Curruca deserti,afdwar1,African Desert Warbler,
Curruca deserticola,triwar1,Tristram's Warbler,
Curruca hortensis,weowar2,Western Orphean Warbler,
Curruca iberiae,subwar6,Western Subalpine Warbler,
Curruca layardi,laywar2,Layard's Warbler,
Curruca leucomelaena,reswar1,Arabian Warbler,
Curruca lugens,brnwar1,Brown Parisoma,
Curruca melanocephala,sarwar1,Sardinian Warbler,
Curruca melanothorax,cypwar1,Cyprus Warbler,
Curruca mystacea,menwar1,Menetries's Warbler,
Curruca nana,asdwar1,Asian Desert Warbler,
Curruca nisoria,barwar1,Barred Warbler,
Curruca ruppeli,ruewar1,Rüppell's Warbler,
Curruca sarda,marwar1,Marmora's Warbler,
Curruca subalpina,subwar8,Moltoni's Warbler,
Curruca subcoerulea,ruvwar2,Chestnut-vented Warbler,
Curruca undata,darwar1,Dartford Warbler,
Cursorius coromandelicus,indcou1,Indian Courser,
Cursorius cursor,crccou1,Cream-colored Courser,
Cursorius rufus,burcou2,Burchell's Courser,
Cursorius somalensis,somcou1,Somali Courser,
Cursorius temminckii,temcou1,Temminck's Courser,
Cutia legalleni,viecut1,Vietnamese Cutia,
Cutia nipalensis,cutia1,Himalayan Cutia,
Cutlery_and_silverware,,,
Cyanerpes caeruleus,purhon1,Purple Honeycreeper,PUHO
Cyanerpes cyaneus,relhon1,Red-legged Honeycreeper,RLHO
Cyanerpes lucidus,shihon1,Shining Honeycreeper,SHHO
Cyanerpes nitidus,shbhon2,Short-billed Honeycreeper,
Cyanicterus cyanicterus,blbtan2,Blue-backed Tanager,
Cyanistes caeruleus,blutit,Eurasian Blue Tit,
Cyanistes cyanus,azutit2,Azure Tit,
Cyanistes teneriffae,afbtit2,African Blue Tit,
Cyanochen cyanoptera,buwgoo1,Blue-winged Goose,
Cyanocitta cristata,blujay,Blue Jay,BLJA
Cyanocitta stelleri,stejay,Steller's Jay,STJA
Cyanocompsa parellina,blubun,Blue Bunting,BLBU
Cyanocorax affinis,blcjay1,Black-chested Jay,BCHJ
Cyanocorax beecheii,pubjay1,Purplish-backed Jay,PBJA
Cyanocorax caeruleus,,,
Cyanocorax cayanus,cayjay1,Cayenne Jay,
Cyanocorax chrysops,plcjay1,Plush-crested Jay,
Cyanocorax colliei,btmjay,Black-throated Magpie-Jay,BTMJ
Cyanocorax cristatellus,cucjay1,Curl-crested Jay,
Cyanocorax cyanomelas,purjay1,Purplish Jay,
Cyanocorax cyanopogon,whnjay1,White-naped Jay,
Cyanocorax dickeyi,tufjay1,Tufted Jay,TUJA
Cyanocorax formosus,wtmjay1,White-throated Magpie-Jay,WTMJ
Cyanocorax heilprini,aznjay1,Azure-naped Jay,
Cyanocorax melanocyaneus,bucjay1,Bushy-crested Jay,BCRJ
Cyanocorax morio,brnjay,Brown Jay,BRJA
Cyanocorax mystacalis,whtjay2,White-tailed Jay,
Cyanocorax sanblasianus,sabjay,San Blas Jay,SBJA
Cyanocorax violaceus,viojay1,Violaceous Jay,
Cyanocorax yncas,grnjay,Green Jay,GRJA
Cyanocorax yucatanicus,yucjay1,Yucatan Jay,YUJA
Cyanoderma bicolor,chwbab3,Bicolored Babbler,
Cyanoderma chrysaeum,golbab1,Golden Babbler,
Cyanoderma erythropterum,chwbab1,Chestnut-winged Babbler,
Cyanoderma melanothorax,crcbab1,Crescent-chested Babbler,
Cyanoderma pyrrhops,blcbab2,Black-chinned Babbler,
Cyanoderma ruficeps,rucbab1,Rufous-capped Babbler,
Cyanoderma rufifrons,rufbab10,Rufous-fronted Babbler,
Cyanograucalus azureus,blucus1,Blue Cuckooshrike,
Cyanolanius madagascarinus,bluvan3,Madagascar Blue Vanga,
Cyanoliseus patagonus,burpar,Burrowing Parrot,
Cyanoloxia brissonii,ultgro1,Ultramarine Grosbeak,
Cyanoloxia cyanoides,bubgro1,Blue-black Grosbeak,BGRO
Cyanoloxia glaucocaerulea,glbgro1,Glaucous-blue Grosbeak,
Cyanoloxia rothschildii,bubgro2,Amazonian Grosbeak,
Cyanolyca argentigula,sitjay1,Silvery-throated Jay,STHJ
Cyanolyca armillata,blcjay2,Black-collared Jay,
Cyanolyca cucullata,azhjay1,Azure-hooded Jay,AHJA
Cyanolyca mirabilis,whtjay1,White-throated Jay,WTJA
Cyanolyca nanus,dwajay1,Dwarf Jay,DWJA
Cyanolyca pulchra,beajay1,Beautiful Jay,
Cyanolyca pumilo,bltjay1,Black-throated Jay,BTJA
Cyanolyca turcosa,turjay1,Turquoise Jay,
Cyanolyca viridicyanus,whcjay2,White-collared Jay,
Cyanomitra alinae,buhsun1,Blue-headed Sunbird,
Cyanomitra bannermani,bansun3,Bannerman's Sunbird,
Cyanomitra cyanolaema,btbsun2,Blue-throated Brown Sunbird,
Cyanomitra olivacea,eaosun1,Olive Sunbird,
Cyanomitra oritis,camsun2,Cameroon Sunbird,
Cyanomitra veroxii,mocsun2,Grey Sunbird,
Cyanomitra verticalis,gnhsun1,Green-headed Sunbird,
Cyanopica cooki,azwmag3,Iberian Magpie,
Cyanopica cyanus,azwmag2,Azure-winged Magpie,
Cyanoptila cumatilis,zapfly1,Zappey's Flycatcher,
Cyanoptila cyanomelana,bawfly2,Blue-and-white Flycatcher,
Cyanoramphus auriceps,yefpar3,Yellow-crowned Parakeet,
Cyanoramphus cookii,noipar1,Norfolk Parakeet,
Cyanoramphus forbesi,chipar1,Chatham Islands Parakeet,
Cyanoramphus malherbi,malpar2,Malherbe's Parakeet,
Cyanoramphus novaezelandiae,refpar4,Red-crowned Parakeet,
Cyanoramphus saisseti,necpar1,New Caledonian Parakeet,
Cychrus caraboides,,,
Cyclarhis gujanensis,rubpep1,Rufous-browed Peppershrike,RBPE
Cyclarhis nigrirostris,blbpep1,Black-billed Peppershrike,
Cyclochila australasiae,,,
Cyclochila virens,,,
Cyclopsitta desmarestii,lafpar1,Large Fig Parrot,
Cyclopsitta diophthalma,defpar1,Double-eyed Fig Parrot,
Cyclopsitta edwardsii,edfpar1,Edwards's Fig Parrot,
Cyclopsitta salvadorii,safpar1,Salvadori's Fig Parrot,
Cycloptiloides timah,,,
Cycloptilum albocircum,,,
Cycloptilum bidens,,,
Cycloptilum comprehendens,,,
Cycloptilum distinctum,,,
Cycloptilum pigrum,,,
Cycloptilum trigonipalpum,,,
Cycloptilum zebra,,,
Cycloramphus boraceiensis,,,
Cygnus atratus,blkswa,Black Swan,
Cygnus buccinator,truswa,Trumpeter Swan,TRUS
Cygnus columbianus,tunswa,Tundra Swan,TUSW
Cygnus cygnus,whoswa,Whooper Swan,WHOS
Cygnus melancoryphus,blnswa2,Black-necked Swan,
Cygnus olor,mutswa,Mute Swan,MUSW
Cymbal,,,
Cymbilaimus lineatus,fasant1,Fasciated Antshrike,FAAN
Cymbilaimus sanctaemariae,bamant1,Bamboo Antshrike,
Cymbirhynchus macrorhynchos,barbro1,Black-and-red Broadbill,
Cynanthus auriceps,goceme1,Golden-crowned Emerald,GCEM
Cynanthus canivetii,caneme1,Canivet's Emerald,CAEM
Cynanthus doubledayi,brbhum2,Turquoise-crowned Hummingbird,TCHU
Cynanthus forficatus,cozeme1,Cozumel Emerald,COEM
Cynanthus latirostris,brbhum,Broad-billed Hummingbird,BBIH
Cynictis penicillata,,,
Cynomys gunnisoni,,,
Cynomys leucurus,,,
Cynomys ludovicianus,,,
Cyornis brunneatus,bncjuf1,Brown-chested Jungle Flycatcher,
Cyornis caerulatus,lobblf1,Sunda Blue Flycatcher,
Cyornis glaucicomans,butfly2,Chinese Blue Flycatcher,
Cyornis hainanus,habfly1,Hainan Blue Flycatcher,
Cyornis herioti,bubfly1,Blue-breasted Blue Flycatcher,
Cyornis lemprieri,pabfly1,Palawan Blue Flycatcher,
Cyornis magnirostris,larblf1,Large Blue Flycatcher,
Cyornis nicobaricus,nicjuf1,Nicobar Jungle Flycatcher,
Cyornis ocularis,chtjuf3,Sulu Jungle Flycatcher,
Cyornis olivaceus,fucjuf1,Fulvous-chested Jungle Flycatcher,
Cyornis omissus,subfly1,Sulawesi Blue Flycatcher,
Cyornis pallidipes,wbbfly1,White-bellied Blue Flycatcher,
Cyornis pelingensis,banjuf1,Banggai Jungle Flycatcher,
Cyornis poliogenys,pacblf1,Pale-chinned Flycatcher,
Cyornis rubeculoides,butfly1,Blue-throated Blue Flycatcher,
Cyornis ruficauda,chtjuf2,Philippine Jungle Flycatcher,
Cyornis rufigastra,mabfly2,Mangrove Blue Flycatcher,
Cyornis sumatrensis,tibfly4,Indochinese Blue Flycatcher,
Cyornis superbus,bobfly2,Bornean Blue Flycatcher,
Cyornis tickelliae,tibfly3,Tickell's Blue Flycatcher,
Cyornis turcosus,mabfly1,Malaysian Blue Flycatcher,
Cyornis umbratilis,gycjuf1,Grey-chested Jungle Flycatcher,
Cyornis unicolor,pabfly2,Pale Blue Flycatcher,
Cyornis whitei,hibfly1,Hill Blue Flycatcher,
Cyphoderris buckelli,,,
Cyphoderris monstrosa,,,
Cyphorhinus arada,muswre2,Musician Wren,
Cyphorhinus dichrous,chbwre2,Northern Chestnut-breasted Wren,
Cyphorhinus phaeocephalus,sonwre1,Song Wren,SONW
Cyphorhinus thoracicus,chbwre3,Southern Chestnut-breasted Wren,
Cyprinus carpio,,,
Cypseloides cherriei,spfswi1,Spot-fronted Swift,SFSW
Cypseloides cryptus,whcswi1,White-chinned Swift,WCHS
Cypseloides fumigatus,sooswi1,Sooty Swift,
Cypseloides lemosi,whcswi2,White-chested Swift,
Cypseloides niger,blkswi,American Black Swift,BLSW
Cypseloides rothschildi,rotswi1,Rothschild's Swift,
Cypseloides senex,grdswi1,Great Dusky Swift,
Cypseloides storeri,whfswi1,White-fronted Swift,WFSW
Cypsiurus balasiensis,aspswi1,Asian Palm Swift,
Cypsiurus gracilis,malpas1,Malagasy Palm Swift,
Cypsiurus parvus,afpswi1,African Palm Swift,
Cypsnagra hirundinacea,whrtan1,White-rumped Tanager,
Cyrtaspis scutata,,,
Cyrtodactylus deccanensis,,,
Cyrtonyx montezumae,monqua,Montezuma Quail,MONQ
Cyrtonyx ocellatus,ocequa1,Ocellated Quail,OCQU
Cyrtophyllicus chlorum,,,
Cyrtoxipha columbiana,,,
Cyrtoxipha gundlachi,,,
Cyrtoxipha nola,,,
Cystopsaltria immaculata,,,
Cystosoma saundersii,,,
Cystosoma schmeltzi,,,
Dacelo gaudichaud,rubkoo1,Rufous-bellied Kookaburra,
Dacelo leachii,blwkoo1,Blue-winged Kookaburra,
Dacelo novaeguineae,laukoo1,Laughing Kookaburra,
Dacelo rex,shbkoo1,Shovel-billed Kookaburra,
Dacelo tyro,spakoo1,Spangled Kookaburra,
Dacnis albiventris,whbdac1,White-bellied Dacnis,
Dacnis berlepschi,scbdac1,Scarlet-breasted Dacnis,
Dacnis cayana,bludac1,Blue Dacnis,BLDA
Dacnis flaviventer,yebdac1,Yellow-bellied Dacnis,
Dacnis hartlaubi,turdac1,Turquoise Dacnis,
Dacnis lineata,blfdac1,Black-faced Dacnis,
Dacnis nigripes,blldac1,Black-legged Dacnis,
Dacnis venusta,sctdac1,Scarlet-thighed Dacnis,STDA
Dacnis viguieri,virdac1,Viridian Dacnis,VIDA
Dactylomys boliviensis,,,
Dactylomys dactylinus,,,
Dactylortyx thoracicus,sinqua1,Singing Quail,SIQU
Daintria australicus,,,
Dama dama,,,
Danaus plexippus,,,
Daphoenositta chrysoptera,varsit8,Varied Sittella,
Daphoenositta miranda,blksit1,Black Sittella,
Daphoenositta papuensis,varsit1,Papuan Sittella,
Daption capense,cappet,Pintado Petrel,
Daptrius albogularis,whtcar1,White-throated Caracara,
Daptrius ater,blacar1,Black Caracara,
Daptrius australis,strcar1,Striated Caracara,
Daptrius carunculatus,carcar1,Carunculated Caracara,
Daptrius chimachima,yehcar1,Yellow-headed Caracara,
Daptrius chimango,chicar1,Chimango Caracara,
Daptrius megalopterus,moucar1,Mountain Caracara,
Darapsa choerilus,,,
Dasycrotapha plateni,pygbab1,Mindanao Pygmy Babbler,
Dasycrotapha pygmaea,vispyb1,Visayan Pygmy Babbler,
Dasycrotapha speciosa,fltbab1,Flame-templed Babbler,
Dasygnathus trituberculatus,,,
Dasylabris atrata,,,
Dasylophus cumingi,scfmal1,Scale-feathered Malkoha,
Dasylophus superciliosus,recmal1,Rough-crested Malkoha,
Dasymutilla occidentalis,,,
Dasyornis brachypterus,easbri1,Eastern Bristlebird,
Dasyornis broadbenti,rufbri1,Rufous Bristlebird,
Dasyornis longirostris,wesbri1,Western Bristlebird,
Dasyprocta leporina,,,
Dasyprocta punctata,,,
Dasypus novemcinctus,,,
Dasyurus maculatus,,,
Deconychura longicauda,lotwoo4,Whistling Long-tailed Woodcreeper,LTWO
Deconychura pallida,lotwoo5,Mournful Long-tailed Woodcreeper,
Decticita balli,,,
Decticus albifrons,,,
Decticus aprutianus,,,
Decticus loudoni,,,
Decticus verrucivorus,,,
Delacourella capistrata,gyholi1,Grey-headed Oliveback,
Deleornis axillaris,gyhsun1,Grey-headed Sunbird,
Deleornis fraseri,sctsun2,Fraser's Sunbird,
Delichon dasypus,ashmar1,Asian House Martin,
Delichon lagopodum,comhom2,Siberian House Martin,SIHM
Delichon nipalense,nephom1,Nepal House Martin,
Delichon urbicum,comhom1,Western House Martin,WEHM
Delphinapterus leucas,,,
Dendragapus fuliginosus,soogro1,Sooty Grouse,SOGR
Dendragapus obscurus,dusgro,Dusky Grouse,DUGR
Dendrelaphis pictus,,,
Dendrexetastes rufigula,citwoo1,Cinnamon-throated Woodcreeper,
Dendrobates leucomelas,,,
Dendrobates truncatus,,,
Dendrocincla anabatina,tawwoo1,Tawny-winged Woodcreeper,TWWO
Dendrocincla fuliginosa,plbwoo1,Plain-brown Woodcreeper,PBRW
Dendrocincla homochroa,rudwoo1,Ruddy Woodcreeper,RUWO
Dendrocincla merula,whcwoo1,White-chinned Woodcreeper,
Dendrocincla turdina,plwwoo1,Plain-winged Woodcreeper,
Dendrocincla tyrannina,tyrwoo1,Tyrannine Woodcreeper,
Dendrocitta bayleii,andtre1,Andaman Treepie,
Dendrocitta cinerascens,bortre1,Bornean Treepie,
Dendrocitta formosae,grytre1,Grey Treepie,
Dendrocitta frontalis,coltre1,Collared Treepie,
Dendrocitta leucogastra,whbtre1,White-bellied Treepie,
Dendrocitta vagabunda,ruftre2,Rufous Treepie,
Dendrocolaptes certhia,amabaw1,Amazonian Barred Woodcreeper,
Dendrocolaptes hoffmannsi,hofwoo2,Hoffmanns's Woodcreeper,
Dendrocolaptes picumnus,blbwoo1,Black-banded Woodcreeper,BBNW
Dendrocolaptes platyrostris,plawoo1,Planalto Woodcreeper,
Dendrocolaptes sanctithomae,nobwoo1,Northern Barred Woodcreeper,NOBW
Dendrocopos analis,frbwoo1,Freckle-breasted Woodpecker,
Dendrocopos assimilis,sinwoo1,Sind Woodpecker,
Dendrocopos atratus,stbwoo4,Stripe-breasted Woodpecker,
Dendrocopos darjellensis,darwoo1,Darjeeling Woodpecker,
Dendrocopos himalayensis,himwoo1,Himalayan Woodpecker,
Dendrocopos hyperythrus,rubwoo1,Rufous-bellied Woodpecker,
Dendrocopos leucopterus,whwwoo1,White-winged Woodpecker,
Dendrocopos leucotos,whbwoo1,White-backed Woodpecker,
Dendrocopos macei,fubwoo2,Fulvous-breasted Woodpecker,
Dendrocopos major,grswoo,Great Spotted Woodpecker,GSWO
Dendrocopos noguchii,okiwoo1,Okinawa Woodpecker,
Dendrocopos syriacus,syrwoo1,Syrian Woodpecker,
Dendrocoptes auriceps,brfwoo1,Brown-fronted Woodpecker,
Dendrocoptes dorae,arawoo1,Arabian Woodpecker,
Dendrocoptes medius,miswoo1,Middle Spotted Woodpecker,
Dendrocygna arborea,wiwduc1,West Indian Whistling Duck,WIWD
Dendrocygna arcuata,wawduc1,Wandering Whistling Duck,
Dendrocygna autumnalis,bbwduc,Black-bellied Whistling Duck,BBWD
Dendrocygna bicolor,fuwduc,Fulvous Whistling Duck,FUWD
Dendrocygna eytoni,plwduc1,Plumed Whistling Duck,
Dendrocygna guttata,spwduc1,Spotted Whistling Duck,
Dendrocygna javanica,lewduc1,Lesser Whistling Duck,
Dendrocygna viduata,wfwduc1,White-faced Whistling Duck,WFWD
Dendrohyrax arboreus,,,
Dendrohyrax dorsalis,,,
Dendrohyrax validus,,,
Dendroma erythroptera,chwfog1,Chestnut-winged Foliage-gleaner,
Dendroma rufa,bffgle,Buff-fronted Foliage-gleaner,BFFG
Dendronanthus indicus,forwag1,Forest Wagtail,
Dendropicos abyssinicus,abywoo1,Abyssinian Woodpecker,
Dendropicos elachus,ligwoo3,Little Grey Woodpecker,
Dendropicos elliotii,ellwoo1,Elliot's Woodpecker,
Dendropicos fuscescens,carwoo1,Cardinal Woodpecker,
Dendropicos gabonensis,gabwoo1,Gabon Woodpecker,
Dendropicos goertae,grywoo1,African Grey Woodpecker,
Dendropicos griseocephalus,oliwoo2,Olive Woodpecker,
Dendropicos lugubris,melwoo1,Melancholy Woodpecker,
Dendropicos obsoletus,brbwoo1,Brown-backed Woodpecker,
Dendropicos poecilolaemus,spbwoo2,Speckle-breasted Woodpecker,
Dendropicos spodocephalus,gyhwoo1,Eastern Grey Woodpecker,
Dendropicos stierlingi,stiwoo1,Stierling's Woodpecker,
Dendroplex kienerii,zimwoo2,Zimmer's Woodcreeper,
Dendroplex picus,stbwoo2,Straight-billed Woodcreeper,SGBW
Dendropsophus berthalutzae,,,
Dendropsophus bifurcus,,,
Dendropsophus bogerti,,,
Dendropsophus branneri,,,
Dendropsophus columbianus,,,
Dendropsophus counani,,,
Dendropsophus cruzi,,,
Dendropsophus decipiens,,,
Dendropsophus ebraccatus,,,
Dendropsophus elegans,,,
Dendropsophus gaucheri,,,
Dendropsophus giesleri,,,
Dendropsophus jimi,,,
Dendropsophus joannae,,,
Dendropsophus leali,,,
Dendropsophus leucophyllatus,,,
Dendropsophus marmoratus,,,
Dendropsophus mathiassoni,,,
Dendropsophus melanargyreus,,,
Dendropsophus microcephalus,,,
Dendropsophus microps,,,
Dendropsophus minusculus,,,
Dendropsophus minutus,,,
Dendropsophus molitor,,,
Dendropsophus nahdereri,,,
Dendropsophus nanus,,,
Dendropsophus norandinus,,,
Dendropsophus praestans,,,
Dendropsophus rhodopeplus,,,
Dendropsophus riveroi,,,
Dendropsophus robertmertensi,,,
Dendropsophus rossalleni,,,
Dendropsophus rozenmani,,,
Dendropsophus rubicundulus,,,
Dendropsophus sanborni,,,
Dendropsophus sarayacuensis,,,
Dendropsophus walfordi,,,
Dendropsophus werneri,,,
Dendrortyx barbatus,bewpar1,Bearded Wood Partridge,BEWP
Dendrortyx leucophrys,bcwpar1,Buffy-crowned Wood Partridge,BCWP
Dendrortyx macroura,ltwpar1,Long-tailed Wood Partridge,LTWP
Deracantha onos,,,
Dermatonotus muelleri,,,
Deroptyus accipitrinus,refpar3,Red-fan Parrot,
Derotettix mendosensis,,,
Dessonornis anomalus,ofrcha1,Olive-flanked Ground Robin,
Dessonornis archeri,arrcha1,Archer's Ground Robin,
Dessonornis caffer,carcha1,Cape Robin-Chat,
Dessonornis humeralis,wtrcha1,White-throated Robin-Chat,
Devioeca papuana,canfly2,Canary Flyrobin,
Dianemobius csikii,,,
Dianemobius fascipes,,,
Dianemobius furumagiensis,,,
Diasporus anthrax,,,
Diasporus citrinobapheus,,,
Diasporus diastema,,,
Diasporus gularis,,,
Diasporus hylaeformis,,,
Diasporus quidditus,,,
Diasporus tinker,,,
Diasporus vocator,,,
Dicaeum aeneum,midflo1,Midget Flowerpecker,
Dicaeum annae,gorflo1,Golden-rumped Flowerpecker,
Dicaeum anthonyi,flcflo2,Yellow-crowned Flowerpecker,
Dicaeum aureolimbatum,yesflo1,Yellow-sided Flowerpecker,
Dicaeum australe,resflo1,Red-keeled Flowerpecker,
Dicaeum bicolor,bicflo1,Bicolored Flowerpecker,
Dicaeum celebicum,gysflo1,Grey-sided Flowerpecker,
Dicaeum concolor,plaflo1,Nilgiri Flowerpecker,
Dicaeum cruentatum,scbflo1,Scarlet-backed Flowerpecker,
Dicaeum dayakorum,speflo1,Spectacled Flowerpecker,
Dicaeum erythrorhynchos,pabflo1,Pale-billed Flowerpecker,
Dicaeum erythrothorax,flbflo2,Buru Flowerpecker,
Dicaeum eximium,rebflo1,Red-banded Flowerpecker,
Dicaeum geelvinkianum,recflo1,Red-capped Flowerpecker,
Dicaeum haematostictum,rekflo1,Black-belted Flowerpecker,
Dicaeum hirundinaceum,mistle1,Mistletoebird,
Dicaeum hypoleucum,whbflo1,Buzzing Flowerpecker,
Dicaeum igniferum,blfflo1,Black-fronted Flowerpecker,
Dicaeum ignipectus,fibflo1,Fire-breasted Flowerpecker,
Dicaeum kampalili,flcflo3,Flame-crowned Flowerpecker,
Dicaeum maugei,recflo2,Red-chested Flowerpecker,
Dicaeum minullum,plaflo2,Plain Flowerpecker,
Dicaeum monticolum,blsflo1,Black-sided Flowerpecker,
Dicaeum nehrkorni,crcflo1,Crimson-crowned Flowerpecker,
Dicaeum nigrilore,olcflo1,Olive-capped Flowerpecker,
Dicaeum nitidum,louflo1,Louisiade Flowerpecker,
Dicaeum pectorale,olcflo2,Olive-crowned Flowerpecker,
Dicaeum pygmaeum,pygflo1,Pygmy Flowerpecker,
Dicaeum quadricolor,cebflo1,Cebu Flowerpecker,
Dicaeum retrocinctum,sccflo1,Scarlet-collared Flowerpecker,
Dicaeum sanguinolentum,blbflo5,Javan Flowerpecker,
Dicaeum schistaceiceps,flbflo3,Halmahera Flowerpecker,
Dicaeum trigonostigma,orbflo1,Orange-bellied Flowerpecker,
Dicaeum tristrami,motflo1,Mottled Flowerpecker,
Dicaeum trochileum,schflo1,Scarlet-headed Flowerpecker,
Dicaeum virescens,andflo1,Andaman Flowerpecker,
Dicaeum vulneratum,ashflo1,Ashy Flowerpecker,
Diceroprocta apache,,,
Diceroprocta arizona,,,
Diceroprocta aurantiaca,,,
Diceroprocta azteca,,,
Diceroprocta biconica,,,
Diceroprocta bonhotei,,,
Diceroprocta canescens,,,
Diceroprocta cinctifera,,,
Diceroprocta crucifera,,,
Diceroprocta delicata,,,
Diceroprocta digueti,,,
Diceroprocta eugraphica,,,
Diceroprocta knighti,,,
Diceroprocta marevagans,,,
Diceroprocta obscurior,,,
Diceroprocta olympusa,,,
Diceroprocta swalei,,,
Diceroprocta texana,,,
Diceroprocta viridifascia,,,
Diceroprocta vitripennis,,,
Diceros bicornis,,,
Dichrozona cincta,banant2,Banded Antbird,
Dichtha inflata,,,
Dicotyles tajacu,,,
Dicrurus adsimilis,fotdro5,Fork-tailed Drongo,
Dicrurus aeneus,brodro1,Bronzed Drongo,
Dicrurus andamanensis,anddro1,Andaman Drongo,
Dicrurus annectens,crbdro1,Crow-billed Drongo,
Dicrurus atripennis,shidro1,Shining Drongo,
Dicrurus balicassius,balica1,Balicassiao,
Dicrurus bracteatus,spadro1,Spangled Drongo,
Dicrurus caerulescens,whbdro1,White-bellied Drongo,
Dicrurus forficatus,credro1,Crested Drongo,
Dicrurus hottentottus,hacdro1,Hair-crested Drongo,
Dicrurus leucophaeus,ashdro1,Ashy Drongo,
Dicrurus lophorinus,srldro1,Sri Lanka Drongo,
Dicrurus ludwigii,cstdro1,Square-tailed Drongo,
Dicrurus macrocercus,bladro1,Black Drongo,
Dicrurus megarhynchus,ritdro1,Paradise Drongo,
Dicrurus menagei,tabdro1,Tablas Drongo,
Dicrurus modestus,vemdro6,Velvet-mantled Drongo,
Dicrurus montanus,suldro1,Sulawesi Drongo,
Dicrurus palawanensis,paldro1,Palawan Drongo,
Dicrurus paradiseus,grtdro1,Greater Racket-tailed Drongo,
Dicrurus remifer,lrtdro1,Lesser Racket-tailed Drongo,
Dicrurus sharpei,shadro2,Sharpe's Drongo,
Dicrurus waldenii,maydro1,Mayotte Drongo,
Dictyophorodelphax mirabilis,,,
Didelphis virginiana,,,
Didunculus strigirostris,tobpig1,Tooth-billed Pigeon,
Diemeniana euronotiana,,,
Diemeniana frenchi,,,
Diglossa albilatera,whsflo1,White-sided Flowerpiercer,
Diglossa baritula,cibflo1,Cinnamon-bellied Flowerpiercer,CBFL
Diglossa brunneiventris,bktflo1,Black-throated Flowerpiercer,
Diglossa caerulescens,bluflo1,Bluish Flowerpiercer,
Diglossa carbonaria,gybflo1,Grey-bellied Flowerpiercer,
Diglossa cyanea,masflo1,Masked Flowerpiercer,
Diglossa glauca,debflo1,Golden-eyed Flowerpiercer,
Diglossa gloriosa,merflo1,Merida Flowerpiercer,
Diglossa gloriosissima,chbflo1,Chestnut-bellied Flowerpiercer,
Diglossa humeralis,blkflo1,Black Flowerpiercer,
Diglossa indigotica,indflo1,Indigo Flowerpiercer,
Diglossa lafresnayii,gloflo1,Glossy Flowerpiercer,
Diglossa major,greflo1,Greater Flowerpiercer,
Diglossa mystacalis,mouflo1,Moustached Flowerpiercer,
Diglossa plumbea,slaflo1,Slaty Flowerpiercer,SLFL
Diglossa sittoides,rusflo1,Rusty Flowerpiercer,
Diglossa venezuelensis,venflo1,Venezuelan Flowerpiercer,
Dilobopyga luwukensis,,,
Dilobopyga opercularis,,,
Dimissalna dimissa,,,
Dinarippiger discoidalis,,,
Dinemellia dinemelli,whbwea1,White-headed Buffalo Weaver,
Dinopium benghalense,bkrfla1,Black-rumped Flameback,
Dinopium everetti,sptfla1,Spot-throated Flameback,
Dinopium javanense,comfla1,Common Flameback,
Dinopium psarodes,bkrfla2,Red-backed Flameback,
Dinopium shorii,himfla1,Himalayan Flameback,
Diomedea antipodensis,antalb1,Antipodean Albatross,
Diomedea dabbenena,wanalb3,Tristan Albatross,
Diomedea epomophora,royalb2,Southern Royal Albatross,
Diomedea exulans,wanalb1,Snowy Albatross,WAAL
Diomedea sanfordi,royalb3,Northern Royal Albatross,
Diopsittaca nobilis,resmac2,Red-shouldered Macaw,
Diphaglossa gayi,,,
Diphyllodes magnificus,mbopar2,Magnificent Bird-of-paradise,
Diphyllodes respublica,wbopar1,Wilson's Bird-of-paradise,
Diprion similis,,,
Discosura conversii,gretho1,Green Thorntail,GRET
Discosura langsdorffi,bkbtho1,Black-bellied Thorntail,
Discosura longicaudus,ratcoq2,Racket-tipped Thorntail,
Discosura popelairii,wictho2,Wire-crested Thorntail,
Dishes_and_pots_and_pans,,,
Diuca diuca,codfin1,Diuca Finch,
Dives dives,melbla1,Melodious Blackbird,MEBL
Dives warczewiczi,scrbla1,Scrub Blackbird,
Dociostaurus brevicollis,,,
Dociostaurus jagoi,,,
Dociostaurus kraussi,,,
Dociostaurus maroccanus,,,
Dog,,,
Dolichonyx oryzivorus,boboli,Bobolink,BOBO
Dolichotis patagonum,,,
Doliornis remseni,chbcot1,Chestnut-bellied Cotinga,
Doliornis sclateri,bavcot1,Bay-vented Cotinga,
Domestic_animals_and_pets,,,
Domestic_sounds_and_home_sounds,,,
Donacobius atricapilla,bkcdon,Black-capped Donacobius,BCDO
Donacospiza albifrons,ltrfin1,Long-tailed Reed Finch,
Door,,,
Doorbell,,,
Doricha eliza,mexshe1,Mexican Sheartail,MESH
Doricha enicura,sleshe1,Slender Sheartail,SLSH
Dorisiana metcalfi,,,
Dorisiana noriegai,,,
Doryfera johannae,blflan1,Blue-fronted Lancebill,
Doryfera ludovicae,grflan1,Green-fronted Lancebill,GFRL
Dorymyrmex bureni,,,
Drawer_open_or_close,,,
Dremomys lokriah,,,
Dremomys pernyi,,,
Dremomys rufigenis,,,
Drepanis coccinea,iiwi,Iiwi,IIWI
Drepanoptila holosericea,,,
Drepanorhynchus reichenowi,gowsun2,Golden-winged Sunbird,
Drepanornis albertisi,blbsic1,Black-billed Sicklebill,
Drepanornis bruijnii,pabsic1,Pale-billed Sicklebill,
Dreptes thomensis,satsun1,Giant Sunbird,
Drill,,,
Driophlox atrimaxillaris,bcatan1,Black-cheeked Ant Tanager,BCAT
Driophlox cristata,cratan1,Crested Ant Tanager,
Driophlox fuscicauda,rtatan1,Red-throated Ant Tanager,RTAT
Driophlox gutturalis,soatan1,Sooty Ant Tanager,
Drip,,,
Dromaius novaehollandiae,emu1,Emu,
Dromas ardeola,craplo1,Crab-plover,
Dromococcyx pavoninus,pavcuc1,Pavonine Cuckoo,
Dromococcyx phasianellus,phecuc1,Pheasant Cuckoo,PHCU
Drum,,,
Drum_kit,,,
Drymadusa dorsalis,,,
Drymocichla incana,rwgwar2,Red-winged Grey Warbler,
Drymodes beccarii,papscr2,Papuan Scrub Robin,
Drymodes brunneopygia,sosrob1,Southern Scrub Robin,
Drymodes superciliaris,nosrob1,Northern Scrub Robin,
Drymophila caudata,lotant1,East Andean Antbird,
Drymophila devillei,strant2,Striated Antbird,
Drymophila ferruginea,ferant1,Ferruginous Antbird,
Drymophila genei,rutant1,Rufous-tailed Antbird,
Drymophila hellmayri,samant2,Santa Marta Antbird,
Drymophila klagesi,klaant2,Klages's Antbird,
Drymophila malura,dutant1,Dusky-tailed Antbird,
Drymophila ochropyga,ocrant1,Ochre-rumped Antbird,
Drymophila rubricollis,berant1,Bertoni's Antbird,
Drymophila squamata,scaant2,Scaled Antbird,
Drymophila striaticeps,sthant1,Streak-headed Antbird,
Drymopsalta daemeli,,,
Drymornis bridgesii,scbwoo4,Scimitar-billed Woodcreeper,
Drymotoxeres pucheranii,grescy1,Greater Scythebill,
Dryobates affinis,,,
Dryobates albolarvatus,,,
Dryobates arizonae,,,
Dryobates borealis,,,
Dryobates callonotus,,,
Dryobates cassini,,,
Dryobates cathpharius,crbwoo6,Crimson-naped Woodpecker,
Dryobates chocoensis,,,
Dryobates dignus,,,
Dryobates frontalis,,,
Dryobates fumigatus,,,
Dryobates kirkii,,,
Dryobates lignarius,,,
Dryobates maculifrons,,,
Dryobates minor,leswoo1,Lesser Spotted Woodpecker,
Dryobates mixtus,,,
Dryobates nigriceps,,,
Dryobates nuttallii,nutwoo,Nuttall's Woodpecker,NUWO
Dryobates passerinus,,,
Dryobates pubescens,dowwoo,Downy Woodpecker,DOWO
Dryobates sanguineus,,,
Dryobates scalaris,labwoo,Ladder-backed Woodpecker,LBWO
Dryobates spilogaster,,,
Dryobates stricklandi,,,
Dryobates villosus,,,
Dryocopus hodgei,andwoo1,Andaman Woodpecker,
Dryocopus javensis,whbwoo2,White-bellied Woodpecker,
Dryocopus lineatus,linwoo1,Lineated Woodpecker,LIWO
Dryocopus martius,blawoo1,Black Woodpecker,
Dryocopus pileatus,pilwoo,Pileated Woodpecker,PIWO
Dryocopus schulzii,blbwoo3,Black-bodied Woodpecker,
Dryolimnas cuvieri,whtrai1,White-throated Rail,
Dryophytes arenicolor,,,
Dryophytes avivoca,,,
Dryophytes chrysoscelis,,,
Dryophytes cinereus,,,
Dryophytes femoralis,,,
Dryophytes gratiosus,,,
Dryophytes japonicus,,,
Dryophytes squirellus,,,
Dryophytes versicolor,,,
Dryoscopus angolensis,pifpuf1,Pink-footed Puffback,
Dryoscopus cubla,blbpuf2,Black-backed Puffback,
Dryoscopus gambensis,norpuf1,Northern Puffback,
Dryoscopus pringlii,pripuf1,Pringle's Puffback,
Dryoscopus sabini,labpuf1,Sabine's Puffback,
Dryoscopus senegalensis,reepuf1,Red-eyed Puffback,
Dubusia castaneoventris,cbmtan1,Chestnut-bellied Mountain Tanager,
Dubusia taeniata,bbmtan1,Buff-banded Mountain Tanager,
Ducetia antipoda,,,
Ducetia japonica,,,
Ducetia javanica,,,
Ducula aenea,gripig1,Green Imperial Pigeon,
Ducula aurorae,poipig1,Polynesian Imperial Pigeon,
Ducula badia,moipig1,Mountain Imperial Pigeon,
Ducula bakeri,baipig1,Vanuatu Imperial Pigeon,
Ducula basilica,cbipig2,Cinnamon-bellied Imperial Pigeon,
Ducula bicolor,piipig1,Pied Imperial Pigeon,
Ducula brenchleyi,cbipig1,Chestnut-bellied Imperial Pigeon,
Ducula carola,spipig3,Spotted Imperial Pigeon,
Ducula chalconota,rufimp1,Rufescent Imperial Pigeon,
Ducula cineracea,tiipig1,Timor Imperial Pigeon,
Ducula concinna,elipig1,Elegant Imperial Pigeon,
Ducula cuprea,mouimp1,Malabar Imperial Pigeon,
Ducula finschii,fiipig1,Finsch's Imperial Pigeon,
Ducula forsteni,wbipig1,White-bellied Imperial Pigeon,
Ducula galeata,marimp1,Nuku Hiva Imperial Pigeon,
Ducula geelvinkiana,spiimp2,Geelvink Imperial Pigeon,
Ducula goliath,ncipig1,Goliath Imperial Pigeon,
Ducula lacernulata,dbipig1,Dark-backed Imperial Pigeon,
Ducula latrans,peipig1,Barking Imperial Pigeon,
Ducula luctuosa,whiimp1,Silver-tipped Imperial Pigeon,
Ducula melanochroa,biipig1,Black Imperial Pigeon,
Ducula myristicivora,spipig1,Spice Imperial Pigeon,
Ducula neglecta,wheimp1,Seram Imperial Pigeon,
Ducula nicobarica,grnimp2,Nicobar Imperial Pigeon,
Ducula oceanica,miipig1,Micronesian Imperial Pigeon,
Ducula pacifica,paipig1,Pacific Imperial Pigeon,
Ducula perspicillata,wheimp2,Spectacled Imperial Pigeon,
Ducula pickeringii,gryimp1,Grey Imperial Pigeon,
Ducula pinon,piipig2,Pinon's Imperial Pigeon,
Ducula pistrinaria,isipig1,Island Imperial Pigeon,
Ducula poliocephala,pbipig1,Pink-bellied Imperial Pigeon,
Ducula rosacea,phipig1,Pink-headed Imperial Pigeon,
Ducula rubricera,rkipig1,Red-knobbed Imperial Pigeon,
Ducula rufigaster,ptipig1,Purple-tailed Imperial Pigeon,
Ducula spilorrhoa,torimp1,Torresian Imperial Pigeon,
Ducula subflavescens,torimp2,Yellowish Imperial Pigeon,
Ducula whartoni,ciipig1,Christmas Imperial Pigeon,
Ducula zoeae,zoeimp1,Zoe's Imperial Pigeon,
Dudusa sphingiformis,,,
Duellmanohyla legleri,,,
Duellmanohyla salvadorensis,,,
Dulus dominicus,palmch1,Palmchat,PALM
Dumetella carolinensis,grycat,Grey Catbird,GRCA
Dumetia atriceps,dafbab1,Dark-fronted Babbler,
Dumetia hyperythra,tabbab1,Tawny-bellied Babbler,
Dundubia annandalei,,,
Dundubia hastata,,,
Dundubia kebuna,,,
Dundubia nagarasingna,,,
Dundubia oopaga,,,
Dundubia rufivena,,,
Dundubia vaginata,,,
Duolandrevus firmus,,,
Duolandrevus ivani,,,
Duolandrevus karnyi,,,
Duolandrevus lambir,,,
Duolandrevus rufus,,,
Duttaphrynus bengalensis,,,
Duttaphrynus melanostictus,,,
Duttaphrynus scaber,,,
Dyaphorophyia castanea,chweye1,Chestnut Wattle-eye,
Dyaphorophyia hormophora,weawae1,West African Wattle-eye,
Dyaphorophyia tonsa,wsweye1,White-spotted Wattle-eye,
Dysithamnus leucostictus,whsant4,White-streaked Antvireo,
Dysithamnus mentalis,plaant1,Plain Antvireo,PLAN
Dysithamnus occidentalis,bicant4,Bicolored Antvireo,
Dysithamnus plumbeus,pluant3,Plumbeous Antvireo,
Dysithamnus puncticeps,spcant1,Spot-crowned Antvireo,SPCA
Dysithamnus stictothorax,spbant5,Spot-breasted Antvireo,
Dysithamnus striaticeps,stcant1,Streak-crowned Antvireo,STCA
Dysithamnus xanthopterus,rubant2,Rufous-backed Antvireo,
Dyticopycna semiclara,,,
Eburia quadrigeminata,,,
Echeneis naucrates,,,
Eclectus polychloros,eclpar4,Papuan Eclectus,
Eclectus roratus,eclpar1,Moluccan Eclectus,
Ecnomiohyla minera,,,
Ectadia fulva,,,
Ectatoderus angusticollis,,,
Ectatoderus argentatus,,,
Ectatoderus guichardi,,,
Ectatoderus hesperus,,,
Ectemnius cephalotes,,,
Edolisoma admiralitatis,mancic1,Admiralty Cicadabird,
Edolisoma anale,neccus1,New Caledonian Cuckooshrike,
Edolisoma ceramense,pagcus1,Pale Cicadabird,
Edolisoma coerulescens,blacus1,Blackish Cuckooshrike,
Edolisoma dispar,kaicus1,Kai Cicadabird,
Edolisoma dohertyi,sumcus1,Pale-shouldered Cicadabird,
Edolisoma holopolium,soicus1,Solomons Cicadabird,
Edolisoma incertum,papcus1,Black-shouldered Cicadabird,
Edolisoma insperatum,cicada3,Pohnpei Cicadabird,
Edolisoma melas,negcus1,Black Cicadabird,
Edolisoma mindanense,bkbcus1,Black-bibbed Cicadabird,
Edolisoma monacha,cicada4,Palau Cicadabird,
Edolisoma montanum,bkbcus2,Black-bellied Cuckooshrike,
Edolisoma morio,sulcus2,Sulawesi Cicadabird,
Edolisoma nesiotis,cicada5,Yap Cicadabird,
Edolisoma ostentum,whwcus1,White-winged Cuckooshrike,
Edolisoma remotum,comcic6,Bismarck Cicadabird,
Edolisoma salomonis,cicada7,Makira Cicadabird,
Edolisoma schisticeps,gyhcus1,Grey-headed Cuckooshrike,
Edolisoma tenuirostre,cicada1,Sahul Cicadabird,
Egretta ardesiaca,blaher1,Black Heron,
Egretta caerulea,libher,Little Blue Heron,LBHE
Egretta garzetta,litegr,Little Egret,LIEG
Egretta gularis,werher,Western Reef Heron,WERH
Egretta novaehollandiae,whfher1,White-faced Heron,
Egretta picata,pieher2,Pied Heron,
Egretta rufescens,redegr,Reddish Egret,REEG
Egretta sacra,pacreh1,Pacific Reef Heron,
Egretta thula,snoegr,Snowy Egret,SNEG
Egretta tricolor,triher,Tricolored Heron,TRHE
Eira barbara,,,
Elachistocleis bicolor,,,
Elachistocleis cesarii,,,
Elachistocleis helianneae,,,
Elachistocleis ovalis-complex,,,
Elachistocleis panamensis,,,
Elachistocleis pearsei,,,
Elachistocleis surinamensis,,,
Elachura formosa,spwbab1,Spotted Elachura,
Elaenia albiceps,whcela1,White-crested Elaenia,WCEL
Elaenia brachyptera,cooela1,Coopmans's Elaenia,
Elaenia chiriquensis,lesela1,Lesser Elaenia,LEEL
Elaenia cristata,plcela1,Plain-crested Elaenia,
Elaenia dayi,greela1,Great Elaenia,
Elaenia fallax,graela1,Blue Mountain Elaenia,GAEL
Elaenia flavogaster,yebela1,Yellow-bellied Elaenia,YBEL
Elaenia frantzii,mouela1,Mountain Elaenia,MOEL
Elaenia gigas,mobela1,Mottle-backed Elaenia,
Elaenia martinica,carela1,Caribbean Elaenia,CAEL
Elaenia mesoleuca,oliela1,Olivaceous Elaenia,
Elaenia obscura,higela2,Highland Elaenia,
Elaenia olivina,sieela2,Tepui Elaenia,
Elaenia pallatangae,sieela3,Sierran Elaenia,
Elaenia parvirostris,smbela1,Small-billed Elaenia,SBEL
Elaenia pelzelni,broela1,Brownish Elaenia,
Elaenia ridleyana,norela1,Noronha Elaenia,
Elaenia ruficeps,rucela1,Rufous-crowned Elaenia,
Elaenia sordida,higela3,Small-headed Elaenia,
Elaenia spectabilis,larela1,Large Elaenia,
Elaenia strepera,slaela1,Slaty Elaenia,
Elanoides forficatus,swtkit,Swallow-tailed Kite,STKI
Elanus axillaris,auskit1,Black-shouldered Kite,
Elanus caeruleus,bkskit1,Black-winged Kite,
Elanus leucurus,whtkit,White-tailed Kite,WTKI
Elanus scriptus,lewkit1,Letter-winged Kite,
Elaphe quatuorlineata,,,
Elaphe sauromates,,,
Elaphodus cephalophus,,,
Elaphrornis palliseri,ceybuw1,Sri Lanka Bush Warbler,
Elaphurus davidianus,,,
Electric_guitar,,,
Electron carinatum,kebmot1,Keel-billed Motmot,KBMO
Electron platyrhynchum,brbmot1,Broad-billed Motmot,BBMO
Eleoscytalopus indigoticus,whbtap1,White-breasted Tapaculo,
Eleoscytalopus psychopompus,bahtap1,Bahia Tapaculo,
Eleothreptus anomalus,siwnig1,Sickle-winged Nightjar,
Eleothreptus candicans,whwnig1,White-winged Nightjar,
Elephas maximus,,,
Elephastomus proboscideus,,,
Eleutherodactylus abbotti,,,
Eleutherodactylus antillensis,,,
Eleutherodactylus atkinsi,,,
Eleutherodactylus auriculatoides,,,
Eleutherodactylus brittoni,,,
Eleutherodactylus campi,,,
Eleutherodactylus cochranae,,,
Eleutherodactylus cooki,,,
Eleutherodactylus coqui,,,
Eleutherodactylus flavescens,,,
Eleutherodactylus guttilatus,,,
Eleutherodactylus hedricki,,,
Eleutherodactylus interorbitalis,,,
Eleutherodactylus jamesdixoni,,,
Eleutherodactylus johnstonei,,,
Eleutherodactylus marnockii,,,
Eleutherodactylus montserratae,,,
Eleutherodactylus nitidus,,,
Eleutherodactylus pallidus,,,
Eleutherodactylus planirostris,,,
Eleutherodactylus portoricensis,,,
Eleutherodactylus richmondi,,,
Eleutherodactylus unicolor,,,
Eleutherodactylus wetmorei,,,
Eleutherodactylus wightmanae,,,
Elimaea chloris,,,
Elimaea parumpunctata,,,
Elimaea subcarinata,,,
Elimaea thaii,,,
Eliomys quercinus,,,
Elliotomyia chionogaster,whbhum1,White-bellied Hummingbird,
Elliotomyia viridicauda,gawhum1,Green-and-white Hummingbird,
Elminia albicauda,wtbfly1,White-tailed Blue Flycatcher,
Elminia albiventris,wbcfly1,White-bellied Crested Flycatcher,
Elminia albonotata,wtcfly1,White-tailed Crested Flycatcher,
Elminia longicauda,afbfly1,African Blue Flycatcher,
Elminia nigromitrata,ducfly1,Dusky Crested Flycatcher,
Emarginata schlegelii,karcha1,Karoo Chat,
Emarginata sinuata,siccha1,Sickle-winged Chat,
Emarginata tractrac,tracha1,Tractrac Chat,
Emberiza affinis,brrbun1,Brown-rumped Bunting,
Emberiza aureola,yebbun,Yellow-breasted Bunting,YBSB
Emberiza bruniceps,rehbun1,Red-headed Bunting,
Emberiza buchanani,gyhbun1,Grey-necked Bunting,
Emberiza cabanisi,cabbun1,Cabanis's Bunting,
Emberiza caesia,crebun2,Cretzschmar's Bunting,
Emberiza calandra,corbun1,Corn Bunting,
Emberiza capensis,capbun1,Cape Bunting,
Emberiza chrysophrys,yebbun1,Yellow-browed Bunting,YBWB
Emberiza cia,rocbun1,Rock Bunting,
Emberiza cineracea,cinbun1,Cinereous Bunting,
Emberiza cioides,meabun1,Meadow Bunting,
Emberiza cirlus,cirbun1,Cirl Bunting,
Emberiza citrinella,yellow2,Yellowhammer,
Emberiza elegans,yetbun1,Yellow-throated Bunting,YTBU
Emberiza flaviventris,gobbun1,Golden-breasted Bunting,
Emberiza fucata,chebun2,Chestnut-eared Bunting,
Emberiza godlewskii,godbun1,Godlewski's Bunting,
Emberiza goslingi,gosbun1,Gosling's Bunting,
Emberiza hortulana,ortbun1,Ortolan Bunting,
Emberiza impetuani,lalbun1,Lark-like Bunting,
Emberiza koslowi,tibbun1,Tibetan Bunting,
Emberiza lathami,crebun1,Crested Bunting,
Emberiza leucocephalos,pinbun,Pine Bunting,PIBU
Emberiza melanocephala,blhbun1,Black-headed Bunting,
Emberiza pallasi,palbun,Pallas's Reed Bunting,PALB
Emberiza personata,bkfbun2,Masked Bunting,
Emberiza poliopleura,sombun1,Somali Bunting,
Emberiza pusilla,litbun,Little Bunting,LIBU
Emberiza rustica,rusbun,Rustic Bunting,RUBU
Emberiza rutila,chebun1,Chestnut Bunting,
Emberiza sahari,houbun3,House Bunting,
Emberiza schoeniclus,reebun,Common Reed Bunting,REBU
Emberiza siemsseni,slabun1,Slaty Bunting,
Emberiza spodocephala,bkfbun1,Black-faced Bunting,
Emberiza stewarti,chbbun1,White-capped Bunting,
Emberiza striolata,houbun2,Striolated Bunting,
Emberiza sulphurata,yelbun1,Yellow Bunting,
Emberiza tahapisi,cibbun1,Cinnamon-breasted Bunting,
Emberiza tristrami,tribun1,Tristram's Bunting,
Emberiza variabilis,grybun,Grey Bunting,GRBU
Emberiza yessoensis,ocrbun1,Ochre-rumped Bunting,
Emberizoides herbicola,wtgfin1,Wedge-tailed Grass Finch,WTGF
Emberizoides ypiranganus,lesgrf1,Lesser Grass Finch,
Embernagra longicauda,ptpfin1,Serra Finch,
Embernagra platensis,grpfin1,Pampa Finch,
Emblema modesta,,,
Emblema pictum,paifir1,Painted Finch,
Emblema ruficauda,stafin1,Star Finch,
Eminia lepida,gycwar3,Grey-capped Warbler,
Emoloana sporobolicola,,,
Empidonax affinis,pinfly1,Pine Flycatcher,PINF
Empidonax albigularis,whtfly1,White-throated Flycatcher,WTFL
Empidonax alnorum,aldfly,Alder Flycatcher,ALFL
Empidonax atriceps,blcfly1,Black-capped Flycatcher,BCAF
Empidonax difficilis,wesfly,Western Flycatcher,WEFL
Empidonax flavescens,yelfly1,Yellowish Flycatcher,YEFL
Empidonax flaviventris,yebfly,Yellow-bellied Flycatcher,YBFL
Empidonax fulvifrons,bubfly,Buff-breasted Flycatcher,BBFL
Empidonax hammondii,hamfly,Hammond's Flycatcher,HAFL
Empidonax minimus,leafly,Least Flycatcher,LEFL
Empidonax oberholseri,dusfly,American Dusky Flycatcher,DUFL
Empidonax traillii,wilfly,Willow Flycatcher,WIFL
Empidonax virescens,acafly,Acadian Flycatcher,ACFL
Empidonax wrightii,gryfly,American Grey Flycatcher,GRFL
Empidonomus aurantioatrocristatus,croslf1,Crowned Slaty Flycatcher,CSFL
Empidonomus varius,varfly,Variegated Flycatcher,VAFL
Empidornis semipartitus,silver1,Silverbird,
Empusa pennata,,,
Enaphalodes hispicornis,,,
Enaphalodes rufulus,,,
Encoptolophus costalis,,,
Eneoptera nigripedis,,,
Eneoptera surinamensis,,,
Engine,,,
Engine_starting,,,
Engonia minor,,,
Engystomops freibergi,,,
Engystomops petersi,,,
Engystomops pustulosus,,,
Engystomops puyango,,,
Enhydra lutris,,,
Enicognathus ferrugineus,auspar1,Austral Parakeet,
Enicognathus leptorhynchus,slbpar1,Slender-billed Parakeet,
Enicurus borneensis,whcfor3,Bornean Forktail,
Enicurus immaculatus,blbfor1,Black-backed Forktail,
Enicurus leschenaulti,whcfor1,White-crowned Forktail,
Enicurus maculatus,spofor1,Spotted Forktail,
Enicurus ruficapillus,chnfor1,Chestnut-naped Forktail,
Enicurus schistaceus,slbfor1,Slaty-backed Forktail,
Enicurus scouleri,litfor1,Little Forktail,
Enodes erythrophris,fibmyn1,Fiery-browed Starling,
Ensifera ensifera,swbhum1,Sword-billed Hummingbird,
Entomodestes coracinus,blasol1,Black Solitaire,
Entomodestes leucotis,whesol1,White-eared Solitaire,
Entomyzon cyanotis,blfhon1,Blue-faced Honeyeater,
Eolophus roseicapilla,galah,Galah,
Eophona migratoria,yebgro1,Chinese Grosbeak,
Eophona personata,japgro1,Japanese Grosbeak,
Eopsaltria australis,yelrob1,Eastern Yellow Robin,
Eopsaltria capito,payrob1,Pale-yellow Robin,
Eopsaltria georgiana,whbrob1,White-breasted Robin,
Eopsaltria griseogularis,gybrob1,Western Yellow Robin,
Eopsaltria leucops,whfrob1,White-faced Robin,
Eopsaltria placens,olyrob1,Banded Yellow Robin,
Eopycna coelestia,,,
Eopycna concinna,,,
Eopycna repanda,,,
Epacromius pulverulentus,,,
Ephippiger apulus,,,
Ephippiger carlottae,,,
Ephippiger cavannai,,,
Ephippiger diurnus,,,
Ephippiger ephippiger,,,
Ephippiger melisi,,,
Ephippiger perforatus,,,
Ephippiger persicarius,,,
Ephippiger provincialis,,,
Ephippiger ruffoi,,,
Ephippiger terrestris,,,
Ephippiger zelleri,,,
Ephippigerida areolaria,,,
Ephippigerida asella,,,
Ephippigerida carinata,,,
Ephippigerida diluta,,,
Ephippigerida laserena,,,
Ephippigerida saussuriana,,,
Ephippiorhynchus asiaticus,blnsto1,Black-necked Stork,
Ephippitytha froggatti,,,
Ephippitytha trigintiduoguttata,,,
Epidalea calamita,,,
Epimachus fastosus,blasic1,Black Sicklebill,
Epimachus meyeri,brosic1,Brown Sicklebill,
Epinecrophylla amazonica,madant1,Rio Madeira Stipplethroat,
Epinecrophylla erythrura,rutant3,Rufous-tailed Stipplethroat,
Epinecrophylla fulviventris,chtant1,Checker-throated Stipplethroat,CTST
Epinecrophylla gutturalis,brbant2,Brown-bellied Stipplethroat,
Epinecrophylla haematonota,rubsti1,Rufous-backed Stipplethroat,
Epinecrophylla leucophthalma,wheant1,White-eyed Stipplethroat,
Epinecrophylla ornata,ornant1,Ornate Stipplethroat,
Epinecrophylla spodionota,fooant1,Foothill Stipplethroat,
Epipedobates anthonyi,,,
Epipedobates machalilla,,,
Epipedobates tricolor,,,
Episyrphus balteatus,,,
Epixerus ebii,,,
Eptesicus nilssonii,,,
Eptesicus serotinus,,,
Epthianura albifrons,whfcha1,White-fronted Chat,
Epthianura aurifrons,oracha1,Orange Chat,
Epthianura crocea,yelcha1,Yellow Chat,
Epthianura tricolor,cricha1,Crimson Chat,
Equus asinus,,,
Equus caballus,,,
Equus grevyi,,,
Equus hemionus,,,
Equus kiang,,,
Equus quagga,,,
Equus zebra,,,
Erebus purpurata,,,
Eremalauda dunni,dunlar1,Dunn's Lark,
Eremalauda eremodites,dunlar4,Arabian Lark,
Eremomela atricollis,blnere1,Black-necked Eremomela,
Eremomela badiceps,rucere1,Rufous-crowned Eremomela,
Eremomela canescens,grbere1,Green-backed Eremomela,
Eremomela flavicrissalis,yevere1,Yellow-vented Eremomela,
Eremomela gregalis,yerere1,Karoo Eremomela,
Eremomela icteropygialis,yebere1,Yellow-bellied Eremomela,
Eremomela pusilla,senere1,Senegal Eremomela,
Eremomela scotops,greere1,Green-capped Eremomela,
Eremomela turneri,turere1,Turner's Eremomela,
Eremomela usticollis,bunere1,Burnt-necked Eremomela,
Eremopedes balli,,,
Eremopedes bilineatus,,,
Eremopedes kelsoensis,,,
Eremophila alpestris,horlar,Horned Lark,HOLA
Eremophila bilopha,temlar1,Temminck's Lark,
Eremopterix australis,beslar1,Black-eared Sparrow-Lark,
Eremopterix griseus,ascspl1,Ashy-crowned Sparrow-Lark,
Eremopterix hova,madlar1,Madagascar Lark,
Eremopterix leucopareia,fislar1,Fischer's Sparrow-Lark,
Eremopterix leucotis,cbslar1,Chestnut-backed Sparrow-Lark,
Eremopterix nigriceps,bcslar1,Black-crowned Sparrow-Lark,
Eremopterix signatus,chhspl1,Chestnut-headed Sparrow-Lark,
Eremopterix verticalis,gybspl1,Grey-backed Sparrow-Lark,
Erethizon dorsatum,,,
Erignathus barbatus,,,
Erinaceus europaeus,,,
Erinaceus roumanicus,,,
Eriocnemis aline,embpuf1,Emerald-bellied Puffleg,
Eriocnemis cupreoventris,cobpuf1,Coppery-bellied Puffleg,
Eriocnemis derbyi,bltpuf1,Black-thighed Puffleg,
Eriocnemis glaucopoides,blcpuf1,Blue-capped Puffleg,
Eriocnemis luciani,savpuf1,Sapphire-vented Puffleg,
Eriocnemis mirabilis,colpuf2,Colorful Puffleg,
Eriocnemis mosquera,gobpuf1,Golden-breasted Puffleg,
Eriocnemis nigrivestis,blbpuf3,Black-breasted Puffleg,
Eriocnemis vestita,glopuf2,Glowing Puffleg,
Eristalis intricaria,,,
Eristalis pertinax,,,
Eritettix simplex,,,
Erithacus rubecula,eurrob1,European Robin,EURO
Erpornis zantholeuca,whbyuh1,White-bellied Erpornis,
Erythrocebus patas,,,
Erythrocercus holochlorus,yelfly2,Little Yellow Flycatcher,
Erythrocercus livingstonei,livfly1,Livingstone's Flycatcher,
Erythrocercus mccallii,chcfly1,Chestnut-capped Flycatcher,
Erythrogenys erythrocnemis,sbsbab2,Black-necklaced Scimitar Babbler,
Erythrogenys erythrogenys,rcsbab1,Rusty-cheeked Scimitar Babbler,
Erythrogenys gravivox,bksscb1,Black-streaked Scimitar Babbler,
Erythrogenys hypoleucos,lasbab1,Large Scimitar Babbler,
Erythrogenys imberbis,reescb1,Red-eyed Scimitar Babbler,
Erythrogenys mcclellandi,spbscb1,Spot-breasted Scimitar Babbler,
Erythrogenys swinhoei,gysscb1,Grey-sided Scimitar Babbler,
Erythrogonys cinctus,rekdot1,Red-kneed Dotterel,
Erythrolamprus aesculapii,,,
Erythropitta arquata,blbpit1,Blue-banded Pitta,
Erythropitta celebensis,sulpit4,Sulawesi Pitta,
Erythropitta dohertyi,sulpit1,Sula Pitta,
Erythropitta erythrogaster,rebpit1,Philippine Pitta,
Erythropitta granatina,garpit1,Garnet Pitta,
Erythropitta kochi,whipit1,Whiskered Pitta,
Erythropitta macklotii,pappit1,Papuan Pitta,
Erythropitta meeki,loupit1,Louisiade Pitta,
Erythropitta novaehibernicae,bispit1,Bismarck Pitta,
Erythropitta rubrinucha,sompit1,South Moluccan Pitta,
Erythropitta rufiventris,molpit1,North Moluccan Pitta,
Erythropitta ussheri,bkhpit1,Black-crowned Pitta,
Erythropitta venusta,blcpit1,Graceful Pitta,
Erythrotriorchis radiatus,redgos1,Red Goshawk,
Erythrura coloria,reepar2,Red-eared Parrotfinch,
Erythrura cyaneovirens,roypar1,Royal Parrotfinch,
Erythrura hyperythra,tabpar1,Tawny-breasted Parrotfinch,
Erythrura kleinschmidti,pibpar1,Pink-billed Parrotfinch,
Erythrura pealii,fijpar1,Fiji Parrotfinch,
Erythrura prasina,pitpar1,Pin-tailed Parrotfinch,
Erythrura psittacea,retpar3,Red-throated Parrotfinch,
Erythrura trichroa,blfpar3,Blue-faced Parrotfinch,
Esacus magnirostris,beathk1,Beach Stone-curlew,
Esacus recurvirostris,grtkne1,Great Stone-curlew,
Espadarana prosoblepon,,,
Estrilda astrild,comwax,Common Waxbill,COMW
Estrilda atricapilla,blhwax1,Black-headed Waxbill,
Estrilda kandti,kanwax1,Kandt's Waxbill,
Estrilda melpoda,orcwax,Orange-cheeked Waxbill,OCHW
Estrilda nonnula,blcwax2,Black-crowned Waxbill,
Estrilda paludicola,fabwax1,Fawn-breasted Waxbill,
Estrilda poliopareia,anawax1,Anambra Waxbill,
Estrilda rhodopyga,crrwax1,Crimson-rumped Waxbill,
Estrilda rufibarba,arawax1,Arabian Waxbill,
Estrilda troglodytes,bkrwax,Black-rumped Waxbill,BLRW
Euanisous teuthroides,,,
Eubalaena australis,,,
Eubalaena glacialis,,,
Eubucco bourcierii,rehbar1,Red-headed Barbet,RHBA
Eubucco richardsoni,letbar1,Lemon-throated Barbet,
Eubucco tucinkae,schbar1,Scarlet-hooded Barbet,
Eubucco versicolor,verbar1,Versicolored Barbet,
Euchorthippus albolineatus,,,
Euchorthippus chopardi,,,
Euchorthippus declivus,,,
Euchorthippus elegantulus,,,
Euchorthippus pulvinatus,,,
Euchorthippus sardous,,,
Euchrepomis callinota,rurant1,Rufous-rumped Antwren,RRAN
Euchrepomis humeralis,chsant1,Chestnut-shouldered Antwren,
Euchrepomis sharpei,yerant1,Yellow-rumped Antwren,
Euchrepomis spodioptila,aswant1,Ash-winged Antwren,
Eucometis penicillata,grhtan1,Grey-headed Tanager,GHET
Euconocephalus nasutus,,,
Euconocephalus varius,,,
Eudocimus albus,whiibi,American White Ibis,WHIB
Eudocimus ruber,scaibi,Scarlet Ibis,SCIB
Eudromia elegans,elctin1,Elegant Crested Tinamou,
Eudromia formosa,quctin1,Quebracho Crested Tinamou,
Eudromias morinellus,eurdot,Eurasian Dotterel,EUDO
Eudynamys melanorhynchus,bkbkoe1,Black-billed Koel,
Eudynamys orientalis,asikoe3,Pacific Koel,
Eudynamys scolopaceus,asikoe2,Asian Koel,
Eudyptes chrysocome,rocpen1,Western Rockhopper Penguin,
Eudyptes chrysolophus,macpen1,Macaroni Penguin,
Eudyptes moseleyi,rocpen4,Northern Rockhopper Penguin,
Eudyptes pachyrhynchus,fiopen1,Fiordland Penguin,
Eudyptes robustus,snapen1,Snares Penguin,
Eudyptes schlegeli,roypen1,Royal Penguin,
Eudyptes sclateri,bicpen1,Erect-crested Penguin,
Eudyptula minor,litpen1,Little Penguin,
Eugaster guyoni,,,
Eugaster spinulosa,,,
Eugenes fulgens,maghum1,Rivoli's Hummingbird,RIHU
Eugenes spectabilis,maghum2,Talamanca Hummingbird,TAHU
Eugerygone rubra,garrob1,Garnet Robin,
Eugralla paradoxa,ocftap1,Ochre-flanked Tapaculo,
Eugryllodes escalerae,,,
Eugryllodes pipiens,,,
Eulacestoma nigropectus,watplo1,Wattled Ploughbill,
Eulampis holosericeus,grtcar1,Green-throated Carib,GTCA
Eulampis jugularis,putcar1,Purple-throated Carib,PTCA
Eulemur fulvus,,,
Eulemur macaco,,,
Eulemur mongoz,,,
Eulidia yarrellii,chiwoo1,Chilean Woodstar,
Eumaeus atala,,,
Eumetopias jubatus,,,
Eumodicogryllus bordigalensis,,,
Eumodicogryllus chivensis,,,
Eumodicogryllus theryi,,,
Eumomota superciliosa,tubmot1,Turquoise-browed Motmot,TBMO
Eumyias additus,burjuf1,Buru Jungle Flycatcher,
Eumyias albicaudatus,nilfly2,Nilgiri Flycatcher,
Eumyias hoevelli,blffly1,Blue-fronted Blue Flycatcher,
Eumyias hyacinthinus,tibfly2,Timor Blue Flycatcher,
Eumyias indigo,indfly1,Indigo Flycatcher,
Eumyias oscillans,flojuf2,Flores Jungle Flycatcher,
Eumyias panayensis,islfly1,Turquoise Flycatcher,
Eumyias sanfordi,matfly2,Matinan Blue Flycatcher,
Eumyias sordidus,dubfly3,Dull-blue Flycatcher,
Eumyias stresemanni,flojuf1,Sumba Jungle Flycatcher,
Eumyias thalassinus,verfly4,Verditer Flycatcher,
Eunemobius carolinus,,,
Euneornis campestris,orange1,Orangequit,ORAN
Eunymphicus cornutus,horpar2,Horned Parakeet,
Euodice cantans,afrsil1,African Silverbill,AFSI
Euodice malabarica,indsil,Indian Silverbill,INSI
Euoticus elegantulus,,,
Eupeodes corollae,,,
Eupetes macrocerus,marbab1,Rail-babbler,
Eupetomena cirrochloris,somhum1,Sombre Hummingbird,
Eupetomena macroura,swthum1,Swallow-tailed Hummingbird,
Euphagus carolinus,rusbla,Rusty Blackbird,RUBL
Euphagus cyanocephalus,brebla,Brewer's Blackbird,BRBL
Eupherusa cyanophrys,blchum2,Oaxaca Hummingbird,BCAH
Eupherusa eximia,stthum1,Stripe-tailed Hummingbird,STHM
Eupherusa nigriventris,blbhum1,Black-bellied Hummingbird,BLBH
Eupherusa ridgwayi,mexwoo1,Mexican Woodnymph,MEWO
Euphlyctis cyanophlyctis,,,
Eupholidoptera anatolica,,,
Eupholidoptera annamariae,,,
Eupholidoptera astyla,,,
Eupholidoptera bimucronata,,,
Eupholidoptera chabrieri,,,
Eupholidoptera cypria,,,
Eupholidoptera danconai,,,
Eupholidoptera epirotica,,,
Eupholidoptera feri,,,
Eupholidoptera forcipata,,,
Eupholidoptera garganica,,,
Eupholidoptera giuliae,,,
Eupholidoptera hesperica,,,
Eupholidoptera icariensis,,,
Eupholidoptera krueperi,,,
Eupholidoptera kykladica,,,
Eupholidoptera latens,,,
Eupholidoptera leucasi,,,
Eupholidoptera magnifica,,,
Eupholidoptera mariannae,,,
Eupholidoptera megastyla,,,
Eupholidoptera prasina,,,
Eupholidoptera schmidti,,,
Eupholidoptera smyrnensis,,,
Eupholidoptera tyrrhenica,,,
Eupholidoptera uvarovi,,,
Euphonia affinis,screup1,Scrub Euphonia,SEUP
Euphonia anneae,taceup1,Tawny-capped Euphonia,TCEU
Euphonia cayennensis,goseup1,Golden-sided Euphonia,
Euphonia chalybea,gnteup1,Green-chinned Euphonia,
Euphonia chlorotica,puteup1,Purple-throated Euphonia,
Euphonia chrysopasta,gobeup1,White-lored Euphonia,
Euphonia concinna,vefeup1,Velvet-fronted Euphonia,
Euphonia finschi,fineup1,Finsch's Euphonia,
Euphonia fulvicrissa,fuveup1,Fulvous-vented Euphonia,FVEU
Euphonia godmani,screup3,West Mexican Euphonia,WMEU
Euphonia gouldi,olbeup1,Olive-backed Euphonia,OBAE
Euphonia hirundinacea,yeteup1,Yellow-throated Euphonia,YTEU
Euphonia imitans,spceup1,Spot-crowned Euphonia,SPCE
Euphonia jamaica,jameup1,Jamaican Euphonia,JAEU
Euphonia laniirostris,thbeup1,Thick-billed Euphonia,TBEU
Euphonia luteicapilla,yeceup1,Yellow-crowned Euphonia,YCEU
Euphonia mesochrysa,brgeup1,Bronze-green Euphonia,
Euphonia minuta,whveup1,White-vented Euphonia,WVEU
Euphonia pectoralis,chbeup1,Chestnut-bellied Euphonia,
Euphonia plumbea,plueup1,Plumbeous Euphonia,
Euphonia rufiventris,rubeup1,Rufous-bellied Euphonia,
Euphonia saturata,orceup1,Orange-crowned Euphonia,
Euphonia trinitatis,trieup1,Trinidad Euphonia,
Euphonia violacea,vioeup1,Violaceous Euphonia,
Euphonia xanthogaster,orbeup1,Orange-bellied Euphonia,OBEE
Euphoria sepulcralis,,,
Euplectes afer,yecbis,Yellow-crowned Bishop,YCBI
Euplectes albonotatus,whwwid1,White-winged Widowbird,
Euplectes ardens,recwid3,Red-collared Widowbird,
Euplectes aureus,gobbis1,Golden-backed Bishop,
Euplectes axillaris,fatwid1,Fan-tailed Widowbird,
Euplectes capensis,yelbis1,Yellow Bishop,
Euplectes diadematus,fifbis1,Fire-fronted Bishop,
Euplectes franciscanus,orabis1,Northern Red Bishop,NRBI
Euplectes gierowii,blabis1,Black Bishop,
Euplectes hartlaubi,marwid1,Marsh Widowbird,
Euplectes hordeaceus,blwbis1,Black-winged Red Bishop,
Euplectes jacksoni,jacwid1,Jackson's Widowbird,
Euplectes macroura,yeswid2,Yellow-mantled Widowbird,
Euplectes nigroventris,zanbis1,Zanzibar Red Bishop,
Euplectes orix,redbis,Southern Red Bishop,
Euplectes progne,lotwid1,Long-tailed Widowbird,
Euplectes psammacromius,buswid1,Montane Widowbird,
Eupodotis caerulescens,blubus1,Blue Korhaan,
Eupodotis senegalensis,whbbus2,White-bellied Bustard,
Euproctis chrysorrhoea,,,
Eupsittula aurea,pefpar1,Peach-fronted Parakeet,
Eupsittula cactorum,cacpar1,Caatinga Parakeet,
Eupsittula canicularis,orfpar,Orange-fronted Parakeet,OFPA
Eupsittula nana,oltpar1,Olive-throated Parakeet,OTPA
Eupsittula pertinax,brtpar1,Brown-throated Parakeet,BTPA
Eupsophus calcaratus,,,
Eupsophus emiliopugini,,,
Eupsophus vertebralis,,,
Euptilotis neoxenus,earque,Eared Quetzal,EAQU
Euptoieta claudia,,,
Eurepa marginipennis,,,
Eurepa wirkutta,,,
Eurillas ansorgei,ansgre1,Ansorge's Greenbul,
Eurillas curvirostris,plagre2,Plain Greenbul,
Eurillas gracilis,grygre1,Little Grey Greenbul,
Eurillas latirostris,yewgre1,Yellow-whiskered Greenbul,
Eurillas virens,litgre2,Little Greenbul,
Eurocephalus anguitimens,whcshr1,Southern White-crowned Shrike,
Eurocephalus ruppelli,whrshr1,Northern White-crowned Shrike,
Eurostopodus argus,sponig1,Spotted Nightjar,
Eurostopodus diabolicus,dianig1,Satanic Nightjar,
Eurostopodus mystacalis,whtnig3,White-throated Nightjar,
Eurostopodus papuensis,papnig1,Papuan Nightjar,
Euryceros prevostii,helvan1,Helmet Vanga,
Eurylaimus javanicus,banbro1,Banded Broadbill,
Eurylaimus ochromalus,baybro1,Black-and-yellow Broadbill,
Euryphara contentei,,,
Euryptila subcinnamomea,kopwar1,Cinnamon-breasted Warbler,
Eurypyga helias,sunbit1,Sunbittern,SUNB
Eurystomus azureus,purrol1,Azure Dollarbird,
Eurystomus glaucurus,brbrol1,Broad-billed Roller,
Eurystomus gularis,bltrol1,Blue-throated Roller,
Eurystomus orientalis,dollar1,Oriental Dollarbird,
Euscarthmus meloryphus,tacpyt1,Fulvous-crowned Scrub Tyrant,
Euscarthmus rufomarginatus,rsptyr1,Rufous-sided Scrub Tyrant,
Euschistospiza cinereovinacea,dustwi1,Dusky Twinspot,
Euschistospiza dybowskii,dybtwi1,Dybowski's Twinspot,
Euspinolia militaris,,,
Eutamias sibiricus,,,
Euterpnosia alpina,,,
Euterpnosia chibensis,,,
Euterpnosia chilanensis,,,
Euterpnosia chinensis,,,
Euterpnosia hoppo,,,
Euterpnosia kotoshoensis,,,
Euterpnosia laii,,,
Euterpnosia varicolor,,,
Euterpnosia viridifrons,,,
Euthystira brachyptera,,,
Eutoxeres aquila,whtsic1,White-tipped Sicklebill,WTSI
Eutoxeres condamini,butsic1,Buff-tailed Sicklebill,
Eutriorchis astur,maseag1,Madagascar Serpent Eagle,
Evacanthus chlamidatus,,,
Evergoderes cabrerai,,,
Ewartia etesia,,,
Ewartia lapidosa,,,
Ewartia oldfieldi,,,
Ewartia roberti,,,
Exilisciurus exilis,,,
Exilisciurus whiteheadi,,,
Explosion,,,
Falcerminthus yaeyamensis,,,
Falcipennis falcipennis,sibgro2,Siberian Grouse,
Falco alopex,foxkes1,Fox Kestrel,
Falco amurensis,amufal1,Amur Falcon,
Falco araeus,seykes1,Seychelles Kestrel,
Falco ardosiaceus,grykes1,Grey Kestrel,
Falco berigora,brofal1,Brown Falcon,
Falco biarmicus,lanfal1,Lanner Falcon,
Falco cenchroides,auskes1,Nankeen Kestrel,
Falco cherrug,sakfal1,Saker Falcon,
Falco chicquera,renfal1,Red-necked Falcon,
Falco columbarius,merlin,Merlin,MERL
Falco concolor,soofal1,Sooty Falcon,
Falco cuvierii,afrhob1,African Hobby,
Falco deiroleucus,orbfal1,Orange-breasted Falcon,OBFA
Falco dickinsoni,dickes1,Dickinson's Kestrel,
Falco eleonorae,elefal1,Eleonora's Falcon,
Falco fasciinucha,taifal1,Taita Falcon,
Falco femoralis,aplfal,Aplomado Falcon,APFA
Falco hypoleucos,gryfal1,Grey Falcon,
Falco jugger,lagfal1,Laggar Falcon,
Falco longipennis,aushob1,Australian Hobby,
Falco mexicanus,prafal,Prairie Falcon,PRFA
Falco moluccensis,spokes1,Spotted Kestrel,
Falco naumanni,leskes1,Lesser Kestrel,
Falco newtoni,madkes1,Malagasy Kestrel,
Falco novaeseelandiae,nezfal1,New Zealand Falcon,
Falco peregrinus,perfal,Peregrine Falcon,PEFA
Falco punctatus,maukes1,Mauritius Kestrel,
Falco rufigularis,batfal1,Bat Falcon,BAFA
Falco rupicoloides,grekes1,Greater Kestrel,
Falco rupicolus,eurkes1,Rock Kestrel,
Falco rusticolus,gyrfal,Gyrfalcon,GYRF
Falco severus,orihob1,Oriental Hobby,
Falco sparverius,amekes,American Kestrel,AMKE
Falco subbuteo,eurhob,Eurasian Hobby,EHOB
Falco subniger,blafal1,Black Falcon,
Falco tinnunculus,eurkes,Common Kestrel,EUKE
Falco vespertinus,reffal1,Red-footed Falcon,RFFA
Falco zoniventris,bankes1,Banded Kestrel,
Falculea palliata,sibvan1,Sickle-billed Vanga,
Falcunculus frontatus,cresht1,Eastern Shriketit,
Falcunculus leucogaster,cresht2,Western Shriketit,
Fart,,,
Faxonius rusticus,,,
Feihyla vittiger,,,
Fejervarya cancrivora,,,
Fejervarya kawamurai,,,
Fejervarya limnocharis,,,
Fejervarya multistriata,,,
Felis catus,,,
Felis chaus,,,
Felis silvestris,,,
Female_singing,,,
Female_speech_and_woman_speaking,,,
Ferminia cerverai,zapwre1,Zapata Wren,ZAWR
Festella festae,,,
Ficedula albicilla,taifly1,Taiga Flycatcher,TAFL
Ficedula albicollis,colfly1,Collared Flycatcher,
Ficedula basilanica,lisfly1,Little Slaty Flycatcher,
Ficedula bonthaina,lomfly1,Lompobattang Flycatcher,
Ficedula buruensis,cicfly1,Cinnamon-chested Flycatcher,
Ficedula crypta,rutfly7,Cryptic Flycatcher,
Ficedula disposita,furfly1,Furtive Flycatcher,
Ficedula dumetoria,rucfly1,Rufous-chested Flycatcher,
Ficedula elisae,narfly1,Green-backed Flycatcher,
Ficedula erithacus,slbfly1,Slaty-backed Flycatcher,
Ficedula harterti,sumfly1,Sumba Flycatcher,
Ficedula henrici,damfly1,Damar Flycatcher,
Ficedula hodgsoni,pybfly1,Pygmy Flycatcher,
Ficedula hyperythra,snbfly1,Snowy-browed Flycatcher,
Ficedula hypoleuca,eupfly1,European Pied Flycatcher,
Ficedula luzoniensis,bunfly1,Bundok Flycatcher,
Ficedula mugimaki,mugfly,Mugimaki Flycatcher,MUFL
Ficedula narcissina,narfly2,Narcissus Flycatcher,NAFL
Ficedula nigrorufa,barfly1,Black-and-orange Flycatcher,
Ficedula owstoni,narfly3,Ryukyu Flycatcher,
Ficedula parva,rebfly,Red-breasted Flycatcher,
Ficedula platenae,palfly1,Palawan Flycatcher,
Ficedula riedeli,rucfly3,Tanimbar Flycatcher,
Ficedula ruficauda,rutfly6,Rusty-tailed Flycatcher,
Ficedula rufigula,rutfly5,Rufous-throated Flycatcher,
Ficedula sapphira,sapfly1,Sapphire Flycatcher,
Ficedula semitorquata,semfly1,Semicollared Flycatcher,
Ficedula speculigera,atlfly1,Atlas Pied Flycatcher,
Ficedula strophiata,rugfly1,Rufous-gorgeted Flycatcher,
Ficedula subrubra,kasfly1,Kashmir Flycatcher,
Ficedula superciliaris,ultfly1,Ultramarine Flycatcher,
Ficedula timorensis,blbfly2,Black-banded Flycatcher,
Ficedula tricolor,slbfly2,Slaty-blue Flycatcher,
Ficedula westermanni,lipfly1,Little Pied Flycatcher,
Ficedula zanthopygia,korfly1,Yellow-rumped Flycatcher,
Fidicina torresi,,,
Fidicina toulgoeti,,,
Fidicinoides poulaini,,,
Fidicinoides pronoe,,,
Fidicinoides vinula,,,
Fill_(with_liquid),,,
Finger_snapping,,,
Fire,,,
Fireworks,,,
Firouzophrynus stomaticus,,,
Fixed-wing_aircraft_and_airplane,,,
Flectonotus fitzgeraldi,,,
Florisuga fusca,blkjac1,Black Jacobin,
Florisuga mellivora,whnjac1,White-necked Jacobin,WNJA
Fluvicola albiventer,bbwtyr1,Black-backed Water Tyrant,
Fluvicola nengeta,mawtyr1,Masked Water Tyrant,
Fluvicola pica,piwtyr1,Pied Water Tyrant,PIWT
Formica exsectoides,,,
Formicarius analis,blfant1,Black-faced Antthrush,BFAN
Formicarius colma,rucant2,Rufous-capped Antthrush,
Formicarius moniliger,bkfant2,Mayan Antthrush,MAAN
Formicarius nigricapillus,blhant1,Black-headed Antthrush,BHEA
Formicarius rufifrons,rufant3,Rufous-fronted Antthrush,
Formicarius rufipectus,rubant1,Rufous-breasted Antthrush,RBAN
Formicivora acutirostris,parant1,Marsh Antwren,
Formicivora erythronotos,blhant4,Black-hooded Antwren,
Formicivora grantsaui,sinant1,Sincora Antwren,
Formicivora grisea,whfant3,Southern White-fringed Antwren,WFRA
Formicivora iheringi,nabant1,Narrow-billed Antwren,
Formicivora intermedia,whfant4,Northern White-fringed Antwren,
Formicivora melanogaster,blbant2,Black-bellied Antwren,
Formicivora rufa,rubant4,Rusty-backed Antwren,
Formicivora serrana,serant4,Serra Antwren,
Formosemia apicalis,,,
Formotosena seebohmi,,,
Forpus coelestis,pacpar2,Pacific Parrotlet,
Forpus conspicillatus,spepar1,Spectacled Parrotlet,SPPA
Forpus crassirostris,buwpar2,Riparian Parrotlet,
Forpus cyanopygius,mexpar1,Mexican Parrotlet,MEXP
Forpus modestus,dubpar1,Dusky-billed Parrotlet,
Forpus passerinus,grrpar1,Green-rumped Parrotlet,GRUP
Forpus spengeli,buwpar1,Turquoise-winged Parrotlet,
Forpus xanthops,yefpar2,Yellow-faced Parrotlet,
Forpus xanthopterygius,buwpar3,Cobalt-rumped Parrotlet,
Foudia eminentissima,rehfod1,Comoro Fody,
Foudia flavicans,rodfod1,Rodrigues Fody,
Foudia madagascariensis,redfod1,Red Fody,
Foudia omissa,forfod1,Forest Fody,
Foudia rubra,maufod1,Mauritius Fody,
Foudia sechellarum,seyfod1,Seychelles Fody,
Foulehaio carunculatus,easwah1,Polynesian Wattled Honeyeater,
Foulehaio procerior,weswah1,Kikau,
Foulehaio taviunensis,norwah1,Fiji Wattled Honeyeater,
Fowl,,,
Francolinus francolinus,blkfra,Black Francolin,BLFR
Francolinus pictus,paifra1,Painted Francolin,
Francolinus pintadeanus,chifra1,Chinese Francolin,
Fraseria caerulescens,ashfly1,Ashy Flycatcher,
Fraseria cinerascens,wbffly1,White-browed Forest Flycatcher,
Fraseria griseigularis,gyttif1,Grey-throated Tit-Flycatcher,
Fraseria lendu,chafly1,Chapin's Flycatcher,
Fraseria ocreata,afffly1,Fraser's Forest Flycatcher,
Fraseria olivascens,olifly1,Olivaceous Flycatcher,
Fraseria plumbea,grytif1,Grey Tit-Flycatcher,
Fraseria tessmanni,tesfly1,Tessmann's Flycatcher,
Fratercula arctica,atlpuf,Atlantic Puffin,ATPU
Fratercula corniculata,horpuf,Horned Puffin,HOPU
Frederickena fulva,fulant1,Fulvous Antshrike,
Frederickena unduliger,undant2,Undulated Antshrike,
Frederickena viridis,bltant3,Black-throated Antshrike,
Fregata andrewsi,chifri1,Christmas Frigatebird,
Fregata aquila,asifri1,Ascension Frigatebird,
Fregata magnificens,magfri,Magnificent Frigatebird,MAFR
Fregata minor,grefri,Great Frigatebird,GREF
Fregetta tropica,bbspet1,Black-bellied Storm Petrel,BBSP
Fringilla coelebs,comcha,Eurasian Chaffinch,CCHA
Fringilla maderensis,comcha17,Madeira Chaffinch,
Fringilla montifringilla,brambl,Brambling,BRAM
Fringilla moreletti,comcha16,Azores Chaffinch,
Fringilla polatzeki,blucha3,Gran Canaria Blue Chaffinch,
Fringilla spodiogenys,afrcha1,African Chaffinch,
Fringilla teydea,blucha2,Tenerife Blue Chaffinch,
Fritziana fissilis,,,
Fritziana goeldii,,,
Fritziana mitus,,,
Frog,,,
Froggattina australis,,,
Frostius pernambucensis,,,
Frying_(food),,,
Fulica alai,hawcoo,Hawaiian Coot,HACO
Fulica americana,y00475,American Coot,AMCO
Fulica ardesiaca,slccoo1,Andean Coot,
Fulica armillata,regcoo1,Red-gartered Coot,
Fulica atra,eurcoo,Eurasian Coot,EUCO
Fulica cornuta,horcoo1,Horned Coot,
Fulica cristata,rekcoo1,Red-knobbed Coot,
Fulica gigantea,giacoo1,Giant Coot,
Fulica leucoptera,whwcoo1,White-winged Coot,
Fulica rufifrons,refcoo1,Red-fronted Coot,
Fulmarus glacialis,norful,Northern Fulmar,NOFU
Fulmarus glacialoides,souful1,Southern Fulmar,
Fulvetta cinereiceps,sttful1,Grey-hooded Fulvetta,
Fulvetta danisi,indful1,Indochinese Fulvetta,
Fulvetta formosana,taiful1,Taiwan Fulvetta,
Fulvetta ludlowi,ludful1,Brown-throated Fulvetta,
Fulvetta manipurensis,sttful2,Manipur Fulvetta,
Fulvetta ruficapilla,speful1,Spectacled Fulvetta,
Fulvetta striaticollis,chiful1,Chinese Fulvetta,
Fulvetta vinipectus,whbful1,White-browed Fulvetta,
Funambulus obscurus,,,
Funambulus palmarum,,,
Funambulus pennantii,,,
Funambulus sublineatus,,,
Funambulus tristriatus,,,
Funisciurus lemniscatus,,,
Funisciurus pyrropus,,,
Furnarius cinnamomeus,palhor4,Pacific Hornero,
Furnarius cristatus,crehor1,Crested Hornero,
Furnarius figulus,wibhor1,Band-tailed Hornero,
Furnarius leucopus,palhor3,Pale-legged Hornero,
Furnarius longirostris,palhor5,Caribbean Hornero,
Furnarius minor,leshor1,Lesser Hornero,
Furnarius rufus,rufhor2,Rufous Hornero,
Furnarius torridus,pabhor2,Bay Hornero,
Gadus morhua,,,
Gaeana atkinsoni,,,
Gaeana cheni,,,
Gaeana maculata,,,
Gaeana nigra,,,
Galago moholi,,,
Galagoides demidoff,,,
Galagoides thomasi,,,
Galanga labeculata,,,
Galbalcyrhynchus leucotis,whejac1,White-eared Jacamar,
Galbalcyrhynchus purusianus,purjac2,Purus Jacamar,
Galbula albirostris,yebjac1,Yellow-billed Jacamar,
Galbula chalcothorax,purjac1,Purplish Jacamar,
Galbula cyanescens,blfjac1,Bluish-fronted Jacamar,
Galbula cyanicollis,bucjac1,Blue-necked Jacamar,
Galbula dea,parjac1,Paradise Jacamar,
Galbula galbula,grtjac1,Green-tailed Jacamar,
Galbula leucogastra,brojac1,Bronzy Jacamar,
Galbula pastazae,cocjac2,Coppery-chested Jacamar,
Galbula ruficauda,rutjac1,Rufous-tailed Jacamar,RTJA
Galbula tombacea,whcjac1,White-chinned Jacamar,
Galea spixii,,,
Galerida cristata,crelar1,Crested Lark,
Galerida deva,tawlar1,Sykes's Lark,
Galerida magnirostris,lablar1,Large-billed Lark,
Galerida malabarica,mallar1,Malabar Lark,
Galerida modesta,sunlar1,Sun Lark,
Galerida theklae,thelar1,Thekla's Lark,
Galictis cuja,,,
Galictis vittata,,,
Galidia elegans,,,
Galidictis fasciata,,,
Gallicolumba crinigera,minblh1,Mindanao Bleeding-heart,
Gallicolumba keayi,nebhea1,Negros Bleeding-heart,
Gallicolumba luzonica,lubhea1,Luzon Bleeding-heart,
Gallicolumba rufigula,cigdov2,Cinnamon Ground Dove,
Gallicolumba tristigmata,sugdov1,Sulawesi Ground Dove,
Gallicrex cinerea,waterc1,Watercock,
Gallinago andina,punsni1,Puna Snipe,
Gallinago delicata,wilsni1,Wilson's Snipe,WISN
Gallinago gallinago,comsni,Common Snipe,COSN
Gallinago hardwickii,latsni1,Latham's Snipe,
Gallinago imperialis,impsni1,Imperial Snipe,
Gallinago jamesoni,andsni1,Jameson's Snipe,
Gallinago macrodactyla,madsni1,Madagascar Snipe,
Gallinago magellanica,soasni3,Magellanic Snipe,
Gallinago media,gresni1,Great Snipe,
Gallinago megala,swisni1,Swinhoe's Snipe,
Gallinago nemoricola,woosni1,Wood Snipe,
Gallinago nigripennis,afrsni1,African Snipe,
Gallinago nobilis,nobsni1,Noble Snipe,
Gallinago paraguaiae,soasni2,Pantanal Snipe,
Gallinago solitaria,solsni1,Solitary Snipe,SOSN
Gallinago stenura,pitsni,Pin-tailed Snipe,PTSN
Gallinago stricklandii,fuesni1,Fuegian Snipe,
Gallinago undulata,giasni1,Giant Snipe,
Gallinula chloropus,commoo3,Common Moorhen,COMO
Gallinula comeri,trimoo3,Gough Moorhen,
Gallinula galeata,comgal1,Common Gallinule,COGA
Gallinula tenebrosa,dusmoo1,Dusky Moorhen,
Gallirallus australis,weka1,Weka,
Gallirallus calayanensis,calrai1,Calayan Rail,
Gallirallus castaneoventris,cherai1,Chestnut Rail,
Gallirallus insignis,nebrai1,Pink-legged Rail,
Gallirallus okinawae,okirai1,Okinawa Rail,
Gallirallus philippensis,bubrai1,Buff-banded Rail,
Gallirallus rovianae,rovrai1,Roviana Rail,
Gallirallus sylvestris,lohrai1,Lord Howe Woodhen,
Gallirallus torquatus,barrai1,Barred Rail,
Gallirallus wallacii,invrai1,Invisible Rail,
Gallirallus woodfordi,woorai1,Woodford's Rail,
Gallirex johnstoni,ruwtur2,Rwenzori Turaco,
Gallirex porphyreolophus,puctur2,Purple-crested Turaco,
Galloperdix bicalcarata,ceyspu1,Sri Lanka Spurfowl,
Galloperdix lunulata,paispu1,Painted Spurfowl,
Galloperdix spadicea,redspu1,Red Spurfowl,
Gallus gallus,redjun,Red Junglefowl,REJU
Gallus lafayettii,ceyjun1,Sri Lanka Junglefowl,
Gallus sonneratii,grejun2,Grey Junglefowl,
Gallus varius,grejun1,Green Junglefowl,
Gampsocleis abbreviata,,,
Gampsocleis buergeri,,,
Gampsocleis glabra,,,
Gampsocleis gratiosa,,,
Gampsocleis schelkovnikovae,,,
Gampsocleis sedakovii,,,
Gampsocleis ussuriensis,,,
Gampsonyx swainsonii,peakit1,Pearl Kite,PEKI
Gampsorhynchus rufulus,whhbab2,White-hooded Babbler,
Gampsorhynchus torquatus,colbab1,Collared Babbler,
Garritornis isidorei,negbab1,Papuan Babbler,
Garrulax canorus,melthr,Chinese Hwamei,HWAM
Garrulax castanotis,ruclau3,Rufous-cheeked Laughingthrush,
Garrulax ferrarius,camlau1,Cambodian Laughingthrush,
Garrulax leucolophus,whclau2,White-crested Laughingthrush,
Garrulax maesi,grylau1,Grey Laughingthrush,
Garrulax milleti,blhlau1,Black-hooded Laughingthrush,
Garrulax monileger,lenlau1,Lesser Necklaced Laughingthrush,
Garrulax palliatus,sunlau1,Sunda Laughingthrush,
Garrulax strepitans,whnlau1,White-necked Laughingthrush,
Garrulax taewanus,taihwa1,Taiwan Hwamei,
Garrulus glandarius,eurjay1,Eurasian Jay,
Garrulus lanceolatus,blhjay1,Black-headed Jay,
Garrulus lidthi,lidjay1,Lidth's Jay,
Gasp,,,
Gasterocercus depressirostris,,,
Gastrimargus africanus,,,
Gastrophryne carolinensis,,,
Gastrophryne mazatlanensis,,,
Gastrophryne olivacea,,,
Gastrotheca albolineata,,,
Gastrotheca coeruleomaculata,,,
Gastrotheca ernestoi,,,
Gastrotheca fissipes,,,
Gastrotheca microdiscus,,,
Gastrotheca nicefori,,,
Gastrotheca ovifera,,,
Gastrotheca riobambae,,,
Gavia adamsii,yebloo,Yellow-billed Loon,YBLO
Gavia arctica,arcloo,Black-throated Loon,ARLO
Gavia immer,comloo,Common Loon,COLO
Gavia pacifica,pacloo,Pacific Loon,PALO
Gavia stellata,retloo,Red-throated Loon,RTLO
Gavicalis fasciogularis,manhon1,Mangrove Honeyeater,
Gavicalis versicolor,varhon1,Varied Honeyeater,
Gavicalis virescens,sinhon1,Singing Honeyeater,
Gecinulus grantia,pahwoo1,Pale-headed Woodpecker,
Gecinulus rafflesii,olbwoo2,Olive-backed Woodpecker,
Gecinulus viridis,bamwoo1,Bamboo Woodpecker,
Gehyra mutilata,,,
Gekko albofasciolatus,,,
Gekko gecko,,,
Gekko reevesii,,,
Gekko smithii,,,
Gelidea torrida,,,
Gelochelidon macrotarsa,gubter3,Australian Tern,
Gelochelidon nilotica,gubter2,Gull-billed Tern,GBTE
Geobiastes squamiger,scagrr1,Scaly Ground Roller,
Geocerthia serrana,strear1,Striated Earthcreeper,
Geococcyx californianus,greroa,Greater Roadrunner,GRRO
Geococcyx velox,lesroa1,Lesser Roadrunner,LERO
Geocolaptes olivaceus,growoo1,Ground Woodpecker,
Geocrinia laevis,,,
Geocrinia leai,,,
Geocrinia sparsiflora,,,
Geocrinia victoriana,,,
Geoffroyus geoffroyi,recpar2,Red-cheeked Parrot,
Geoffroyus heteroclitus,sinpar1,Song Parrot,
Geoffroyus simplex,blcpar3,Blue-collared Parrot,
Geokichla citrina,orhthr1,Orange-headed Thrush,
Geokichla crossleyi,crgthr1,Crossley's Ground Thrush,
Geokichla erythronota,rubthr2,Red-backed Thrush,
Geokichla gurneyi,orgthr1,Orange Ground Thrush,
Geokichla guttata,spgthr1,Spotted Ground Thrush,
Geokichla mendeni,rabthr1,Red-and-black Thrush,
Geokichla peronii,orbthr1,Orange-sided Thrush,
Geokichla piaggiae,abgthr1,Abyssinian Ground Thrush,
Geokichla princei,grygrt1,Grey Ground Thrush,
Geokichla sibirica,sibthr1,Siberian Thrush,
Geokichla spiloptera,spwthr1,Spot-winged Thrush,
Geokichla wardii,piethr1,Pied Thrush,
Geopelia cuneata,diadov1,Diamond Dove,
Geopelia humeralis,basdov1,Bar-shouldered Dove,
Geopelia maugeus,bardov2,Barred Dove,
Geopelia placida,peadov1,Peaceful Dove,
Geopelia striata,zebdov,Zebra Dove,ZEBD
Geophaps plumifera,spipig2,Spinifex Pigeon,
Geophaps scripta,squpig1,Squatter Pigeon,
Geophaps smithii,parpig1,Partridge Pigeon,
Geositta antarctica,shbmin1,Short-billed Miner,
Geositta crassirostris,thbmin1,Thick-billed Miner,
Geositta cunicularia,commin1,Common Miner,
Geositta isabellina,crrmin1,Creamy-rumped Miner,
Geositta maritima,gramin1,Greyish Miner,
Geositta peruviana,coamin1,Coastal Miner,
Geositta poeciloptera,cammin2,Campo Miner,
Geositta punensis,punmin1,Puna Miner,
Geositta rufipennis,rubmin1,Rufous-banded Miner,
Geositta saxicolina,dawmin1,Dark-winged Miner,
Geositta tenuirostris,slbmin1,Slender-billed Miner,
Geospiza acutirostris,shbgrf2,Genovesa Ground Finch,
Geospiza conirostris,larcaf2,Espanola Cactus Finch,
Geospiza fortis,megfin1,Medium Ground Finch,
Geospiza fuliginosa,smgfin1,Small Ground Finch,
Geospiza magnirostris,lagfin1,Large Ground Finch,
Geospiza scandens,cocfin3,Common Cactus Finch,
Geospiza septentrionalis,shbgrf1,Vampire Ground Finch,
Geospizopsis plebejus,absfin1,Ash-breasted Sierra Finch,
Geospizopsis unicolor,plsfin1,Plumbeous Sierra Finch,
Geothlypis aequinoctialis,masyel2,Masked Yellowthroat,
Geothlypis auricularis,masyel4,Black-lored Yellowthroat,
Geothlypis beldingi,belyel1,Belding's Yellowthroat,BEYE
Geothlypis flavovelata,altyel1,Altamira Yellowthroat,ALYE
Geothlypis formosa,kenwar,Kentucky Warbler,KEWA
Geothlypis nelsoni,hooyel1,Hooded Yellowthroat,HOYE
Geothlypis philadelphia,mouwar,Mourning Warbler,MOWA
Geothlypis poliocephala,gycyel,Grey-crowned Yellowthroat,GCYE
Geothlypis rostrata,bahyel1,Bahama Yellowthroat,BAYE
Geothlypis semiflava,olcyel1,Olive-crowned Yellowthroat,OCYE
Geothlypis speciosa,blpyel1,Black-polled Yellowthroat,BPYE
Geothlypis tolmiei,macwar,MacGillivray's Warbler,MGWA
Geothlypis trichas,comyel,Common Yellowthroat,COYE
Geothlypis velata,masyel5,Southern Yellowthroat,
Geotrygon caniceps,gfqdov,Grey-fronted Quail-Dove,GFQD
Geotrygon chrysia,kwqdov,Key West Quail-Dove,KWQD
Geotrygon leucometopia,wfqdov,White-fronted Quail-Dove,WFRQ
Geotrygon montana,ruqdov,Ruddy Quail-Dove,RUQD
Geotrygon mystacea,brqdov1,Bridled Quail-Dove,BRQD
Geotrygon purpurata,sapqud1,Purple Quail-Dove,
Geotrygon saphirina,sapqud2,Sapphire Quail-Dove,
Geotrygon versicolor,crqdov1,Crested Quail-Dove,CRQD
Geotrygon violacea,viqdov1,Violaceous Quail-Dove,VIQD
Gephyromantis angano,,,
Gephyromantis eiselti,,,
Gephyromantis lomorina,,,
Geranoaetus albicaudatus,whthaw,White-tailed Hawk,WTHA
Geranoaetus melanoleucus,bcbeag1,Black-chested Buzzard-Eagle,
Geranoaetus polyosoma,rebhaw2,Variable Hawk,
Geranospiza caerulescens,crahaw,Crane Hawk,CRHA
Geronticus calvus,balibi1,Southern Bald Ibis,
Geronticus eremita,waldra1,Northern Bald Ibis,
Gerygone albofrontata,chiger2,Chatham Islands Gerygone,
Gerygone chloronota,gnbger1,Green-backed Gerygone,
Gerygone chrysogaster,yebger1,Yellow-bellied Gerygone,
Gerygone citrina,fatger3,Rennell Gerygone,
Gerygone dorsalis,rusger1,Rufous-sided Gerygone,
Gerygone flavolateralis,fatger1,Fan-tailed Gerygone,
Gerygone fusca,wesger1,Western Gerygone,
Gerygone hypoxantha,biager1,Biak Gerygone,
Gerygone igata,gryger1,Grey Gerygone,
Gerygone inornata,plager1,Plain Gerygone,
Gerygone levigaster,manger1,Mangrove Gerygone,
Gerygone magnirostris,labger1,Large-billed Gerygone,
Gerygone modesta,noiger1,Norfolk Gerygone,
Gerygone mouki,broger1,Brown Gerygone,
Gerygone olivacea,whtger1,White-throated Gerygone,
Gerygone palpebrosa,faiger1,Fairy Gerygone,
Gerygone ruficollis,brbger1,Brown-breasted Gerygone,
Gerygone sulphurea,gobger1,Golden-bellied Gerygone,
Gerygone tenebrosa,dusger1,Dusky Gerygone,
Giggle,,,
Giraffa camelopardalis,,,
Gladicosa gulosa,,,
Glandirana emeljanovi,,,
Glandirana reliquia,,,
Glandirana rugosa,,,
Glareola cinerea,grypra1,Grey Pratincole,
Glareola isabella,auspra1,Australian Pratincole,
Glareola lactea,smapra1,Small Pratincole,
Glareola maldivarum,oripra,Oriental Pratincole,ORPR
Glareola nordmanni,blwpra1,Black-winged Pratincole,
Glareola nuchalis,rocpra1,Rock Pratincole,
Glareola ocularis,madpra1,Madagascar Pratincole,
Glareola pratincola,colpra,Collared Pratincole,COPR
Glass,,,
Glaucestrilda caerulescens,lavwax,Lavender Waxbill,LAVW
Glaucestrilda perreini,bltwax1,Grey Waxbill,
Glaucestrilda thomensis,cinwax1,Cinderella Waxbill,
Glaucidium albertinum,albowl1,Albertine Owlet,
Glaucidium bolivianum,yupowl1,Yungas Pygmy Owl,
Glaucidium brasilianum,fepowl,Ferruginous Pygmy Owl,FEPO
Glaucidium capense,afbowl1,African Barred Owlet,
Glaucidium castanopterum,javowl1,Javan Owlet,
Glaucidium castanotum,chbowl1,Chestnut-backed Owlet,
Glaucidium costaricanum,crpowl,Costa Rican Pygmy Owl,CRPO
Glaucidium cuculoides,asbowl1,Asian Barred Owlet,
Glaucidium gnoma,nopowl,Northern Pygmy Owl,NOPO
Glaucidium griseiceps,capowl1,Central American Pygmy Owl,CAPO
Glaucidium hardyi,amapyo1,Amazonian Pygmy Owl,
Glaucidium jardinii,anpowl1,Andean Pygmy Owl,
Glaucidium minutissimum,leapyo1,East Brazilian Pygmy Owl,
Glaucidium mooreorum,perpyo1,Pernambuco Pygmy Owl,
Glaucidium nana,aupowl1,Austral Pygmy Owl,
Glaucidium nubicola,clopyo1,Cloud-forest Pygmy Owl,
Glaucidium palmarum,copowl1,Colima Pygmy Owl,CPYO
Glaucidium parkeri,supowl1,Subtropical Pygmy Owl,
Glaucidium passerinum,eupowl1,Eurasian Pygmy Owl,
Glaucidium perlatum,pesowl1,Pearl-spotted Owlet,
Glaucidium peruanum,pepowl1,Pacific Pygmy Owl,
Glaucidium radiatum,junowl1,Jungle Owlet,
Glaucidium sanchezi,tapowl1,Tamaulipas Pygmy Owl,TAPO
Glaucidium siju,cupowl1,Cuban Pygmy Owl,CUPO
Glaucidium sjostedti,sjoowl1,Sjöstedt's Barred Owlet,
Glaucidium tephronotum,recowl1,Red-chested Owlet,
Glaucis aeneus,broher,Bronzy Hermit,BRHE
Glaucis dohrnii,hobher2,Hook-billed Hermit,
Glaucis hirsutus,rubher,Rufous-breasted Hermit,RBHE
Glaucomys sabrinus,,,
Glaucomys volans,,,
Glaucopsaltria viridis,,,
Glenbalodectes norrisi,,,
Gliciphila melanops,tachon1,Tawny-crowned Honeyeater,
Gliciphila notabilis,nehhon1,White-bellied Honeyeater,
Gliciphila undulata,barhon2,Barred Honeyeater,
Glis glis,,,
Glockenspiel,,,
Glossoptilus goldiei,gollor1,Goldie's Lorikeet,
Glycichaera fallax,grbhon1,Green-backed Honeyeater,
Glyphoglossus guttulatus,,,
Glyphonotus coniciplicus,,,
Glyphonotus thoracicus,,,
Glyphorynchus spirurus,webwoo1,Wedge-billed Woodcreeper,WBWO
Gnathoclita vorax,,,
Gnorimopsar chopi,chobla1,Chopi Blackbird,
Goldmania bella,ruchum1,Pirre Hummingbird,PIHU
Goldmania violiceps,vichum1,Violet-capped Hummingbird,VCAH
Gomphoceridius brevipenne,,,
Gomphocerippus rufus,,,
Gomphocerus sibiricus,,,
Gonatas hebridalis,,,
Gong,,,
Goodfellowia miranda,apomyn2,Apo Myna,
Gopherus agassizii,,,
Gorilla beringei,,,
Gorilla gorilla,,,
Gorsachius goisagi,janher1,Japanese Night Heron,
Gorsachius melanolophus,manher1,Malayan Night Heron,
Goura cristata,wecpig1,Western Crowned Pigeon,
Goura scheepmakeri,soucrp2,Scheepmaker's Crowned Pigeon,
Goura sclaterii,soucrp1,Sclater's Crowned Pigeon,
Goura victoria,vicpig1,Victoria Crowned Pigeon,
Gracula indica,sohmyn1,Southern Hill Myna,
Gracula ptilogenys,ceymyn1,Sri Lanka Hill Myna,
Gracula religiosa,hilmyn,Common Hill Myna,
Gracupica contra,aspsta2,Indian Pied Myna,
Gracupica floweri,aspsta7,Siamese Pied Myna,
Gracupica nigricollis,bkcsta1,Black-collared Starling,
Grafisia torquata,whcsta2,White-collared Starling,
Grallaria albigula,whtant2,White-throated Antpitta,
Grallaria alleni,mouant1,Moustached Antpitta,
Grallaria alticola,tawant2,Boyaca Antpitta,
Grallaria alvarezi,chaant4,Chami Antpitta,
Grallaria andicolus,sthant2,Stripe-headed Antpitta,
Grallaria ayacuchensis,ayaant1,Ayacucho Antpitta,
Grallaria bangsi,samant1,Santa Marta Antpitta,
Grallaria blakei,cheant2,Chestnut Antpitta,
Grallaria cajamarcae,rufant8,Cajamarca Antpitta,
Grallaria capitalis,bayant1,Bay Antpitta,
Grallaria carrikeri,pabant1,Pale-billed Antpitta,
Grallaria centralis,oxaant1,Oxapampa Antpitta,
Grallaria cochabambae,rufant11,Bolivian Antpitta,
Grallaria dignissima,ocsant1,Ochre-striped Antpitta,
Grallaria eludens,eluant1,Elusive Antpitta,
Grallaria erythroleuca,rawant1,Red-and-white Antpitta,
Grallaria erythrotis,rufant2,Rufous-faced Antpitta,
Grallaria excelsa,greant2,Great Antpitta,
Grallaria flavotincta,yebant1,Yellow-breasted Antpitta,
Grallaria gigantea,giaant1,Giant Antpitta,
Grallaria gravesi,chaant5,Chachapoyas Antpitta,
Grallaria griseonucha,gynant1,Grey-naped Antpitta,
Grallaria guatimalensis,scaant1,Scaled Antpitta,SCAA
Grallaria haplonota,plbant1,Plain-backed Antpitta,
Grallaria hypoleuca,whbant3,White-bellied Antpitta,
Grallaria kaestneri,cunant1,Cundinamarca Antpitta,
Grallaria milleri,brbant1,Brown-banded Antpitta,
Grallaria nuchalis,chnant1,Chestnut-naped Antpitta,
Grallaria obscura,rufant9,Junin Antpitta,
Grallaria occabambae,rufant10,Urubamba Antpitta,
Grallaria oneilli,panant1,Panao Antpitta,
Grallaria przewalskii,rutant5,Rusty-tinged Antpitta,
Grallaria quitensis,tawant3,Tawny Antpitta,
Grallaria ridgelyi,jocant1,Jocotoco Antpitta,
Grallaria ruficapilla,chcant2,Chestnut-crowned Antpitta,
Grallaria rufocinerea,bicant3,Bicolored Antpitta,
Grallaria rufula,rufant7,Muisca Antpitta,
Grallaria saltuensis,rufant6,Perija Antpitta,
Grallaria saturata,equant1,Equatorial Antpitta,
Grallaria sinaensis,punant1,Puno Antpitta,
Grallaria spatiator,rufant5,Sierra Nevada Antpitta,
Grallaria squamigera,undant1,Undulated Antpitta,
Grallaria urraoensis,antant1,Urrao Antpitta,
Grallaria varia,varant2,Variegated Antpitta,
Grallaria watkinsi,watant1,Watkins's Antpitta,
Grallaricula cucullata,hooant1,Hooded Antpitta,
Grallaricula cumanensis,slcant5,Sucre Antpitta,
Grallaricula ferrugineipectus,rubant5,Rusty-breasted Antpitta,
Grallaricula flavirostris,ocbant1,Ochre-breasted Antpitta,OBAN
Grallaricula leymebambae,rubant7,Rufous-breasted Antpitta,
Grallaricula lineifrons,crfant1,Crescent-faced Antpitta,
Grallaricula loricata,scbant2,Scallop-breasted Antpitta,
Grallaricula nana,slcant2,Slaty-crowned Antpitta,
Grallaricula ochraceifrons,ocfant1,Ochre-fronted Antpitta,
Grallaricula peruviana,perant1,Peruvian Antpitta,
Grallina bruijnii,torlar1,Torrent-lark,
Grallina cyanoleuca,maglar1,Magpie-lark,
Graminicola bengalensis,rurgra1,Indian Grassbird,
Graminicola striatus,chigra1,Chinese Grassbird,
Grammatoptila striata,strlau2,Striated Laughingthrush,
Granatellus pelzelni,robcha1,Rose-breasted Chat,
Granatellus sallaei,grtcha1,Grey-throated Chat,GTCH
Granatellus venustus,rebcha1,Red-breasted Chat,RBRC
Granatina granatina,viewax1,Violet-eared Waxbill,
Granatina ianthinogaster,purgre2,Purple Grenadier,
Grandala coelicolor,granda1,Grandala,
Grantiella picta,paihon1,Painted Honeyeater,
Graphocephala coccinea,,,
Graptopsaltria bimaculata,,,
Graptopsaltria nigrofuscata,,,
Graptopsaltria tienta,,,
Graueria vittata,grawar1,Grauer's Warbler,
Graydidascalus brachyurus,shtpar2,Short-tailed Parrot,
Growling,,,
Grus americana,whocra,Whooping Crane,WHCR
Grus grus,comcra,Common Crane,CCRA
Grus japonensis,reccra1,Red-crowned Crane,
Grus monacha,hoocra1,Hooded Crane,HOCR
Grus nigricollis,blncra1,Black-necked Crane,
Gryllita arizonae,,,
Grylloderes brunneri,,,
Gryllodes sigillatus,,,
Gryllodes supplicans,,,
Gryllodinus kerkennensis,,,
Gryllodinus odicus,,,
Gryllotalpa africana,,,
Gryllotalpa gryllotalpa,,,
Gryllotalpa jinxiuensis,,,
Gryllotalpa krimbasi,,,
Gryllotalpa madecassa,,,
Gryllotalpa major,,,
Gryllotalpa orientalis,,,
Gryllotalpa pluvialis,,,
Gryllotalpa unispina,,,
Gryllotalpa vineae,,,
Gryllus armatus,,,
Gryllus assimilis,,,
Gryllus bermudensis,,,
Gryllus bimaculatus,,,
Gryllus campestris,,,
Gryllus cohni,,,
Gryllus firmus,,,
Gryllus fultoni,,,
Gryllus fulvipennis,,,
Gryllus integer,,,
Gryllus leei,,,
Gryllus lightfooti,,,
Gryllus lineaticeps,,,
Gryllus longicercus,,,
Gryllus multipulsator,,,
Gryllus navajo,,,
Gryllus pennsylvanicus,,,
Gryllus personatus,,,
Gryllus regularis,,,
Gryllus rubens,,,
Gryllus saxatilis,,,
Gryllus staccato,,,
Gryllus texensis,,,
Gryllus transpecos,,,
Gryllus veletis,,,
Gryllus veletisoides,,,
Gryllus vocalis,,,
Guadalcanaria inexpectata,guahon1,Guadalcanal Honeyeater,
Guaruba guarouba,golpar3,Golden Parakeet,
Gubernatrix cristata,yelcar1,Yellow Cardinal,
Gubernetes yetapa,stttyr2,Streamer-tailed Tyrant,
Guira guira,guicuc1,Guira Cuckoo,
Guitar,,,
Gull_and_seagull,,,
Gulo gulo,,,
Gulosus aristotelis,eursha1,European Shag,
Gunshot_and_gunfire,,,
Gurgling,,,
Guttera plumifera,plugui1,Plumed Guineafowl,
Guttera pucherani,cregui3,Eastern Crested Guineafowl,
Guttera verreauxi,cregui2,Western Crested Guineafowl,
Guyalna bicolor,,,
Guyalna bonaerensis,,,
Guyalna cuta,,,
Guyalna nadae,,,
Guyalna platyrhina,,,
Guyramemua affine,chafly3,Chapada Flycatcher,
Gygis alba,whiter,Atlantic White Tern,WHTT
Gymnasio nudipes,prsowl,Puerto Rican Owl,PRIO
Gymnobucco bonapartei,gytbar1,Grey-throated Barbet,
Gymnobucco calvus,nafbar1,Naked-faced Barbet,
Gymnobucco peli,brnbar1,Bristle-nosed Barbet,
Gymnocerca enaulites,,,
Gymnocichla nudiceps,bacant1,Bare-crowned Antbird,BACA
Gymnoderus foetidus,banfru1,Bare-necked Fruitcrow,
Gymnogryllus angustus,,,
Gymnogryllus leucostictus,,,
Gymnogryllus odonopetalus,,,
Gymnomystax mexicanus,oribla1,Oriole Blackbird,
Gymnomyza aubryana,crohon1,Crow Honeyeater,
Gymnomyza brunneirostris,duegih1,Duetting Giant Honeyeater,
Gymnomyza samoensis,mao1,Mao,
Gymnomyza viridis,chagih1,Yellow-billed Giant Honeyeater,
Gymnophaps albertisii,pampig2,Papuan Mountain Pigeon,
Gymnophaps solomonensis,pampig1,Pale Mountain Pigeon,
Gymnopithys bicolor,bicant2,Bicolored Antbird,BIAN
Gymnopithys leucaspis,whcant1,White-cheeked Antbird,
Gymnopithys rufigula,rutant4,Rufous-throated Antbird,
Gymnorhina tibicen,ausmag2,Australian Magpie,
Gymnorhinus cyanocephalus,pinjay,Pinyon Jay,PIJA
Gymnoris dentata,buspet1,Sahel Bush Sparrow,
Gymnoris pyrgita,yespet1,Yellow-spotted Bush Sparrow,
Gymnoris superciliaris,yetpet1,Yellow-throated Bush Sparrow,
Gymnoris xanthocollis,chspet1,Yellow-throated Sparrow,
Gymnotympana varicolor,,,
Gypaetus barbatus,lammer1,Bearded Vulture,
Gypohierax angolensis,panvul1,Palm-nut Vulture,
Gyps africanus,whbvul1,White-backed Vulture,
Gyps bengalensis,whrvul1,White-rumped Vulture,
Gyps coprotheres,capgri1,Cape Vulture,
Gyps fulvus,eurgri1,Griffon Vulture,
Gyps himalayensis,himgri1,Himalayan Vulture,
Gyps indicus,indvul1,Indian Vulture,
Gyps rueppelli,ruegri1,Rüppell's Vulture,
Gyps tenuirostris,slbvul1,Slender-billed Vulture,
Gypsophila annamensis,limwrb4,Annam Limestone Babbler,
Gypsophila brevicaudata,stwbab1,Streaked Wren-Babbler,
Gypsophila calcicola,limwrb2,Rufous Limestone Babbler,
Gypsophila crassa,mowbab1,Mountain Wren-Babbler,
Gypsophila crispifrons,limwrb3,Variable Limestone Babbler,
Gypsophila rufipectus,rbwbab1,Rusty-breasted Wren-Babbler,
Habia rubica,rcatan1,Red-crowned Ant Tanager,RCAT
Haddadus binotatus,,,
Hadoa bifida,,,
Hadoa chiricahua,,,
Hadoa chisosensis,,,
Hadoa duryi,,,
Hadoa inaudita,,,
Hadoa parallela,,,
Hadoa texana,,,
Hadoa townsendii,,,
Hadromophryne natalensis,,,
Haematoderus militaris,crifru1,Crimson Fruitcrow,
Haematopus ater,blaoys1,Blackish Oystercatcher,
Haematopus bachmani,blkoys,Black Oystercatcher,BLOY
Haematopus chathamensis,chaoys1,Chatham Islands Oystercatcher,
Haematopus finschi,soioys1,South Island Oystercatcher,
Haematopus fuliginosus,soooys1,Sooty Oystercatcher,
Haematopus leucopodus,magoys1,Magellanic Oystercatcher,
Haematopus longirostris,pieoys1,Pied Oystercatcher,
Haematopus moquini,afroys1,African Oystercatcher,
Haematopus ostralegus,euroys1,Eurasian Oystercatcher,EUOY
Haematopus palliatus,ameoys,American Oystercatcher,AMOY
Haematopus unicolor,varoys1,Variable Oystercatcher,
Haematortyx sanguiniceps,crhpar1,Crimson-headed Partridge,
Haemopsalta aktites,,,
Haemopsalta eximia,,,
Haemopsalta rubea,,,
Haemorhous cassinii,casfin,Cassin's Finch,CAFI
Haemorhous mexicanus,houfin,House Finch,HOFI
Haemorhous purpureus,purfin,Purple Finch,PUFI
Hafferia fortis,sooant1,Sooty Antbird,
Hafferia immaculata,immant1,Blue-lored Antbird,
Hafferia zeledoni,zelant1,Zeledon's Antbird,ZEAN
Halcyon albiventris,brhkin1,Brown-hooded Kingfisher,
Halcyon badia,chbkin2,Chocolate-backed Kingfisher,
Halcyon chelicuti,strkin1,Striped Kingfisher,
Halcyon coromanda,rudkin1,Ruddy Kingfisher,
Halcyon cyanoventris,javkin1,Javan Kingfisher,
Halcyon gularis,bnbkin1,Brown-breasted Kingfisher,
Halcyon leucocephala,gyhkin1,Grey-headed Kingfisher,
Halcyon malimbica,blbkin4,Blue-breasted Kingfisher,
Halcyon pileata,blckin1,Black-capped Kingfisher,
Halcyon senegalensis,wookin1,Woodland Kingfisher,
Halcyon senegaloides,mankin2,Mangrove Kingfisher,
Halcyon smyrnensis,whtkin2,White-throated Kingfisher,
Haliaeetus albicilla,whteag,White-tailed Eagle,WTEA
Haliaeetus leucocephalus,baleag,Bald Eagle,BAEA
Haliaeetus leucoryphus,pafeag1,Pallas's Fish Eagle,
Haliaeetus pelagicus,stseag,Steller's Sea Eagle,STSE
Haliastur indus,brakit1,Brahminy Kite,
Haliastur sphenurus,whikit1,Whistling Kite,
Halichoerus grypus,,,
Halobaena caerulea,blupet1,Blue Petrel,
Halyomorpha halys,,,
Hamadryas februa,,,
Hamadryas feronia,,,
Hamirostra melanosternon,bkbkit1,Black-breasted Buzzard,
Hammer,,,
Hamptophryne boliviana,,,
Hands,,,
Hapalopsittaca amazonina,rufpar2,Rusty-faced Parrot,
Hapalopsittaca fuertesi,inwpar1,Fuertes's Parrot,
Hapalopsittaca melanotis,blwpar1,Black-winged Parrot,
Hapalopsittaca pyrrhops,refpar2,Red-faced Parrot,
Hapaloptila castanea,whfnun2,White-faced Nunbird,
Haphsa karenensis,,,
Hapithus agitator,,,
Hapithus luteolira,,,
Hapithus oriobates,,,
Hapithus saltator,,,
Haplophaedia assimilis,butpuf1,Buff-thighed Puffleg,
Haplophaedia aureliae,grepuf1,Greenish Puffleg,GRPU
Haplophaedia lugens,hoapuf1,Hoary Puffleg,
Haplospiza rustica,slafin1,Slaty Finch,SLFI
Haplospiza unicolor,unifin1,Uniform Finch,
Harmonica,,,
Harp,,,
Harpactes ardens,phitro1,Philippine Trogon,
Harpactes diardii,diatro1,Diard's Trogon,
Harpactes duvaucelii,scrtro1,Scarlet-rumped Trogon,
Harpactes erythrocephalus,rehtro1,Red-headed Trogon,
Harpactes fasciatus,maltro1,Malabar Trogon,
Harpactes kasumba,rentro1,Red-naped Trogon,
Harpactes oreskios,orbtro2,Orange-breasted Trogon,
Harpactes orrhophaeus,cirtro1,Cinnamon-rumped Trogon,
Harpactes wardi,wartro1,Ward's Trogon,
Harpactes whiteheadi,whitro1,Whitehead's Trogon,
Harpagus bidentatus,dotkit1,Double-toothed Kite,DTKI
Harpagus diodon,rutkit1,Rufous-thighed Kite,
Harpia harpyja,hareag1,Harpy Eagle,HAEA
Harpyopsis novaeguineae,negeag1,Papuan Eagle,
Hartertula flavoviridis,wetjer2,Wedge-tailed Jery,
Hartlaubius auratus,madsta1,Madagascar Starling,
Hecatesia fenestrata,,,
Hedydipna collaris,colsun2,Collared Sunbird,
Hedydipna metallica,nivsun2,Nile Valley Sunbird,
Hedydipna pallidigaster,amasun2,Amani Sunbird,
Hedydipna platura,pygsun2,Pygmy Sunbird,
Heinrichia calligyna,gresho1,Great Shortwing,
Helarctos malayanus,,,
Heleia crassirostris,flowhe1,Thick-billed Heleia,
Heleia dohertyi,dacwhe1,Crested Heleia,
Heleia goodfellowi,minwhe1,Mindanao Heleia,
Heleia muelleri,timwhe1,Timor Heleia,
Heleia pinaiae,gyhwhe1,Grey-hooded Heleia,
Heleia squamiceps,sthwhe1,Sulawesi Heleia,
Heleia squamifrons,pyweye1,Pygmy Heleia,
Heleia superciliaris,whbwhe1,Eyebrowed Heleia,
Heleia wallacei,ysweye1,Yellow-spectacled Heleia,
Heleioporus albopunctatus,,,
Heleioporus australiacus,,,
Heleioporus eyrei,,,
Heleioporus inornatus,,,
Heleioporus psammophilus,,,
Heleophryne depressa,,,
Heleophryne hewitti,,,
Heleophryne orientalis,,,
Heliactin bilophus,horsun2,Horned Sungem,
Heliangelus amethysticollis,amtsun3,Amethyst-throated Sunangel,
Heliangelus clarisse,amtsun2,Longuemare's Sunangel,
Heliangelus exortis,tousun1,Tourmaline Sunangel,
Heliangelus mavors,ortsun1,Orange-throated Sunangel,
Heliangelus micraster,litsun1,Flame-throated Sunangel,
Heliangelus regalis,roysun1,Royal Sunangel,
Heliangelus spencei,amtsun4,Merida Sunangel,
Heliangelus strophianus,gorsun1,Gorgeted Sunangel,
Heliangelus viola,putsun1,Purple-throated Sunangel,
Helicocercus triguttatus,,,
Helicolestes hamatus,slbkit1,Slender-billed Kite,SBKI
Heliobletus contaminatus,shbtre1,Sharp-billed Treehunter,
Heliocopris ares,,,
Heliodoxa aurescens,goujew1,Gould's Jewelfront,
Heliodoxa branickii,ruwbri1,Rufous-webbed Brilliant,
Heliodoxa gularis,pitbri1,Pink-throated Brilliant,
Heliodoxa imperatrix,empbri1,Empress Brilliant,
Heliodoxa jacula,grcbri1,Green-crowned Brilliant,GCBR
Heliodoxa leadbeateri,vifbri1,Violet-fronted Brilliant,
Heliodoxa rubinoides,fabbri1,Fawn-breasted Brilliant,
Heliodoxa rubricauda,brarub1,Brazilian Ruby,
Heliodoxa schreibersii,bltbri1,Black-throated Brilliant,
Heliodoxa xanthogonys,vebbri1,Velvet-browed Brilliant,
Heliomaster constantii,plcsta,Plain-capped Starthroat,PCST
Heliomaster furcifer,bltsta2,Blue-tufted Starthroat,
Heliomaster longirostris,lobsta1,Long-billed Starthroat,LBST
Heliomaster squamosus,stbsta1,Stripe-breasted Starthroat,
Heliopais personatus,masfin3,Masked Finfoot,
Heliornis fulica,sungre1,Sungrebe,SUNG
Heliosciurus gambianus,,,
Heliosciurus rufobrachium,,,
Heliothryx auritus,bkefai1,Black-eared Fairy,
Heliothryx barroti,pucfai1,Purple-crowned Fairy,PCFA
Hellmayrea gularis,whbspi2,White-browed Spinetail,
Helmitheros vermivorum,woewar1,Worm-eating Warbler,WEWA
Helogale parvula,,,
Helopsaltes amnicola,sakwar1,Sakhalin Grasshopper Warbler,
Helopsaltes certhiola,pagwar1,Pallas's Grasshopper Warbler,PGWA
Helopsaltes fasciolatus,grgwar1,Gray's Grasshopper Warbler,
Helopsaltes ochotensis,migwar,Middendorff's Grasshopper Warbler,MGRW
Helopsaltes pleskei,plewar1,Styan's Grasshopper Warbler,
Helopsaltes pryeri,margra1,Marsh Grassbird,
Hemaris thysbe,,,
Hemicircus canente,heswoo1,Heart-spotted Woodpecker,
Hemicircus concretus,gabwoo3,Grey-and-buff Woodpecker,
Hemidactylus frenatus,,,
Hemideina crassidens,,,
Hemiechinus auritus,,,
Hemielimaea cucullata,,,
Hemignathus wilsoni,akiapo,Akiapolaau,AKIA
Hemimacronyx chloris,yebpip2,Yellow-breasted Pipit,
Hemiphaga chathamensis,nezpig3,Chatham Islands Pigeon,
Hemiphaga novaeseelandiae,nezpig2,New Zealand Pigeon,
Hemiprocne comata,whitre1,Whiskered Treeswift,
Hemiprocne coronata,cretre1,Crested Treeswift,
Hemiprocne longipennis,gyrtre1,Grey-rumped Treeswift,
Hemiprocne mystacea,moutre1,Moustached Treeswift,
Hemipus hirundinaceus,bwfshr2,Black-winged Flycatcher-shrike,
Hemipus picatus,bwfshr1,Bar-winged Flycatcher-shrike,
Hemisciera maculipennis,,,
Hemisus guttatus,,,
Hemisus marmoratus,,,
Hemitesia neumanni,neuwar1,Neumann's Warbler,
Hemitesia pallidipes,pfbwar1,Pale-footed Bush Warbler,
Hemithraupis flavicollis,yebtan1,Yellow-backed Tanager,YBTA
Hemithraupis guira,guitan1,Guira Tanager,
Hemithraupis ruficapilla,ruhtan1,Rufous-headed Tanager,
Hemitriccus cinnamomeipectus,cbttyr1,Cinnamon-breasted Tody-Tyrant,
Hemitriccus cohnhafti,acrtot1,Acre Tody-Tyrant,
Hemitriccus diops,drbpyt1,Drab-breasted Bamboo Tyrant,
Hemitriccus flammulatus,flapyt1,Flammulated Bamboo Tyrant,
Hemitriccus furcatus,fotpyt1,Fork-tailed Tody-Tyrant,
Hemitriccus granadensis,btttyr1,Black-throated Tody-Tyrant,
Hemitriccus griseipectus,whbtot1,White-bellied Tody-Tyrant,
Hemitriccus inornatus,pettyr1,Pelzeln's Tody-Tyrant,
Hemitriccus iohannis,jottyr1,Johannes's Tody-Tyrant,
Hemitriccus josephinae,bbttyr1,Boat-billed Tody-Tyrant,
Hemitriccus kaempferi,kattyr1,Kaempfer's Tody-Tyrant,
Hemitriccus margaritaceiventer,pvttyr1,Pearly-vented Tody-Tyrant,
Hemitriccus minimus,zittyr1,Zimmer's Tody-Tyrant,
Hemitriccus minor,snttyr1,Snethlage's Tody-Tyrant,
Hemitriccus mirandae,bbttyr2,Buff-breasted Tody-Tyrant,
Hemitriccus nidipendulus,hattyr1,Hangnest Tody-Tyrant,
Hemitriccus obsoletus,bnbpyt1,Brown-breasted Bamboo Tyrant,
Hemitriccus orbitatus,erttyr1,Eye-ringed Tody-Tyrant,
Hemitriccus rufigularis,btttyr2,Buff-throated Tody-Tyrant,
Hemitriccus spodiops,yuttyr1,Yungas Tody-Tyrant,
Hemitriccus striaticollis,snttyr2,Stripe-necked Tody-Tyrant,
Hemitriccus zosterops,wettyr1,White-eyed Tody-Tyrant,
Hemixos castanonotus,chebul1,Chestnut Bulbul,
Hemixos cinereus,cinbul1,Cinereous Bulbul,
Hemixos flavala,ashbul1,Ashy Bulbul,
Henicophaps albifrons,negbro1,New Guinea Bronzewing,
Henicopsaltria eydouxii,,,
Henicopsaltria rufivelum,,,
Henicorhina anachoreta,gybwow3,Hermit Wood Wren,
Henicorhina leucophrys,gbwwre1,Grey-breasted Wood Wren,GBWW
Henicorhina leucoptera,bwwwre1,Bar-winged Wood Wren,
Henicorhina leucosticta,wbwwre1,White-breasted Wood Wren,WBWW
Henicorhina negreti,munwow1,Munchique Wood Wren,
Hermetia illucens,,,
Herpailurus yagouaroundi,,,
Herpestes pulverulentus,,,
Herpetotheres cachinnans,laufal1,Laughing Falcon,LAFA
Herpsilochmus atricapillus,blcant2,Black-capped Antwren,
Herpsilochmus axillaris,yebant2,Yellow-breasted Antwren,
Herpsilochmus dorsimaculatus,spbant4,Spot-backed Antwren,
Herpsilochmus dugandi,dugant1,Dugand's Antwren,
Herpsilochmus frater,ruwant3,Rusty-winged Antwren,RWAN
Herpsilochmus gentryi,ancant1,Ancient Antwren,
Herpsilochmus longirostris,labant1,Large-billed Antwren,
Herpsilochmus motacilloides,crbant1,Creamy-bellied Antwren,
Herpsilochmus parkeri,astant1,Ash-throated Antwren,
Herpsilochmus pectoralis,pecant1,Pectoral Antwren,
Herpsilochmus pileatus,bahant1,Bahia Antwren,
Herpsilochmus praedictus,mapant1,Predicted Antwren,
Herpsilochmus roraimae,rorant1,Roraiman Antwren,
Herpsilochmus rufimarginatus,ruwant4,Rufous-margined Antwren,
Herpsilochmus stictocephalus,todant1,Todd's Antwren,
Herpsilochmus sticturus,sptant1,Spot-tailed Antwren,
Herpsilochmus stotzi,ajpant1,Aripuana Antwren,
Hesperoburhinus bistriatus,dstkne,Double-striped Thick-knee,DSTK
Hesperoburhinus superciliaris,petkne1,Peruvian Thick-knee,
Heterixalus alboguttatus,,,
Heterocercus aurantiivertex,orcman3,Orange-crested Manakin,
Heterocercus flavivertex,yecman2,Yellow-crested Manakin,
Heterocercus linteatus,flcman2,Flame-crested Manakin,
Heterodon platirhinos,,,
Heterohyrax brucei,,,
Heteromirafra archeri,liblar1,Archer's Lark,
Heteromirafra ruddi,rudlar1,Rudd's Lark,
Heteromunia pectoralis,picmun1,Pictorella Mannikin,
Heteromyias albispecularis,gyhrob1,Ashy Robin,
Heteromyias armiti,ashrob2,Black-capped Robin,
Heteromyias cinereifrons,gyhrob2,Grey-headed Robin,
Heteronetta atricapilla,blhduc1,Black-headed Duck,
Heteronychus arator,,,
Heterophasia auricularis,whesib1,White-eared Sibia,
Heterophasia capistrata,rufsib1,Rufous Sibia,
Heterophasia desgodinsi,blhsib1,Black-headed Sibia,
Heterophasia gracilis,grysib1,Grey Sibia,
Heterophasia melanoleuca,blbsib1,Dark-backed Sibia,
Heterophasia picaoides,lotsib1,Long-tailed Sibia,
Heterophasia pulchella,beasib1,Beautiful Sibia,
Heteroscenes pallidus,palcuc1,Pallid Cuckoo,
Heterosilpha ramosa,,,
Heterospingus rubrifrons,surtan1,Sulphur-rumped Tanager,SURT
Heterospingus xanthopygius,scbtan2,Scarlet-browed Tanager,SBTA
Heterotetrax rueppelii,ruebus1,Rüppell's Korhaan,
Heterotetrax vigorsii,karbus1,Karoo Korhaan,
Heteroxenicus stellatus,gousho1,Gould's Shortwing,
Heteroxolmis dominicana,bawmon3,Black-and-white Monjita,
Hewlettia nigriviridis,,,
Hexacentrus fuscipes,,,
Hexacentrus hareyamai,,,
Hexacentrus inflatus,,,
Hexacentrus japonicus,,,
Hexacentrus mundurra,,,
Hexacentrus mundus,,,
Hexacentrus unicolor,,,
Hexoplon calligrammum,,,
Hi-hat,,,
Hieraaetus ayresii,ayheag1,Ayres's Hawk-Eagle,
Hieraaetus morphnoides,liteag1,Little Eagle,
Hieraaetus pennatus,booeag1,Booted Eagle,
Hieraaetus wahlbergi,waheag3,Wahlberg's Eagle,
Hierococcyx bocki,larhac1,Dark Hawk-Cuckoo,
Hierococcyx fugax,malhac1,Malaysian Hawk-Cuckoo,
Hierococcyx hyperythrus,nohcuc1,Northern Hawk-Cuckoo,
Hierococcyx nisicolor,hodhac1,Hodgson's Hawk-Cuckoo,
Hierococcyx pectoralis,phhcuc1,Philippine Hawk-Cuckoo,
Hierococcyx sparverioides,larhac2,Large Hawk-Cuckoo,
Hierococcyx vagans,mohcuc1,Moustached Hawk-Cuckoo,
Hierococcyx varius,cohcuc1,Common Hawk-Cuckoo,
Hierodula transcaucasica,,,
Hilaphura varipes,,,
Hildebrandtia ornata,,,
Himantopus himantopus,bkwsti,Black-winged Stilt,BWST
Himantopus leucocephalus,piesti1,Pied Stilt,
Himantopus mexicanus,bknsti,Black-necked Stilt,BNST
Himantopus novaezelandiae,blasti1,Black Stilt,
Himantornis haematopus,nkurai1,Nkulengu Rail,
Himatione sanguinea,apapan,Apapane,APAP
Hippolais icterina,ictwar1,Icterine Warbler,ICWA
Hippolais languida,upcwar1,Upcher's Warbler,
Hippolais olivetorum,oltwar1,Olive-tree Warbler,
Hippolais polyglotta,melwar1,Melodious Warbler,
Hippopotamus amphibius,,,
Hippotragus equinus,,,
Hirundapus caudacutus,whtnee,White-throated Needletail,WTNE
Hirundapus celebensis,purnee1,Purple Needletail,
Hirundapus cochinchinensis,sibnee1,Silver-backed Needletail,
Hirundapus giganteus,brbnee1,Brown-backed Needletail,
Hirundinea ferruginea,clifly1,Cliff Flycatcher,
Hirundo aethiopica,ethswa1,Ethiopian Swallow,
Hirundo albigularis,whtswa3,White-throated Swallow,
Hirundo angolensis,angswa1,Angola Swallow,
Hirundo atrocaerulea,bluswa1,Blue Swallow,
Hirundo dimidiata,pebswa1,Pearl-breasted Swallow,
Hirundo domicola,pacswa3,Hill Swallow,
Hirundo javanica,pacswa1,Pacific Swallow,
Hirundo leucosoma,piwswa1,Pied-winged Swallow,
Hirundo lucida,recswa1,Red-chested Swallow,
Hirundo megaensis,whtswa2,White-tailed Swallow,
Hirundo neoxena,welswa1,Welcome Swallow,
Hirundo nigrita,wtbswa1,White-bibbed Swallow,
Hirundo nigrorufa,barswa1,Black-and-rufous Swallow,
Hirundo rustica,barswa,Barn Swallow,BARS
Hirundo smithii,witswa1,Wire-tailed Swallow,
Hirundo tahitica,pacswa5,Tahiti Swallow,
Hiss,,,
Histrionicus histrionicus,harduc,Harlequin Duck,HADU
Histurgops ruficauda,rutwea1,Rufous-tailed Weaver,
Hodotermes mossambicus,,,
Holochlora bilobata,,,
Holochlora nigrotympana,,,
Homo sapiens,,,
Homoeogryllus orientalis,,,
Homoeoxipha lycoides,,,
Hoolock hoolock,,,
Hoolock tianxing,,,
Hoplobatrachus chinensis,,,
Hoplobatrachus occipitalis,,,
Hoplobatrachus tigerinus,,,
Hoplosphyrum boreale,,,
Hoploxypterus cayanus,pielap1,Pied Plover,
Horizocerus albocristatus,whchor1,Western Long-tailed Hornbill,
Horizocerus cassini,whchor4,Eastern Long-tailed Hornbill,
Horizocerus hartlaubi,bkdhor1,Western Dwarf Hornbill,
Horornis acanthizoides,ybbwar1,Yellow-bellied Bush Warbler,
Horornis annae,pabwar1,Palau Bush Warbler,
Horornis brunnescens,yebbuw2,Hume's Bush Warbler,
Horornis canturians,manbuw1,Manchurian Bush Warbler,
Horornis carolinae,tabwar1,Tanimbar Bush Warbler,
Horornis diphone,jabwar,Japanese Bush Warbler,JBWA
Horornis flavolivaceus,abbwar1,Aberrant Bush Warbler,
Horornis fortipes,bfbwar1,Brown-flanked Bush Warbler,
Horornis haddeni,odedi1,Bougainville Bush Warbler,
Horornis parens,shawar1,Shade Bush Warbler,
Horornis ruficapilla,fibwar1,Fiji Bush Warbler,
Horornis seebohmi,phbwar1,Philippine Bush Warbler,
Houbaropsis bengalensis,benflo2,Bengal Florican,
Huechys beata,,,
Huechys sanguinea,,,
Human_group_actions,,,
Human_voice,,,
Humblotia flavirostris,grcfly3,Humblot's Flycatcher,
Hyaena hyaena,,,
Hyalessa maculaticollis,,,
Hyalessa obnubila,,,
Hyalinobatrachium cappellei,,,
Hyalinobatrachium chirripoi,,,
Hyalinobatrachium colymbiphyllum,,,
Hyalinobatrachium fleischmanni,,,
Hyalinobatrachium kawense,,,
Hyalinobatrachium mondolfii,,,
Hyalinobatrachium orientale,,,
Hyalinobatrachium tatayoi,,,
Hyalinobatrachium taylori,,,
Hyalinobatrachium viridissimum,,,
Hyalopteryx rufipennis,,,
Hydrobates castro,barpet,Band-rumped Storm Petrel,BSTP
Hydrobates furcatus,ftspet,Fork-tailed Storm Petrel,FTSP
Hydrobates homochroa,asspet,Ashy Storm Petrel,ASSP
Hydrobates hornbyi,rispet1,Ringed Storm Petrel,RISP
Hydrobates jabejabe,cavstp1,Cape Verde Storm Petrel,
Hydrobates leucorhous,lcspet,Leach's Storm Petrel,LESP
Hydrobates markhami,maspet,Markham's Storm Petrel,MASP
Hydrobates monorhis,swspet,Swinhoe's Storm Petrel,SSTP
Hydrobates monteiroi,monstp1,Monteiro's Storm Petrel,
Hydrobates pelagicus,bripet,European Storm Petrel,EUSP
Hydrobates tethys,wrspet,Wedge-rumped Storm Petrel,WRSP
Hydrobates tristrami,trspet,Tristram's Storm Petrel,TRSP
Hydrochoerus hydrochaeris,,,
Hydrocoloeus minutus,litgul,Little Gull,LIGU
Hydromys chrysogaster,,,
Hydrophasianus chirurgus,phtjac1,Pheasant-tailed Jacana,
Hydropotes inermis,,,
Hydroprogne caspia,caster1,Caspian Tern,CATE
Hydropsalis cayennensis,whtnig1,White-tailed Nightjar,WTNI
Hydropsalis climacocerca,latnig1,Ladder-tailed Nightjar,
Hydropsalis torquata,sctnig2,Scissor-tailed Nightjar,
Hydrornis baudii,blhpit1,Blue-headed Pitta,
Hydrornis caeruleus,giapit1,Giant Pitta,
Hydrornis cyaneus,blupit1,Blue Pitta,
Hydrornis elliotii,babpit1,Bar-bellied Pitta,
Hydrornis guajanus,banpit2,Javan Banded Pitta,
Hydrornis irena,banpit3,Malayan Banded Pitta,
Hydrornis nipalensis,blnpit1,Blue-naped Pitta,
Hydrornis oatesi,runpit1,Rusty-naped Pitta,
Hydrornis phayrei,earpit1,Eared Pitta,
Hydrornis schneideri,schpit1,Schneider's Pitta,
Hydrornis schwaneri,banpit4,Bornean Banded Pitta,
Hydrornis soror,blrpit1,Blue-rumped Pitta,
Hygrolycosa rubrofasciata,,,
Hyla andersonii,,,
Hyla arborea,,,
Hyla arenicolor,,,
Hyla avivoca,,,
Hyla carthaginiensis,,,
Hyla chinensis,,,
Hyla chrysoscelis,,,
Hyla cinerea,,,
Hyla eximia,,,
Hyla femoralis,,,
Hyla flaviventris,,,
Hyla gratiosa,,,
Hyla immaculata,,,
Hyla intermedia,,,
Hyla japonica,,,
Hyla meridionalis,,,
Hyla molleri,,,
Hyla orientalis,,,
Hyla plicata,,,
Hyla sarda,,,
Hyla savignyi,,,
Hyla squirella,,,
Hyla suweonensis,,,
Hyla versicolor,,,
Hyla wrightorum,,,
Hylacola cauta,shyhea1,Shy Heathwren,
Hylacola pyrrhopygia,chrhea1,Chestnut-rumped Heathwren,
Hylambates leonardi,,,
Hylambates maculatus,,,
Hylambates verrucosus,,,
Hylarana baramica,,,
Hylarana daemeli,,,
Hylarana erythraea,,,
Hylarana galamensis,,,
Hylarana glandulosa,,,
Hylarana guentheri,,,
Hylarana laterimaculata,,,
Hylarana latouchii,,,
Hylarana luctuosa,,,
Hylarana macrodactyla,,,
Hylarana mortenseni,,,
Hylarana nicobariensis,,,
Hylarana nigrovittata,,,
Hylarana rawa,,,
Hylarana sundabarat,,,
Hylexetastes perrotii,rebwoo1,Red-billed Woodcreeper,
Hylexetastes stresemanni,babwoo1,Bar-bellied Woodcreeper,
Hylexetastes uniformis,uniwoo1,Uniform Woodcreeper,
Hylia prasina,grehyl1,Green Hylia,
Hyliota australis,souhyl1,Southern Hyliota,
Hyliota flavigaster,yebhyl1,Yellow-bellied Hyliota,
Hyliota usambara,usahyl1,Usambara Hyliota,
Hyliota violacea,vibhyl1,Violet-backed Hyliota,
Hylobates agilis,,,
Hylobates funereus,,,
Hylobates klossii,,,
Hylobates lar,,,
Hylobates moloch,,,
Hylobates muelleri,,,
Hylobates pileatus,,,
Hylocharis chrysura,gilhum1,Gilded Sapphire,
Hylocharis sapphirina,rutsap1,Rufous-throated Sapphire,
Hylochoerus meinertzhageni,,,
Hylocichla mustelina,woothr,Wood Thrush,WOTH
Hylocitrea bonensis,olfwhi1,Hylocitrea,
Hylodes asper,,,
Hylodes caete,,,
Hylodes heyeri,,,
Hylodes magalhaesi,,,
Hylodes perplicatus,,,
Hylodes phyllodes,,,
Hylomanes momotula,todmot1,Tody Motmot,TOMO
Hylonympha macrocerca,scthum1,Scissor-tailed Hummingbird,
Hylopezus auricularis,masant1,Masked Antpitta,
Hylopezus macularius,spoant6,Spotted Antpitta,
Hylopezus ochroleucus,whbant7,White-browed Antpitta,
Hylopezus paraensis,spoant5,Snethlage's Antpitta,
Hylopezus perspicillatus,stcant2,Streak-chested Antpitta,SCHA
Hylopezus whittakeri,alfant1,Alta Floresta Antpitta,
Hylophilus amaurocephalus,gyegre1,Grey-eyed Greenlet,
Hylophilus brunneiceps,brhgre1,Brown-headed Greenlet,
Hylophilus flavipes,scrgre1,Scrub Greenlet,SCRG
Hylophilus olivaceus,oligre1,Olivaceous Greenlet,
Hylophilus pectoralis,ashgre1,Ashy-headed Greenlet,
Hylophilus poicilotis,rucgre1,Rufous-crowned Greenlet,
Hylophilus semicinereus,gycgre1,Grey-chested Greenlet,
Hylophilus thoracicus,lecgre2,Lemon-chested Greenlet,
Hylophylax naevioides,spoant1,Spotted Antbird,SPAN
Hylophylax naevius,spbant6,Spot-backed Antbird,
Hylophylax punctulatus,dobant2,Dot-backed Antbird,
Hylopsar cupreocauda,ctgsta1,Copper-tailed Starling,
Hylopsar purpureiceps,phgsta1,Purple-headed Starling,
Hylorchilus navai,navwre1,Nava's Wren,NAWR
Hylorchilus sumichrasti,sumwre1,Sumichrast's Wren,SUWR
Hylorina sylvatica,,,
Hyloscirtus alytolylax,,,
Hyloscirtus antioquia,,,
Hyloscirtus larinopygion,,,
Hyloscirtus lindae,,,
Hyloscirtus lynchi,,,
Hyloscirtus palmeri,,,
Hyloscirtus tapichalaca,,,
Hyloxalus elachyhistus,,,
Hyloxalus pulchellus,,,
Hyloxalus toachi,,,
Hyloxalus vertebralis,,,
Hymenolaimus malacorhynchos,bluduc1,Blue Duck,
Hymenops perspicillatus,spetyr1,Spectacled Tyrant,
Hypargos margaritatus,pittwi1,Pink-throated Twinspot,
Hypargos niveoguttatus,pettwi1,Red-throated Twinspot,
Hypergerus atriceps,oriwar2,Oriole Warbler,
Hyperolius adspersus,,,
Hyperolius argus,,,
Hyperolius baumanni,,,
Hyperolius castaneus,,,
Hyperolius concolor,,,
Hyperolius fusciventris,,,
Hyperolius horstockii,,,
Hyperolius howelli,,,
Hyperolius hypsiphonus,,,
Hyperolius jackie,,,
Hyperolius kachalolae,,,
Hyperolius kivuensis,,,
Hyperolius marginatus,,,
Hyperolius marmoratus,,,
Hyperolius minutissimus,,,
Hyperolius mitchelli,,,
Hyperolius montanus,,,
Hyperolius nasicus,,,
Hyperolius nasutus,,,
Hyperolius nitidulus,,,
Hyperolius parallelus,,,
Hyperolius parkeri,,,
Hyperolius phantasticus,,,
Hyperolius pickersgilli,,,
Hyperolius pictus,,,
Hyperolius pseudargus,,,
Hyperolius pusillus,,,
Hyperolius quinquevittatus,,,
Hyperolius raymondi,,,
Hyperolius semidiscus,,,
Hyperolius spinigularis,,,
Hyperolius stictus,,,
Hyperolius substriatus,,,
Hyperolius tuberilinguis,,,
Hyperolius viridiflavus,,,
Hyperolius watsonae,,,
Hypnelus bicinctus,rutpuf3,Two-banded Puffbird,
Hypnelus ruficollis,rutpuf1,Russet-throated Puffbird,
Hypocharmosyna placentis,reflor1,Red-flanked Lorikeet,
Hypocharmosyna rubronotata,reflor2,Red-fronted Lorikeet,
Hypocnemis cantator,guiwaa1,Guianan Warbling Antbird,
Hypocnemis flavescens,imewaa1,Imeri Warbling Antbird,
Hypocnemis hypoxantha,yebant3,Yellow-browed Antbird,
Hypocnemis ochrogyna,ronwaa1,Rondonia Warbling Antbird,
Hypocnemis peruviana,perwaa1,Peruvian Warbling Antbird,
Hypocnemis rondoni,manwaa1,Manicore Warbling Antbird,
Hypocnemis striata,spiwaa1,Spix's Warbling Antbird,
Hypocnemis subflava,yebwaa1,Yellow-breasted Warbling Antbird,
Hypocnemoides maculicauda,batant1,Band-tailed Antbird,
Hypocnemoides melanopogon,blcant3,Black-chinned Antbird,
Hypocolius ampelinus,hypoco1,Grey Hypocolius,
Hypocryptadius cinnamomeus,cinwhe1,Cinnamon Ibon,
Hypoedaleus guttatus,spbant3,Spot-backed Antshrike,
Hypopachus ustus,,,
Hypopachus variolosus,,,
Hypopyrrhus pyrohypogaster,rebgra1,Red-bellied Grackle,
Hypositta corallirostris,nuthat2,Nuthatch Vanga,
Hypothymis azurea,blnmon1,Black-naped Monarch,
Hypothymis coelestis,celmon1,Celestial Monarch,
Hypothymis helenae,shcmon1,Short-crested Monarch,
Hypothymis puella,pabmon1,Pale-blue Monarch,
Hypsipetes affinis,golbul3,Seram Golden Bulbul,
Hypsipetes amaurotis,brebul1,Brown-eared Bulbul,
Hypsipetes borbonicus,reubul1,Reunion Bulbul,
Hypsipetes catarmanensis,yelbul4,Camiguin Bulbul,
Hypsipetes crassirostris,seybul1,Seychelles Bulbul,
Hypsipetes everetti,yelbul1,Yellowish Bulbul,
Hypsipetes ganeesa,sqtbul1,Square-tailed Bulbul,
Hypsipetes guimarasensis,visbul1,Visayan Bulbul,
Hypsipetes leucocephalus,blabul1,Black Bulbul,
Hypsipetes longirostris,sulgob3,Sula Golden Bulbul,
Hypsipetes madagascariensis,madbul1,Malagasy Bulbul,
Hypsipetes mindorensis,minbul1,Mindoro Bulbul,
Hypsipetes moheliensis,mohbul1,Moheli Bulbul,
Hypsipetes mysticalis,golbul4,Buru Golden Bulbul,
Hypsipetes olivaceus,maubul1,Mauritius Bulbul,
Hypsipetes parvirostris,combul1,Grande Comore Bulbul,
Hypsipetes philippinus,phibul1,Philippine Bulbul,
Hypsipetes rufigularis,zambul1,Zamboanga Bulbul,
Hypsipetes siquijorensis,stbbul1,Streak-breasted Bulbul,
Hypsipetes thompsoni,whhbul1,White-headed Bulbul,
Hystrix brachyura,,,
Hystrix cristata,,,
Hystrix indica,,,
Ianthocincla lunulata,barlau1,Barred Laughingthrush,
Ianthocincla maxima,gialau1,Giant Laughingthrush,
Ianthocincla ocellata,spolau1,Spotted Laughingthrush,
Ianthocincla rufogularis,ruclau1,Rufous-chinned Laughingthrush,
Ianthocincla sukatschewi,suklau1,Snowy-cheeked Laughingthrush,
Ibidorhyncha struthersii,ibisbi1,Ibisbill,
Ibycter americanus,retcar2,Red-throated Caracara,RTCA
Ichneumia albicauda,,,
Ichthyaetus audouinii,audgul1,Audouin's Gull,
Ichthyaetus hemprichii,soogul2,Sooty Gull,
Ichthyaetus ichthyaetus,gbhgul2,Pallas's Gull,PAGU
Ichthyaetus leucophthalmus,whegul2,White-eyed Gull,
Ichthyaetus melanocephalus,medgul1,Mediterranean Gull,
Ichthyaetus relictus,relgul2,Relict Gull,
Ichthyophis kohtaoensis,,,
Icosium tomentosum,,,
Icteria virens,yebcha,Yellow-breasted Chat,YBCH
Icterus abeillei,blbori1,Black-backed Oriole,BBOR
Icterus auratus,oraori1,Orange Oriole,ORAO
Icterus auricapillus,orcori1,Orange-crowned Oriole,OCOR
Icterus bonana,marori1,Martinique Oriole,MAOR
Icterus bullockii,,,
Icterus cayanensis,epaori1,Epaulet Oriole,
Icterus chrysater,yebori1,Yellow-backed Oriole,YBOR
Icterus croconotus,orbtro3,Orange-backed Troupial,
Icterus cucullatus,hooori,Hooded Oriole,HOOR
Icterus dominicensis,graori1,Hispaniolan Oriole,HIOR
Icterus galbula,balori,Baltimore Oriole,BAOR
Icterus graceannae,wheori1,White-edged Oriole,
Icterus graduacauda,audori,Audubon's Oriole,AUOR
Icterus gularis,altori,Altamira Oriole,ALOR
Icterus icterus,ventro1,Venezuelan Troupial,VETR
Icterus jamacaii,camtro1,Campo Troupial,
Icterus laudabilis,stlori1,St. Lucia Oriole,SLOR
Icterus leucopteryx,jamori1,Jamaican Oriole,JAOR
Icterus maculialatus,bawori1,Bar-winged Oriole,BWOR
Icterus melanopsis,graori2,Cuban Oriole,CUOR
Icterus mesomelas,yetori1,Yellow-tailed Oriole,YTOR
Icterus nigrogularis,yelori1,Yellow Oriole,
Icterus northropi,graori3,Bahama Oriole,BAHO
Icterus oberi,monori1,Montserrat Oriole,MORI
Icterus parisorum,scoori,Scott's Oriole,SCOR
Icterus pectoralis,spbori,Spot-breasted Oriole,SBOR
Icterus portoricensis,graori4,Puerto Rican Oriole,PROR
Icterus prosthemelas,bkcori,Black-cowled Oriole,BCOR
Icterus pustulatus,stbori,Streak-backed Oriole,SBAO
Icterus pyrrhopterus,epaori4,Variable Oriole,
Icterus spurius,orcori,Orchard Oriole,OROR
Icterus wagleri,bkvori,Black-vented Oriole,BVOR
Icthyophaga humilis,lefeag1,Lesser Fish Eagle,
Icthyophaga ichthyaetus,gyhfie1,Grey-headed Fish Eagle,
Icthyophaga leucogaster,wbseag1,White-bellied Sea Eagle,
Icthyophaga sanfordi,solsee1,Sanford's Sea Eagle,
Icthyophaga vocifer,affeag1,African Fish Eagle,
Ictidomys tridecemlineatus,,,
Ictinaetus malaiensis,blaeag1,Black Eagle,
Ictinia mississippiensis,miskit,Mississippi Kite,MIKI
Ictinia plumbea,plukit1,Plumbeous Kite,PLKI
Idionotus incurvus,,,
Idionotus siskiyou,,,
Idionotus tehachapi,,,
Idionotus tuolumne,,,
Idiopsar brachyurus,shtfin1,Boulder Finch,
Idiopsar dorsalis,rbsfin1,Red-backed Sierra Finch,
Idiopsar erythronotus,wtsfin1,White-throated Sierra Finch,
Idiopsar speculifer,wwdfin1,Glacier Finch,
Idiostatus aequalis,,,
Idiostatus apollo,,,
Idiostatus callimerus,,,
Idiostatus inermis,,,
Idiostatus inyo,,,
Idiostatus martinellii,,,
Idiostatus wymorei,,,
Idling,,,
Iduna caligata,boowar1,Booted Warbler,
Iduna natalensis,afywar1,African Yellow Warbler,
Iduna opaca,weowar1,Western Olivaceous Warbler,
Iduna pallida,eaowar1,Eastern Olivaceous Warbler,
Iduna rama,sykwar2,Sykes's Warbler,
Iduna similis,moywar1,Mountain Yellow Warbler,
Ifrita kowaldi,bucifr1,Blue-capped Ifrit,
Iguana iguana,,,
Ilicura militaris,pitman1,Pin-tailed Manakin,
Illadopsis albipectus,scbill1,Scaly-breasted Illadopsis,
Illadopsis cleaveri,blaill1,Blackcap Illadopsis,
Illadopsis distans,pabill3,Tanzanian Illadopsis,
Illadopsis fulvescens,broill1,Brown Illadopsis,
Illadopsis puveli,puvill1,Puvel's Illadopsis,
Illadopsis pyrrhoptera,mouill1,Mountain Illadopsis,
Illadopsis rufescens,ruwill1,Rufous-winged Illadopsis,
Illadopsis rufipennis,pabill1,Pale-breasted Illadopsis,
Illadopsis turdina,thrbab1,Spotted Thrush-Babbler,
Illyria burkei,,,
Illyria hilli,,,
Illyria ignis,,,
Illyria major,,,
Imatismus villosus,,,
Incana incana,socwar2,Socotra Warbler,
Incaspiza laeta,bbifin1,Buff-bridled Inca Finch,
Incaspiza ortizi,gywinf1,Grey-winged Inca Finch,
Incaspiza personata,rbifin1,Rufous-backed Inca Finch,
Incaspiza pulchra,grifin1,Great Inca Finch,
Incaspiza watkinsi,liifin1,Little Inca Finch,
Incertana decorata,,,
Incertana drepanensis,,,
Incertana incerta,,,
Incilius alvarius,,,
Incilius coccifer,,,
Incilius luetkenii,,,
Incilius mazatlanensis,,,
Incilius melanochlorus,,,
Incilius nebulifer,,,
Incilius occidentalis,,,
Incilius porteri,,,
Incilius valliceps,,,
Indicator exilis,leahon2,Least Honeyguide,
Indicator indicator,grehon2,Greater Honeyguide,
Indicator maculatus,spohon2,Spotted Honeyguide,
Indicator meliphilus,palhon1,Pallid Honeyguide,
Indicator minor,y00400,Lesser Honeyguide,
Indicator pumilio,dwahon1,Dwarf Honeyguide,
Indicator variegatus,scthon1,Scaly-throated Honeyguide,
Indicator willcocksi,wilhon2,Willcocks's Honeyguide,
Indicator xanthonotus,yerhon1,Yellow-rumped Honeyguide,
Indopurana cheeveeda,,,
Indosylvirana intermedia,,,
Indosylvirana nicobariensis,,,
Indotyphlops braminus,,,
Indri indri,,,
Inezia caudata,pattyr3,Pale-tipped Inezia,
Inezia inornata,platyr1,Plain Inezia,
Inezia subflava,amatyr1,Amazonian Inezia,
Inezia tenuirostris,slbtyr1,Slender-billed Inezia,
Ingerophrynus biporcatus,,,
Ingerophrynus ledongensis,,,
Ingerophrynus parvus,,,
Ingerophrynus quadriporcatus,,,
Insara apache,,,
Insara covilleae,,,
Insara elegans,,,
Insara gemmicula,,,
Insara lamellata,,,
Insect,,,
Ioba leopardina,,,
Iodopleura fusca,duspur1,Dusky Purpletuft,
Iodopleura isabellae,whbpur1,White-browed Purpletuft,
Iodopleura pipra,butpur1,Buff-throated Purpletuft,
Iolania perkinsi,,,
Iole cacharensis,cacbul1,Cachar Bulbul,
Iole charlottae,chabul1,Charlotte's Bulbul,
Iole crypta,buvbul1,Buff-vented Bulbul,
Iole finschii,finbul1,Finsch's Bulbul,
Iole palawanensis,subbul1,Sulphur-bellied Bulbul,
Iole propinqua,gyebul1,Grey-eyed Bulbul,
Iole viridescens,olibul1,Olive Bulbul,
Irania gutturalis,whtrob3,White-throated Robin,
Irediparra gallinacea,cocjac1,Comb-crested Jacana,
Irena cyanogastra,phifab1,Philippine Fairy-bluebird,
Irena puella,asfblu1,Asian Fairy-bluebird,
Iridophanes pulcherrimus,gochon2,Golden-collared Honeycreeper,
Iridosornis analis,yettan1,Yellow-throated Tanager,
Iridosornis jelskii,goctan3,Golden-collared Tanager,
Iridosornis porphyrocephalus,pumtan2,Purplish-mantled Tanager,
Iridosornis reinhardti,yestan1,Yellow-scarfed Tanager,
Iridosornis rufivertex,goctan4,Golden-crowned Tanager,
Ischnocnema bolbodactyla,,,
Ischnocnema concolor,,,
Ischnocnema guentheri,,,
Ischnocnema henselii,,,
Ischnocnema holti,,,
Ischnocnema juipoca,,,
Ischnocnema parva,,,
Isleria guttata,rubant3,Rufous-bellied Antwren,
Isleria hauxwelli,pltant1,Plain-throated Antwren,
Isoodon obesulus,,,
Isophya brevicauda,,,
Isophya brunneri,,,
Isophya camptoxypha,,,
Isophya cania,,,
Isophya clara,,,
Isophya costata,,,
Isophya gulae,,,
Isophya harzi,,,
Isophya hospodar,,,
Isophya kraussii,,,
Isophya lemnotica,,,
Isophya longicaudata,,,
Isophya major,,,
Isophya mavromoustakisi,,,
Isophya miksici,,,
Isophya modesta,,,
Isophya modestior,,,
Isophya obtusa,,,
Isophya pavelii,,,
Isophya pienensis,,,
Isophya plevnensis,,,
Isophya posthumoidalis,,,
Isophya pyrenaea,,,
Isophya rectipennis,,,
Isophya rhodopensis,,,
Isophya rizeensis,,,
Isophya salmani,,,
Isophya savignyi,,,
Isophya schneideri,,,
Isophya speciosa,,,
Isophya stenocauda,,,
Isophya straubei,,,
Isophya stysi,,,
Isophya taurica,,,
Isophya thracica,,,
Isophya tosevski,,,
Isophya yaraligozi,,,
Isophya zernovi,,,
Ispidina lecontei,dwakin1,African Dwarf Kingfisher,
Ispidina picta,afpkin1,African Pygmy Kingfisher,
Isthmohyla picadoi,,,
Italohippus albicornis,,,
Italohippus modestus,,,
Italohippus monticola,,,
Itapotihyla langsdorffii,,,
Itara kirejtshuki,,,
Itara minor,,,
Itara singularis,,,
Ithaginis cruentus,blophe1,Blood Pheasant,
Ixodes pacificus,,,
Ixonotus guttatus,spogre1,Spotted Greenbul,
Ixoreus naevius,varthr,Varied Thrush,VATH
Ixos leucogrammicus,crsbul1,Cream-striped Bulbul,
Ixos malaccensis,strbul1,Streaked Bulbul,
Ixos mcclellandii,moubul2,Mountain Bulbul,
Ixos sumatranus,sunbul1,Sumatran Bulbul,
Ixos virescens,sunbul3,Javan Bulbul,
Ixothraupis guttata,spetan1,Speckled Tanager,SPTA
Ixothraupis punctata,spotan1,Spotted Tanager,
Ixothraupis rufigula,ruttan1,Rufous-throated Tanager,
Ixothraupis varia,dottan1,Dotted Tanager,
Ixothraupis xanthogastra,yebtan2,Yellow-bellied Tanager,
Jabiru mycteria,jabiru,Jabiru,JABI
Jacamaralcyon tridactyla,thtjac1,Three-toed Jacamar,
Jacamerops aureus,grejac2,Great Jacamar,GREJ
Jacana jacana,watjac1,Wattled Jacana,WAJA
Jacana spinosa,norjac,Northern Jacana,NOJA
Jadera haematoloma,,,
Julianus uruguayus,,,
Junco bairdi,yeejun2,Baird's Junco,BAJU
Junco hyemalis,daejun,Dark-eyed Junco,DEJU
Junco phaeonotus,yeejun,Yellow-eyed Junco,YEJU
Junco vulcani,voljun1,Volcano Junco,VOJU
Jynx ruficollis,runwry1,Red-throated Wryneck,
Jynx torquilla,eurwry,Eurasian Wryneck,EUWR
Kakamega poliothorax,gycill1,Grey-chested Babbler,
Kalophrynus baluensis,,,
Kalophrynus heterochirus,,,
Kalophrynus interlineatus,,,
Kalophrynus limbooliati,,,
Kaloula baleata,,,
Kaloula borealis,,,
Kaloula pulchra,,,
Kaloula rigida,,,
Kassina senegalensis,,,
Kaupifalco monogrammicus,lizbuz1,Lizard Buzzard,
Kempiella flavovirescens,olifly3,Olive Flyrobin,
Kempiella griseoceps,yelfly4,Yellow-legged Flyrobin,
Kenopia striata,stwbab3,Striped Wren-Babbler,
Ketupa blakistoni,blfowl1,Blakiston's Fish Owl,
Ketupa coromanda,dueowl1,Dusky Eagle-Owl,
Ketupa flavipes,tafowl1,Tawny Fish Owl,
Ketupa ketupu,bufowl2,Buffy Fish Owl,
Ketupa lactea,veeowl1,Verreaux's Eagle-Owl,
Ketupa leucosticta,akeowl1,Akun Eagle-Owl,
Ketupa nipalensis,sbeowl1,Spot-bellied Eagle-Owl,
Ketupa philippensis,pheowl2,Philippine Eagle-Owl,
Ketupa poensis,fraeao1,Fraser's Eagle-Owl,
Ketupa shelleyi,sheowl1,Shelley's Eagle-Owl,
Ketupa sumatrana,baeowl1,Barred Eagle-Owl,
Ketupa zeylonensis,brfowl1,Brown Fish Owl,
Keyboard_(musical),,,
Keys_jangling,,,
Khaoyaiana ambigua,,,
Kikihia angusta,,,
Kikihia cutora,,,
Kikihia dugdalei,,,
Kikihia horologium,,,
Kikihia muta,,,
Kikihia ochrina,,,
Kikihia scutellaris,,,
Kikihia subalpina,,,
Klais guimeti,vihhum1,Violet-headed Hummingbird,VHHU
Kleidocerys resedae,,,
Kleinothraupis atropileus,blchem1,Black-capped Hemispingus,
Kleinothraupis calophrys,orbhem1,Orange-browed Hemispingus,
Kleinothraupis parodii,parhem1,Parodi's Hemispingus,
Kleinothraupis reyi,gychem1,Grey-capped Hemispingus,
Knipolegus aterrimus,whwblt1,White-winged Black Tyrant,
Knipolegus cabanisi,andtyr2,Plumbeous Tyrant,
Knipolegus cyanirostris,bbbtyr1,Blue-billed Black Tyrant,
Knipolegus franciscanus,whwblt2,Sao Francisco Black Tyrant,
Knipolegus hudsoni,hubtyr1,Hudson's Black Tyrant,
Knipolegus lophotes,crbtyr1,Crested Black Tyrant,
Knipolegus nigerrimus,vebtyr1,Velvety Black Tyrant,
Knipolegus orenocensis,rivtyr2,Riverside Tyrant,
Knipolegus poecilocercus,ambtyr1,Amazonian Black Tyrant,
Knipolegus poecilurus,ruttyr1,Rufous-tailed Tyrant,
Knipolegus striaticeps,cintyr1,Cinereous Tyrant,
Knock,,,
Knulliana cincta,,,
Kobonga apicans,,,
Kobonga apicata,,,
Kobonga fuscomarginata,,,
Kobonga godingi,,,
Kobonga oxleyi,,,
Kobonga umbrimargo,,,
Kobus leche,,,
Kobus megaceros,,,
Kobus vardonii,,,
Kosemia admirabilis,,,
Kosemia chinensis,,,
Kosemia radiator,,,
Kosemia yamashitai,,,
Kosemia yezoensis,,,
Kurixalus banaensis,,,
Kurixalus berylliniris,,,
Kurixalus chaseni,,,
Kurixalus eiffingeri,,,
Kurixalus hainanus,,,
Kurixalus idiootocus,,,
Kurixalus wangi,,,
Kurochkinegramma hypogrammicum,punsun1,Purple-naped Spiderhunter,
Kuzicus denticulatus,,,
Lacedo pulchella,bankin1,Banded Kingfisher,
Lafresnaya lafresnayi,mouvel1,Mountain Velvetbreast,
Lagodon rhomboides,,,
Lagonosticta larvata,bkffir1,Black-faced Firefinch,
Lagonosticta nitidula,brnfir1,Brown Firefinch,
Lagonosticta rara,blbfir1,Black-bellied Firefinch,
Lagonosticta rhodopareia,jamfir1,Jameson's Firefinch,
Lagonosticta rubricata,afffin,African Firefinch,
Lagonosticta rufopicta,babfir1,Bar-breasted Firefinch,
Lagonosticta sanguinodorsalis,rocfir1,Rock Firefinch,
Lagonosticta senegala,rebfir2,Red-billed Firefinch,
Lagonosticta virata,malfir1,Mali Firefinch,
Lagopus lagopus,wilpta,Willow Ptarmigan,WIPT
Lagopus leucura,whtpta1,White-tailed Ptarmigan,WTPT
Lagopus muta,rocpta1,Rock Ptarmigan,ROPT
Lagostomus maximus,,,
Lagothrix lagothricha,,,
Lalage atrovirens,blbtri1,Black-browed Triller,
Lalage aurea,rubtri1,Rufous-bellied Triller,
Lalage conjuncta,vartri3,Mussau Triller,
Lalage fimbriata,lescus1,Lesser Cuckooshrike,
Lalage leucomela,vartri1,Varied Triller,
Lalage leucoptera,bkbtri2,Biak Triller,
Lalage leucopyga,lottri1,Long-tailed Triller,
Lalage leucopygialis,whrtri1,White-rumped Triller,
Lalage maculosa,poltri1,Polynesian Triller,
Lalage melanoleuca,bawtri1,Black-and-white Triller,
Lalage melanoptera,bkhcus1,Black-headed Cuckooshrike,
Lalage melaschistos,bkwcus1,Black-winged Cuckooshrike,
Lalage moesta,whbtri1,White-browed Triller,
Lalage newtoni,reucus1,Reunion Cuckooshrike,
Lalage nigra,pietri1,Pied Triller,
Lalage polioptera,indcus1,Indochinese Cuckooshrike,
Lalage sharpei,samtri1,Samoan Triller,
Lalage sueurii,whwtri2,White-shouldered Triller,
Lalage tricolor,whwtri1,White-winged Triller,
Lalage typica,maucus1,Mauritius Cuckooshrike,
Lama glama,,,
Lama guanicoe,,,
Lamarckiana cucullata,,,
Lamia textor,,,
Lampornis amethystinus,amthum1,Amethyst-throated Mountaingem,ATMG
Lampornis calolaemus,ptmgem,Purple-throated Mountaingem,PTMG
Lampornis castaneoventris,wtmgem1,White-throated Mountaingem,WTMG
Lampornis clemenciae,buthum,Blue-throated Mountaingem,BTMG
Lampornis hemileucus,wbmgem1,White-bellied Mountaingem,WBMG
Lampornis sybillae,gbmgem1,Green-breasted Mountaingem,GBMG
Lampornis viridipallens,gtmgem1,Green-throated Mountaingem,GTMG
Lamprima aurata,,,
Lamprolaima rhami,gathum1,Garnet-throated Hummingbird,GATH
Lamprolia klinesmithi,silkta3,Natewa Silktail,
Lamprolia victoriae,silkta2,Taveuni Silktail,
Lampropeltis holbrooki,,,
Lampropsar tanagrinus,vefgra1,Velvet-fronted Grackle,
Lamprospiza melanoleuca,rbptan1,Red-billed Pied Tanager,
Lamprotornis acuticaudus,stgsta1,Sharp-tailed Starling,
Lamprotornis albicapillus,whcsta3,White-crowned Starling,
Lamprotornis australis,bugsta1,Burchell's Starling,
Lamprotornis bicolor,afpsta1,Pied Starling,
Lamprotornis caudatus,ltgsta1,Long-tailed Glossy Starling,
Lamprotornis chalcurus,btgsta1,Bronze-tailed Starling,
Lamprotornis chalybaeus,gbesta1,Greater Blue-eared Starling,
Lamprotornis chloropterus,lbesta1,Lesser Blue-eared Starling,
Lamprotornis fischeri,fissta1,Fischer's Starling,
Lamprotornis hildebrandti,hilsta1,Hildebrandt's Starling,
Lamprotornis iris,emesta1,Emerald Starling,
Lamprotornis mevesii,megsta1,Meves's Starling,
Lamprotornis nitens,capgls1,Cape Starling,
Lamprotornis ornatus,prgsta1,Principe Starling,
Lamprotornis pulcher,chbsta1,Chestnut-bellied Starling,
Lamprotornis purpureus,pugsta1,Purple Starling,
Lamprotornis purpuroptera,ruegls1,Rüppell's Starling,
Lamprotornis regius,gobsta5,Golden-breasted Starling,
Lamprotornis shelleyi,shesta1,Shelley's Starling,
Lamprotornis splendidus,spgsta1,Splendid Starling,
Lamprotornis superbus,supsta1,Superb Starling,
Lamprotornis unicolor,ashsta2,Ashy Starling,
Laniarius aethiopicus,trobou2,Ethiopian Boubou,
Laniarius amboimensis,gabbus1,Gabela Bushshrike,
Laniarius atrococcineus,crbgon1,Crimson-breasted Shrike,
Laniarius atroflavus,yebbou1,Yellow-breasted Boubou,
Laniarius barbarus,comgon1,Yellow-crowned Gonolek,
Laniarius bicolor,gabbou1,Swamp Boubou,
Laniarius brauni,brabus1,Braun's Bushshrike,
Laniarius erythrogaster,blhgon1,Black-headed Gonolek,
Laniarius ferrugineus,soubou1,Southern Boubou,
Laniarius fuelleborni,fuebou1,Fülleborn's Boubou,
Laniarius funebris,slcbou1,Slate-colored Boubou,
Laniarius holomelas,mosbou4,Albertine Sooty Boubou,
Laniarius leucorhynchus,soobou1,Lowland Sooty Boubou,
Laniarius luehderi,luebus1,Lühder's Bushshrike,
Laniarius major,trobou1,Tropical Boubou,
Laniarius mufumbiri,papgon1,Papyrus Gonolek,
Laniarius nigerrimus,sombou1,Black Boubou,
Laniarius poensis,mosbou1,Mountain Sooty Boubou,
Laniarius ruficeps,renbus1,Red-naped Bushshrike,
Laniarius sublacteus,zanbou1,East Coast Boubou,
Laniarius turatii,turbou1,Turati's Boubou,
Laniarius willardi,wisbou1,Willard's Sooty Boubou,
Laniisoma buckleyi,shlcot2,Andean Laniisoma,
Laniisoma elegans,shlcot3,Brazilian Laniisoma,
Lanio aurantius,btstan1,Black-throated Shrike-Tanager,BTST
Lanio fulvus,fustan1,Fulvous Shrike-Tanager,
Lanio leucothorax,wtstan1,White-throated Shrike-Tanager,WTST
Lanio versicolor,wwstan1,White-winged Shrike-Tanager,
Laniocera hypopyrra,cinmou1,Cinereous Mourner,
Laniocera rufescens,spemou1,Speckled Mourner,SPMO
Lanioturdus torquatus,whtshr1,White-tailed Shrike,
Lanius borealis,norshr4,Northern Shrike,NSHR
Lanius bucephalus,buhshr1,Bull-headed Shrike,
Lanius cabanisi,lotfis1,Long-tailed Fiscal,
Lanius collaris,soufis1,Southern Fiscal,
Lanius collurio,rebshr1,Red-backed Shrike,RBSH
Lanius collurioides,burshr1,Burmese Shrike,
Lanius cristatus,brnshr,Brown Shrike,BROS
Lanius dorsalis,taifis1,Taita Fiscal,
Lanius excubitor,norshr1,Great Grey Shrike,
Lanius excubitoroides,gybfis1,Grey-backed Fiscal,
Lanius giganteus,chgshr3,Giant Grey Shrike,
Lanius gubernator,emishr1,Emin's Shrike,
Lanius humeralis,norfis1,Northern Fiscal,
Lanius isabellinus,isashr1,Isabelline Shrike,
Lanius ludovicianus,logshr,Loggerhead Shrike,LOSH
Lanius mackinnoni,macshr1,Mackinnon's Shrike,
Lanius meridionalis,ibgshr1,Iberian Grey Shrike,
Lanius minor,legshr2,Lesser Grey Shrike,
Lanius newtoni,newfis1,Sao Tome Fiscal,
Lanius nubicus,masshr1,Masked Shrike,
Lanius phoenicuroides,rutshr2,Red-tailed Shrike,
Lanius schach,lotshr1,Long-tailed Shrike,
Lanius senator,wooshr1,Woodchat Shrike,
Lanius somalicus,somfis1,Somali Fiscal,
Lanius souzae,soushr3,Souza's Shrike,
Lanius sphenocercus,chgshr1,Chinese Grey Shrike,
Lanius tephronotus,gybshr1,Grey-backed Shrike,
Lanius tigrinus,tigshr1,Tiger Shrike,
Lanius validirostris,gycshr1,Mountain Shrike,
Lanius vittatus,babshr1,Bay-backed Shrike,
Laplatacris dispar,,,
Lapposyrphus lapponicus,,,
Lariscus insignis,,,
Lariscus obscurus,,,
Larosterna inca,incter1,Inca Tern,INTE
Larus argentatus,euhgul1,European Herring Gull,HERG
Larus armenicus,armgul1,Armenian Gull,
Larus atlanticus,olrgul1,Olrog's Gull,
Larus belcheri,belgul,Belcher's Gull,BEGU
Larus brachyrhynchus,mewgul2,Short-billed Gull,SBIG
Larus cachinnans,casgul2,Caspian Gull,
Larus californicus,calgul,California Gull,CAGU
Larus canus,mewgul,Common Gull,COGU
Larus crassirostris,bktgul,Black-tailed Gull,BTGU
Larus delawarensis,ribgul,Ring-billed Gull,RBGU
Larus dominicanus,kelgul,Kelp Gull,KEGU
Larus fuscus,lbbgul,Lesser Black-backed Gull,LBBG
Larus glaucescens,glwgul,Glaucous-winged Gull,GWGU
Larus glaucoides,y00478,Iceland Gull,ICGU
Larus heermanni,heegul,Heermann's Gull,HEEG
Larus hyperboreus,glagul,Glaucous Gull,GLGU
Larus livens,yefgul,Yellow-footed Gull,YFGU
Larus marinus,gbbgul,Great Black-backed Gull,GBBG
Larus michahellis,yelgul1,Yellow-legged Gull,YLGU
Larus mongolicus,casgul4,Mongolian Gull,
Larus occidentalis,wesgul,Western Gull,WEGU
Larus pacificus,pacgul1,Pacific Gull,
Larus schistisagus,slbgul,Slaty-backed Gull,SBAG
Larus smithsonianus,amhgul1,American Herring Gull,
Larus vegae,veggul1,Vega Gull,
Larvivora akahige,japrob2,Japanese Robin,
Larvivora brunnea,inbrob1,Indian Blue Robin,
Larvivora cyane,sibrob,Siberian Blue Robin,SBRO
Larvivora komadori,ryurob2,Ryukyu Robin,
Larvivora namiyei,ryurob3,Okinawa Robin,
Larvivora sibilans,rutrob1,Rufous-tailed Robin,RTRO
Lasiocampa quercus,,,
Lasiopodomys brandtii,,,
Lasius fuliginosus,,,
Laterallus albigularis,whtcra1,White-throated Crake,WTCR
Laterallus exilis,grbcra1,Grey-breasted Crake,GBCR
Laterallus flaviventer,yebcra1,Yellow-breasted Crake,
Laterallus jamaicensis,blkrai,Black Rail,BLRA
Laterallus levraudi,rufcra2,Rusty-flanked Crake,
Laterallus melanophaius,ruscra1,Rufous-sided Crake,
Laterallus ruber,rudcra1,Ruddy Crake,RUCR
Laterallus spilonota,galrai1,Galapagos Crake,
Laterallus spilopterus,,,
Lathamus discolor,swipar1,Swift Parrot,
Lathrotriccus euleri,eulfly1,Euler's Flycatcher,EUFL
Lathrotriccus griseipectus,gybfly1,Grey-breasted Flycatcher,
Laticilla burnesii,ruvpri1,Rufous-vented Grass Babbler,
Laticilla cinerascens,swapri1,Swamp Grass Babbler,
Latonia nigriventer,,,
Laughter,,,
Lea floridensis,,,
Legatus leucophaius,pirfly1,Piratic Flycatcher,PIRF
Leiopicus mahrattensis,yecwoo1,Yellow-crowned Woodpecker,
Leioptila annectens,rubsib1,Rufous-backed Sibia,
Leiopus nebulosus,,,
Leiothlypis celata,orcwar,Orange-crowned Warbler,OCWA
Leiothlypis crissalis,colwar,Colima Warbler,COLW
Leiothlypis luciae,lucwar,Lucy's Warbler,LUWA
Leiothlypis peregrina,tenwar,Tennessee Warbler,TEWA
Leiothlypis ruficapilla,naswar,Nashville Warbler,NAWA
Leiothlypis virginiae,virwar,Virginia's Warbler,VIWA
Leiothrix argentauris,siemes1,Silver-eared Mesia,
Leiothrix lutea,reblei,Red-billed Leiothrix,RBLE
Leipoa ocellata,mallee1,Malleefowl,
Leistes bellicosus,permea1,Peruvian Meadowlark,
Leistes defilippii,pammea1,Pampas Meadowlark,
Leistes loyca,lotmea1,Long-tailed Meadowlark,
Leistes militaris,rebbla1,Red-breasted Meadowlark,RBRM
Leistes superciliaris,whbbla2,White-browed Meadowlark,
Lemmus lemmus,,,
Lemur catta,,,
Leonardina woodi,bagbab2,Bagobo Babbler,
Leontopithecus chrysomelas,,,
Leontopithecus chrysopygus,,,
Leontopithecus rosalia,,,
Leopardus pardalis,,,
Lepidochelys kempii,,,
Lepidocolaptes affinis,spcwoo1,Spot-crowned Woodcreeper,SCRW
Lepidocolaptes albolineatus,linwoo3,Guianan Woodcreeper,
Lepidocolaptes angustirostris,nabwoo1,Narrow-billed Woodcreeper,
Lepidocolaptes duidae,linwoo4,Duida Woodcreeper,
Lepidocolaptes falcinellus,scawoo2,Scalloped Woodcreeper,
Lepidocolaptes fatimalimae,inawoo1,Inambari Woodcreeper,
Lepidocolaptes fuscicapillus,ducwoo1,Dusky-capped Woodcreeper,
Lepidocolaptes lacrymiger,monwoo1,Montane Woodcreeper,
Lepidocolaptes leucogaster,whswoo1,White-striped Woodcreeper,WSWO
Lepidocolaptes souleyetii,sthwoo1,Streak-headed Woodcreeper,SHWO
Lepidocolaptes squamatus,scawoo1,Scaled Woodcreeper,
Lepidodactylus lugubris,,,
Lepidogryllus comparatus,,,
Lepidogryllus parvulus,,,
Lepidopygia nana,madmun1,Madagascar Mannikin,
Lepidothrix coeruleocapilla,cecman1,Cerulean-capped Manakin,
Lepidothrix coronata,blcman1,Blue-capped Manakin,
Lepidothrix iris,opcman1,Opal-crowned Manakin,
Lepidothrix isidorei,blrman1,Blue-rumped Manakin,
Lepidothrix nattereri,sncman1,Snow-capped Manakin,
Lepidothrix serena,whfman1,White-fronted Manakin,
Lepidothrix suavissima,orbman1,Orange-bellied Manakin,
Lepidothrix velutina,bucman1,Velvety Manakin,VELM
Lepidothrix vilasboasi,gocman2,Golden-crowned Manakin,
Leproscirtus granulosus,,,
Leptailurus serval,,,
Leptasthenura aegithaloides,pmtspi1,Plain-mantled Tit-Spinetail,
Leptasthenura andicola,antspi1,Andean Tit-Spinetail,
Leptasthenura fuliginiceps,bctspi1,Brown-capped Tit-Spinetail,
Leptasthenura pileata,rctspi1,Rusty-crowned Tit-Spinetail,
Leptasthenura platensis,tutspi1,Tufted Tit-Spinetail,
Leptasthenura setaria,artspi1,Araucaria Tit-Spinetail,
Leptasthenura striata,sttspi1,Streak-backed Tit-Spinetail,
Leptasthenura striolata,sttspi2,Striolated Tit-Spinetail,
Leptasthenura xenothorax,wbtspi1,White-browed Tit-Spinetail,
Leptobrachella arayai,,,
Leptobrachella laui,,,
Leptobrachella liui,,,
Leptobrachella sabahmontana,,,
Leptobrachium guangxiense,,,
Leptobrachium hainanense,,,
Leptobrachium hasseltii,,,
Leptobrachium montanum,,,
Leptobrachium nigrops,,,
Leptocoma aspasia,blksun1,Black Sunbird,
Leptocoma brasiliana,vahsun1,Van Hasselt's Sunbird,
Leptocoma calcostetha,cotsun2,Copper-throated Sunbird,
Leptocoma minima,crbsun2,Crimson-backed Sunbird,
Leptocoma sperata,putsun3,Purple-throated Sunbird,
Leptocoma zeylonica,pursun3,Purple-rumped Sunbird,
Leptodactylus albilabris,,,
Leptodactylus bolivianus,,,
Leptodactylus bufonius,,,
Leptodactylus colombiensis,,,
Leptodactylus elenae,,,
Leptodactylus flavopictus,,,
Leptodactylus fragilis,,,
Leptodactylus furnarius,,,
Leptodactylus fuscus,,,
Leptodactylus gracilis,,,
Leptodactylus guianensis,,,
Leptodactylus insularum,,,
Leptodactylus intermedius,,,
Leptodactylus knudseni,,,
Leptodactylus labyrinthicus,,,
Leptodactylus latinasus,,,
Leptodactylus latrans,,,
Leptodactylus leptodactyloides,,,
Leptodactylus lithonaetes,,,
Leptodactylus longirostris,,,
Leptodactylus luctator,,,
Leptodactylus macrosternum,,,
Leptodactylus melanonotus,,,
Leptodactylus myersi,,,
Leptodactylus mystaceus,,,
Leptodactylus mystacinus,,,
Leptodactylus natalensis,,,
Leptodactylus nesiotus,,,
Leptodactylus notoaktites,,,
Leptodactylus paraensis,,,
Leptodactylus paranaru,,,
Leptodactylus pentadactylus,,,
Leptodactylus petersii,,,
Leptodactylus plaumanni,,,
Leptodactylus podicipinus,,,
Leptodactylus poecilochilus,,,
Leptodactylus rhodomystax,,,
Leptodactylus savagei,,,
Leptodactylus stenodema,,,
Leptodactylus syphax,,,
Leptodactylus troglodytes,,,
Leptodactylus validus,,,
Leptodactylus vastus,,,
Leptodactylus wagneri,,,
Leptodon cayanensis,grhkit1,Grey-headed Kite,GHKI
Leptodon forbesi,whckit1,White-collared Kite,
Leptogenys processionalis,,,
Leptoglossus occidentalis,,,
Leptomantis belalongensis,,,
Leptomantis cyanopunctatus,,,
Leptonychotes weddellii,,,
Leptopelis aubryi,,,
Leptopelis bocagii,,,
Leptopelis broadleyi,,,
Leptopelis christyi,,,
Leptopelis concolor,,,
Leptopelis flavomaculatus,,,
Leptopelis macrotis,,,
Leptopelis mossambicus,,,
Leptopelis natalensis,,,
Leptopelis spiritusnoctis,,,
Leptopelis vannutellii,,,
Leptopelis viridis,,,
Leptopelis xenodactylus,,,
Leptophryne borbonica,,,
Leptophryne cruentata,,,
Leptophyes albovittata,,,
Leptophyes boscii,,,
Leptophyes calabra,,,
Leptophyes discoidalis,,,
Leptophyes laticauda,,,
Leptophyes lisae,,,
Leptophyes nigrovittata,,,
Leptophyes punctatissima,,,
Leptophyes sicula,,,
Leptopoecile elegans,crtwar1,Crested Tit-warbler,
Leptopoecile sophiae,wbtwar1,White-browed Tit-warbler,
Leptopogon amaurocephalus,secfly1,Sepia-capped Flycatcher,SECF
Leptopogon rufipectus,rubfly2,Rufous-breasted Flycatcher,
Leptopogon superciliaris,slcfly1,Slaty-capped Flycatcher,SLCF
Leptopogon taczanowskii,incfly1,Inca Flycatcher,
Leptopterus chabert,chavan2,Chabert Vanga,
Leptoptilos crumenifer,marsto1,Marabou Stork,
Leptoptilos dubius,greadj1,Greater Adjutant,
Leptoptilos javanicus,lesadj1,Lesser Adjutant,
Leptosemia huasipana,,,
Leptosemia sakaii,,,
Leptosemia takanonis,,,
Leptosittaca branickii,goppar1,Golden-plumed Parakeet,
Leptosomus discolor,cuckoo1,Cuckoo-roller,
Leptotila cassinii,grcdov1,Grey-chested Dove,GCDO
Leptotila conoveri,toldov1,Tolima Dove,
Leptotila jamaicensis,cardov1,Caribbean Dove,CADO
Leptotila megalura,latdov1,Yungas Dove,
Leptotila ochraceiventris,ocbdov1,Ochre-bellied Dove,
Leptotila pallida,paldov1,Pallid Dove,
Leptotila plumbeiceps,gyhdov1,Grey-headed Dove,GHDO
Leptotila rufaxilla,grfdov1,Grey-fronted Dove,
Leptotila verreauxi,whtdov,White-tipped Dove,WTDO
Leptotila wellsi,gredov1,Grenada Dove,GRDO
Leptotrygon veraguensis,obqdov1,Olive-backed Quail-Dove,OBQD
Leptura aethiops,,,
Leptura quadrifasciata,,,
Lepus americanus,,,
Lepus europaeus,,,
Lerneca inalata,,,
Lerwa lerwa,snopar1,Snow Partridge,
Lesbia nuna,grttra1,Green-tailed Trainbearer,
Lesbia victoriae,blttra1,Black-tailed Trainbearer,
Lessonia oreas,andneg1,Andean Negrito,
Lessonia rufa,ausneg1,Austral Negrito,
Letana rubescens,,,
Leucippus fallax,bufhum1,Buffy Hummingbird,
Leucocarbo atriceps,impcor1,Imperial Shag,
Leucocarbo bougainvilliorum,guacor1,Guanay Cormorant,
Leucocarbo bransfieldensis,,,
Leucocarbo carunculatus,rofsha1,New Zealand King Shag,
Leucocarbo chalconotus,brosha1,Stewart Island Shag,
Leucocarbo colensoi,auisha1,Auckland Shag,
Leucocarbo magellanicus,magcor1,Rock Shag,
Leucocarbo onslowi,chisha1,Chatham Shag,
Leucocarbo verrucosus,,,
Leucochloridium paradoxum,,,
Leucochloris albicollis,whthum2,White-throated Hummingbird,
Leucogeranus leucogeranus,sibcra1,Siberian Crane,
Leucophaeus atricilla,laugul,Laughing Gull,LAGU
Leucophaeus fuliginosus,lavgul1,Lava Gull,
Leucophaeus modestus,grygul,Grey Gull,GRGU
Leucophaeus pipixcan,fragul,Franklin's Gull,FRGU
Leucophaeus scoresbii,dolgul2,Dolphin Gull,
Leucophantes brachyurus,blcrob1,Black-chinned Robin,
Leucopsar rothschildi,balmyn1,Bali Starling,
Leucopternis kuhli,whbhaw2,White-browed Hawk,
Leucopternis melanops,blfhaw1,Black-faced Hawk,
Leucopternis semiplumbeus,semhaw,Semiplumbeous Hawk,SEHA
Leucoptilon concretum,whtfly2,White-tailed Flycatcher,
Leucosarcia melanoleuca,wonpig1,Wonga Pigeon,
Leucostethus brachistriatus,,,
Leucostethus fraterdanieli,,,
Leucostethus jota,,,
Leucosticte arctoa,asrfin1,Asian Rosy Finch,ASRF
Leucosticte atrata,bkrfin,Black Rosy Finch,BLRF
Leucosticte australis,bcrfin,Brown-capped Rosy Finch,BCRF
Leucosticte brandti,bhmfin1,Brandt's Mountain Finch,
Leucosticte nemoricola,plmfin1,Plain Mountain Finch,
Leucosticte tephrocotis,gcrfin,Grey-crowned Rosy Finch,GCRF
Leurophyllum brevicauda,,,
Lewinia mirifica,luzrai1,Brown-banded Rail,
Lewinia pectoralis,lewrai1,Lewin's Rail,
Lewinia striata,slbrai1,Slaty-breasted Rail,
Liara intermedius,,,
Liara magna,,,
Liara monkra,,,
Lichenostomus cratitius,pughon1,Purple-gaped Honeyeater,
Lichenostomus melanops,yethon3,Yellow-tufted Honeyeater,
Lichmera alboauricularis,siehon1,Silver-eared Honeyeater,
Lichmera argentauris,olihon1,Olive Honeyeater,
Lichmera flavicans,yeehon1,Flame-eared Honeyeater,
Lichmera incana,dabhon1,Grey-eared Honeyeater,
Lichmera indistincta,brohon1,Brown Honeyeater,
Lichmera lombokia,sunhon1,Scaly-crowned Honeyeater,
Lichmera monticola,serhon1,Seram Honeyeater,
Lichmera notabilis,blchon1,Black-necklaced Honeyeater,
Lichmera squamata,whthon2,Scaly-breasted Honeyeater,
Ligurotettix coquilletti,,,
Ligurotettix planum,,,
Lilioceris lilii,,,
Lilioceris merdigera,,,
Limnoctites rectirostris,stbree2,Straight-billed Reedhaunter,
Limnoctites sulphuriferus,sutspi1,Sulphur-bearded Reedhaunter,
Limnodromus griseus,shbdow,Short-billed Dowitcher,SBDO
Limnodromus scolopaceus,lobdow,Long-billed Dowitcher,LBDO
Limnodromus semipalmatus,asidow1,Asian Dowitcher,
Limnodynastes convexiusculus,,,
Limnodynastes depressus,,,
Limnodynastes dorsalis,,,
Limnodynastes dumerilii,,,
Limnodynastes fletcheri,,,
Limnodynastes grayi,,,
Limnodynastes interioris,,,
Limnodynastes peronii,,,
Limnodynastes salmini,,,
Limnodynastes superciliaris,,,
Limnodynastes tasmaniensis,,,
Limnodynastes terraereginae,,,
Limnomedusa macroglossa,,,
Limnonectes fujianensis,,,
Limnonectes hascheanus,,,
Limnonectes kuhlii,,,
Limnopsalta stradbrokensis,,,
Limnornis curvirostris,cubree1,Curve-billed Reedhaunter,
Limnothlypis swainsonii,swawar,Swainson's Warbler,SWWA
Limosa fedoa,margod,Marbled Godwit,MAGO
Limosa haemastica,hudgod,Hudsonian Godwit,HUGO
Limosa lapponica,batgod,Bar-tailed Godwit,BTGO
Limosa limosa,bktgod,Black-tailed Godwit,BLTG
Linaria cannabina,eurlin1,Common Linnet,
Linaria flavirostris,twite1,Twite,
Linaria johannis,warlin1,Warsangli Linnet,
Linaria yemenensis,yemlin1,Yemen Linnet,
Linurgus olivaceus,orifin1,Oriole Finch,
Liocichla bugunorum,buglio1,Bugun Liocichla,
Liocichla omeiensis,gyflio1,Emei Shan Liocichla,
Liocichla phoenicea,reflio2,Red-faced Liocichla,
Liocichla ripponi,reflio3,Scarlet-faced Liocichla,
Liocichla steerii,stelio1,Taiwan Liocichla,
Lioparus chrysotis,gobful1,Golden-breasted Fulvetta,
Liosceles thoracicus,rubtap1,Rusty-belted Tapaculo,
Lipaugus ater,bagcot1,Black-and-gold Cotinga,
Lipaugus conditus,gywcot1,Grey-winged Cotinga,
Lipaugus fuscocinereus,duspih1,Dusky Piha,
Lipaugus lanioides,civpih1,Cinnamon-vented Piha,
Lipaugus streptophorus,rocpih1,Rose-collared Piha,
Lipaugus unirufus,rufpih1,Rufous Piha,RUFP
Lipaugus uropygialis,scwpih1,Scimitar-winged Piha,
Lipaugus vociferans,scrpih1,Screaming Piha,
Lipaugus weberi,chcpih1,Chestnut-capped Piha,
Lipotactes alienus,,,
Lipotactes kabili,,,
Lipotactes karnyi,,,
Lipotactes maculatus,,,
Lipotactes montanus,,,
Lipotactes silvestris,,,
Lipotactes virescens,,,
Liquid,,,
Lissemys punctata,,,
Lissotis melanogaster,bkbbus1,Black-bellied Bustard,
Lissotriton vulgaris,,,
Lithobates areolatus,,,
Lithobates berlandieri,,,
Lithobates blairi,,,
Lithobates capito,,,
Lithobates catesbeianus,,,
Lithobates chiricahuensis,,,
Lithobates clamitans,,,
Lithobates grylio,,,
Lithobates kauffeldi,,,
Lithobates montezumae,,,
Lithobates onca,,,
Lithobates palmipes,,,
Lithobates palustris,,,
Lithobates pipiens,,,
Lithobates septentrionalis,,,
Lithobates sevosus,,,
Lithobates sphenocephalus,,,
Lithobates sylvaticus,,,
Lithobates vaillanti,,,
Lithobates virgatipes,,,
Lithobates yavapaiensis,,,
Lithodytes lineatus,,,
Lithophane pertorrida,,,
Lithoxenus heptapotamicus,,,
Litoria adelaidensis,,,
Litoria amnicola,,,
Litoria balatus,,,
Litoria bicolor,,,
Litoria burrowsi,,,
Litoria calliscelis,,,
Litoria cooloolensis,,,
Litoria dentata,,,
Litoria ewingii,,,
Litoria fallax,,,
Litoria freycineti,,,
Litoria inermis,,,
Litoria jervisiensis,,,
Litoria latopalmata,,,
Litoria littlejohni,,,
Litoria microbelos,,,
Litoria nasuta,,,
Litoria nigropunctata,,,
Litoria olongburensis,,,
Litoria pallida,,,
Litoria paraewingi,,,
Litoria peronii,,,
Litoria prora,,,
Litoria quiritatus,,,
Litoria revelata,,,
Litoria ridibunda,,,
Litoria rothii,,,
Litoria rubella,,,
Litoria sibilus,,,
Litoria spaldingi,,,
Litoria tornieri,,,
Litoria tyleri,,,
Litoria verreauxii,,,
Littoraria irrorata,,,
Liuixalus hainanus,,,
Liuixalus romeri,,,
Livestock_and_farm_animals_and_working_animals,,,
Lluciapomaresius asturiensis,,,
Lluciapomaresius ortegai,,,
Lluciapomaresius panteli,,,
Lluciapomaresius stalii,,,
Lobodon carcinophaga,,,
Lochmias nematura,shtstr1,Sharp-tailed Streamcreeper,STST
Locusta migratoria,,,
Locustana pardalina,,,
Locustella accentor,frbwar1,Friendly Bush Warbler,
Locustella alfredi,baswar1,Bamboo Warbler,
Locustella alishanensis,taibuw1,Taiwan Bush Warbler,
Locustella castanea,cbbwar2,Sulawesi Bush Warbler,
Locustella caudata,ltbwar1,Long-tailed Bush Warbler,
Locustella chengi,sicbuw1,Sichuan Bush Warbler,
Locustella davidi,spobuw1,Baikal Bush Warbler,
Locustella disturbans,cbbwar3,Buru Bush Warbler,
Locustella fluviatilis,eurwar2,River Warbler,RIWA
Locustella idonea,dabwar1,Dalat Bush Warbler,
Locustella kashmirensis,spobuw2,West Himalayan Bush Warbler,
Locustella lanceolata,lanwar,Lanceolated Warbler,LANW
Locustella luscinioides,savwar1,Savi's Warbler,
Locustella luteoventris,brbwar2,Brown Bush Warbler,
Locustella major,lbbwar1,Long-billed Bush Warbler,
Locustella mandelli,rubwar1,Russet Bush Warbler,
Locustella montis,jabwar1,Javan Bush Warbler,
Locustella musculus,cbbwar4,Seram Bush Warbler,
Locustella naevia,cogwar1,Common Grasshopper Warbler,
Locustella portenta,talgrw1,Taliabu Bush Warbler,
Locustella seebohmi,benbuw1,Benguet Bush Warbler,
Locustella tacsanowskia,chbwar1,Chinese Bush Warbler,
Locustella thoracica,spobuw3,Spotted Bush Warbler,
Loddigesia mirabilis,marspa1,Marvelous Spatuletail,
Loepa oberthuri,,,
Lonchura atricapilla,chemun,Chestnut Munia,CHMU
Lonchura caniceps,gyhmun1,Grey-headed Mannikin,
Lonchura castaneothorax,chbmun1,Chestnut-breasted Mannikin,
Lonchura flaviprymna,yermun1,Yellow-rumped Mannikin,
Lonchura forbesi,neimun1,Forbes's Mannikin,
Lonchura fuscans,dusmun1,Dusky Munia,
Lonchura hunsteini,motmun1,Mottled Mannikin,
Lonchura kelaarti,bltmun1,Black-throated Munia,
Lonchura leucogastra,whbmun1,White-bellied Munia,
Lonchura leucogastroides,javmun1,Javan Munia,
Lonchura maja,whhmun1,White-headed Munia,
Lonchura malacca,trimun,Tricolored Munia,TRMU
Lonchura melaena,bismun1,Buff-bellied Mannikin,
Lonchura molucca,blfmun1,Black-faced Munia,
Lonchura montana,snmmun1,Western Alpine Mannikin,
Lonchura nevermanni,gycmun1,Grey-crowned Mannikin,
Lonchura pallida,pahmun1,Pale-headed Munia,
Lonchura punctulata,nutman,Scaly-breasted Munia,SBMU
Lonchura quinticolor,ficmun1,Five-colored Munia,
Lonchura spectabilis,hoomun1,Hooded Mannikin,
Lonchura striata,whrmun,White-rumped Munia,
Lonchura stygia,blamun1,Black Mannikin,
Lonchura teerinki,blbmun1,Black-breasted Mannikin,
Lonchura vana,gybmun1,Grey-banded Mannikin,
Longpotamon honanense,,,
Lontra canadensis,,,
Lontra longicaudis,,,
Lophaetus occipitalis,loceag1,Long-crested Eagle,
Lophaspis hebardi,,,
Lophiomys imhausi,,,
Lophocebus albigena,,,
Lophocebus aterrimus,,,
Lophoceros alboterminatus,crohor1,Crowned Hornbill,
Lophoceros bradfieldi,brahor1,Bradfield's Hornbill,
Lophoceros camurus,rbdhor1,Red-billed Dwarf Hornbill,
Lophoceros fasciatus,afphor3,Congo Pied Hornbill,
Lophoceros hemprichii,hemhor1,Hemprich's Hornbill,
Lophoceros nasutus,afghor1,African Grey Hornbill,
Lophoceros pallidirostris,pabhor1,Pale-billed Hornbill,
Lophodytes cucullatus,hoomer,Hooded Merganser,HOME
Lophoictinia isura,sqtkit1,Square-tailed Kite,
Lopholaimus antarcticus,toppig1,Topknot Pigeon,
Lophonetta specularioides,creduc1,Crested Duck,
Lophophanes cristatus,cretit2,Crested Tit,
Lophophanes dichrous,gyctit1,Grey-crested Tit,
Lophophorus impejanus,himmon1,Himalayan Monal,
Lophophorus lhuysii,chimon1,Chinese Monal,
Lophophorus sclateri,sclmon1,Sclater's Monal,
Lophorina latipennis,grsbop1,Greater Lophorina,
Lophorina superba,vosbop1,Vogelkop Lophorina,
Lophornis adorabilis,whccoq1,White-crested Coquette,WCCO
Lophornis chalybeus,fescoq3,Festive Coquette,
Lophornis delattrei,ruccoq1,Rufous-crested Coquette,RCRC
Lophornis gouldii,doecoq1,Dot-eared Coquette,
Lophornis helenae,blccoq1,Black-crested Coquette,BCCO
Lophornis magnificus,fricoq1,Frilled Coquette,
Lophornis ornatus,tufcoq1,Tufted Coquette,
Lophornis stictolophus,spacoq1,Spangled Coquette,
Lophornis verreauxii,fescoq2,Butterfly Coquette,
Lophospingus griseocristatus,gycfin1,Grey-crested Finch,
Lophospingus pusillus,blcfin1,Black-crested Finch,
Lophospiza griseiceps,sulgos1,Sulawesi Goshawk,
Lophospiza trivirgata,cregos1,Crested Goshawk,
Lophostrix cristata,creowl1,Crested Owl,CROW
Lophotibis cristata,madibi1,Madagascar Ibis,
Lophotis gindiana,bucbus1,Buff-crested Bustard,
Lophotis ruficrista,recbus1,Red-crested Korhaan,
Lophotis savilei,savbus1,Savile's Bustard,
Lophotriccus eulophotes,lcptyr1,Long-crested Pygmy Tyrant,
Lophotriccus galeatus,heptyr1,Helmeted Pygmy Tyrant,
Lophotriccus pileatus,scptyr1,Scale-crested Pygmy Tyrant,SCPT
Lophotriccus vitiosus,dbptyr1,Double-banded Pygmy Tyrant,
Lophotriorchis kienerii,rubeag2,Rufous-bellied Eagle,
Lophura bulweri,bulphe1,Bulwer's Pheasant,
Lophura diardi,siafir1,Siamese Fireback,
Lophura edwardsi,edwphe1,Edwards's Pheasant,
Lophura erythrophthalma,crefir5,Malayan Crestless Fireback,
Lophura ignita,crefir4,Bornean Crested Fireback,
Lophura inornata,salphe1,Salvadori's Pheasant,
Lophura leucomelanos,kalphe,Kalij Pheasant,KAPH
Lophura nycthemera,silphe,Silver Pheasant,
Lophura swinhoii,swiphe1,Swinhoe's Pheasant,
Loriculus amabilis,mohpar1,Moluccan Hanging Parrot,
Loriculus aurantiifrons,paphap1,Orange-fronted Hanging Parrot,
Loriculus beryllinus,cehpar1,Sri Lanka Hanging Parrot,
Loriculus catamene,sahpar2,Sangihe Hanging Parrot,
Loriculus exilis,pyghap1,Pygmy Hanging Parrot,
Loriculus galgulus,bchpar1,Blue-crowned Hanging Parrot,
Loriculus philippensis,phihap1,Philippine Hanging Parrot,
Loriculus sclateri,sulhap1,Sula Hanging Parrot,
Loriculus stigmatus,suhpar1,Great Hanging Parrot,
Loriculus vernalis,vehpar1,Vernal Hanging Parrot,
Loriotus cristatus,flctan1,Flame-crested Tanager,
Loriotus luctuosus,whstan1,White-shouldered Tanager,WSTA
Loriotus rufiventer,yectan1,Yellow-crested Tanager,
Lorius chlorocercus,yeblor1,Yellow-bibbed Lory,
Lorius domicella,punlor1,Purple-naped Lory,
Lorius garrulus,chalor1,Chattering Lory,
Lorius hypoinochrous,publor1,Purple-bellied Lory,
Lorius lory,blclor1,Black-capped Lory,
Loxia curvirostra,redcro,Red Crossbill,RECR
Loxia leucoptera,whwcro,Two-barred Crossbill,WWCR
Loxia megaplaga,hiscro,Hispaniolan Crossbill,HICR
Loxia pytyopsittacus,parcro2,Parrot Crossbill,
Loxia scotica,scocro1,Scottish Crossbill,
Loxia sinesciuris,redcro9,Cassia Crossbill,CACR
Loxigilla barbadensis,barbul1,Barbados Bullfinch,BABU
Loxigilla noctis,leabul1,Lesser Antillean Bullfinch,LANB
Loxioides bailleui,palila,Palila,PALI
Loxipasser anoxanthus,yesgra1,Yellow-shouldered Grassquit,YSGR
Loxoblemmus arietulus,,,
Loxoblemmus difficilis,,,
Loxoblemmus doenitzi,,,
Loxoblemmus equestris,,,
Loxoblemmus jacobsoni,,,
Loxoblemmus parabolicus,,,
Loxoblemmus sylvestris,,,
Loxodonta africana,,,
Loxodonta cyclotis,,,
Loxops caeruleirostris,akekee,Akekee,AKEK
Loxops coccineus,akepa1,Hawaii Akepa,HAAK
Loxops mana,hawcre,Hawaii Creeper,HCRE
Lucasinova nigromarginata,,,
Lucilia sericata,,,
Lullula arborea,woolar1,Woodlark,
Lupulella adusta,,,
Lupulella adustus,,,
Lupulella mesomelas,,,
Lurocalis rufiventris,rubnig1,Rufous-bellied Nighthawk,
Lurocalis semitorquatus,shtnig1,Short-tailed Nighthawk,SHTN
Luscinia luscinia,thrnig1,Thrush Nightingale,
Luscinia megarhynchos,comnig1,Common Nightingale,
Luscinia phaenicuroides,whbred1,White-bellied Redstart,
Luscinia svecica,blueth,Bluethroat,
Lutra lutra,,,
Lutra perspicillata,,,
Lutrogale perspicillata,,,
Lybius chaplini,chabar1,Chaplin's Barbet,
Lybius guifsobalito,blbbar3,Black-billed Barbet,
Lybius leucocephalus,whhbar1,White-headed Barbet,
Lybius rubrifacies,refbar1,Red-faced Barbet,
Lybius torquatus,blcbar1,Black-collared Barbet,
Lybius undatus,banbar1,Banded Barbet,
Lybius vieilloti,viebar1,Vieillot's Barbet,
Lycalopex culpaeus,,,
Lycalopex grisea,,,
Lycalopex gymnocerca,,,
Lycalopex gymnocercus,,,
Lycaon pictus,,,
Lycocorax obiensis,paradi3,Obi Paradise-crow,
Lycocorax pyrrhopterus,paradi2,Halmahera Paradise-crow,
Lymantria dispar,,,
Lymnocryptes minimus,jacsni,Jack Snipe,JASN
Lyncornis macrotis,grenig1,Great Eared Nightjar,
Lyncornis temminckii,malnig1,Malaysian Eared Nightjar,
Lynx canadensis,,,
Lynx lynx,,,
Lynx rufus,,,
Lyristes gemellus,,,
Lyristes plebejus,,,
Lyrurus mlokosiewiczi,caugro1,Caucasian Grouse,
Lyrurus tetrix,blagro1,Black Grouse,
Lysapsus bolivianus,,,
Lysapsus laevis,,,
Macaca arctoides,,,
Macaca cyclopis,,,
Macaca fascicularis,,,
Macaca fuscata,,,
Macaca maura,,,
Macaca mulatta,,,
Macaca munzala,,,
Macaca nemestrina,,,
Macaca nigra,,,
Macaca radiata,,,
Macaca siberu,,,
Macaca silenus,,,
Macaca sinica,,,
Macaca sylvanus,,,
Macgregoria pulchra,machon3,MacGregor's Honeyeater,
Machaerirhynchus flaviventer,yebboa1,Yellow-breasted Boatbill,
Machaerirhynchus nigripectus,blbboa1,Black-breasted Boatbill,
Machaeropterus deliciosus,clwman1,Club-winged Manakin,
Machaeropterus eckelberryi,paiman1,Painted Manakin,
Machaeropterus pyrocephalus,ficman1,Fiery-capped Manakin,
Machaeropterus regulus,strman2,Kinglet Manakin,
Machaeropterus striolatus,strman5,Striolated Manakin,
Macheiramphus alcinus,bathaw1,Bat Hawk,
Machetornis rixosa,cattyr,Cattle Tyrant,CATY
Machlolophus aplonotus,indtit1,Indian Black-lored Tit,
Machlolophus holsti,yeltit2,Yellow Tit,
Machlolophus nuchalis,whwtit2,White-naped Tit,
Machlolophus spilonotus,yectit1,Yellow-cheeked Tit,
Machlolophus xanthogenys,blltit1,Himalayan Black-lored Tit,
Mackenziaena leachii,latant1,Large-tailed Antshrike,
Mackenziaena severa,tufant1,Tufted Antshrike,
Macroagelaius imthurni,gotgra1,Golden-tufted Mountain Grackle,
Macroagelaius subalaris,mougra1,Colombian Mountain Grackle,
Macrocephalon maleo,maleo1,Maleo,
Macroctopus maorum,,,
Macronectes giganteus,angpet1,Southern Giant Petrel,
Macronectes halli,norgip1,Northern Giant Petrel,NOGP
Macronus ptilosus,fbtbab1,Fluffy-backed Tit-Babbler,
Macronus striaticeps,brtbab1,Brown Tit-Babbler,
Macronyx ameliae,rotlon1,Rosy-throated Longclaw,
Macronyx aurantiigula,panlon1,Pangani Longclaw,
Macronyx capensis,ortlon1,Cape Longclaw,
Macronyx croceus,yetlon1,Yellow-throated Longclaw,
Macronyx flavicollis,abylon1,Abyssinian Longclaw,
Macronyx fuelleborni,fuelon2,Fülleborn's Longclaw,
Macronyx grimwoodi,grilon1,Grimwood's Longclaw,
Macronyx sharpei,shalon1,Sharpe's Longclaw,
Macropsalis forcipata,,,
Macropus fuliginosus,,,
Macropus giganteus,,,
Macropygia amboinensis,sbcdov1,Amboyna Cuckoo-Dove,
Macropygia cinnamomea,engcud1,Enggano Cuckoo-Dove,
Macropygia doreya,sulcud1,Sultan's Cuckoo-Dove,
Macropygia emiliana,rucdov1,Ruddy Cuckoo-Dove,
Macropygia macassariensis,ducdov1,Flores Sea Cuckoo-Dove,
Macropygia mackinlayi,macdov1,Spot-breasted Cuckoo-Dove,
Macropygia magna,timcud1,Timor Cuckoo-Dove,
Macropygia modiglianii,barcud1,Barusan Cuckoo-Dove,
Macropygia nigrirostris,bbcdov1,Bar-tailed Cuckoo-Dove,
Macropygia phasianella,brcdov1,Brown Cuckoo-Dove,
Macropygia ruficeps,licdov1,Little Cuckoo-Dove,
Macropygia rufipennis,ancdov1,Andaman Cuckoo-Dove,
Macropygia tenuirostris,phcdov1,Philippine Cuckoo-Dove,
Macropygia timorlaoensis,tancud1,Tanimbar Cuckoo-Dove,
Macropygia unchall,bacdov1,Barred Cuckoo-Dove,
Macrosemia fengi,,,
Macrosemia kareisana,,,
Macrosemia pieli,,,
Macrosemia saturata,,,
Macrosphenus concolor,grylon1,Grey Longbill,
Macrosphenus flavicans,yellon1,Yellow Longbill,
Macrosphenus kempi,kemlon1,Kemp's Longbill,
Macrosphenus kretschmeri,krelon1,Kretschmer's Longbill,
Macrosphenus pulitzeri,pullon1,Pulitzer's Longbill,
Macrotristria angularis,,,
Macrotristria doddi,,,
Macrotristria frenchi,,,
Macrotristria godingi,,,
Macrotristria intersecta,,,
Macrotristria kabikabia,,,
Macrotristria maculicollis,,,
Macroxiphus sumatranus,,,
Mactruchus serrifer,,,
Magicicada cassinii,,,
Magicicada neotredecim,,,
Magicicada septendecim,,,
Magicicada septendecula,,,
Magicicada tredecassini,,,
Magicicada tredecim,,,
Magicicada tredecula,,,
Magumma parva,aniani,Anianiau,ANIA
Majeorona aper,,,
Majeorona bovilla,,,
Malacocincla abbotti,abbbab1,Abbott's Babbler,
Malacocincla sepiaria,horbab2,Horsfield's Babbler,
Malaconotus alius,ulubus1,Uluguru Bushshrike,
Malaconotus blanchoti,gyhbus1,Grey-headed Bushshrike,
Malaconotus cruentus,fibbus1,Fiery-breasted Bushshrike,
Malaconotus gladiator,grbbus1,Green-breasted Bushshrike,
Malaconotus lagdeni,lagbus1,Lagden's Bushshrike,
Malaconotus monteiri,monbus1,Monteiro's Bushshrike,
Malacopteron affine,socbab1,Sooty-capped Babbler,
Malacopteron albogulare,gybbab1,Grey-breasted Babbler,
Malacopteron cinereum,sccbab1,Scaly-crowned Babbler,
Malacopteron magnirostre,moubab1,Moustached Babbler,
Malacopteron magnum,rucbab2,Rufous-crowned Babbler,
Malacopteron palawanense,palbab1,Melodious Babbler,
Malacoptila fulvogularis,blspuf1,Black-streaked Puffbird,
Malacoptila fusca,whcpuf1,White-chested Puffbird,
Malacoptila mystacalis,moupuf1,Moustached Puffbird,
Malacoptila panamensis,whwpuf1,White-whiskered Puffbird,WWPU
Malacoptila rufa,runpuf1,Rufous-necked Puffbird,
Malacoptila semicincta,sempuf1,Semicollared Puffbird,
Malacoptila striata,crcpuf1,Crescent-chested Puffbird,
Malacorhynchus membranaceus,pieduc1,Pink-eared Duck,
Malacosoma disstria,,,
Malcorus pectoralis,ruewar2,Rufous-eared Warbler,
Male_singing,,,
Male_speech_and_man_speaking,,,
Malia grata,malia1,Malia,
Malimbus ballmanni,balmal2,Gola Malimbe,
Malimbus cassini,bltmal1,Cassin's Malimbe,
Malimbus coronatus,recmal2,Red-crowned Malimbe,
Malimbus malimbicus,cremal1,Crested Malimbe,
Malimbus nitens,gramal1,Blue-billed Malimbe,
Malimbus rubricollis,rehmal1,Red-headed Malimbe,
Malimbus scutatus,revmal1,Red-vented Malimbe,
Malindangia mcgregori,mcgcus1,McGregor's Cuckooshrike,
Mallet_percussion,,,
Malpolon monspessulanus,,,
Malurus alboscapulatus,whsfai1,White-shouldered Fairywren,
Malurus amabilis,lovfai1,Lovely Fairywren,
Malurus assimilis,varfai1,Purple-backed Fairywren,
Malurus coronatus,pucfai2,Purple-crowned Fairywren,
Malurus cyaneus,supfai1,Superb Fairywren,
Malurus cyanocephalus,empfai1,Emperor Fairywren,
Malurus elegans,rewfai1,Red-winged Fairywren,
Malurus lamberti,varfai5,Variegated Fairywren,
Malurus leucopterus,whwfai1,White-winged Fairywren,
Malurus melanocephalus,rebfai1,Red-backed Fairywren,
Malurus pulcherrimus,blbfai1,Blue-breasted Fairywren,
Malurus splendens,splfai1,Splendid Fairywren,
Manacus aurantiacus,orcman1,Orange-collared Manakin,OCMA
Manacus candei,whcman1,White-collared Manakin,WCOM
Manacus manacus,whbman1,White-bearded Manakin,
Manacus vitellinus,gocman1,Golden-collared Manakin,GCMA
Mandingoa nitidula,grbtwi1,Green Twinspot,
Mandrillus leucophaeus,,,
Mandrillus sphinx,,,
Mannophryne lamarcai,,,
Mannophryne olmonae,,,
Mannophryne trinitatis,,,
Manorina flavigula,yetmin1,Yellow-throated Miner,
Manorina melanocephala,noimin1,Noisy Miner,
Manorina melanophrys,belmin1,Bell Miner,
Manorina melanotis,blemin1,Black-eared Miner,
Mantidactylus ambony,,,
Mantidactylus ambreensis,,,
Mantis religiosa,,,
Manucodia ater,glmman2,Glossy-mantled Manucode,
Manucodia chalybatus,crcman2,Crinkle-collared Manucode,
Manucodia comrii,cucman1,Curl-crested Manucode,
Maoricicada campbelli,,,
Maoricicada cassiope,,,
Maoricicada mangu,,,
Maoricicada phaeoptera,,,
Mareca americana,amewig,American Wigeon,AMWI
Mareca falcata,falduc,Falcated Duck,FADU
Mareca penelope,eurwig,Eurasian Wigeon,EUWI
Mareca sibilatrix,chiwig1,Chiloe Wigeon,
Mareca strepera,gadwal,Gadwall,GADW
Marenestha inconspicua,,,
Margarobyas lawrencii,balowl,Bare-legged Owl,BLOW
Margarops fuscatus,peethr1,Pearly-eyed Thrasher,PETH
Margarornis bellulus,beatre1,Beautiful Treerunner,BETR
Margarornis rubiginosus,rudtre1,Ruddy Treerunner,RUTR
Margarornis squamiger,peatre1,Pearled Treerunner,
Margarornis stellatus,fudtre1,Star-chested Treerunner,
Mariazofia gibba,,,
Marimba_and_xylophone,,,
Marmaronetta angustirostris,martea1,Marbled Duck,
Marmota baibacina,,,
Marmota bobak,,,
Marmota caligata,,,
Marmota flaviventris,,,
Marmota himalayana,,,
Marmota kastschenkoi,,,
Marmota marmota,,,
Marmota monax,,,
Marmota olympus,,,
Marmota sibirica,,,
Marmota vancouverensis,,,
Marpesia petreus,,,
Martes americana,,,
Martes flavigula,,,
Martes foina,,,
Martes gwatkinsii,,,
Martes martes,,,
Masius chrysopterus,gowman1,Golden-winged Manakin,
Maua affinis,,,
Maua quadrituberculata,,,
Mauremys rivulata,,,
Mayrimunia tristissima,sthmun2,Streak-headed Mannikin,
Mayrornis lessoni,slamon1,Slaty Monarch,
Mayrornis schistaceus,vanmon1,Vanikoro Monarch,
Mazaria propinqua,whbspi1,White-bellied Spinetail,
Mearnsia novaeguineae,papnee1,Papuan Spinetail,
Mechanical_fan,,,
Mechanisms,,,
Mecistops leptorhynchus,,,
Mecocerculus calopterus,ruwtyr1,Rufous-winged Tyrannulet,
Mecocerculus hellmayri,bubtyr1,Buff-banded Tyrannulet,
Mecocerculus leucophrys,whttyr2,White-throated Tyrannulet,
Mecocerculus minor,subtyr1,Sulphur-bellied Tyrannulet,
Mecocerculus poecilocercus,whttyr1,White-tailed Tyrannulet,
Mecocerculus stictopterus,whbtyr1,White-banded Tyrannulet,
Meconema meridionale,,,
Meconema thalassinum,,,
Mecopoda crescendo,,,
Mecopoda elongata,,,
Mecopoda fallax,,,
Mecopoda minor,,,
Mecopoda niponensis,,,
Mecopoda sismondoi,,,
Mecopoda synconfracta,,,
Medecticus assimilis,,,
Mediodactylus kotschyi,,,
Megabyas flammulatus,afrshf1,African Shrike-flycatcher,
Megaceryle alcyon,belkin1,Belted Kingfisher,BEKI
Megaceryle lugubris,crekin1,Crested Kingfisher,
Megaceryle maxima,giakin3,Giant Kingfisher,
Megaceryle torquata,rinkin1,Ringed Kingfisher,RIKI
Megacyllene caryae,,,
Megacyllene robiniae,,,
Megadyptes antipodes,yeepen1,Yellow-eyed Penguin,
Megalampitta gigantea,gremel1,Greater Melampitta,
Megalurus palustris,strgra1,Striated Grassbird,
Megapodius bernsteinii,sulscr1,Sula Megapode,
Megapodius cumingii,tabscr1,Philippine Megapode,
Megapodius decollatus,negscr1,New Guinea Scrubfowl,
Megapodius eremita,melscr1,Melanesian Megapode,
Megapodius freycinet,dusscr1,Dusky Megapode,
Megapodius geelvinkianus,dusscr3,Biak Scrubfowl,
Megapodius laperouse,micscr1,Micronesian Megapode,
Megapodius layardi,vanscr1,Vanuatu Megapode,
Megapodius pritchardii,niuscr1,Tongan Megapode,
Megapodius reinwardt,orfscr1,Orange-footed Scrubfowl,
Megapodius tenimberensis,tanscr1,Tanimbar Megapode,
Megapomponia imperatoria,,,
Megapomponia intermedia,,,
Megapomponia merula,,,
Megapomponia pendleburyi,,,
Megaponera analis,,,
Megaptera novaeangliae,,,
Megarynchus pitangua,bobfly1,Boat-billed Flycatcher,BOBF
Megascops albogularis,whtsco1,White-throated Screech Owl,
Megascops asio,easowl1,Eastern Screech Owl,EASO
Megascops atricapilla,bkcsco1,Black-capped Screech Owl,
Megascops barbarus,besowl,Bearded Screech Owl,BESO
Megascops centralis,versco2,Choco Screech Owl,CHSO
Megascops choliba,trsowl,Tropical Screech Owl,TRSO
Megascops clarkii,bssowl,Bare-shanked Screech Owl,BSSO
Megascops cooperi,pasowl4,Pacific Screech Owl,PASO
Megascops gilesi,samsco1,Santa Marta Screech Owl,
Megascops guatemalae,vesowl,Middle American Screech Owl,MASO
Megascops hoyi,mofsco1,Yungas Screech Owl,
Megascops ingens,rufsco1,Rufescent Screech Owl,
Megascops kennicottii,wesowl1,Western Screech Owl,WESO
Megascops koepckeae,koesco1,Koepcke's Screech Owl,
Megascops marshalli,clfsco1,Cloud-forest Screech Owl,
Megascops petersoni,cinsco1,Cinnamon Screech Owl,
Megascops roboratus,persco1,West Peruvian Screech Owl,
Megascops roraimae,foosco1,Foothill Screech Owl,
Megascops sanctaecatarinae,lotsco1,Long-tufted Screech Owl,
Megascops seductus,basowl,Balsas Screech Owl,BASO
Megascops trichopsis,whsowl1,Whiskered Screech Owl,WHSO
Megascops watsonii,tabsco1,Tawny-bellied Screech Owl,
Megastictus margaritatus,peaant1,Pearly Antshrike,
Megatibicen cultriformis,,,
Megatibicen dealbatus,,,
Megatibicen dorsatus,,,
Megatibicen figuratus,,,
Megatibicen grossa,,,
Megatibicen harenosus,,,
Megatibicen pronotalis,,,
Megatibicen resh,,,
Megatibicen resonans,,,
Megatibicen tremulus,,,
Megatriorchis doriae,dorgos1,Doria's Hawk,
Megaulacobothrus aethalinus,,,
Megaxenops parnaguae,grexen1,Great Xenops,
Megazosterops palauensis,giweye1,Giant White-eye,
Meiglyptes jugularis,babwoo3,Black-and-buff Woodpecker,
Meiglyptes tristis,burwoo3,Zebra Woodpecker,
Meiglyptes tukki,bunwoo1,Buff-necked Woodpecker,
Meimuna boninensis,,,
Meimuna iwasakii,,,
Meimuna kuroiwae,,,
Meimuna mongolica,,,
Meimuna opalifera,,,
Meimuna oshimensis,,,
Meimuna silhetana,,,
Meimuna tavoyana,,,
Melaenornis annamarulae,nimfly1,Nimba Flycatcher,
Melaenornis ardesiacus,yebfly2,Yellow-eyed Black Flycatcher,
Melaenornis brunneus,angslf1,Angola Slaty Flycatcher,
Melaenornis chocolatinus,abyslf1,Abyssinian Slaty Flycatcher,
Melaenornis edolioides,nobfly1,Northern Black Flycatcher,
Melaenornis fischeri,wheslf1,White-eyed Slaty Flycatcher,
Melaenornis pammelaina,sobfly1,Southern Black Flycatcher,
Melampitta lugubris,lesmel1,Lesser Melampitta,
Melampsalta musiva,,,
Melampsalta sinuatipennis,,,
Melanerpes aurifrons,gofwoo,Golden-fronted Woodpecker,GFWO
Melanerpes cactorum,whfwoo1,White-fronted Woodpecker,
Melanerpes candidus,whiwoo1,White Woodpecker,
Melanerpes carolinus,rebwoo,Red-bellied Woodpecker,RBWO
Melanerpes chrysauchen,gonwoo1,Golden-naped Woodpecker,GNWO
Melanerpes chrysogenys,gocwoo1,Golden-cheeked Woodpecker,GCHW
Melanerpes cruentatus,yetwoo2,Yellow-tufted Woodpecker,
Melanerpes erythrocephalus,rehwoo,Red-headed Woodpecker,RHWO
Melanerpes flavifrons,yefwoo1,Yellow-fronted Woodpecker,
Melanerpes formicivorus,acowoo,Acorn Woodpecker,ACWO
Melanerpes herminieri,guawoo1,Guadeloupe Woodpecker,GUWO
Melanerpes hoffmannii,hofwoo1,Hoffmann's Woodpecker,HOWO
Melanerpes hypopolius,grbwoo1,Grey-breasted Woodpecker,GBWO
Melanerpes lewis,lewwoo,Lewis's Woodpecker,LEWO
Melanerpes portoricensis,purwoo1,Puerto Rican Woodpecker,PRWO
Melanerpes pucherani,blcwoo1,Black-cheeked Woodpecker,BCWO
Melanerpes pulcher,beawoo2,Beautiful Woodpecker,
Melanerpes pygmaeus,yucwoo,Yucatan Woodpecker,YUWO
Melanerpes radiolatus,jamwoo1,Jamaican Woodpecker,JAWO
Melanerpes rubricapillus,recwoo1,Red-crowned Woodpecker,RCRW
Melanerpes striatus,hiswoo1,Hispaniolan Woodpecker,HIWO
Melanerpes superciliaris,weiwoo1,West Indian Woodpecker,WIWO
Melanerpes uropygialis,gilwoo,Gila Woodpecker,GIWO
Melaniparus afer,grytit1,Grey Tit,
Melaniparus albiventris,whbtit5,White-bellied Tit,
Melaniparus carpi,cartit2,Carp's Tit,
Melaniparus cinerascens,ashtit2,Ashy Tit,
Melaniparus fasciiventer,stbtit2,Stripe-breasted Tit,
Melaniparus fringillinus,rettit2,Red-throated Tit,
Melaniparus funereus,dustit2,Dusky Tit,
Melaniparus griseiventris,miotit2,Miombo Tit,
Melaniparus guineensis,whsblt1,White-shouldered Black Tit,
Melaniparus leucomelas,whwblt3,White-winged Black Tit,
Melaniparus leuconotus,whbblt1,White-backed Black Tit,
Melaniparus niger,soublt1,Southern Black Tit,
Melaniparus rufiventris,rubtit3,Rufous-bellied Tit,
Melaniparus thruppi,somtit4,Acacia Tit,
Melanitta americana,blksco2,Black Scoter,BLSC
Melanitta deglandi,whwsco2,White-winged Scoter,WWSC
Melanitta fusca,whwsco3,Velvet Scoter,VESC
Melanitta nigra,blksco1,Common Scoter,COSC
Melanitta perspicillata,sursco,Surf Scoter,SUSC
Melanitta stejnegeri,whwsco1,Stejneger's Scoter,STSC
Melanocharis arfakiana,obsber1,Obscure Berrypecker,
Melanocharis citreola,satber1,Satin Berrypecker,
Melanocharis longicauda,lebber1,Mid-mountain Berrypecker,
Melanocharis nigra,blaber1,Black Berrypecker,
Melanocharis piperata,spober3,Spotted Berrypecker,
Melanocharis versteri,fatber1,Fan-tailed Berrypecker,
Melanochlora sultanea,sultit1,Sultan Tit,
Melanocichla calva,bahlau1,Bare-headed Laughingthrush,
Melanocichla lugubris,blalau1,Black Laughingthrush,
Melanocorypha bimaculata,bimlar1,Bimaculated Lark,
Melanocorypha calandra,callar1,Calandra Lark,
Melanocorypha maxima,tiblar1,Tibetan Lark,
Melanocorypha mongolica,monlar1,Mongolian Lark,
Melanocorypha yeltoniensis,blalar1,Black Lark,
Melanodera melanodera,cawfin1,White-bridled Finch,
Melanodera xanthogramma,yebfin1,Yellow-bridled Finch,
Melanodryas bimaculata,whrrob2,White-rumped Robin,
Melanodryas cryptoleuca,smorob2,Smoky Robin,
Melanodryas cucullata,hoorob1,Hooded Robin,
Melanodryas cyanus,bugrob1,Slaty Robin,
Melanodryas pulverulenta,manrob1,Mangrove Robin,
Melanodryas sigillata,whwrob2,White-winged Robin,
Melanodryas vittata,dusrob1,Dusky Robin,
Melanogryllus desertus,,,
Melanopareia elegans,elecre1,Elegant Crescentchest,
Melanopareia maranonica,marcre1,Maranon Crescentchest,
Melanopareia maximiliani,olccre1,Olive-crowned Crescentchest,
Melanopareia torquata,colcre1,Collared Crescentchest,
Melanophryniscus diabolicus,,,
Melanophryniscus estebani,,,
Melanophryniscus formosus,,,
Melanophryniscus fulvoguttatus,,,
Melanophryniscus klappenbachi,,,
Melanophryniscus montevidensis,,,
Melanophryniscus spectabilis,,,
Melanophryniscus stelzneri,,,
Melanophryniscus tumifrons,,,
Melanoptila glabrirostris,blacat1,Black Catbird,BLCA
Melanorectes nigrescens,blapit1,Black Pitohui,
Melanospiza bicolor,bkfgra,Black-faced Grassquit,BFGR
Melanospiza richardsoni,slbfin1,St. Lucia Black Finch,SLBF
Melanotis caerulescens,blumoc,Blue Mockingbird,BLMO
Melanotis hypoleucus,bawmoc1,Blue-and-white Mockingbird,BAWM
Meleagris gallopavo,wiltur,Wild Turkey,WITU
Meleagris ocellata,ocetur1,Ocellated Turkey,OCTU
Meles meles,,,
Meliarchus sclateri,sacmel1,Makira Honeyeater,
Melichneutes robustus,lython1,Lyre-tailed Honeyguide,
Melidectes belfordi,belmel1,Belford's Melidectes,
Melidectes foersteri,huomel1,Huon Melidectes,
Melidectes leucostephes,vogmel1,Vogelkop Melidectes,
Melidectes ochromelas,cibmel1,Cinnamon-browed Melidectes,
Melidectes rufocrissalis,yebmel1,Yellow-browed Melidectes,
Melidectes torquatus,ornmel1,Ornate Melidectes,
Melidora macrorrhina,hobkin1,Hook-billed Kingfisher,
Melierax canorus,pacgos1,Pale Chanting Goshawk,
Melierax metabates,dacgos1,Dark Chanting Goshawk,
Melierax poliopterus,eacgos1,Eastern Chanting Goshawk,
Melignomon eisentrauti,yefhon2,Yellow-footed Honeyguide,
Melilestes megarhynchus,lobhon2,Long-billed Honeyeater,
Melionyx fuscus,soomel1,Sooty Honeyeater,
Meliphacator provocator,kanhon1,Kadavu Honeyeater,
Meliphaga albilineata,whlhon1,White-lined Honeyeater,
Meliphaga albonotata,scrhon1,Scrub Honeyeater,
Meliphaga analoga,mimhon1,Mimic Honeyeater,
Meliphaga aruensis,pubhon1,Puff-backed Honeyeater,
Meliphaga chrysogenys,orchon1,Orange-cheeked Honeyeater,
Meliphaga cinereifrons,grahon3,Elegant Honeyeater,
Meliphaga flavirictus,yeghon1,Yellow-gaped Honeyeater,
Meliphaga fordiana,kimhon1,Kimberley Honeyeater,
Meliphaga gracilis,grahon2,Graceful Honeyeater,
Meliphaga imitatrix,grahon5,Cryptic Honeyeater,
Meliphaga lewinii,lewhon1,Lewin's Honeyeater,
Meliphaga montana,forhon1,Forest Honeyeater,
Meliphaga notata,yeshon1,Yellow-spotted Honeyeater,
Meliphaga orientalis,moumel1,Mountain Honeyeater,
Meliphaga reticulata,stbhon3,Streak-breasted Honeyeater,
Meliphaga vicina,taghon1,Tagula Honeyeater,
Melipotes ater,spahon1,Spangled Honeyeater,
Melipotes fumigatus,smohon1,Common Smoky Honeyeater,
Melipotes gymnops,arfhon1,Arfak Honeyeater,
Melithreptus affinis,blhhon1,Black-headed Honeyeater,
Melithreptus albogularis,whthon1,White-throated Honeyeater,
Melithreptus brevirostris,brhhon1,Brown-headed Honeyeater,
Melithreptus chloropsis,whnhon3,Gilbert's Honeyeater,
Melithreptus gularis,blchon2,Black-chinned Honeyeater,
Melithreptus lunatus,whnhon2,White-naped Honeyeater,
Melithreptus validirostris,stbhon2,Strong-billed Honeyeater,
Melitograis gilolensis,whsfri1,White-streaked Friarbird,
Mellisuga helenae,beehum1,Bee Hummingbird,BEEH
Mellisuga minima,verhum1,Vervain Hummingbird,VEHU
Melloria quoyi,blabut1,Black Butcherbird,
Melocichla mentalis,mogwar1,Moustached Grass Warbler,
Melogale subaurantiaca,,,
Meloimorpha japonica,,,
Melopsittacus undulatus,budger,Budgerigar,
Melopyrrha nigra,cubbul2,Cuban Bullfinch,CUBU
Melopyrrha portoricensis,purbul1,Puerto Rican Bullfinch,PRBU
Melopyrrha violacea,grabul1,Greater Antillean Bullfinch,GABU
Melospiza georgiana,swaspa,Swamp Sparrow,SWSP
Melospiza lincolnii,linspa,Lincoln's Sparrow,LISP
Melospiza melodia,sonspa,Song Sparrow,SOSP
Melozone aberti,abetow,Abert's Towhee,ABTO
Melozone albicollis,whttow1,White-throated Towhee,WTTO
Melozone biarcuata,pregrs1,Prevost's Ground Sparrow,WFGS
Melozone cabanisi,pregrs2,Cabanis's Ground Sparrow,CAGS
Melozone crissalis,caltow,California Towhee,CALT
Melozone fusca,cantow,Canyon Towhee,CANT
Melozone kieneri,rcgspa1,Rusty-crowned Ground Sparrow,RCGS
Melozone leucotis,wegspa1,White-eared Ground Sparrow,WEGS
Melursus ursinus,,,
Menelikornis leucotis,whctur1,White-cheeked Turaco,
Menelikornis ruspolii,prrtur1,Ruspoli's Turaco,
Menetes berdmorei,,,
Mentocrex beankaensis,tsiwor1,Tsingy Forest Rail,
Mentocrex kioloides,madwor1,Madagascar Forest Rail,
Menura alberti,alblyr1,Albert's Lyrebird,
Menura novaehollandiae,suplyr1,Superb Lyrebird,
Meow,,,
Mephitis mephitis,,,
Merganetta armata,torduc1,Torrent Duck,
Mergellus albellus,smew,Smew,SMEW
Mergus merganser,commer,Common Merganser,COME
Mergus octosetaceus,bramer1,Brazilian Merganser,
Mergus serrator,rebmer,Red-breasted Merganser,RBME
Mergus squamatus,scsmer1,Scaly-sided Merganser,
Mermiria bivittata,,,
Merodon equestris,,,
Meromacrus acutus,,,
Meropogon forsteni,pbbeat1,Purple-bearded Bee-eater,
Merops albicollis,wtbeat1,White-throated Bee-eater,
Merops apiaster,eubeat1,European Bee-eater,
Merops boehmi,bobeat1,Böhm's Bee-eater,
Merops breweri,bhbeat1,Black-headed Bee-eater,
Merops bullockoides,wfbeat1,White-fronted Bee-eater,
Merops bulocki,rtbeat1,Red-throated Bee-eater,
Merops cyanophrys,grnbee2,Arabian Green Bee-eater,
Merops gularis,blbeat1,Black Bee-eater,
Merops hirundineus,stbeat1,Swallow-tailed Bee-eater,
Merops lafresnayii,bubbee2,Ethiopian Bee-eater,
Merops leschenaulti,chbeat1,Chestnut-headed Bee-eater,
Merops malimbicus,robeat1,Rosy Bee-eater,
Merops mentalis,bumbee1,Blue-moustached Bee-eater,
Merops muelleri,bhbeat2,Blue-headed Bee-eater,
Merops nubicoides,scbeat1,Southern Carmine Bee-eater,
Merops nubicus,ncbeat1,Northern Carmine Bee-eater,
Merops oreobates,ccbeat1,Cinnamon-chested Bee-eater,
Merops orientalis,grnbee3,Asian Green Bee-eater,
Merops ornatus,rabeat1,Rainbow Bee-eater,
Merops persicus,bcbeat1,Blue-cheeked Bee-eater,
Merops philippinus,btbeat1,Blue-tailed Bee-eater,
Merops pusillus,libeat1,Little Bee-eater,
Merops revoilii,sobeat1,Somali Bee-eater,
Merops superciliosus,mabeat1,Olive Bee-eater,
Merops variegatus,bbbeat2,Blue-breasted Bee-eater,
Merops viridis,btbeat2,Blue-throated Bee-eater,
Merops viridissimus,grnbee1,African Green Bee-eater,
Mertensophryne lughensis,,,
Merulaxis ater,slabri1,Slaty Bristlefront,
Merulaxis stresemanni,strbri1,Stresemann's Bristlefront,
Mesagraecia bicolor,,,
Mesembrinibis cayennensis,greibi1,Green Ibis,GRIB
Mesitornis unicolor,bromes1,Brown Mesite,
Mesitornis variegatus,whbmes2,White-breasted Mesite,
Mesocricetus auratus,,,
Mesosa curculionoides,,,
Metabolus rugensis,trumon1,Chuuk Monarch,
Metacarcinus magister,,,
Metacrinia nichollsi,,,
Metallura aeneocauda,scamet1,Scaled Metaltail,
Metallura baroni,vitmet1,Violet-throated Metaltail,
Metallura eupogon,fitmet1,Fiery-throated Metaltail,
Metallura iracunda,permet1,Perija Metaltail,
Metallura odomae,nebmet1,Neblina Metaltail,
Metallura phoebe,blamet1,Black Metaltail,
Metallura theresiae,copmet1,Coppery Metaltail,
Metallura tyrianthina,tyrmet1,Tyrian Metaltail,
Metallura williami,virmet1,Viridian Metaltail,
Metaphrynella pollicaris,,,
Metaphrynella sundana,,,
Metaplastes ippolitoi,,,
Metaplastes oertzeni,,,
Metaplastes ornatus,,,
Metaplastes pulchripennis,,,
Metapurana nebulilinea,,,
Metholce nigritarsis,,,
Metopidius indicus,brwjac1,Bronze-winged Jacana,
Metopothrix aurantiaca,orfplu2,Orange-fronted Plushcrown,
Metriopelia aymara,gsgdov1,Golden-spotted Ground Dove,
Metriopelia ceciliae,bfgdov1,Bare-faced Ground Dove,
Metriopelia melanoptera,bwgdov1,Black-winged Ground Dove,
Metriopelia morenoi,begdov1,Moreno's Ground Dove,
Metrioptera ambigua,,,
Metrioptera brachyptera,,,
Metrioptera buyssoni,,,
Metrioptera caprai,,,
Metrioptera hoermanni,,,
Metrioptera maritima,,,
Metrioptera prenjica,,,
Metrioptera saussuriana,,,
Metrioptera tsirojanni,,,
Metrobates hesperius,,,
Mico humeralifer,,,
Micrastur buckleyi,buffal1,Buckley's Forest Falcon,
Micrastur gilvicollis,liffal1,Lined Forest Falcon,
Micrastur mintoni,cryfof1,Cryptic Forest Falcon,
Micrastur mirandollei,sbffal1,Slaty-backed Forest Falcon,SBFF
Micrastur plumbeus,plffal1,Plumbeous Forest Falcon,
Micrastur ruficollis,baffal1,Barred Forest Falcon,BAFF
Micrastur semitorquatus,coffal1,Collared Forest Falcon,COFF
Micrathene whitneyi,elfowl,Elf Owl,ELOW
Microbates cinereiventris,tafgna1,Tawny-faced Gnatwren,TFGN
Microbates collaris,colgna1,Collared Gnatwren,
Microbatrachella capensis,,,
Microcarbo africanus,lotcor1,Reed Cormorant,
Microcarbo melanoleucos,lipcor1,Little Pied Cormorant,
Microcarbo niger,litcor1,Little Cormorant,
Microcarbo pygmaeus,pygcor2,Pygmy Cormorant,
Microcentrum angustatum,,,
Microcentrum californicum,,,
Microcentrum latifrons,,,
Microcentrum minus,,,
Microcentrum retinerve,,,
Microcentrum rhombifolium,,,
Microcerculus bambla,wibwre1,Wing-banded Wren,
Microcerculus marginatus,scbwre1,Southern Nightingale-Wren,SCBW
Microcerculus philomela,nigwre1,Northern Nightingale-Wren,NIWR
Microcerculus ustulatus,fluwre1,Flutist Wren,
Microchera albocoronata,snowca1,Snowcap,SNOC
Microchera chionura,whteme1,White-tailed Emerald,WTEM
Microchera cupreiceps,coheme1,Coppery-headed Emerald,CHEM
Microdynamis parva,dwakoe1,Dwarf Koel,
Microeca fascinans,jacwin1,Jacky Winter,
Microeca flavigaster,lebfly3,Lemon-bellied Flyrobin,
Microeca hemixantha,gobfly2,Golden-bellied Flyrobin,
Microhierax caerulescens,colfal1,Collared Falconet,
Microhierax erythrogenys,phifal1,Philippine Falconet,
Microhierax fringillarius,bltfal1,Black-thighed Falconet,
Microhierax latifrons,whffal1,White-fronted Falconet,
Microhierax melanoleucos,piefal2,Pied Falconet,
Microhodotermes viator,,,
Microhyla achatina,,,
Microhyla beilunensis,,,
Microhyla berdmorei,,,
Microhyla butleri,,,
Microhyla fissipes,,,
Microhyla heymonsi,,,
Microhyla kodial,,,
Microhyla malang,,,
Microhyla mukhlesuri,,,
Microhyla nepenthicola,,,
Microhyla nilphamariensis,,,
Microhyla orientalis,,,
Microhyla ornata,,,
Microhyla palmipes,,,
Microhyla pulchra,,,
Microkayla chacaltaya,,,
Microkayla wettsteini,,,
Microligea palustris,grtwar1,Green-tailed Warbler,GTWA
Micromacronus sordidus,minmib1,Mindanao Miniature Babbler,
Micromonacha lanceolata,lanmon1,Lanceolated Monklet,LAMO
Micronisus gabar,gabgos2,Gabar Goshawk,
Microparra capensis,lesjac1,Lesser Jacana,
Micropogonias undulatus,,,
Micropsitta bruijnii,rbppar1,Red-breasted Pygmy Parrot,
Micropsitta finschii,fippar1,Finsch's Pygmy Parrot,
Micropsitta geelvinkiana,geppar1,Geelvink Pygmy Parrot,
Micropsitta keiensis,ycppar1,Yellow-capped Pygmy Parrot,
Micropsitta meeki,meppar1,Meek's Pygmy Parrot,
Micropsitta pusio,bfppar1,Buff-faced Pygmy Parrot,
Micropternus brachyurus,rufwoo2,Rufous Woodpecker,
Micropterus nigricans,,,
Microrhopias quixensis,dowant1,Dot-winged Antwren,DWAN
Micrornebius inopinatus,,,
Micrornebius maninjau,,,
Microspingus alticola,ptwfin1,Plain-tailed Warbling Finch,
Microspingus cabanisi,gytwaf1,Grey-throated Warbling Finch,
Microspingus cinereus,ciwfin1,Cinereous Warbling Finch,
Microspingus erythrophrys,rbwfin2,Rusty-browed Warbling Finch,
Microspingus lateralis,rrwfin1,Buff-throated Warbling Finch,
Microspingus melanoleucus,bcwfin2,Black-capped Warbling Finch,
Microspingus torquatus,riwfin1,Ringed Warbling Finch,
Microspingus trifasciatus,thshem1,Three-striped Hemispingus,
Microspizias collaris,semhaw2,Semicollared Hawk,
Microspizias superciliosus,tinhaw1,Tiny Hawk,TIHA
Microstilbon burmeisteri,sltwoo1,Slender-tailed Woodstar,
Microtarsus eutilotus,pubbul1,Puff-backed Bulbul,
Microtarsus fuscoflavescens,andbul1,Andaman Bulbul,
Microtarsus melanocephalos,blhbul1,Black-headed Bulbul,
Microtarsus melanoleucos,bawbul2,Black-and-white Bulbul,
Microtarsus priocephalus,gyhbul1,Grey-headed Bulbul,
Microtarsus urostictus,yewbul1,Yellow-wattled Bulbul,
Microtus abbreviatus,,,
Microtus agrestis,,,
Microtus arvalis,,,
Microtus pennsylvanicus,,,
Microtus subterraneus,,,
Microtus xanthognathus,,,
Microwave_oven,,,
Microxenops milleri,rutxen1,Rufous-tailed Xenops,
Micrurus tener,,,
Micryletta erythropoda,,,
Micryletta steinegeri,,,
Milvus migrans,blakit1,Black Kite,BLAK
Milvus milvus,redkit1,Red Kite,
Mimus dorsalis,brbmoc1,Brown-backed Mockingbird,
Mimus gilvus,tromoc,Tropical Mockingbird,TRMO
Mimus graysoni,socmoc1,Socorro Mockingbird,SOMO
Mimus gundlachii,bahmoc,Bahama Mockingbird,BAMO
Mimus longicaudatus,lotmoc1,Long-tailed Mockingbird,
Mimus macdonaldi,hoomoc1,Espanola Mockingbird,
Mimus melanotis,chamoc2,San Cristobal Mockingbird,
Mimus parvulus,galmoc1,Galapagos Mockingbird,
Mimus patagonicus,patmoc1,Patagonian Mockingbird,
Mimus polyglottos,normoc,Northern Mockingbird,NOMO
Mimus saturninus,chbmoc1,Chalk-browed Mockingbird,
Mimus thenca,chimoc1,Chilean Mockingbird,
Mimus trifasciatus,chamoc1,Floreana Mockingbird,
Mimus triurus,whbmoc1,White-banded Mockingbird,
Minervarya agricola,,,
Minervarya nepalensis,,,
Minervarya rufescens,,,
Minla ignotincta,retmin1,Red-tailed Minla,
Mino anais,golmyn1,Golden Myna,
Mino dumontii,yefmyn1,Yellow-faced Myna,
Mino kreffti,lotmyn1,Long-tailed Myna,
Mioacris javana,,,
Miogryllus lineatus,,,
Miogryllus verticalis,,,
Mionectes macconnelli,mccfly1,McConnell's Flycatcher,
Mionectes oleagineus,ocbfly1,Ochre-bellied Flycatcher,OBFL
Mionectes olivaceus,olsfly2,Olive-striped Flycatcher,OSTF
Mionectes roraimae,mccfly3,Sierra de Lema Flycatcher,
Mionectes rufiventris,gyhfly1,Grey-hooded Flycatcher,
Mionectes striaticollis,stnfly1,Streak-necked Flycatcher,
Miopithecus ogouensis,,,
Mirafra albicauda,whtlar1,White-tailed Lark,
Mirafra cheniana,latlar1,Melodious Lark,
Mirafra javanica,sinbus6,Singing Bush Lark,
Mirafra passerina,monlar2,Monotonous Lark,
Mirafra pulpa,frilar1,Friedmann's Lark,
Mirafra williamsi,willar1,Williams's Lark,
Mirollia hexapinna,,,
Mirounga angustirostris,,,
Mirounga leonina,,,
Mitius blennus,,,
Mitius enatus,,,
Mitius minor,,,
Mitrephanes olivaceus,olifly2,Olive Tufted Flycatcher,
Mitrephanes phaeocercus,tuffly,Northern Tufted Flycatcher,TUFL
Mitrospingus cassinii,duftan1,Dusky-faced Tanager,DFTA
Mitrospingus oleagineus,olbtan1,Olive-backed Tanager,
Mitu mitu,alacur1,Alagoas Curassow,
Mitu salvini,salcur1,Salvin's Curassow,
Mitu tomentosum,crecur2,Crestless Curassow,
Mitu tuberosum,rabcur2,Razor-billed Curassow,
Mixophyes carbinensis,,,
Mixophyes coggeri,,,
Mixophyes fasciolatus,,,
Mixophyes fleayi,,,
Mixophyes iteratus,,,
Mixophyes schevilli,,,
Mixornis bornensis,bostib1,Bold-striped Tit-Babbler,
Mixornis flavicollis,gyctib1,Grey-cheeked Tit-Babbler,
Mixornis gularis,sttbab1,Pin-striped Tit-Babbler,
Mixornis kelleyi,gyftib1,Grey-faced Tit-Babbler,
Mniotilta varia,bawwar,Black-and-white Warbler,BAWW
Modestana ebneri,,,
Modestana modesta,,,
Modicogryllus algirius,,,
Modicogryllus confirmatus,,,
Modicogryllus consobrinus,,,
Modicogryllus conspersus,,,
Modicogryllus cyprius,,,
Modicogryllus frontalis,,,
Modicogryllus perplexus,,,
Modicogryllus truncatus,,,
Modulatrix stictigula,spothr1,Spot-throat,
Mogannia formosana,,,
Mogannia hebes,,,
Mogannia minuta,,,
Mogulones geographicus,,,
Mohoua albicilla,whiteh1,Whitehead,
Mohoua novaeseelandiae,pipipi1,Pipipi,
Mohoua ochrocephala,yellow3,Yellowhead,
Molothrus aeneus,brocow,Bronzed Cowbird,BROC
Molothrus ater,bnhcow,Brown-headed Cowbird,BHCO
Molothrus bonariensis,shicow,Shiny Cowbird,SHCO
Molothrus oryzivorus,giacow,Giant Cowbird,GICO
Molothrus rufoaxillaris,scrcow1,Screaming Cowbird,
Momotus aequatorialis,higmot1,Andean Motmot,
Momotus bahamensis,trimot1,Trinidad Motmot,
Momotus coeruliceps,bucmot1,Blue-capped Motmot,BCMO
Momotus lessonii,bucmot2,Lesson's Motmot,LEMO
Momotus mexicanus,rucmot1,Russet-crowned Motmot,RCMO
Momotus momota,bucmot4,Amazonian Motmot,
Momotus subrufescens,bucmot3,Whooping Motmot,WHMO
Monachella muelleriana,torfly1,Torrent Flyrobin,
Monarcha castaneiventris,chbmon1,Chestnut-bellied Monarch,
Monarcha cinerascens,islmon1,Island Monarch,
Monarcha frater,blwmon1,Black-winged Monarch,
Monarcha godeffroyi,yapmon1,Yap Monarch,
Monarcha melanopsis,blfmon1,Black-faced Monarch,
Monarcha richardsii,whcmon1,White-capped Monarch,
Monarcha takatsukasae,tinmon1,Tinian Monarch,
Monarthropalpus flavus,,,
Monasa atra,blanun1,Black Nunbird,
Monasa flavirostris,yebnun1,Yellow-billed Nunbird,
Monasa morphoeus,whfnun1,White-fronted Nunbird,WFNU
Monasa nigrifrons,blfnun1,Black-fronted Nunbird,
Mongolodectes kiritshenkoi,,,
Mongolotettix japonicus,,,
Mongolotettix vittatus,,,
Monias benschi,submes1,Subdesert Mesite,
Monochamus clamator,,,
Monochamus galloprovincialis,,,
Monochamus notatus,,,
Monochamus scutellatus,,,
Monomatapa insignis,,,
Mononychus punctumalbum,,,
Montana armeniaca,,,
Montana barretii,,,
Montana carpetana,,,
Montana decticiformis,,,
Montana eversmanni,,,
Montana macedonica,,,
Montana medvedevi,,,
Montana montana,,,
Montana schereri,,,
Montana striata,,,
Montana stricta,,,
Montana tomini,,,
Montecincla cachinnans,bkclau2,Nilgiri Laughingthrush,
Montecincla fairbanki,kerlau2,Palani Laughingthrush,
Montecincla jerdoni,bkclau1,Banasura Laughingthrush,
Montecincla meridionalis,kerlau3,Ashambu Laughingthrush,
Montezumina modesta,,,
Monticola angolensis,mirthr1,Miombo Rock Thrush,
Monticola brevipes,strthr1,Short-toed Rock Thrush,
Monticola cinclorhyncha,bcrthr1,Blue-capped Rock Thrush,
Monticola explorator,serthr1,Sentinel Rock Thrush,
Monticola gularis,wtrthr1,White-throated Rock Thrush,
Monticola imerina,litrot1,Littoral Rock Thrush,
Monticola rufiventris,cbrthr1,Chestnut-bellied Rock Thrush,
Monticola rufocinereus,lirthr1,Little Rock Thrush,
Monticola rupestris,carthr1,Cape Rock Thrush,
Monticola saxatilis,rtrthr1,Common Rock Thrush,RTRT
Monticola semirufus,wwccha1,White-winged Cliff Chat,
Monticola sharpei,forrot2,Forest Rock Thrush,
Monticola solitarius,burthr,Blue Rock Thrush,
Montifringilla adamsi,blwsno1,Black-winged Snowfinch,
Montifringilla henrici,tibsno2,Tibetan Snowfinch,
Montifringilla nivalis,whwsno1,White-winged Snowfinch,
Morimus asper,,,
Morococcyx erythropygus,legcuc1,Lesser Ground Cuckoo,LEGC
Morphacris fasciata,,,
Morphnarchus princeps,barhaw1,Barred Hawk,BAHA
Morphnus guianensis,creeag1,Crested Eagle,CREA
Morus bassanus,norgan,Northern Gannet,NOGA
Morus capensis,capgan1,Cape Gannet,
Morus serrator,ausgan1,Australasian Gannet,
Motacilla aguimp,afpwag1,African Pied Wagtail,
Motacilla alba,whiwag,White Wagtail,WHWA
Motacilla bocagii,boclon2,Sao Tome Shorttail,
Motacilla capensis,capwag1,Cape Wagtail,
Motacilla cinerea,grywag,Grey Wagtail,GRAW
Motacilla citreola,citwag,Citrine Wagtail,CIWA
Motacilla clara,mouwag1,Mountain Wagtail,
Motacilla flava,eaywag1,Western Yellow Wagtail,
Motacilla flaviventris,madwag1,Madagascar Wagtail,
Motacilla grandis,japwag1,Japanese Wagtail,
Motacilla maderaspatensis,whbwag1,White-browed Wagtail,
Motacilla samveasnae,mekwag1,Mekong Wagtail,
Motacilla tschutschensis,eaywag,Eastern Yellow Wagtail,EYWA
Motor_vehicle_(road),,,
Motorcycle,,,
Moupinia poecilotis,rutbab1,Rufous-tailed Babbler,
Mugadina emma,,,
Mugadina marshalli,,,
Mulleripicus fuliginosus,sousow1,Southern Sooty Woodpecker,
Mulleripicus fulvus,ashwoo1,Ashy Woodpecker,
Mulleripicus funebris,soowoo1,Northern Sooty Woodpecker,
Mulleripicus pulverulentus,grswoo1,Great Slaty Woodpecker,
Mungos mungo,,,
Mungotictis decemlineata,,,
Muntiacus muntjak,,,
Muntiacus reevesi,,,
Muntiacus vaginalis,,,
Mus musculus,,,
Muscardinus avellanarius,,,
Muscicapa adusta,afdfly1,African Dusky Flycatcher,
Muscicapa aquatica,swafly3,Swamp Flycatcher,
Muscicapa cassini,casfly1,Cassin's Flycatcher,
Muscicapa dauurica,asbfly,Asian Brown Flycatcher,ABFL
Muscicapa epulata,ligfly2,Little Grey Flycatcher,
Muscicapa ferruginea,ferfly1,Ferruginous Flycatcher,
Muscicapa gambagae,gamfly1,Gambaga Flycatcher,
Muscicapa griseisticta,gysfly1,Grey-streaked Flycatcher,GSFL
Muscicapa muttui,brbfly2,Brown-breasted Flycatcher,
Muscicapa segregata,subfly2,Sumba Brown Flycatcher,
Muscicapa sethsmithi,yeffly1,Yellow-footed Flycatcher,
Muscicapa sibirica,dasfly,Dark-sided Flycatcher,DSFL
Muscicapa striata,spofly1,Spotted Flycatcher,SPFL
Muscicapa williamsoni,bnsfly1,Brown-streaked Flycatcher,
Muscigralla brevicauda,stftyr1,Short-tailed Field Tyrant,
Muscipipra vetula,shtgrt1,Shear-tailed Grey Tyrant,
Muscisaxicola albifrons,wfgtyr1,White-fronted Ground Tyrant,
Muscisaxicola albilora,wbgtyr1,White-browed Ground Tyrant,
Muscisaxicola alpinus,plcgrt1,Paramo Ground Tyrant,
Muscisaxicola capistratus,cibgrt1,Cinnamon-bellied Ground Tyrant,
Muscisaxicola cinereus,cingrt1,Cinereous Ground Tyrant,
Muscisaxicola flavinucha,ongtyr1,Ochre-naped Ground Tyrant,
Muscisaxicola frontalis,bfgtyr1,Black-fronted Ground Tyrant,
Muscisaxicola griseus,tacgrt1,Taczanowski's Ground Tyrant,
Muscisaxicola juninensis,pugtyr1,Puna Ground Tyrant,
Muscisaxicola maclovianus,dafgrt1,Dark-faced Ground Tyrant,
Muscisaxicola maculirostris,sbgtyr1,Spot-billed Ground Tyrant,
Muscisaxicola rufivertex,rngtyr1,Rufous-naped Ground Tyrant,
Music,,,
Musical_instrument,,,
Mustela erminea,,,
Mustela nigripes,,,
Mustela nivalis,,,
Mustela putorius,,,
Mustela sibirica,,,
Mustelirallus albicollis,astcra1,Ash-throated Crake,
Mustelirallus colombianus,colcra2,Colombian Crake,COLC
Mustelirallus erythrops,pabcra,Paint-billed Crake,PBCR
Mutilla marginata,,,
Myadestes coloratus,varsol1,Varied Solitaire,VASO
Myadestes elisabeth,cubsol1,Cuban Solitaire,CUSO
Myadestes genibarbis,rutsol1,Rufous-throated Solitaire,RTSO
Myadestes melanops,blfsol1,Black-faced Solitaire,BFSO
Myadestes obscurus,omao,Omao,OMAO
Myadestes occidentalis,brbsol1,Brown-backed Solitaire,BBSO
Myadestes palmeri,puaioh,Puaiohi,PUAI
Myadestes ralloides,andsol1,Andean Solitaire,
Myadestes townsendi,towsol,Townsend's Solitaire,TOSO
Myadestes unicolor,slcsol1,Slate-colored Solitaire,SCSO
Myathropa florea,,,
Mycerobas affinis,colgro1,Collared Grosbeak,
Mycerobas carnipes,whwgro1,White-winged Grosbeak,
Mycerobas icterioides,baygro1,Black-and-yellow Grosbeak,
Mycerobas melanozanthos,spwgro1,Spot-winged Grosbeak,
Mycteria americana,woosto,Wood Stork,WOST
Mycteria cinerea,milsto1,Milky Stork,
Mycteria ibis,yebsto1,Yellow-billed Stork,
Mycteria leucocephala,paisto1,Painted Stork,
Myersiella microps,,,
Mygalopsis pauperculus,,,
Mygalopsis sandowi,,,
Mygalopsis thielei,,,
Myiagra albiventris,samfly1,Samoan Flycatcher,
Myiagra alecto,shifly1,Shining Flycatcher,
Myiagra atra,biafly1,Biak Black Flycatcher,
Myiagra azureocapilla,blcfly2,Azure-crested Flycatcher,
Myiagra caledonica,melfly1,Melanesian Flycatcher,
Myiagra castaneigularis,chtfly1,Chestnut-throated Flycatcher,
Myiagra cervinicauda,ochfly1,Makira Flycatcher,
Myiagra cyanoleuca,satfly1,Satin Flycatcher,
Myiagra eichhorni,velfly1,Velvet Flycatcher,
Myiagra erythrops,palfly3,Palau Flycatcher,
Myiagra ferrocyanea,stbfly1,Steel-blue Flycatcher,
Myiagra galeata,molfly1,Moluccan Flycatcher,
Myiagra hebetior,dulfly2,Mussau Flycatcher,
Myiagra inquieta,resfly1,Restless Flycatcher,
Myiagra nana,papfly1,Paperbark Flycatcher,
Myiagra oceanica,ocefly1,Chuuk Flycatcher,
Myiagra pluto,pohfly1,Pohnpei Flycatcher,
Myiagra rubecula,leafly2,Leaden Flycatcher,
Myiagra ruficollis,brbfly1,Broad-billed Flycatcher,
Myiagra vanikorensis,vanfly1,Vanikoro Flycatcher,
Myiarchus antillarum,purfly1,Puerto Rican Flycatcher,PRFL
Myiarchus apicalis,apifly1,Apical Flycatcher,
Myiarchus barbirostris,sadfly1,Sad Flycatcher,SAFL
Myiarchus cephalotes,paefly1,Pale-edged Flycatcher,
Myiarchus cinerascens,astfly,Ash-throated Flycatcher,ATFL
Myiarchus crinitus,grcfly,Great Crested Flycatcher,GCFL
Myiarchus ferox,shcfly1,Short-crested Flycatcher,
Myiarchus magnirostris,galfly1,Galapagos Flycatcher,
Myiarchus nugator,grefly1,Grenada Flycatcher,GFLY
Myiarchus nuttingi,nutfly,Nutting's Flycatcher,NUFL
Myiarchus oberi,leafly1,Lesser Antillean Flycatcher,LAFL
Myiarchus panamensis,panfly1,Panama Flycatcher,PAFL
Myiarchus phaeocephalus,socfly2,Sooty-crowned Flycatcher,
Myiarchus sagrae,lasfly,La Sagra's Flycatcher,LSFL
Myiarchus semirufus,ruffly1,Rufous Flycatcher,
Myiarchus stolidus,stofly1,Stolid Flycatcher,STOF
Myiarchus swainsoni,swafly1,Swainson's Flycatcher,
Myiarchus tuberculifer,ducfly,Dusky-capped Flycatcher,DCFL
Myiarchus tyrannulus,bncfly,Brown-crested Flycatcher,BCFL
Myiarchus validus,rutfly1,Rufous-tailed Flycatcher,RFTF
Myiarchus venezuelensis,venfly1,Venezuelan Flycatcher,
Myiarchus yucatanensis,yucfly1,Yucatan Flycatcher,YUFL
Myiobius atricaudus,bltfly1,Black-tailed Myiobius,BTFL
Myiobius barbatus,whifly1,Whiskered Myiobius,
Myiobius sulphureipygius,surfly1,Sulphur-rumped Myiobius,SRFL
Myiobius villosus,tabfly1,Tawny-breasted Myiobius,TBFL
Myioborus albifrons,whfred2,White-fronted Whitestart,
Myioborus brunniceps,brcred1,Brown-capped Whitestart,
Myioborus castaneocapilla,tepred1,Tepui Whitestart,
Myioborus flavivertex,yecred1,Yellow-crowned Whitestart,
Myioborus melanocephalus,spered1,Spectacled Whitestart,
Myioborus miniatus,sltred,Slate-throated Whitestart,STRE
Myioborus ornatus,gofred1,Golden-fronted Whitestart,
Myioborus pariae,parred1,Paria Whitestart,
Myioborus pictus,paired,Painted Whitestart,PARE
Myioborus torquatus,colred1,Collared Whitestart,COLR
Myiodynastes bairdii,baifly1,Baird's Flycatcher,
Myiodynastes chrysocephalus,gocfly1,Golden-crowned Flycatcher,
Myiodynastes hemichrysus,gobfly1,Golden-bellied Flycatcher,GBFL
Myiodynastes luteiventris,subfly,Sulphur-bellied Flycatcher,SBFL
Myiodynastes maculatus,strfly1,Streaked Flycatcher,STRF
Myiomela leucura,whtrob2,White-tailed Robin,
Myiopagis caniceps,gryela3,Grey-headed Elaenia,GRAE
Myiopagis cotta,jamela1,Jamaican Elaenia,JAEL
Myiopagis flavivertex,yecela1,Yellow-crowned Elaenia,
Myiopagis gaimardii,forela1,Forest Elaenia,FOEL
Myiopagis olallai,fooela1,Foothill Elaenia,
Myiopagis subplacens,pacela1,Pacific Elaenia,
Myiopagis viridicata,greela,Greenish Elaenia,GREL
Myiophobus cryptoxanthus,olcfly1,Olive-chested Flycatcher,
Myiophobus fasciatus,brcfly1,Bran-colored Flycatcher,BCOF
Myiophobus flavicans,flafly2,Flavescent Flycatcher,
Myiophobus inornatus,unafly1,Unadorned Flycatcher,
Myiophobus phoenicomitra,orcfly1,Orange-crested Flycatcher,
Myiophobus roraimae,rorfly1,Roraiman Flycatcher,
Myiopsitta monachus,monpar,Monk Parakeet,MOPA
Myiornis albiventris,wbptyr1,White-bellied Pygmy Tyrant,
Myiornis atricapillus,bcptyr1,Black-capped Pygmy Tyrant,BPYT
Myiornis auricularis,eaptyr1,Eared Pygmy Tyrant,
Myiornis ecaudatus,stptyr1,Short-tailed Pygmy Tyrant,
Myiotheretes fumigatus,smbtyr2,Smoky Bush Tyrant,
Myiotheretes fuscorufus,rbbtyr1,Rufous-bellied Bush Tyrant,
Myiotheretes pernix,smbtyr1,Santa Marta Bush Tyrant,
Myiotheretes striaticollis,stbtyr1,Streak-throated Bush Tyrant,
Myiothlypis basilica,samwar1,Santa Marta Warbler,
Myiothlypis bivittata,twbwar1,Two-banded Warbler,
Myiothlypis chlorophrys,gobwar4,Choco Warbler,
Myiothlypis chrysogaster,gobwar3,Cuzco Warbler,
Myiothlypis cinereicollis,gytwar1,Grey-throated Warbler,
Myiothlypis conspicillata,whlwar1,White-lored Warbler,
Myiothlypis coronata,rucwar1,Russet-crowned Warbler,
Myiothlypis flaveola,flawar1,Flavescent Warbler,
Myiothlypis fraseri,gagwar2,Grey-and-gold Warbler,
Myiothlypis fulvicauda,burwar1,Buff-rumped Warbler,BURW
Myiothlypis griseiceps,gyhwar1,Grey-headed Warbler,
Myiothlypis leucoblephara,whbwar2,White-rimmed Warbler,
Myiothlypis leucophrys,whswar2,White-striped Warbler,
Myiothlypis luteoviridis,citwar1,Citrine Warbler,
Myiothlypis nigrocristata,blcwar2,Black-crested Warbler,
Myiothlypis rivularis,rivwar1,Riverbank Warbler,
Myiothlypis signata,palwar1,Pale-legged Warbler,
Myiotriccus ornatus,ornfly1,Ornate Flycatcher,
Myiozetetes cayanensis,rumfly1,Rusty-margined Flycatcher,RMFL
Myiozetetes granadensis,grcfly1,Grey-capped Flycatcher,GCAF
Myiozetetes luteiventris,ducfly2,Dusky-chested Flycatcher,
Myiozetetes similis,socfly1,Social Flycatcher,SOFL
Myocastor coypus,,,
Myophonus blighi,ceywht1,Sri Lanka Whistling Thrush,
Myophonus borneensis,borwht1,Bornean Whistling Thrush,
Myophonus caeruleus,blwthr1,Blue Whistling Thrush,
Myophonus castaneus,chwwht1,Brown-winged Whistling Thrush,
Myophonus glaucinus,javwht1,Javan Whistling Thrush,
Myophonus horsfieldii,mawthr1,Malabar Whistling Thrush,
Myophonus insularis,fowthr1,Taiwan Whistling Thrush,
Myophonus melanurus,shwthr1,Shiny Whistling Thrush,
Myophonus robinsoni,mawthr2,Malayan Whistling Thrush,
Myopornis boehmi,boefly1,Böhm's Flycatcher,
Myopsalta albiventris,,,
Myopsalta atrata,,,
Myopsalta bassiana,,,
Myopsalta binotata,,,
Myopsalta bisonabilis,,,
Myopsalta coolahensis,,,
Myopsalta crucifera,,,
Myopsalta leona,,,
Myopsalta longicauda,,,
Myopsalta mackinlayi,,,
Myopsalta majurae,,,
Myopsalta parvula,,,
Myopsalta septa,,,
Myopsalta waterhousei,,,
Myopsalta wollomombi,,,
Myopsalta xerograsidia,,,
Myornis senilis,asctap1,Ash-colored Tapaculo,
Myrmeciza longipes,whbant1,White-bellied Antbird,WBEA
Myrmecocichla aethiops,noacha1,Anteater Chat,
Myrmecocichla arnotti,whbcha2,Arnot's Chat,
Myrmecocichla formicivora,soacha1,Ant-eating Chat,
Myrmecocichla melaena,ruecha1,Rüppell's Black Chat,
Myrmecocichla monticola,mouwhe1,Mountain Chat,
Myrmecocichla nigra,soocha1,Sooty Chat,
Myrmecophaga tridactyla,,,
Myrmelastes brunneiceps,brhant1,Brownish-headed Antbird,
Myrmelastes caurensis,cauant2,Caura Antbird,
Myrmelastes humaythae,humant1,Humaita Antbird,
Myrmelastes hyperythrus,pluant1,Plumbeous Antbird,
Myrmelastes leucostigma,spwant3,Spot-winged Antbird,
Myrmelastes rufifacies,rufant4,Rufous-faced Antbird,
Myrmelastes saturatus,rorant2,Roraiman Antbird,
Myrmelastes schistaceus,slcant3,Slate-colored Antbird,
Myrmeleotettix maculatus,,,
Myrmeleotettix palpalis,,,
Myrmia micrura,shtwoo1,Short-tailed Woodstar,
Myrmoborus leucophrys,whbant6,White-browed Antbird,
Myrmoborus lophotes,whlant1,White-lined Antbird,
Myrmoborus lugubris,asbant1,Ash-breasted Antbird,
Myrmoborus melanurus,bltant1,Black-tailed Antbird,
Myrmoborus myotherinus,blfant2,Black-faced Antbird,
Myrmochanes hemileucus,bawant1,Black-and-white Antbird,
Myrmoderus eowilsoni,whiant1,Cordillera Azul Antbird,
Myrmoderus ferrugineus,febant1,Ferruginous-backed Antbird,
Myrmoderus loricatus,whbant4,White-bibbed Antbird,
Myrmoderus ruficauda,scaant3,Scalloped Antbird,
Myrmoderus squamosus,squant1,Squamate Antbird,
Myrmophylax atrothorax,bltant2,Black-throated Antbird,
Myrmorchilus strigilatus,stbant2,Stripe-backed Antbird,
Myrmornis torquata,wibant1,Wing-banded Antbird,WBAA
Myrmothera berlepschi,amaant1,Amazonian Antpitta,
Myrmothera campanisona,thlant2,Thrush-like Antpitta,
Myrmothera dives,thiant1,Thicket Antpitta,THAN
Myrmothera fulviventris,whlant2,White-lored Antpitta,
Myrmothera simplex,tepant1,Tepui Antpitta,
Myrmothera subcanescens,thlant3,Tapajos Antpitta,
Myrmotherula ambigua,yetant1,Yellow-throated Antwren,
Myrmotherula assimilis,leaant1,Leaden Antwren,
Myrmotherula axillaris,whfant2,White-flanked Antwren,WFLA
Myrmotherula behni,plwant2,Plain-winged Antwren,
Myrmotherula brachyura,pygant1,Pygmy Antwren,
Myrmotherula cherriei,cheant1,Cherrie's Antwren,
Myrmotherula grisea,ashant1,Yungas Antwren,
Myrmotherula ignota,mouant,Moustached Antwren,MOAN
Myrmotherula iheringi,iheant1,Ihering's Antwren,
Myrmotherula klagesi,klaant1,Klages's Antwren,
Myrmotherula longicauda,stcant4,Stripe-chested Antwren,
Myrmotherula longipennis,lowant1,Long-winged Antwren,
Myrmotherula menetriesii,gryant1,Grey Antwren,
Myrmotherula minor,salant1,Salvadori's Antwren,
Myrmotherula multostriata,amasta1,Amazonian Streaked Antwren,
Myrmotherula pacifica,pacant,Pacific Antwren,PAAN
Myrmotherula schisticolor,slaant1,Slaty Antwren,SLAN
Myrmotherula sclateri,sclant1,Sclater's Antwren,
Myrmotherula snowi,alaant1,Alagoas Antwren,
Myrmotherula sunensis,risant1,Rio Suno Antwren,
Myrmotherula surinamensis,guista1,Guianan Streaked Antwren,
Myrmotherula unicolor,uniant1,Unicolored Antwren,
Myrmotherula urosticta,batant3,Band-tailed Antwren,
Myrtis fanny,pucwoo1,Purple-collared Woodstar,
Mystacornis crossleyi,crobab1,Crossley's Vanga,
Myza celebensis,daehon1,Dark-eared Myza,
Myza sarasinorum,grshon1,White-eared Myza,
Myzomela adolphinae,moumyz1,Mountain Myzomela,
Myzomela albigula,whcmyz1,White-chinned Myzomela,
Myzomela blasii,sermyz1,Drab Myzomela,
Myzomela boiei,banmyz1,Banda Myzomela,
Myzomela caledonica,necmyz1,New Caledonian Myzomela,
Myzomela cardinalis,carmyz1,Cardinal Myzomela,
Myzomela chermesina,rotmyz1,Rotuma Myzomela,
Myzomela chloroptera,sulmyz1,Sulawesi Myzomela,
Myzomela cineracea,ashmyz1,Ashy Myzomela,
Myzomela cruentata,redmyz2,Red Myzomela,
Myzomela dammermani,summyz1,Sumba Myzomela,
Myzomela eichhorni,yevmyz1,Crimson-rumped Myzomela,
Myzomela erythrocephala,rehmyz1,Red-headed Myzomela,
Myzomela irianawidodoae,rotmyz2,Rote Myzomela,
Myzomela jugularis,orbmyz1,Sulphur-breasted Myzomela,
Myzomela kuehni,crhmyz1,Wetar Myzomela,
Myzomela lafargei,scnmyz1,Red-capped Myzomela,
Myzomela malaitae,rebmyz1,Red-vested Myzomela,
Myzomela melanocephala,blhmyz1,Black-headed Myzomela,
Myzomela nigrita,blamyz1,Papuan Black Myzomela,
Myzomela obscura,dusmyz5,Dusky Myzomela,
Myzomela pammelaena,ebomyz1,Bismarck Black Myzomela,
Myzomela prawiradilagae,alomyz1,Alor Myzomela,
Myzomela rosenbergii,recmyz1,Red-collared Myzomela,
Myzomela rubratra,micmyz1,Micronesian Myzomela,
Myzomela sanguinolenta,scamyz1,Scarlet Myzomela,
Myzomela sclateri,scbmyz1,Sclater's Myzomela,
Myzomela simplex,dusmyz4,Moluccan Myzomela,
Myzomela tristrami,soomyz1,Sooty Myzomela,
Myzomela vulnerata,bkbmyz1,Black-breasted Myzomela,
Myzomela wakoloensis,wakmyz1,Wakolo Myzomela,
Myzornis pyrrhoura,fitmyz1,Fire-tailed Myzornis,
Naemorhedus griseus,,,
Nahlaksia suphattra,,,
Namibornis herero,hercha1,Herero Chat,
Nandinia binotata,,,
Nanger dama,,,
Nanixipha nahoa,,,
Nannopsittaca dachilleae,amapar1,Manu Parrotlet,
Nannopsittaca panychlora,teppar1,Tepui Parrotlet,
Nannopsittacus gulielmitertii,orbfip2,Blue-fronted Fig Parrot,
Nannopterum auritum,doccor,Double-crested Cormorant,DCCO
Nannopterum brasilianum,neocor,Neotropic Cormorant,NECO
Nannopterum harrisi,flicor1,Flightless Cormorant,
Napothera albostriata,sumwrb1,Sumatran Wren-Babbler,
Napothera danjoui,stsbab1,Short-tailed Scimitar Babbler,
Napothera epilepidota,eywbab1,Eyebrowed Wren-Babbler,
Napothera malacoptila,lbwbab1,Long-billed Wren-Babbler,
Napothera naungmungensis,namscb1,Naung Mung Scimitar Babbler,
Napothera pasquieri,whtwrb1,White-throated Wren-Babbler,
Nasalis larvatus,,,
Nasica longirostris,lobwoo1,Long-billed Woodcreeper,
Nasikabatrachus sahyadrensis,,,
Nasua narica,,,
Nasua nasua,,,
Natrix natrix,,,
Natula averni,,,
Natula longipennis,,,
Natula matsuurai,,,
Natula pallidula,,,
Neafrapus boehmi,balspi1,Böhm's Spinetail,
Necrosyrtes monachus,hoovul1,Hooded Vulture,
Nectarinia bocagii,bocsun2,Bocage's Sunbird,
Nectarinia famosa,malsun1,Malachite Sunbird,
Nectarinia johnstoni,retsun2,Scarlet-tufted Sunbird,
Nectarinia kilimensis,brosun1,Bronze Sunbird,
Nectarinia tacazze,tacsun1,Tacazze Sunbird,
Neduba arborea,,,
Neduba carinata,,,
Neduba cascadia,,,
Neduba castanea,,,
Neduba convexa,,,
Neduba duplocantans,,,
Neduba inversa,,,
Neduba lucubrata,,,
Neduba macneilli,,,
Neduba propsti,,,
Neduba radicata,,,
Neduba radocantans,,,
Neduba sequoia,,,
Neduba sierranus,,,
Neduba steindachneri,,,
Nemobius sylvestris,,,
Nemosia pileata,hootan1,Hooded Tanager,
Nemosia rourei,chttan1,Cherry-throated Tanager,
Nengetus cinereus,grymon1,Grey Monjita,
Neobarrettia victoriae,,,
Neobatrachus kunapalari,,,
Neobatrachus pictus,,,
Neobatrachus sudelli,,,
Neobatrachus sutor,,,
Neocallicrania miegii,,,
Neocallicrania selligera,,,
Neochmia phaeton,crifin1,Crimson Finch,
Neochmia temporalis,rebfir1,Red-browed Finch,
Neocicada chisos,,,
Neocicada hieroglyphica,,,
Neocichla gutturalis,babsta1,Babbling Starling,
Neoconocephalus ensiger,,,
Neoconocephalus exiliscanorus,,,
Neoconocephalus gladiator,,,
Neoconocephalus nebrascensis,,,
Neoconocephalus nigromaculatus,,,
Neoconocephalus retusus,,,
Neoconocephalus robustus,,,
Neoconocephalus triops,,,
Neoconocephalus velox,,,
Neoconocephalus viridis,,,
Neocossyphus poensis,wtathr1,White-tailed Ant Thrush,
Neocossyphus rufus,rtathr1,Red-tailed Ant Thrush,
Neoctantes niger,blabus1,Black Bushbird,
Neocurtilla hexadactyla,,,
Neodrepanis coruscans,sunasi1,Common Sunbird-Asity,
Neodrepanis hypoxantha,yebasi1,Yellow-bellied Sunbird-Asity,
Neofelis nebulosa,,,
Neogale vison,,,
Neohierax insignis,whrfal1,White-rumped Falcon,
Neolalage banksiana,bubmon1,Buff-bellied Monarch,
Neolestes torquatus,blcbul1,Black-collared Bulbul,
Neomixis striatigula,sttjer1,Stripe-throated Jery,
Neomixis tenella,comjer1,Common Jery,
Neomixis viridis,grejer1,Green Jery,
Neomorphus geoffroyi,rvgcuc1,Rufous-vented Ground Cuckoo,RVGC
Neomorphus pucheranii,rbgcuc1,Red-billed Ground Cuckoo,
Neomorphus radiolosus,bagcuc1,Banded Ground Cuckoo,
Neomorphus rufipennis,rwgcuc1,Rufous-winged Ground Cuckoo,
Neomorphus squamiger,scgcuc1,Scaled Ground Cuckoo,
Neomys fodiens,,,
Neonemobius cubensis,,,
Neonemobius mormonius,,,
Neonemobius palustris,,,
Neonemobius variegatus,,,
Neopelma aurifrons,witman1,Wied's Tyrant-Manakin,
Neopelma chrysocephalum,sctman1,Saffron-crested Tyrant-Manakin,
Neopelma chrysolophum,sdmman1,Serra do Mar Tyrant-Manakin,
Neopelma pallescens,pbtman1,Pale-bellied Tyrant-Manakin,
Neopelma sulphureiventer,sbtman1,Sulphur-bellied Tyrant-Manakin,
Neophedina cincta,banmar1,Banded Martin,
Neophema chrysostoma,blwpar3,Blue-winged Parrot,
Neophema elegans,elepar1,Elegant Parrot,
Neophema petrophila,rocpar1,Rock Parrot,
Neophema pulchella,turpar1,Turquoise Parrot,
Neophema splendida,sccpar1,Scarlet-chested Parrot,
Neophilydor erythrocercum,rurfog1,Rufous-rumped Foliage-gleaner,
Neophilydor fuscipenne,swfgle,Slaty-winged Foliage-gleaner,
Neophisis longipennis,,,
Neophisis montealegrei,,,
Neophisis siamensis,,,
Neophron percnopterus,egyvul1,Egyptian Vulture,
Neopipo cinnamomea,cinmat1,Cinnamon Neopipo,
Neoplatypedia ampliata,,,
Neoplatypedia constricta,,,
Neopsephotus bourkii,boupar2,Bourke's Parrot,
Neopsittacus musschenbroekii,yeblor2,Yellow-billed Lorikeet,
Neopsittacus pullicauda,orblor1,Orange-billed Lorikeet,
Neoscapteriscus borellii,,,
Neoscapteriscus vicinus,,,
Neosericornis citreogularis,yetscr1,Yellow-throated Scrubwren,
Neotamias amoenus,,,
Neotamias canipes,,,
Neotamias dorsalis,,,
Neotamias merriami,,,
Neotamias minimus,,,
Neotamias ochrogenys,,,
Neotamias sonomae,,,
Neotamias speciosus,,,
Neotamias townsendii,,,
Neotephritis finalis,,,
Neothraupis fasciata,whbtan1,Shrike-like Tanager,
Neotibicen auriferus,,,
Neotibicen canicularis,,,
Neotibicen davisi,,,
Neotibicen latifasciatus,,,
Neotibicen linnei,,,
Neotibicen lyricen,,,
Neotibicen pruinosus,,,
Neotibicen robinsonianus,,,
Neotibicen similaris,,,
Neotibicen superbus,,,
Neotibicen tibicen,,,
Neotibicen winnemanna,,,
Neotis heuglinii,heubus1,Heuglin's Bustard,
Neotis ludwigii,ludbus1,Ludwig's Bustard,
Neotoma cinerea,,,
Neoxabea bipunctata,,,
Neoxabea cerrojesusensis,,,
Neoxabea mexicana,,,
Neoxolmis coronatus,bkcmon1,Black-crowned Monjita,
Neoxolmis rubetra,rubmon1,Rusty-backed Monjita,
Neoxolmis rufiventris,chvtyr2,Chocolate-vented Tyrant,
Neoxolmis salinarum,salmon1,Salinas Monjita,
Nephelomyias lintoni,orbfly1,Orange-banded Flycatcher,
Nephelomyias ochraceiventris,ocbfly2,Ochraceous-breasted Flycatcher,
Nephelomyias pulcher,hanfly1,Handsome Flycatcher,
Nephelornis oneilli,pardus2,Pardusco,
Nesillas brevicaudata,gcbwar1,Grande Comore Brush Warbler,
Nesillas lantzii,subbrw1,Subdesert Brush Warbler,
Nesillas mariae,mohbrw1,Moheli Brush Warbler,
Nesillas typica,malbrw1,Malagasy Brush Warbler,
Nesocharis ansorgei,whcoli1,White-collared Oliveback,
Nesocharis shelleyi,fepoli1,Shelley's Oliveback,
Nesoctites micromegas,antpic1,Antillean Piculet,ANPI
Nesoenas mayeri,pinpig2,Pink Pigeon,
Nesoenas picturatus,matdov1,Malagasy Turtle Dove,
Nesophlox evelynae,bahwoo,Bahama Woodstar,BAWO
Nesopsar nigerrimus,jambla1,Jamaican Blackbird,JABL
Nesoptilotis flavicollis,yethon1,Yellow-throated Honeyeater,
Nesoptilotis leucotis,whehon1,White-eared Honeyeater,
Nesospingus speculiferus,purtan1,Puerto Rican Tanager,PRTA
Nesospiza questi,nigfin3,Nightingale Island Finch,
Nesospiza wilkinsi,wilfin3,Wilkins's Finch,
Nesosydne argyroxiphium,,,
Nesosydne chambersi,,,
Nesosydne ipomoeicola,,,
Nesosydne koae,,,
Nesosydne raillardiae,,,
Nesosydne rubescens,,,
Nesosydne umbratica,,,
Nesothoe munroi,,,
Nesotriccus murinus,y01204,Mouse-colored Tyrannulet,MCTY
Nesotriccus tumbezanus,moctyr6,Tumbesian Tyrannulet,
Nestor meridionalis,nezkak1,New Zealand Kaka,
Nestor notabilis,kea1,Kea,
Netta erythrophthalma,soupoc1,Southern Pochard,
Netta peposaca,robpoc1,Rosy-billed Pochard,
Netta rufina,recpoc,Red-crested Pochard,
Nettapus auritus,afrpyg1,African Pygmy Goose,
Nettapus coromandelianus,copgoo1,Cotton Pygmy Goose,
Nettapus pulchellus,grnpyg1,Green Pygmy Goose,
Newtonia amphichroa,darnew1,Dark Newtonia,
Newtonia archboldi,arcnew1,Archbold's Newtonia,
Newtonia brunneicauda,comnew1,Common Newtonia,
Newtonia fanovanae,retnew1,Red-tailed Newtonia,
Nezara viridula,,,
Nicator chloris,yesnic1,Western Nicator,
Nicator gularis,easnic1,Eastern Nicator,
Nicator vireo,yetnic1,Yellow-throated Nicator,
Nicrophorus orbicollis,,,
Nicrophorus vespillo,,,
Nicrophorus vespilloides,,,
Nidirana adenopleura,,,
Nidirana daunchina,,,
Nidirana mangveni,,,
Nidirana okinavana,,,
Nidirana pleuraden,,,
Nigrita bicolor,chbneg1,Chestnut-breasted Nigrita,
Nigrita canicapillus,gyhneg1,Grey-headed Nigrita,
Nigrita fusconotus,whbneg2,White-breasted Nigrita,
Nigrogryllus sibiricus,,,
Nilaus afer,brubru1,Brubru,
Niltava davidi,fujnil1,Fujian Niltava,
Niltava grandis,larnil1,Large Niltava,
Niltava macgrigoriae,smanil1,Small Niltava,
Niltava sumatrana,ruvnil1,Rufous-vented Niltava,
Niltava sundara,rubnil1,Rufous-bellied Niltava,
Niltava vivida,vivnil3,Taiwan Vivid Niltava,
Ninox affinis,andhao1,Andaman Boobook,
Ninox boobook,souboo8,Australian Boobook,
Ninox burhani,toghao1,Togian Boobook,
Ninox connivens,barowl1,Barking Owl,
Ninox forbesi,molhao2,Tanimbar Boobook,
Ninox fusca,souboo5,Timor Boobook,
Ninox hantu,hanboo1,Buru Boobook,
Ninox hypogramma,molhao3,Halmahera Boobook,
Ninox ios,cinhao1,Cinnabar Boobook,
Ninox japonica,norboo1,Northern Boobook,NOBB
Ninox leucopsis,souboo3,Tasmanian Boobook,
Ninox meeki,manhao1,Manus Boobook,
Ninox mindorensis,minboo2,Mindoro Boobook,
Ninox natalis,chihao1,Christmas Boobook,
Ninox novaeseelandiae,morepo2,Morepork,
Ninox obscura,brnhao3,Hume's Boobook,
Ninox ochracea,ocbhao1,Ochre-bellied Boobook,
Ninox odiosa,nebhao1,New Britain Boobook,
Ninox philippensis,phihao1,Luzon Boobook,
Ninox plesseni,souboo6,Alor Boobook,
Ninox punctulata,spehao1,Speckled Boobook,
Ninox randi,choboo1,Chocolate Boobook,
Ninox reyi,sulboo1,Sulu Boobook,
Ninox rotiensis,souboo4,Rote Boobook,
Ninox rudolfi,sumboo1,Great Sumba Boobook,
Ninox rufa,rufowl2,Rufous Owl,
Ninox rumseyi,cebboo1,Cebu Boobook,
Ninox scutulata,brnhao1,Brown Boobook,
Ninox spilocephala,minboo1,Mindanao Boobook,
Ninox spilonotus,romboo1,Romblon Boobook,
Ninox squamipila,hanboo2,Seram Boobook,
Ninox strenua,powowl1,Powerful Owl,
Ninox sumbaensis,lishao1,Little Sumba Boobook,
Ninox theomacha,junhao1,Papuan Boobook,
Ninox variegata,bishao1,New Ireland Boobook,
Nipponia nippon,creibi1,Crested Ibis,
Nisaetus alboniger,blyhae1,Blyth's Hawk-Eagle,
Nisaetus bartelsi,javhae1,Javan Hawk-Eagle,
Nisaetus cirrhatus,y00839,Changeable Hawk-Eagle,
Nisaetus floris,flohae1,Flores Hawk-Eagle,
Nisaetus kelaarti,mouhae2,Legge's Hawk-Eagle,
Nisaetus lanceolatus,sulhae1,Sulawesi Hawk-Eagle,
Nisaetus nanus,walhae1,Wallace's Hawk-Eagle,
Nisaetus nipalensis,mouhae1,Mountain Hawk-Eagle,
Nisaetus philippensis,phihae1,Philippine Hawk-Eagle,
Nisaetus pinskeri,pinhae1,Pinsker's Hawk-Eagle,
Nisitrus insignis,,,
Nisitrus malaya,,,
Nitidolimonius resplendens,,,
Noctitrella plurilingua,,,
Nok hualon,bafbul1,Bare-faced Bulbul,
Nomascus annamensis,,,
Nomascus concolor,,,
Nomascus gabriellae,,,
Nomascus leucogenys,,,
Nomonyx dominicus,masduc,Masked Duck,MADU
Nonnula amaurocephala,chhnun1,Chestnut-headed Nunlet,
Nonnula brunnea,bronun1,Brown Nunlet,
Nonnula frontalis,gycnun1,Grey-cheeked Nunlet,GCNU
Nonnula rubecula,rubnun1,Rusty-breasted Nunlet,
Nonnula ruficapilla,rucnun1,Rufous-capped Nunlet,
Nonnula sclateri,fucnun1,Fulvous-chinned Nunlet,
Northiella haematogaster,bluebo1,Eastern Bluebonnet,
Northiella narethae,bluebo4,Naretha Bluebonnet,
Notaden bennettii,,,
Notamacropus agilis,,,
Notharchus hyperrhynchus,whnpuf2,White-necked Puffbird,WNPU
Notharchus macrorhynchos,guipuf1,Guianan Puffbird,
Notharchus ordii,brbpuf1,Brown-banded Puffbird,
Notharchus pectoralis,blbpuf1,Black-breasted Puffbird,BBPU
Notharchus swainsoni,bubpuf1,Buff-bellied Puffbird,
Notharchus tectus,piepuf1,Pied Puffbird,PIPU
Nothocercus bonapartei,higtin1,Highland Tinamou,HITI
Nothocercus julius,tabtin1,Tawny-breasted Tinamou,
Nothocercus nigrocapillus,hootin1,Hooded Tinamou,
Nothocrax urumutum,noccur1,Nocturnal Curassow,
Nothophryne broadleyi,,,
Nothoprocta cinerascens,brutin1,Brushland Tinamou,
Nothoprocta curvirostris,cubtin1,Curve-billed Tinamou,
Nothoprocta ornata,orntin1,Ornate Tinamou,
Nothoprocta pentlandii,andtin1,Andean Tinamou,
Nothoprocta perdicaria,chitin1,Chilean Tinamou,
Nothoprocta taczanowskii,tactin1,Taczanowski's Tinamou,
Nothura boraquira,whbnot1,White-bellied Nothura,
Nothura darwinii,darnot1,Darwin's Nothura,
Nothura maculosa,sponot1,Spotted Nothura,
Nothura minor,lesnot1,Lesser Nothura,
Notiomystis cincta,stitch1,Stitchbird,
Notopholia corusca,bbgsta1,Black-bellied Starling,
Notopsalta sericea,,,
Nucifraga caryocatactes,eurnut3,Northern Nutcracker,
Nucifraga columbiana,clanut,Clark's Nutcracker,CLNU
Nucifraga hemispila,eurnut4,Southern Nutcracker,
Nucifraga multipunctata,sponut1,Kashmir Nutcracker,
Numenius americanus,lobcur,Long-billed Curlew,LBCU
Numenius arquata,eurcur,Eurasian Curlew,EUCU
Numenius madagascariensis,faecur,Far Eastern Curlew,FECU
Numenius minutus,litcur,Little Curlew,LICU
Numenius phaeopus,whimbr,Eurasian Whimbrel,WHIM
Numenius tahitiensis,brtcur,Bristle-thighed Curlew,BTCU
Numenius tenuirostris,slbcur,Slender-billed Curlew,SBCU
Numida meleagris,helgui,Helmeted Guineafowl,HELG
Nyctanassa violacea,ycnher,Yellow-crowned Night Heron,YCNH
Nyctereutes procyonoides,,,
Nyctibatrachus kempholeyensis,,,
Nyctibatrachus petraeus,,,
Nyctibatrachus poocha,,,
Nyctibius aethereus,lotpot1,Long-tailed Potoo,
Nyctibius grandis,grepot1,Great Potoo,GRPO
Nyctibius griseus,compot1,Common Potoo,CPOT
Nyctibius jamaicensis,norpot1,Northern Potoo,NORP
Nyctibius leucopterus,whwpot1,White-winged Potoo,
Nyctibius maculosus,andpot1,Andean Potoo,
Nycticebus coucang,,,
Nycticorax caledonicus,runher1,Nankeen Night Heron,
Nycticorax nycticorax,bcnher,Black-crowned Night Heron,BCNH
Nycticryphes semicollaris,soapas1,South American Painted-snipe,
Nyctidromus albicollis,compau,Pauraque,COPA
Nyctidromus anthonyi,scrnig1,Anthony's Nightjar,
Nyctimystes brevipalmatus,,,
Nyctimystes infrafrenatus,,,
Nyctimystes multicolor,,,
Nyctiphrynus mcleodii,earpoo1,Eared Poorwill,EAPO
Nyctiphrynus ocellatus,ocepoo1,Ocellated Poorwill,OCPO
Nyctiphrynus rosenbergi,chopoo1,Choco Poorwill,
Nyctiphrynus yucatanicus,yucpoo1,Yucatan Poorwill,YUPO
Nyctipolus hirundinaceus,pygnig1,Pygmy Nightjar,
Nyctipolus nigrescens,blanig1,Blackish Nightjar,
Nyctiprogne leucopyga,batnig1,Band-tailed Nighthawk,
Nyctiprogne vielliardi,bahnig1,Plain-tailed Nighthawk,
Nyctixalus margaritifer,,,
Nyctixalus pictus,,,
Nyctyornis amictus,rbbeat1,Red-bearded Bee-eater,
Nyctyornis athertoni,bbbeat1,Blue-bearded Bee-eater,
Nymphargus griffithsi,,,
Nymphargus pijao,,,
Nymphicus hollandicus,cockat,Cockatiel,
Nystalus chacuru,whepuf1,White-eared Puffbird,
Nystalus maculatus,spbpuf1,Spot-backed Puffbird,
Nystalus obamai,wespuf1,Western Striolated Puffbird,
Nystalus radiatus,barpuf1,Barred Puffbird,BAPU
Nystalus striolatus,strpuf1,Eastern Striolated Puffbird,
Oberea oculata,,,
Obolopteryx brevihastata,,,
Occidozyga lima,,,
Occidozyga lingnanica,,,
Occidozyga martensii,,,
Occidozyga sumatrana,,,
Ocean,,,
Oceanites gracilis,wvspet1,Elliot's Storm Petrel,
Oceanites oceanicus,wispet,Wilson's Storm Petrel,WISP
Oceanites pincoyae,pumstp1,Pincoya Storm Petrel,
Ochetorhynchus andaecola,rocear1,Rock Earthcreeper,
Ochetorhynchus melanurus,crachi1,Crag Chilia,
Ochetorhynchus phoenicurus,batear1,Band-tailed Earthcreeper,
Ochetorhynchus ruficaudus,stbear2,Straight-billed Earthcreeper,
Ochotona alpina,,,
Ochotona collaris,,,
Ochotona curzoniae,,,
Ochotona dauurica,,,
Ochotona pallasii,,,
Ochotona princeps,,,
Ochotona pusilla,,,
Ochotona rutila,,,
Ochrilidia pruinosa,,,
Ochrilidia sicula,,,
Ochrilidia socotrae,,,
Ochthoeca cinnamomeiventris,slbcht2,Slaty-backed Chat-Tyrant,
Ochthoeca fumicolor,bbctyr1,Brown-backed Chat-Tyrant,
Ochthoeca leucophrys,wbctyr1,White-browed Chat-Tyrant,
Ochthoeca nigrita,slbcht1,Blackish Chat-Tyrant,
Ochthoeca oenanthoides,dorcht1,D'Orbigny's Chat-Tyrant,
Ochthoeca piurae,pictyr1,Piura Chat-Tyrant,
Ochthoeca rufipectoralis,rbctyr1,Rufous-breasted Chat-Tyrant,
Ochthoeca salvini,tumtyr2,Tumbes Tyrant,
Ochthoeca thoracica,slbcht3,Maroon-belted Chat-Tyrant,
Ochthornis littoralis,drwtyr1,Drab Water Tyrant,
Ocreatus addae,rubrat1,Rufous-booted Racket-tail,
Ocreatus peruanus,boorat2,Peruvian Racket-tail,
Ocreatus underwoodii,boorat1,White-booted Racket-tail,
Octodon degus,,,
Ocyceros birostris,inghor2,Indian Grey Hornbill,
Ocyceros gingalensis,ceghor1,Sri Lanka Grey Hornbill,
Ocyceros griseus,maghor2,Malabar Grey Hornbill,
Ocyphaps lophotes,crepig1,Crested Pigeon,
Odobenus rosmarus,,,
Odocoileus hemionus,,,
Odocoileus virginianus,,,
Odontophorus atrifrons,bfwqua1,Black-fronted Wood Quail,
Odontophorus balliviani,sfwqua1,Stripe-faced Wood Quail,
Odontophorus capueira,swwqua1,Spot-winged Wood Quail,
Odontophorus columbianus,venwoq1,Venezuelan Wood Quail,
Odontophorus dialeucos,tawqua1,Tacarcuna Wood Quail,TAWQ
Odontophorus erythrops,rfwqua1,Rufous-fronted Wood Quail,
Odontophorus gujanensis,mawqua1,Marbled Wood Quail,MAWQ
Odontophorus guttatus,spwqua1,Spotted Wood Quail,SPWQ
Odontophorus hyperythrus,chwqua1,Chestnut Wood Quail,
Odontophorus leucolaemus,bbwqua1,Black-breasted Wood Quail,BBWQ
Odontophorus melanonotus,dbwqua1,Dark-backed Wood Quail,
Odontophorus melanotis,bewqua1,Black-eared Wood Quail,BEWQ
Odontophorus speciosus,rbwqua1,Rufous-breasted Wood Quail,
Odontophorus stellatus,stwqua1,Starred Wood Quail,
Odontophorus strophium,gowqua1,Gorgeted Wood Quail,
Odontophrynus americanus,,,
Odontophrynus asper,,,
Odontophrynus maisuma,,,
Odontorchilus branickii,gymwre1,Grey-mantled Wren,
Odontorchilus cinereus,tobwre1,Tooth-billed Wren,
Odontotaenius disjunctus,,,
Odontoxiphidium apterum,,,
Odontura aspericauda,,,
Odontura brevis,,,
Odontura glabricauda,,,
Odontura liouvillii,,,
Odontura macphersoni,,,
Odontura maroccana,,,
Odontura stenoxypha,,,
Odorrana graminea,,,
Odorrana swinhoana,,,
Oecanthus adyeri,,,
Oecanthus alexanderi,,,
Oecanthus allardi,,,
Oecanthus angustus,,,
Oecanthus argentinus,,,
Oecanthus beameri,,,
Oecanthus brevicauda,,,
Oecanthus californicus,,,
Oecanthus celerinictus,,,
Oecanthus dulcisonans,,,
Oecanthus euryelytra,,,
Oecanthus exclamationis,,,
Oecanthus filiger,,,
Oecanthus forbesi,,,
Oecanthus fultoni,,,
Oecanthus indicus,,,
Oecanthus latipennis,,,
Oecanthus leptogrammus,,,
Oecanthus longicauda,,,
Oecanthus mhatreae,,,
Oecanthus nigricornis,,,
Oecanthus niveus,,,
Oecanthus pellucens,,,
Oecanthus pini,,,
Oecanthus quadripunctatus,,,
Oecanthus rileyi,,,
Oecanthus rohiniae,,,
Oecanthus rufescens,,,
Oecanthus sinensis,,,
Oecanthus texensis,,,
Oecanthus turanicus,,,
Oecanthus varicornis,,,
Oecanthus walkeri,,,
Oedipoda caerulescens,,,
Oedipoda germanica,,,
Oedistoma iliolophus,dwahon2,Spectacled Longbill,
Oedistoma pygmaeum,pyghon1,Pygmy Longbill,
Oemona hirta,,,
Oena capensis,namdov1,Namaqua Dove,
Oenanthe albifrons,wfbcha1,White-fronted Black Chat,
Oenanthe albonigra,humwhe2,Hume's Wheatear,
Oenanthe bottae,rebwhe2,Buff-breasted Wheatear,
Oenanthe chrysopygia,retwhe2,Red-tailed Wheatear,
Oenanthe cypriaca,cypwhe1,Cyprus Wheatear,
Oenanthe deserti,deswhe1,Desert Wheatear,
Oenanthe dubia,somcha1,Sombre Rock Chat,
Oenanthe familiaris,famcha1,Familiar Chat,
Oenanthe finschii,finwhe1,Finsch's Wheatear,
Oenanthe fusca,indcha1,Brown Rock Chat,
Oenanthe heuglinii,heuwhe1,Heuglin's Wheatear,
Oenanthe hispanica,bkewhe1,Western Black-eared Wheatear,
Oenanthe isabellina,isawhe1,Isabelline Wheatear,
Oenanthe leucopyga,whtwhe1,White-crowned Wheatear,
Oenanthe leucura,blawhe1,Black Wheatear,
Oenanthe lugens,mouwhe2,Mourning Wheatear,
Oenanthe lugentoides,mouwhe5,Arabian Wheatear,
Oenanthe lugubris,mouwhe4,Abyssinian Wheatear,
Oenanthe melanoleuca,bkewhe2,Eastern Black-eared Wheatear,
Oenanthe melanura,blacks1,Blackstart,
Oenanthe moesta,rerwhe1,Red-rumped Wheatear,
Oenanthe monacha,hoowhe1,Hooded Wheatear,
Oenanthe oenanthe,norwhe,Northern Wheatear,NOWH
Oenanthe phillipsi,somwhe1,Somali Wheatear,
Oenanthe picata,varwhe1,Variable Wheatear,
Oenanthe pileata,capwhe1,Capped Wheatear,
Oenanthe pleschanka,piewhe1,Pied Wheatear,PIWH
Oenanthe scotocerca,brtcha1,Brown-tailed Rock Chat,
Oenanthe seebohmi,norwhe3,Atlas Wheatear,
Oenanthe xanthoprymna,retwhe3,Kurdish Wheatear,
Ognorhynchus icterotis,yeepar1,Yellow-eared Parrot,
Okanagana annulata,,,
Okanagana arboraria,,,
Okanagana arctostaphylae,,,
Okanagana aurora,,,
Okanagana balli,,,
Okanagana bella,,,
Okanagana canescens,,,
Okanagana cruentifera,,,
Okanagana ferrugomaculata,,,
Okanagana fratercula,,,
Okanagana fumipennis,,,
Okanagana gibbera,,,
Okanagana luteobasalis,,,
Okanagana magnifica,,,
Okanagana mariposa,,,
Okanagana nigrodorsata,,,
Okanagana noveboracensis,,,
Okanagana occidentalis,,,
Okanagana opacipennis,,,
Okanagana oregona,,,
Okanagana orithyia,,,
Okanagana ornata,,,
Okanagana rimosa,,,
Okanagana rubrobasalis,,,
Okanagana schaefferi,,,
Okanagana sugdeni,,,
Okanagana synodica,,,
Okanagana triangulata,,,
Okanagana tristis,,,
Okanagana venusta,,,
Okanagana vocalis,,,
Okanagana wymorei,,,
Okanagodes gracilis,,,
Okanagodes terlingua,,,
Okapia johnstoni,,,
Oliarus filicicola,,,
Oliarus kaonohi,,,
Oliarus lorettae,,,
Oliarus polyphemus,,,
Oligodectes mallee,,,
Oligodectoides tindalei,,,
Oligoglena carayoni,,,
Oligoglena gogalai,,,
Oligoglena iphigenia,,,
Oligoglena tibialis,,,
Ololygon arduoa,,,
Ololygon argyreornata,,,
Ololygon aromothyella,,,
Ololygon berthae,,,
Ololygon cardosoi,,,
Ololygon hiemalis,,,
Ololygon littoralis,,,
Ololygon muriciensis,,,
Ololygon obtriangulata,,,
Ololygon perpusilla,,,
Ololygon rizibilis,,,
Omocestus africanus,,,
Omocestus antigai,,,
Omocestus bolivari,,,
Omocestus defauti,,,
Omocestus femoralis,,,
Omocestus haemorrhoidalis,,,
Omocestus lopadusae,,,
Omocestus minutissimus,,,
Omocestus minutus,,,
Omocestus panteli,,,
Omocestus petraeus,,,
Omocestus raymondi,,,
Omocestus rufipes,,,
Omocestus uhagonii,,,
Omocestus uvarovi,,,
Omocestus viridulus,,,
Onconotus laxmanni,,,
Onconotus servillei,,,
Oncostoma cinereigulare,norben1,Northern Bentbill,NOBE
Oncostoma olivaceum,souben1,Southern Bentbill,SOBE
Ondatra zibethicus,,,
Oneillornis lunulatus,lunant2,Lunulated Antbird,
Oneillornis salvini,whtant1,White-throated Antbird,
Onitis caffer,,,
Onomarchus uninotatus,,,
Onychognathus albirostris,whbsta1,White-billed Starling,
Onychognathus blythii,somsta1,Somali Starling,
Onychognathus frater,socsta1,Socotra Starling,
Onychognathus fulgidus,chwsta1,Chestnut-winged Starling,
Onychognathus morio,rewsta1,Red-winged Starling,
Onychognathus nabouroup,pawsta1,Pale-winged Starling,
Onychognathus neumanni,neusta1,Neumann's Starling,
Onychognathus salvadorii,brcsta1,Bristle-crowned Starling,
Onychognathus tenuirostris,slbsta1,Slender-billed Starling,
Onychognathus tristramii,trista1,Tristram's Starling,
Onychognathus walleri,walsta1,Waller's Starling,
Onychoprion aleuticus,aleter1,Aleutian Tern,ALTE
Onychoprion anaethetus,briter1,Bridled Tern,BRTE
Onychoprion fuscatus,sooter1,Sooty Tern,SOTE
Onychoprion lunatus,gybter1,Spectacled Tern,GBAT
Onychorhynchus coronatus,royfly1,Tropical Royal Flycatcher,ROFL
Onychorhynchus swainsoni,royfly5,Atlantic Royal Flycatcher,
Onychostruthus taczanowskii,whrsno1,White-rumped Snowfinch,
Oophaga andresi,,,
Oophaga pumilio,,,
Oophaga sylvatica,,,
Oophaga vicentei,,,
Ophidion marginatum,,,
Opisthocomus hoazin,hoatzi1,Hoatzin,
Opisthoprora euryptera,mouavo1,Mountain Avocetbill,
Opodiphthera eucalypti,,,
Oporornis agilis,conwar,Connecticut Warbler,CONW
Opsanus beta,,,
Orchelimum agile,,,
Orchelimum bullatum,,,
Orchelimum erythrocephalum,,,
Orchelimum gladiator,,,
Orchelimum militare,,,
Orchelimum minor,,,
Orchelimum nigripes,,,
Orchelimum pulchellum,,,
Orchelimum silvaticum,,,
Orchelimum superbum,,,
Orchelimum unispina,,,
Orchelimum vulgare,,,
Orchesticus abeillei,brotan1,Brown Tanager,
Orcinus orca,,,
Oreamnos americanus,,,
Oreobates quixensis,,,
Oreocharis arfaki,titber1,Tit Berrypecker,
Oreoica gutturalis,crebel1,Crested Bellbird,
Oreolais pulcher,blcapa2,Black-collared Apalis,
Oreolais ruwenzorii,ruwapa1,Rwenzori Apalis,
Oreomystis bairdi,akikik,Akikiki,AKIK
Oreonympha nobilis,beamou1,Bearded Mountaineer,
Oreophasis derbianus,horgua1,Horned Guan,HOGU
Oreophilais robertsi,robpri1,Roberts's Warbler,
Oreopholus ruficollis,tatdot1,Tawny-throated Dotterel,
Oreophryne roedeli,,,
Oreophryne unicolor,,,
Oreopsar bolivianus,bolbla1,Bolivian Blackbird,
Oreopsittacus arfaki,plflor1,Plum-faced Lorikeet,
Oreortyx pictus,mouqua,Mountain Quail,MOUQ
Oreoscoptes montanus,sagthr,Sage Thrasher,SATH
Oreoscopus gutturalis,fernwr1,Fernwren,
Oreostruthus fuliginosus,moufir1,Mountain Firetail,
Oreothlypis gutturalis,fltwar1,Flame-throated Warbler,FTHW
Oreothlypis superciliosa,crcwar,Crescent-chested Warbler,CCWA
Oreothraupis arremonops,tanfin1,Tanager Finch,
Oreotragus oreotragus,,,
Oreotrochilus adela,wethil1,Wedge-tailed Hillstar,
Oreotrochilus chimborazo,ecuhil1,Ecuadorian Hillstar,
Oreotrochilus cyanolaemus,buthil1,Blue-throated Hillstar,
Oreotrochilus estella,andhil3,Andean Hillstar,
Oreotrochilus leucopleurus,whshil1,White-sided Hillstar,
Oreotrochilus melanogaster,blbhil1,Black-breasted Hillstar,
Oreotrochilus stolzmanni,andhil2,Green-headed Hillstar,
Oressochen jubatus,,,
Oressochen melanopterus,,,
Organ,,,
Orientopsaltria fangrayae,,,
Orientopsaltria musicus,,,
Orientopsaltria padda,,,
Orientopsaltria phaeophila,,,
Origma murina,rumwar1,Rusty Mouse-warbler,
Origma robusta,momwar1,Mountain Mouse-warbler,
Origma solitaria,rocwar1,Rockwarbler,
Oriolia bernieri,bervan1,Bernier's Vanga,
Oriolus albiloris,whlori1,White-lored Oriole,
Oriolus auratus,afgori2,African Golden Oriole,
Oriolus bouroensis,burori2,Black-eared Oriole,
Oriolus brachyrynchus,wbhori1,Western Oriole,
Oriolus chinensis,blnori1,Black-naped Oriole,
Oriolus chlorocephalus,grhori1,Green-headed Oriole,
Oriolus crassirostris,satori1,Sao Tome Oriole,
Oriolus cruentus,bacori3,Javan Oriole,
Oriolus decipiens,burori3,Tanimbar Oriole,
Oriolus finschi,timori3,Wetar Oriole,
Oriolus flavocinctus,greori1,Green Oriole,
Oriolus forsteni,serori1,Grey-collared Oriole,
Oriolus kundoo,ingori1,Indian Golden Oriole,
Oriolus larvatus,abhori1,Black-headed Oriole,
Oriolus melanotis,timori1,Timor Oriole,
Oriolus mellianus,silori1,Silver Oriole,
Oriolus monacha,dahori1,Ethiopian Oriole,
Oriolus nigripennis,blwori1,Black-winged Oriole,
Oriolus oriolus,eugori2,Eurasian Golden Oriole,
Oriolus percivali,bltori1,Mountain Oriole,
Oriolus phaeochromus,halori1,Dusky-brown Oriole,
Oriolus sagittatus,olbori1,Olive-backed Oriole,
Oriolus steerii,phiori1,Philippine Oriole,
Oriolus szalayi,broori1,Brown Oriole,
Oriolus tenuirostris,slbori1,Slender-billed Oriole,
Oriolus traillii,marori2,Maroon Oriole,
Oriolus xanthonotus,datori1,Dark-throated Oriole,
Oriolus xanthornus,blhori1,Black-hooded Oriole,
Oriturus superciliosus,strspa1,Striped Sparrow,SSPA
Ornebius aperta,,,
Ornebius aureus,,,
Ornebius bimaculatus,,,
Ornebius bioculatus,,,
Ornebius insculptus,,,
Ornebius kanetataki,,,
Ornebius pullus,,,
Ornebius robustus,,,
Ornebius rufonigrus,,,
Ornebius samudra,,,
Ornebius tampines,,,
Ornithion brunneicapillus,brctyr,Brown-capped Tyrannulet,BCTY
Ornithion inerme,whltyr1,White-lored Tyrannulet,
Ornithion semiflavum,yebtyr1,Yellow-bellied Tyrannulet,YBTY
Ornithorhynchus anatinus,,,
Ornorectes cristatus,crepit1,Piping Bellbird,
Oroanassa magnifica,wenher1,White-eared Night Heron,
Orochelidon andecola,andswa2,Andean Swallow,
Orochelidon flavipes,pafswa1,Pale-footed Swallow,
Orochelidon murina,brbswa1,Brown-bellied Swallow,
Ortalis araucuan,specha2,East Brazilian Chachalaca,
Ortalis canicollis,chacha1,Chaco Chachalaca,
Ortalis cinereiceps,grhcha1,Grey-headed Chachalaca,GHEC
Ortalis columbiana,colcha1,Colombian Chachalaca,
Ortalis erythroptera,ruhcha1,Rufous-headed Chachalaca,
Ortalis garrula,chwcha1,Chestnut-winged Chachalaca,
Ortalis guttata,specha3,Speckled Chachalaca,
Ortalis leucogastra,whbcha1,White-bellied Chachalaca,WBCH
Ortalis motmot,varcha1,Little Chachalaca,
Ortalis poliocephala,wemcha1,West Mexican Chachalaca,WMCH
Ortalis ruficauda,ruvcha1,Rufous-vented Chachalaca,RVCH
Ortalis ruficeps,varcha3,Chestnut-headed Chachalaca,
Ortalis squamata,specha4,Scaled Chachalaca,
Ortalis superciliaris,bubcha1,Buff-browed Chachalaca,
Ortalis vetula,placha,Plain Chachalaca,PLCH
Ortalis wagleri,rubcha1,Rufous-bellied Chachalaca,RBEC
Orthelimaea volsella,,,
Orthogonys chloricterus,olgtan1,Olive-green Tanager,
Orthonyx novaeguineae,norlog1,Papuan Logrunner,
Orthonyx spaldingii,chowch1,Chowchilla,
Orthonyx temminckii,soulog1,Australian Logrunner,
Orthopristis chrysoptera,,,
Orthopsittaca manilatus,rebmac2,Red-bellied Macaw,
Orthorhyncus cristatus,anchum1,Antillean Crested Hummingbird,ANCH
Orthosoma brunneum,,,
Orthotomus atrogularis,dantai1,Dark-necked Tailorbird,
Orthotomus castaneiceps,phitai1,Visayan Tailorbird,
Orthotomus chaktomuk,camtai1,Cambodian Tailorbird,
Orthotomus chloronotus,gnbtai1,Green-backed Tailorbird,
Orthotomus cinereiceps,whetai1,White-eared Tailorbird,
Orthotomus derbianus,gybtai1,Grey-backed Tailorbird,
Orthotomus frontalis,ruftai1,Rufous-fronted Tailorbird,
Orthotomus nigriceps,whbtai1,Black-headed Tailorbird,
Orthotomus ruficeps,ashtai1,Ashy Tailorbird,
Orthotomus samarensis,yebtai1,Yellow-breasted Tailorbird,
Orthotomus sepium,olbtai1,Olive-backed Tailorbird,
Orthotomus sericeus,ruttai1,Rufous-tailed Tailorbird,
Orthotomus sutorius,comtai1,Common Tailorbird,
Ortygornis gularis,swafra1,Swamp Francolin,
Ortygornis pondicerianus,gryfra,Grey Francolin,GRAF
Ortygornis sephaena,crefra2,Crested Francolin,
Ortygospiza atricollis,quailf1,Quailfinch,
Ortyxelos meiffrenii,quailp1,Quail-plover,
Oryctolagus cuniculus,,,
Oryx dammah,,,
Oryx gazella,,,
Oryx leucoryx,,,
Osmia bicolor,,,
Osmia bicornis,,,
Osmia cornuta,,,
Osphranter rufus,,,
Osteocephalus fuscifacies,,,
Osteocephalus leprieurii,,,
Osteocephalus oophagus,,,
Osteocephalus taurinus,,,
Osteocephalus verruciger,,,
Osteopilus dominicensis,,,
Osteopilus septentrionalis,,,
Otaria byronia,,,
Otidiphaps nobilis,phepig1,Pheasant Pigeon,
Otis tarda,grebus1,Great Bustard,
Otocolobus manul,,,
Otocyon megalotis,,,
Otolemur crassicaudatus,,,
Otolemur garnettii,,,
Otophryne pyburni,,,
Otophryne steyermarki,,,
Otospermophilus beecheyi,,,
Otospermophilus douglasii,,,
Otospermophilus variegatus,,,
Otus alfredi,flsowl1,Flores Scops Owl,
Otus alius,nicsco1,Nicobar Scops Owl,
Otus angelinae,jasowl2,Javan Scops Owl,
Otus bakkamoena,insowl1,Indian Scops Owl,
Otus balli,ansowl1,Andaman Scops Owl,
Otus beccarii,biasco1,Biak Scops Owl,
Otus bikegila,prisco1,Principe Scops Owl,
Otus brookii,rasowl1,Rajah Scops Owl,
Otus brucei,pasowl3,Pallid Scops Owl,
Otus capnodes,ansowl2,Anjouan Scops Owl,
Otus collari,sansco1,Sangihe Scops Owl,
Otus cyprius,eursco3,Cyprus Scops Owl,
Otus elegans,ryusco1,Ryukyu Scops Owl,
Otus enganensis,ensowl1,Enggano Scops Owl,
Otus everetti,evesco1,Everett's Scops Owl,
Otus fuliginosus,pasowl2,Palawan Scops Owl,
Otus gurneyi,mineao1,Giant Scops Owl,
Otus hartlaubi,stsowl1,Sao Tome Scops Owl,
Otus icterorhynchus,sasowl1,Sandy Scops Owl,
Otus insularis,sesowl1,Seychelles Scops Owl,
Otus ireneae,sosowl1,Sokoke Scops Owl,
Otus jolandae,rinsco1,Rinjani Scops Owl,
Otus lempiji,susowl2,Sunda Scops Owl,
Otus lettia,cosowl1,Collared Scops Owl,
Otus longicornis,lusowl1,Luzon Scops Owl,
Otus magicus,mosowl1,Moluccan Scops Owl,
Otus manadensis,susowl1,Sulawesi Scops Owl,
Otus mantananensis,masowl2,Mantanani Scops Owl,
Otus mayottensis,maysco1,Mayotte Scops Owl,
Otus megalotis,phsowl1,Philippine Scops Owl,
Otus mendeni,sulsco5,Banggai Scops Owl,
Otus mentawi,mesowl1,Mentawai Scops Owl,
Otus mindorensis,misowl2,Mindoro Scops Owl,
Otus mirus,misowl1,Mindanao Scops Owl,
Otus moheliensis,mohsco1,Moheli Scops Owl,
Otus nigrorum,negsco1,Negros Scops Owl,
Otus pamelae,arasco1,Arabian Scops Owl,
Otus pauliani,cosowl3,Karthala Scops Owl,
Otus pembaensis,pesowl2,Pemba Scops Owl,
Otus podarginus,palowl2,Palau Scops Owl,
Otus rufescens,resowl1,Reddish Scops Owl,
Otus rutilus,madsco1,Madagascar Scops Owl,
Otus sagittatus,wfsowl2,White-fronted Scops Owl,
Otus scops,eursco1,Eurasian Scops Owl,
Otus semitorques,jasowl1,Japanese Scops Owl,
Otus senegalensis,afsowl1,African Scops Owl,
Otus silvicola,wasowl1,Wallace's Scops Owl,
Otus socotranus,afrsco2,Socotra Scops Owl,
Otus spilocephalus,mosowl2,Mountain Scops Owl,
Otus sunia,orsowl,Oriental Scops Owl,ORSO
Otus thilohoffmanni,sersco1,Serendib Scops Owl,
Otus umbra,sisowl1,Simeulue Scops Owl,
Ovibos moschatus,,,
Ovis ammon,,,
Ovis aries,,,
Oxylabes madagascariensis,whtoxy1,White-throated Oxylabes,
Oxypogon cyanolaemus,bubhel1,Blue-bearded Helmetcrest,
Oxypogon guerinii,gnbhel1,Green-bearded Helmetcrest,
Oxypogon lindenii,whbhel1,White-bearded Helmetcrest,
Oxypogon stuebelii,bufhel1,Buffy Helmetcrest,
Oxyruncus cristatus,sharpb1,Sharpbill,SHAR
Oxyura australis,blbduc1,Blue-billed Duck,
Oxyura ferruginea,,,
Oxyura jamaicensis,rudduc,Ruddy Duck,RUDU
Oxyura leucocephala,whhduc1,White-headed Duck,
Oxyura maccoa,macduc1,Maccoa Duck,
Oxyura vittata,lakduc1,Lake Duck,
Ozphyllum naskreckii,,,
Pacarina puella,,,
Pacarina schumanni,,,
Pacarina shoemakeri,,,
Pachycare flavogriseum,dwawhi1,Goldenface,
Pachycephala albiventris,grbwhi1,Green-backed Whistler,
Pachycephala arctitorquis,walwhi1,Wallacean Whistler,
Pachycephala aurea,gobwhi1,Golden-backed Whistler,
Pachycephala balim,golwhi2,Baliem Whistler,
Pachycephala caledonica,necwhi3,New Caledonian Whistler,
Pachycephala chlorura,necwhi2,Melanesian Whistler,
Pachycephala cinerea,manwhi1,Mangrove Whistler,
Pachycephala citreogaster,biswhi1,Bismarck Whistler,
Pachycephala collaris,louwhi1,Louisiade Whistler,
Pachycephala feminina,renwhi1,Rennell Whistler,
Pachycephala flavifrons,samwhi1,Samoan Whistler,
Pachycephala griseonota,drawhi1,Drab Whistler,
Pachycephala homeyeri,whvwhi1,White-vented Whistler,
Pachycephala hyperythra,ruswhi1,Rusty Whistler,
Pachycephala hypoxantha,borwhi1,Bornean Whistler,
Pachycephala implicata,guhwhi1,Hooded Whistler,
Pachycephala inornata,gilwhi1,Gilbert's Whistler,
Pachycephala jacquinoti,tonwhi1,Tongan Whistler,
Pachycephala lanioides,whbwhi2,White-breasted Whistler,
Pachycephala leucogastra,whbwhi1,White-bellied Whistler,
Pachycephala lorentzi,lorwhi1,Lorentz's Whistler,
Pachycephala macrorhyncha,yetwhi1,Yellow-throated Whistler,
Pachycephala melanorhyncha,biawhi1,Biak Whistler,
Pachycephala melanura,bltwhi1,Mangrove Golden Whistler,
Pachycephala mentalis,bkcwhi1,Black-chinned Whistler,
Pachycephala meyeri,vogwhi1,Vogelkop Whistler,
Pachycephala modesta,brbwhi1,Brown-backed Whistler,
Pachycephala monacha,blhwhi1,Black-headed Whistler,
Pachycephala nudigula,batwhi1,Bare-throated Whistler,
Pachycephala olivacea,oliwhi1,Olive Whistler,
Pachycephala orioloides,oriwhi1,Oriole Whistler,
Pachycephala pectoralis,y01193,Australian Golden Whistler,
Pachycephala phaionota,islwhi2,Island Whistler,
Pachycephala philippinensis,yebwhi1,Yellow-bellied Whistler,
Pachycephala richardsi,bohwhi1,Bougainville Whistler,
Pachycephala rufiventris,rufwhi1,Rufous Whistler,
Pachycephala rufogularis,relwhi1,Red-lored Whistler,
Pachycephala schlegelii,regwhi1,Regent Whistler,
Pachycephala simplex,grywhi2,Grey Whistler,
Pachycephala soror,sclwhi1,Sclater's Whistler,
Pachycephala sulfuriventer,subwhi1,Sulphur-vented Whistler,
Pachycephala tenebrosa,mornin1,Morningbird,
Pachycephala vanikorensis,temwhi4,Vanikoro Whistler,
Pachycephala vitiensis,whtwhi1,White-throated Fiji Whistler,
Pachycephalopsis hattamensis,grbrob1,Green-backed Robin,
Pachycephalopsis poliosoma,wherob1,White-eyed Robin,
Pachycoccyx audeberti,thbcuc1,Thick-billed Cuckoo,
Pachydactylus kladaroderma,,,
Pachyglossa agilis,thbflo1,Thick-billed Flowerpecker,
Pachyglossa chrysorrhea,yevflo1,Yellow-vented Flowerpecker,
Pachyglossa everetti,brbflo1,Brown-backed Flowerpecker,
Pachyglossa melanozantha,yebflo1,Yellow-bellied Flowerpecker,
Pachyglossa olivacea,olbflo1,Olive-backed Flowerpecker,
Pachyglossa propria,whiflo1,Whiskered Flowerpecker,
Pachyglossa vincens,whtflo1,Legge's Flowerpecker,
Pachygrapsus crassipes,,,
Pachylia ficus,,,
Pachyphantes superciliosus,comwea1,Compact Weaver,
Pachyptila belcheri,slbpri1,Slender-billed Prion,
Pachyptila crassirostris,fulpri1,Fulmar Prion,
Pachyptila desolata,dovpri1,Antarctic Prion,
Pachyptila turtur,faipri1,Fairy Prion,
Pachyptila vittata,brbpri1,Broad-billed Prion,
Pachyramphus aglaiae,rotbec,Rose-throated Becard,RTBE
Pachyramphus albogriseus,bawbec7,Black-and-white Becard,BAWB
Pachyramphus castaneus,chcbec1,Chestnut-crowned Becard,
Pachyramphus cinnamomeus,cinbec1,Cinnamon Becard,CIMB
Pachyramphus homochrous,oncbec1,One-colored Becard,OCBE
Pachyramphus major,grcbec1,Grey-collared Becard,GCBE
Pachyramphus marginatus,blcbec1,Black-capped Becard,
Pachyramphus minor,pitbec1,Pink-throated Becard,
Pachyramphus niger,jambec1,Jamaican Becard,JABE
Pachyramphus polychopterus,whwbec1,White-winged Becard,WWBE
Pachyramphus rufus,cinbec2,Cinereous Becard,CIRB
Pachyramphus spodiurus,slabec1,Slaty Becard,
Pachyramphus surinamus,glbbec1,Glossy-backed Becard,
Pachyramphus validus,crebec1,Crested Becard,
Pachyramphus versicolor,barbec1,Barred Becard,BABE
Pachyramphus viridis,grbbec1,Green-backed Becard,
Pachysmopoda abbreviata,,,
Pachysylvia aurantiifrons,gofgre1,Golden-fronted Greenlet,GFGR
Pachysylvia decurtata,lesgre1,Lesser Greenlet,LESG
Pachysylvia hypoxantha,ducgre1,Dusky-capped Greenlet,
Pachysylvia muscicapina,bucgre1,Buff-cheeked Greenlet,
Pachysylvia semibrunnea,rungre1,Rufous-naped Greenlet,
Pachytrachis frater,,,
Pachytrachis gracilis,,,
Pachytrachis striolatus,,,
Pachytrachis tumidus,,,
Packing_tape_and_duct_tape,,,
Padda fuscata,timspa4,Timor Sparrow,
Padda oryzivora,javspa,Java Sparrow,JASP
Pagiphora annulata,,,
Pagodroma nivea,snopet1,Snow Petrel,
Pagophila eburnea,ivogul,Ivory Gull,IVGU
Pagophilus groenlandicus,,,
Palapsalta circumdata,,,
Palapsalta ligneocauda,,,
Palapsalta virgulata,,,
Paleosuchus trigonatus,,,
Palmeria dolei,crehon,Akohekohe,AKOH
Paludipasser locustella,locust3,Locust Finch,
Pampa curvipennis,wetsab1,Wedge-tailed Sabrewing,WTSA
Pampa rufa,rufsab1,Rufous Sabrewing,RUSA
Pamphagus sardeus,,,
Pampusana beccarii,brgdov1,Bronze Ground Dove,
Pampusana hoedtii,wegdov1,Wetar Ground Dove,
Pampusana jobiensis,wbgdov1,White-breasted Ground Dove,
Pampusana sanctaecrucis,scgdov1,Santa Cruz Ground Dove,
Pampusana stairi,frgdov1,Shy Ground Dove,
Pampusana xanthonura,wtgdov1,White-throated Ground Dove,
Pan paniscus,,,
Pan troglodytes,,,
Pandion haliaetus,osprey,Osprey,OSPR
Pantecphylus cerambycinus,,,
Panterpe insignis,fithum1,Fiery-throated Hummingbird,FTHU
Panthera leo,,,
Panthera onca,,,
Panthera pardus,,,
Panthera tigris,,,
Panthera uncia,,,
Pantherophis obsoletus,,,
Pantherophis spiloides,,,
Panurus biarmicus,bearee1,Bearded Reedling,
Panyptila cayennensis,lstswi1,Lesser Swallow-tailed Swift,LSTS
Panyptila sanctihieronymi,gstswi1,Great Swallow-tailed Swift,GSTS
Papasula abbotti,abbboo2,Abbott's Booby,
Papilio troilus,,,
Papio anubis,,,
Papio cynocephalus,,,
Papio hamadryas,,,
Papio ursinus,,,
Papurana attigua,,,
Papurana daemeli,,,
Papurana elberti,,,
Parabuteo leucorrhous,whrhaw1,White-rumped Hawk,
Parabuteo unicinctus,hrshaw,Harris's Hawk,HAHA
Paracassina obscura,,,
Paraclaravis mondetoura,mcgdov1,Maroon-chested Ground Dove,MCGD
Paracrinia haswelli,,,
Paracyrtophyllus robustus,,,
Paradigalla carunculata,lotpar1,Long-tailed Paradigalla,
Paradisaea apoda,gbopar2,Greater Bird-of-paradise,
Paradisaea decora,gbopar1,Goldie's Bird-of-paradise,
Paradisaea guilielmi,ebopar1,Emperor Bird-of-paradise,
Paradisaea minor,lbopar1,Lesser Bird-of-paradise,
Paradisaea raggiana,rbopar1,Raggiana Bird-of-paradise,
Paradisaea rubra,rbopar2,Red Bird-of-paradise,
Paradisornis rudolphi,bbopar1,Blue Bird-of-paradise,
Paradoxornis aemodius,grepar1,Great Parrotbill,
Paradoxornis bakeri,ruhpar2,Rufous-headed Parrotbill,
Paradoxornis flavirostris,blbpar2,Black-breasted Parrotbill,
Paradoxornis gularis,gyhpar3,Grey-headed Parrotbill,
Paradoxornis guttaticollis,spbpar1,Spot-breasted Parrotbill,
Paradoxornis heudei,reepar3,Reed Parrotbill,
Paradoxornis margaritae,bkhpar1,Black-headed Parrotbill,
Paradoxornis paradoxus,thtpar1,Three-toed Parrotbill,
Paradoxornis ruficeps,ruhpar3,White-breasted Parrotbill,
Paradoxornis unicolor,bropar1,Brown Parrotbill,
Paradoxurus hermaphroditus,,,
Paradoxurus musangus,,,
Paradrymadusa galitzini,,,
Paraducetia cruciata,,,
Paragalago cocos,,,
Paragallinula angulata,lesmoo1,Lesser Moorhen,
Paragonista hyalina,,,
Paragraecia temasek,,,
Paragryllus martinii,,,
Parahyaena brunnea,,,
Paramythia montium,creber2,Eastern Crested Berrypecker,
Paramythia olivacea,creber3,Western Crested Berrypecker,
Parapholidoptera castaneoviridis,,,
Parapholidoptera grandis,,,
Parapholidoptera noxia,,,
Parapholidoptera spinulosa,,,
Pararge aegeria,,,
Parascalops breweri,,,
Parasongella ornaticeps,,,
Parasteropleurus martorellii,,,
Parasteropleurus perezii,,,
Paratrigonidium venustulum,,,
Paraxerus alexandri,,,
Paraxerus boehmi,,,
Paraxerus cepapi,,,
Paraxerus poensis,,,
Parayuhina diademata,whcyuh1,White-collared Yuhina,
Pardalotus punctatus,spopar1,Spotted Pardalote,
Pardalotus quadragintus,fospar1,Forty-spotted Pardalote,
Pardalotus rubricatus,rebpar6,Red-browed Pardalote,
Pardalotus striatus,strpar1,Striated Pardalote,
Pardipicus caroli,brewoo1,Brown-eared Woodpecker,
Pardipicus nivosus,buswoo1,Buff-spotted Woodpecker,
Pardirallus maculatus,sporai,Spotted Rail,SPRA
Pardirallus nigricans,blarai1,Blackish Rail,
Pardirallus sanguinolentus,plurai1,Plumbeous Rail,
Parkerthraustes humeralis,yesgro2,Yellow-shouldered Grosbeak,
Parkesia motacilla,louwat,Louisiana Waterthrush,LOWA
Parkesia noveboracensis,norwat,Northern Waterthrush,NOWA
Parmoptila jamesoni,jamant1,Jameson's Antpecker,
Parmoptila rubrifrons,refant1,Red-fronted Antpecker,
Parnassiana chelmos,,,
Parnassiana coracis,,,
Parnassiana dirphys,,,
Parnassiana fusca,,,
Parnassiana gionica,,,
Parnassiana menalon,,,
Parnassiana nigromarginata,,,
Parnassiana panaetolikon,,,
Parnassiana parnassica,,,
Parnassiana parnon,,,
Parnassiana tenuis,,,
Parnassiana tymphiensis,,,
Parnassiana tymphrestos,,,
Parnquila venosa,,,
Paroaria baeri,crfcar1,Crimson-fronted Cardinal,
Paroaria capitata,yebcar,Yellow-billed Cardinal,YBCA
Paroaria coronata,reccar,Red-crested Cardinal,RCCA
Paroaria dominicana,reccar2,Red-cowled Cardinal,
Paroaria gularis,reccar4,Red-capped Cardinal,
Paroaria nigrogenis,reccar3,Masked Cardinal,
Paropsis atomaria,,,
Paroreomyza montana,mauala,Maui Alauahio,MAAL
Parotia carolae,carpar1,Queen Carola's Parotia,
Parotia lawesii,lawpar3,Lawes's Parotia,
Parotia sefilata,wespar1,Western Parotia,
Parotia wahnesi,wahpar1,Wahnes's Parotia,
Parus cinereus,cintit13,Cinereous Tit,
Parus major,gretit1,Great Tit,
Parus monticolus,grbtit1,Green-backed Tit,
Passer ammodendri,saxspa1,Saxaul Sparrow,
Passer castanopterus,somspa1,Somali Sparrow,
Passer cinnamomeus,russpa2,Russet Sparrow,
Passer diffusus,sghspa2,Southern Grey-headed Sparrow,
Passer domesticus,houspa,House Sparrow,HOSP
Passer eminibey,chespa1,Chestnut Sparrow,
Passer euchlorus,argspa2,Arabian Golden Sparrow,
Passer flaveolus,plbspa1,Plain-backed Sparrow,
Passer gongonensis,pabspa1,Parrot-billed Sparrow,
Passer griseus,gyhspa1,Northern Grey-headed Sparrow,
Passer hispaniolensis,spaspa1,Spanish Sparrow,
Passer iagoensis,cavspa1,Iago Sparrow,
Passer insularis,socspa1,Socotra Sparrow,
Passer italiae,itaspa1,Italian Sparrow,
Passer luteus,sugspa1,Sudan Golden Sparrow,
Passer melanurus,capspa1,Cape Sparrow,
Passer moabiticus,desspa1,Dead Sea Sparrow,
Passer montanus,eutspa,Eurasian Tree Sparrow,ETSP
Passer motitensis,grrspa1,Great Sparrow,
Passer pyrrhonotus,sinspa1,Sind Sparrow,
Passer rufocinctus,kerspa2,Kenya Sparrow,
Passer shelleyi,shrspa1,Shelley's Sparrow,
Passer simplex,desspa3,Desert Sparrow,
Passer suahelicus,swaspa1,Swahili Sparrow,
Passer swainsonii,swaspa2,Swainson's Sparrow,
Passerculus sandwichensis,savspa,Savannah Sparrow,SAVS
Passerella iliaca,foxspa,Fox Sparrow,FOSP
Passerina amoena,lazbun,Lazuli Bunting,LAZB
Passerina caerulea,blugrb1,Blue Grosbeak,BLGR
Passerina ciris,paibun,Painted Bunting,PABU
Passerina cyanea,indbun,Indigo Bunting,INBU
Passerina leclancherii,orbbun1,Orange-breasted Bunting,OBBU
Passerina rositae,robbun1,Rose-bellied Bunting,RBBU
Passerina versicolor,varbun,Varied Bunting,VABU
Pastor roseus,rossta2,Rosy Starling,
Patagioenas araucana,chipig2,Chilean Pigeon,
Patagioenas caribaea,ritpig,Ring-tailed Pigeon,RTAP
Patagioenas cayennensis,pavpig2,Pale-vented Pigeon,PVPI
Patagioenas corensis,baepig2,Bare-eyed Pigeon,
Patagioenas fasciata,batpig1,Band-tailed Pigeon,BTPI
Patagioenas flavirostris,rebpig1,Red-billed Pigeon,RBPI
Patagioenas goodsoni,duspig2,Dusky Pigeon,DUPI
Patagioenas inornata,plapig,Plain Pigeon,PLAP
Patagioenas leucocephala,whcpig2,White-crowned Pigeon,WCPI
Patagioenas maculosa,spwpig3,Spot-winged Pigeon,
Patagioenas nigrirostris,shbpig,Short-billed Pigeon,SBPI
Patagioenas oenops,perpig2,Maranon Pigeon,
Patagioenas picazuro,picpig2,Picazuro Pigeon,
Patagioenas plumbea,plupig2,Plumbeous Pigeon,PLUP
Patagioenas speciosa,scapig2,Scaled Pigeon,SCPI
Patagioenas squamosa,scnpig1,Scaly-naped Pigeon,SNPI
Patagioenas subvinacea,rudpig,Ruddy Pigeon,RUDP
Patagona gigas,giahum1,Giant Hummingbird,
Pauropsalta adelphe,,,
Pauropsalta agasta,,,
Pauropsalta borealis,,,
Pauropsalta castanea,,,
Pauropsalta confinis,,,
Pauropsalta contigua,,,
Pauropsalta ewarti,,,
Pauropsalta extensa,,,
Pauropsalta extrema,,,
Pauropsalta infuscata,,,
Pauropsalta kriki,,,
Pauropsalta melanopygia,,,
Pauropsalta mneme,,,
Pauropsalta similis,,,
Pauxi koepckeae,horcur2,Sira Curassow,
Pauxi pauxi,helcur1,Helmeted Curassow,
Pauxi unicornis,horcur3,Horned Curassow,
Pavo cristatus,compea,Indian Peafowl,INPE
Pavo muticus,grepea1,Green Peafowl,
Pecari tajacu,,,
Pedionomus torquatus,plawan1,Plains-wanderer,
Pekania pennanti,,,
Pelagodroma marina,wfspet,White-faced Storm Petrel,WFSP
Pelargopsis amauroptera,bnwkin1,Brown-winged Kingfisher,
Pelargopsis capensis,stbkin1,Stork-billed Kingfisher,
Pelargopsis melanorhyncha,blbkin1,Great-billed Kingfisher,
Pelea capreolus,,,
Pelecanoides garnotii,pedpet1,Peruvian Diving Petrel,
Pelecanoides georgicus,sgdpet1,South Georgia Diving Petrel,
Pelecanoides magellani,madpet1,Magellanic Diving Petrel,
Pelecanoides urinatrix,codpet1,Common Diving Petrel,
Pelecanus conspicillatus,auspel1,Australian Pelican,
Pelecanus crispus,dalpel1,Dalmatian Pelican,
Pelecanus erythrorhynchos,amwpel,American White Pelican,AWPE
Pelecanus occidentalis,brnpel,Brown Pelican,BRPE
Pelecanus onocrotalus,grwpel1,Great White Pelican,
Pelecanus philippensis,spbpel1,Spot-billed Pelican,
Pelecanus rufescens,pibpel1,Pink-backed Pelican,
Pelecanus thagus,perpel1,Peruvian Pelican,
Peliperdix lathami,forfra2,Latham's Francolin,
Pellorneum albiventre,sptbab1,Spot-throated Babbler,
Pellorneum bicolor,ferbab1,Ferruginous Babbler,
Pellorneum buettikoferi,sumbab1,Sumatran Babbler,
Pellorneum capistratoides,bbcbab1,Bornean Black-capped Babbler,
Pellorneum capistratum,bkcbab2,Javan Black-capped Babbler,
Pellorneum celebense,sulbab1,Sulawesi Babbler,
Pellorneum cinereiceps,ashbab1,Ashy-headed Babbler,
Pellorneum fuscocapillus,bncbab1,Brown-capped Babbler,
Pellorneum malaccense,shtbab1,Short-tailed Babbler,
Pellorneum nigrocapitatum,bkcbab1,Malayan Black-capped Babbler,
Pellorneum palustre,marbab2,Marsh Babbler,
Pellorneum pyrrogenys,tembab1,Temminck's Babbler,
Pellorneum rostratum,whcbab1,White-chested Babbler,
Pellorneum ruficeps,putbab1,Puff-throated Babbler,
Pellorneum tickelli,bubbab1,Buff-breasted Babbler,
Pelobates cultripes,,,
Pelobates fuscus,,,
Pelobates vespertinus,,,
Pelobatrachus kobayashii,,,
Pelobatrachus nasutus,,,
Pelodytes atlanticus,,,
Pelodytes ibericus,,,
Pelodytes punctatus,,,
Pelophryne signata,,,
Pelophylax 'esculentus',,,
Pelophylax 'grafi',,,
Pelophylax bedriagae,,,
Pelophylax chosenicus,,,
Pelophylax cretensis,,,
Pelophylax epeiroticus,,,
Pelophylax esculentus,,,
Pelophylax kurtmuelleri,,,
Pelophylax lessonae,,,
Pelophylax nigromaculatus,,,
Pelophylax perezi,,,
Pelophylax plancyi,,,
Pelophylax porosus,,,
Pelophylax ridibundus,,,
Pelophylax saharicus,,,
Peltohyas australis,inldot2,Inland Dotterel,
Peltophryne florentinoi,,,
Peltophryne lemur,,,
Peltophryne peltocephala,,,
Peltops blainvillii,lowpel1,Lowland Peltops,
Peltops montanus,moupel1,Mountain Peltops,
Penelope albipennis,whwgua1,White-winged Guan,
Penelope argyrotis,batgua1,Band-tailed Guan,
Penelope barbata,beagua1,Bearded Guan,
Penelope bridgesi,dulgua3,Yungas Guan,
Penelope dabbenei,refgua1,Red-faced Guan,
Penelope jacquacu,spigua1,Spix's Guan,
Penelope jacucaca,whbgua1,White-browed Guan,
Penelope marail,margua1,Marail Guan,
Penelope montagnii,andgua1,Andean Guan,
Penelope obscura,dulgua1,Dusky-legged Guan,
Penelope ochrogaster,chbgua1,Chestnut-bellied Guan,
Penelope ortoni,baugua1,Baudo Guan,
Penelope perspicax,caugua1,Cauca Guan,
Penelope pileata,whcgua1,White-crested Guan,
Penelope purpurascens,cregua1,Crested Guan,CRGU
Penelope superciliaris,rumgua1,Rusty-margined Guan,
Penelopides affinis,minhor1,Mindanao Hornbill,
Penelopides manillae,luzhor1,Luzon Hornbill,
Penelopides mindorensis,minhor2,Mindoro Hornbill,
Penelopides panini,tarhor1,Visayan Hornbill,
Penelopides samarensis,samhor1,Samar Hornbill,
Penelopina nigra,higgua1,Highland Guan,HIGU
Peracca conspicuithorax,,,
Peracca macritchiensis,,,
Perameles nasuta,,,
Percnostola arenarum,allant1,Allpahuayo Antbird,
Percnostola rufifrons,blhant3,Black-headed Antbird,
Percussion,,,
Perdicula argoondah,robqua1,Rock Bush Quail,
Perdicula asiatica,jubqua1,Jungle Bush Quail,
Perdicula erythrorhyncha,pabqua1,Painted Bush Quail,
Perdix dauurica,daupar1,Daurian Partridge,
Perdix hodgsoniae,tibpar1,Tibetan Partridge,
Perdix perdix,grypar,Grey Partridge,GRAP
Pericallea ewartioides,,,
Pericrocotus albifrons,whbmin2,Jerdon's Minivet,
Pericrocotus brevirostris,shbmin2,Short-billed Minivet,
Pericrocotus cantonensis,brrmin1,Swinhoe's Minivet,
Pericrocotus cinnamomeus,smamin1,Small Minivet,
Pericrocotus divaricatus,ashmin1,Ashy Minivet,
Pericrocotus erythropygius,whbmin3,White-bellied Minivet,
Pericrocotus ethologus,lotmin1,Long-tailed Minivet,
Pericrocotus flammeus,scamin3,Scarlet Minivet,
Pericrocotus igneus,fiemin1,Fiery Minivet,
Pericrocotus lansbergei,flomin1,Little Minivet,
Pericrocotus miniatus,sunmin1,Sunda Minivet,
Pericrocotus roseus,rosmin1,Rosy Minivet,
Pericrocotus solaris,gycmin1,Grey-chinned Minivet,
Pericrocotus speciosus,,,
Pericrocotus tegimae,ryumin1,Ryukyu Minivet,
Periparus amabilis,paltit2,Palawan Tit,
Periparus ater,coatit2,Coal Tit,
Periparus elegans,eletit2,Elegant Tit,
Periparus rubidiventris,ruvtit2,Rufous-vented Tit,
Periparus rufonuchalis,bkbtit2,Rufous-naped Tit,
Periparus venustulus,yebtit4,Yellow-bellied Tit,
Periplaneta americana,,,
Periporphyrus celaeno,crcgro,Crimson-collared Grosbeak,CCGR
Periporphyrus erythromelas,rabgro1,Red-and-black Grosbeak,
Perisoreus canadensis,gryjay,Canada Jay,CAJA
Perisoreus infaustus,sibjay1,Siberian Jay,
Perisoreus internigrans,sicjay1,Sichuan Jay,
Perissocephalus tricolor,capuch1,Capuchinbird,
Perkinsiella saccharicida,,,
Pernis apivorus,euhbuz1,European Honey Buzzard,
Pernis celebensis,barhob1,Barred Honey Buzzard,
Pernis ptilorhynchus,orihob2,Crested Honey Buzzard,
Pernis steerei,barhob2,Philippine Honey Buzzard,
Petaurista albiventer,,,
Petaurista grandis,,,
Petaurista lena,,,
Petaurista philippensis,,,
Petaurus australis,,,
Petaurus breviceps,,,
Petrochelidon ariel,faimar2,Fairy Martin,
Petrochelidon fluvicola,sttswa2,Streak-throated Swallow,
Petrochelidon fulva,cavswa,Cave Swallow,CASW
Petrochelidon nigricans,tremar2,Tree Martin,
Petrochelidon preussi,preswa2,Preuss's Cliff Swallow,
Petrochelidon pyrrhonota,cliswa,American Cliff Swallow,CLSW
Petrochelidon rufigula,retswa2,Red-throated Cliff Swallow,
Petrochelidon rufocollaris,chcswa2,Chestnut-collared Swallow,
Petrochelidon spilodera,soaswa2,South African Cliff Swallow,
Petroica archboldi,snmrob1,Snow Mountain Robin,
Petroica australis,nezrob3,South Island Robin,
Petroica bivittata,alprob1,Mountain Robin,
Petroica boodang,scarob2,Scarlet Robin,
Petroica goodenovii,recrob1,Red-capped Robin,
Petroica longipes,nezrob2,North Island Robin,
Petroica macrocephala,tomtit1,Tomtit,
Petroica multicolor,pacrob2,Norfolk Robin,
Petroica phoenicea,flarob1,Flame Robin,
Petroica polymorpha,pacrob3,Solomons Robin,
Petroica pusilla,pacrob1,Pacific Robin,
Petroica rodinogaster,pinrob1,Pink Robin,
Petroica rosea,rosrob1,Rose Robin,
Petroica traversi,charob1,Black Robin,
Petronia petronia,rocpet1,Rock Sparrow,
Petrophassa albipennis,wqrpig1,White-quilled Rock Pigeon,
Peucaea aestivalis,bacspa,Bachman's Sparrow,BACS
Peucaea botterii,botspa,Botteri's Sparrow,BOSP
Peucaea carpalis,ruwspa,Rufous-winged Sparrow,RWSP
Peucaea cassinii,casspa,Cassin's Sparrow,CASP
Peucaea humeralis,blcspa1,Black-chested Sparrow,BCHS
Peucaea mystacalis,brispa1,Bridled Sparrow,BRIS
Peucaea ruficauda,sthspa1,Stripe-headed Sparrow,SHSP
Peucaea sumichrasti,citspa1,Cinnamon-tailed Sparrow,CTSP
Peucedramus taeniatus,oliwar,Olive Warbler,OLWA
Peucetia viridans,,,
Pezodrymadusa konowi,,,
Pezopetes capitalis,laffin1,Large-footed Finch,LFFI
Pezoporus occidentalis,nigpar2,Night Parrot,
Pezoporus wallicus,gropar1,Ground Parrot,
Pezotettix giornae,,,
Phacellodomus dorsalis,chbtho1,Chestnut-backed Thornbird,
Phacellodomus erythrophthalmus,oretho1,Orange-eyed Thornbird,
Phacellodomus ferrugineigula,orbtho1,Orange-breasted Thornbird,
Phacellodomus inornatus,ruftho3,Plain Thornbird,
Phacellodomus maculipectus,spbtho1,Spot-breasted Thornbird,
Phacellodomus ruber,gretho2,Greater Thornbird,
Phacellodomus rufifrons,ruftho1,Rufous-fronted Thornbird,
Phacellodomus sibilatrix,littho1,Little Thornbird,
Phacellodomus striaticeps,stftho1,Streak-fronted Thornbird,
Phacellodomus striaticollis,frbtho1,Freckle-breasted Thornbird,
Phacochoerus aethiopicus,,,
Phacochoerus africanus,,,
Phaenicophaeus curvirostris,chbmal2,Chestnut-breasted Malkoha,
Phaenicophaeus diardi,blbmal1,Black-bellied Malkoha,
Phaenicophaeus pyrrhocephalus,refmal1,Red-faced Malkoha,
Phaenicophaeus sumatranus,chbmal1,Chestnut-bellied Malkoha,
Phaenicophaeus tristis,grbmal1,Green-billed Malkoha,
Phaenicophaeus viridirostris,blfmal1,Blue-faced Malkoha,
Phaenicophilus palmarum,bcptan1,Black-crowned Palm-tanager,BPLT
Phaenostictus mcleannani,oceant1,Ocellated Antbird,OCAN
Phaeochroa cuvierii,scbhum1,Scaly-breasted Hummingbird,SBRH
Phaeoptila sordida,dushum1,Dusky Hummingbird,DUHU
Phaethon aethereus,rebtro,Red-billed Tropicbird,RBTR
Phaethon lepturus,whttro,White-tailed Tropicbird,WTTR
Phaethon rubricauda,rettro,Red-tailed Tropicbird,RTTR
Phaethornis aethopygus,lither3,Tapajos Hermit,
Phaethornis anthophilus,pabher1,Pale-bellied Hermit,PBHE
Phaethornis atrimentalis,bkther1,Black-throated Hermit,
Phaethornis augusti,socher1,Sooty-capped Hermit,
Phaethornis bourcieri,stbher1,Straight-billed Hermit,
Phaethornis eurynome,scther1,Scale-throated Hermit,
Phaethornis griseogularis,gycher1,Grey-chinned Hermit,
Phaethornis guy,greher1,Green Hermit,GREH
Phaethornis hispidus,whbher1,White-bearded Hermit,
Phaethornis idaliae,minher1,Minute Hermit,
Phaethornis koepckeae,koeher1,Koepcke's Hermit,
Phaethornis longirostris,lobher,Long-billed Hermit,LBIH
Phaethornis longuemareus,lither2,Little Hermit,
Phaethornis malaris,grbher1,Great-billed Hermit,
Phaethornis mexicanus,mexher1,Mexican Hermit,MEHE
Phaethornis nattereri,cither1,Cinnamon-throated Hermit,
Phaethornis philippii,nebher1,Needle-billed Hermit,
Phaethornis pretrei,plaher1,Planalto Hermit,
Phaethornis ruber,redher1,Reddish Hermit,
Phaethornis rupurumii,stther1,Streak-throated Hermit,
Phaethornis squalidus,duther1,Dusky-throated Hermit,
Phaethornis striigularis,stther2,Stripe-throated Hermit,STHR
Phaethornis stuarti,whbher3,White-browed Hermit,
Phaethornis subochraceus,bubher1,Buff-bellied Hermit,
Phaethornis superciliosus,lother1,Long-tailed Hermit,
Phaethornis syrmatophorus,tabher1,Tawny-bellied Hermit,
Phaethornis yaruqui,whwher1,White-whiskered Hermit,
Phaetusa simplex,labter1,Large-billed Tern,LBTE
Phainopepla nitens,phaino,Phainopepla,PHAI
Phainoptila melanoxantha,bayfly1,Black-and-yellow Phainoptila,BAYS
Phalacrocorax capensis,capcor1,Cape Cormorant,
Phalacrocorax carbo,grecor,Great Cormorant,GRCO
Phalacrocorax featherstoni,piisha1,Pitt Shag,
Phalacrocorax fuscescens,blfcor1,Black-faced Cormorant,
Phalacrocorax fuscicollis,indcor1,Indian Cormorant,
Phalacrocorax nigrogularis,soccor1,Socotra Cormorant,
Phalacrocorax punctatus,sposha1,Spotted Shag,
Phalacrocorax sulcirostris,libcor1,Little Black Cormorant,
Phalacrocorax varius,piecor1,Australian Pied Cormorant,
Phalaenoptilus nuttallii,compoo,Common Poorwill,COPO
Phalanger mimicus,,,
Phalaropus fulicarius,redpha1,Red Phalarope,REPH
Phalaropus lobatus,renpha,Red-necked Phalarope,RNPH
Phalaropus tricolor,wilpha,Wilson's Phalarope,WIPH
Phaneroptera brevis,,,
Phaneroptera falcata,,,
Phaneroptera gracilis,,,
Phaneroptera nana,,,
Phaneroptera sparsa,,,
Phaneroptera spinosa,,,
Phapitreron amethystinus,amedov1,Amethyst Brown Dove,
Phapitreron brunneiceps,daedov2,Mindanao Brown Dove,
Phapitreron cinereiceps,daedov3,Tawitawi Brown Dove,
Phapitreron leucotis,whedov1,White-eared Brown Dove,
Phaps chalcoptera,combro1,Common Bronzewing,
Phaps elegans,brubro1,Brush Bronzewing,
Pharomachrus antisianus,creque1,Crested Quetzal,
Pharomachrus auriceps,gohque1,Golden-headed Quetzal,GHQU
Pharomachrus fulgidus,whtque1,White-tipped Quetzal,
Pharomachrus mocinno,resque1,Resplendent Quetzal,REQU
Pharomachrus pavoninus,pavque1,Pavonine Quetzal,
Phascolarctos cinereus,,,
Phasianus colchicus,rinphe1,Common Pheasant,RNEP
Phasianus versicolor,rinphe2,Green Pheasant,
Phasmahyla guttata,,,
Phaulula malayica,,,
Phedina borbonica,masmar1,Mascarene Martin,
Phedinopsis brazzae,bramar1,Brazza's Martin,
Phegornis mitchellii,diaplo1,Diademed Sandpiper-Plover,
Phelotrupes laevistriatus,,,
Phelpsia inornata,whbfly1,White-bearded Flycatcher,
Pheucticus aureoventris,blbgro2,Black-backed Grosbeak,
Pheucticus chrysogaster,gobgro1,Golden Grosbeak,
Pheucticus chrysopeplus,yelgro,Yellow Grosbeak,YEGR
Pheucticus ludovicianus,robgro,Rose-breasted Grosbeak,RBGR
Pheucticus melanocephalus,bkhgro,Black-headed Grosbeak,BHGR
Pheucticus tibialis,bltgro1,Black-thighed Grosbeak,BTGG
Pheugopedius atrogularis,bltwre1,Black-throated Wren,BTWR
Pheugopedius coraya,corwre1,Coraya Wren,
Pheugopedius eisenmanni,incwre1,Inca Wren,
Pheugopedius euophrys,pltwre1,Plain-tailed Wren,
Pheugopedius fasciatoventris,blbwre1,Black-bellied Wren,BBEW
Pheugopedius felix,hapwre1,Happy Wren,HAWR
Pheugopedius genibarbis,mouwre2,Moustached Wren,
Pheugopedius maculipectus,spbwre1,Spot-breasted Wren,SOBW
Pheugopedius mystacalis,whiwre1,Whiskered Wren,
Pheugopedius rutilus,rubwre1,Rufous-breasted Wren,RBSW
Pheugopedius schulenbergi,pltwre3,Grey-browed Wren,
Pheugopedius sclateri,spbwre2,Speckle-breasted Wren,
Pheugopedius spadix,sohwre1,Sooty-headed Wren,SHEW
Phibalura flavirostris,swtcot1,Swallow-tailed Cotinga,
Phidippus borealis,,,
Philautus aurantium,,,
Philautus aurifasciatus,,,
Philautus tectus,,,
Philemon albitorques,whnfri1,Manus Friarbird,
Philemon argenticeps,sicfri1,Silver-crowned Friarbird,
Philemon buceroides,helfri1,Helmeted Friarbird,
Philemon citreogularis,litfri1,Little Friarbird,
Philemon cockerelli,nebfri1,New Britain Friarbird,
Philemon corniculatus,noifri1,Noisy Friarbird,
Philemon diemenensis,necfri1,New Caledonian Friarbird,
Philemon fuscicapillus,dusfri1,Morotai Friarbird,
Philemon inornatus,timfri1,Timor Friarbird,
Philemon kisserensis,gryfri1,Grey Friarbird,
Philemon meyeri,meyfri1,Meyer's Friarbird,
Philemon moluccensis,bkffri1,Buru Friarbird,
Philemon plumigenis,bkffri2,Tanimbar Friarbird,
Philemon subcorniculatus,serfri1,Seram Friarbird,
Philentoma pyrhoptera,ruwphi2,Rufous-winged Philentoma,
Philentoma velata,mabphi2,Maroon-breasted Philentoma,
Philepitta castanea,velasi1,Velvet Asity,
Philepitta schlegeli,schasi1,Schlegel's Asity,
Philesturnus carunculatus,saddle3,South Island Saddleback,
Philesturnus rufusater,saddle2,North Island Saddleback,
Philetairus socius,socwea1,Sociable Weaver,
Philodice bryantae,matwoo1,Magenta-throated Woodstar,MTWO
Philodice mitchellii,putwoo1,Purple-throated Woodstar,PTWO
Philohydor lictor,leskis1,Lesser Kiskadee,LEKI
Philoria kundagungan,,,
Philoria loveridgei,,,
Philoria pughi,,,
Philoria sphagnicola,,,
Philortyx fasciatus,banqua1,Banded Quail,BAQU
Philydor atricapillus,bcfgle1,Black-capped Foliage-gleaner,
Philydor novaesi,alfgle1,Alagoas Foliage-gleaner,
Philydor pyrrhodes,crfgle1,Cinnamon-rumped Foliage-gleaner,
Phimosus infuscatus,bafibi1,Bare-faced Ibis,
Phlegopsis borbae,pafant1,Pale-faced Bare-eye,
Phlegopsis erythroptera,rwbeye1,Reddish-winged Bare-eye,
Phlegopsis nigromaculata,bsbeye1,Black-spotted Bare-eye,
Phleocryptes melanops,wrlrus1,Wren-like Rushbird,
Phlogophilus harterti,perpie1,Peruvian Piedtail,
Phlogophilus hemileucurus,ecupie1,Ecuadorian Piedtail,
Phoberus sulcatus,,,
Phoca vitulina,,,
Phodilus assimilis,srlbao1,Sri Lanka Bay Owl,
Phodilus badius,orbowl1,Oriental Bay Owl,
Phodopus sungorus,,,
Phoebastria immutabilis,layalb,Laysan Albatross,LAAL
Phoebastria irrorata,wavalb,Waved Albatross,WAVA
Phoebastria nigripes,bkfalb,Black-footed Albatross,BFAL
Phoebetria palpebrata,limalb1,Light-mantled Albatross,LMAL
Phoenicircus carnifex,gurcot1,Guianan Red Cotinga,
Phoenicircus nigricollis,bnrcot1,Black-necked Red Cotinga,
Phoeniconaias minor,lesfla1,Lesser Flamingo,
Phoenicoparrus andinus,andfla2,Andean Flamingo,
Phoenicoparrus jamesi,jamfla1,James's Flamingo,
Phoenicopterus chilensis,chifla1,Chilean Flamingo,
Phoenicopterus roseus,grefla3,Greater Flamingo,
Phoenicopterus ruber,grefla2,American Flamingo,AMFL
Phoeniculus bollei,whhwoo1,White-headed Wood Hoopoe,
Phoeniculus damarensis,viowoo1,Violet Wood Hoopoe,
Phoeniculus purpureus,grewoo2,Green Wood Hoopoe,
Phoeniculus somaliensis,blbwoo2,Black-billed Wood Hoopoe,
Phoenicurus alaschanicus,alsred1,Przevalski's Redstart,
Phoenicurus auroreus,daured1,Daurian Redstart,
Phoenicurus bicolor,luzred1,Luzon Water Redstart,
Phoenicurus coeruleocephala,bucred1,Blue-capped Redstart,
Phoenicurus erythrogastrus,whwred2,Güldenstädt's Redstart,
Phoenicurus erythronotus,rubred2,Eversmann's Redstart,
Phoenicurus frontalis,blfred1,Blue-fronted Redstart,
Phoenicurus fuliginosus,plured1,Plumbeous Water Redstart,
Phoenicurus hodgsoni,hodred1,Hodgson's Redstart,
Phoenicurus leucocephalus,whcred1,White-capped Redstart,
Phoenicurus moussieri,moured1,Moussier's Redstart,
Phoenicurus ochruros,blared1,Black Redstart,
Phoenicurus phoenicurus,comred2,Common Redstart,CRET
Phoenicurus schisticeps,whtred1,White-throated Redstart,
Pholia sharpii,shasta2,Sharpe's Starling,
Pholidoptera aptera,,,
Pholidoptera brevipes,,,
Pholidoptera dalmatica,,,
Pholidoptera ebneri,,,
Pholidoptera fallax,,,
Pholidoptera femorata,,,
Pholidoptera frivaldszkyi,,,
Pholidoptera griseoaptera,,,
Pholidoptera kalandadzei,,,
Pholidoptera littoralis,,,
Pholidoptera lucasi,,,
Pholidoptera macedonica,,,
Pholidoptera pustulipes,,,
Pholidoptera rhodopensis,,,
Pholidoptera stankoi,,,
Pholidoptera transsylvanica,,,
Pholidornis rushiae,tithyl1,Tit Hylia,
Phonarellus minor,,,
Phonarellus ritsemae,,,
Phonipara canora,cubgra,Cuban Grassquit,CUGR
Phonochorion uvarovi,,,
Phonygammus keraudrenii,truman1,Trumpet Manucode,
Phoracantha recurva,,,
Phragmacia substriata,nampri1,Namaqua Warbler,
Phrygilus atriceps,bhsfin1,Black-hooded Sierra Finch,
Phrygilus gayi,gyhsif1,Grey-hooded Sierra Finch,
Phrygilus patagonicus,pasfin1,Patagonian Sierra Finch,
Phrygilus punensis,pesfin1,Peruvian Sierra Finch,
Phrynobatrachus acridoides,,,
Phrynobatrachus alleni,,,
Phrynobatrachus bibita,,,
Phrynobatrachus discogularis,,,
Phrynobatrachus kakamikro,,,
Phrynobatrachus liberiensis,,,
Phrynobatrachus mababiensis,,,
Phrynobatrachus mayokoensis,,,
Phrynobatrachus natalensis,,,
Phrynobatrachus parvulus,,,
Phrynobatrachus tanoeensis,,,
Phrynoidis asper,,,
Phrynoidis juxtasper,,,
Phrynomantis affinis,,,
Phrynomantis annectens,,,
Phrynomantis bifasciatus,,,
Phylidonyris niger,whchon2,White-cheeked Honeyeater,
Phylidonyris novaehollandiae,nehhon2,New Holland Honeyeater,
Phylidonyris pyrrhopterus,crehon2,Crescent Honeyeater,
Phyllaemulor bracteatus,rufpot1,Rufous Potoo,
Phyllastrephus albigula,usabul1,Montane Tiny Greenbul,
Phyllastrephus albigularis,whtgre1,White-throated Greenbul,
Phyllastrephus baumanni,baugre1,Baumann's Olive Greenbul,
Phyllastrephus cabanisi,cabgre1,Cabanis's Greenbul,
Phyllastrephus cerviniventris,gyogre1,Grey-olive Greenbul,
Phyllastrephus debilis,tingre1,Lowland Tiny Greenbul,
Phyllastrephus fischeri,fisgre1,Fischer's Greenbul,
Phyllastrephus flavostriatus,yesbul1,Yellow-streaked Greenbul,
Phyllastrephus fulviventris,paogre1,Pale-olive Greenbul,
Phyllastrephus hypochloris,toogre1,Toro Olive Greenbul,
Phyllastrephus icterinus,ictgre1,Icterine Greenbul,
Phyllastrephus poensis,caogre1,Cameroon Olive Greenbul,
Phyllastrephus poliocephalus,gyhgre1,Grey-headed Greenbul,
Phyllastrephus scandens,leaflo1,Leaf-love,
Phyllastrephus strepitans,norbro1,Northern Brownbul,
Phyllastrephus terrestris,terbro1,Terrestrial Brownbul,
Phyllastrephus xavieri,xavgre1,Xavier's Greenbul,
Phyllergates cucullatus,moutai2,Mountain Tailorbird,
Phyllergates heterolaemus,ruhtai2,Rufous-headed Tailorbird,
Phyllobates bicolor,,,
Phyllobates lugubris,,,
Phyllodesma americana,,,
Phyllodytes edelmoi,,,
Phyllodytes gyrinaethes,,,
Phyllodytes kautskyi,,,
Phyllodytes luteolus,,,
Phyllolais pulchella,bubwar2,Buff-bellied Warbler,
Phyllomedusa bicolor,,,
Phyllomedusa burmeisteri,,,
Phyllomedusa distincta,,,
Phyllomedusa sauvagii,,,
Phyllomedusa tarsius,,,
Phyllomedusa tetraploidea,,,
Phyllomedusa trinitatis,,,
Phyllomedusa venusta,,,
Phyllomimus inversus,,,
Phyllomimus truncatus,,,
Phyllomyias fasciatus,platyr2,Planalto Tyrannulet,
Phyllomyias griseiceps,sohtyr1,Sooty-headed Tyrannulet,SHTY
Phyllomyias griseocapilla,gyctyr1,Grey-capped Tyrannulet,
Phyllomyias plumbeiceps,plctyr1,Plumbeous-crowned Tyrannulet,
Phyllomyias reiseri,reityr1,Reiser's Tyrannulet,
Phyllomyias sclateri,scltyr1,Sclater's Tyrannulet,
Phyllomyias virescens,gretyr1,Greenish Tyrannulet,
Phyllomyias weedeni,yuntyr1,Yungas Tyrannulet,
Phyllopalpus pulchellus,,,
Phylloscartes beckeri,bahtyr1,Bahia Tyrannulet,
Phylloscartes ceciliae,alatyr1,Alagoas Tyrannulet,
Phylloscartes flaviventris,rultyr1,Rufous-lored Tyrannulet,
Phylloscartes flavovirens,yegtyr1,Panama Tyrannulet,YGTY
Phylloscartes gualaquizae,ecutyr1,Ecuadorian Tyrannulet,
Phylloscartes kronei,restyr1,Restinga Tyrannulet,
Phylloscartes nigrifrons,blftyr1,Black-fronted Tyrannulet,
Phylloscartes oustaleti,oustyr1,Oustalet's Tyrannulet,
Phylloscartes parkeri,ciftyr1,Cinnamon-faced Tyrannulet,
Phylloscartes roquettei,migtyr1,Minas Gerais Tyrannulet,
Phylloscartes superciliaris,rubtyr1,Rufous-browed Tyrannulet,RBTY
Phylloscartes sylviolus,bartyr1,Bay-ringed Tyrannulet,
Phylloscartes ventralis,moctyr2,Mottle-cheeked Tyrannulet,
Phylloscartes virescens,olgtyr1,Olive-green Tyrannulet,
Phylloscopus affinis,y00989,Tickell's Leaf Warbler,
Phylloscopus amoenus,kullew1,Kolombangara Leaf Warbler,
Phylloscopus armandii,yeswar1,Yellow-streaked Warbler,
Phylloscopus bonelli,webwar1,Western Bonelli's Warbler,
Phylloscopus borealis,arcwar1,Arctic Warbler,ARWA
Phylloscopus borealoides,salwar1,Sakhalin Leaf Warbler,
Phylloscopus budongoensis,ugawow1,Uganda Woodland Warbler,
Phylloscopus burkii,goswar1,Green-crowned Warbler,
Phylloscopus calciatilis,limlew1,Limestone Leaf Warbler,
Phylloscopus canariensis,caichi1,Canary Islands Chiffchaff,
Phylloscopus cantator,yevwar1,Yellow-vented Warbler,
Phylloscopus castaniceps,chcwar2,Chestnut-crowned Warbler,
Phylloscopus cebuensis,letwar1,Lemon-throated Leaf Warbler,
Phylloscopus chloronotus,parwar1,Lemon-rumped Warbler,
Phylloscopus claudiae,clalew1,Claudia's Leaf Warbler,
Phylloscopus collybita,comchi1,Common Chiffchaff,CCHI
Phylloscopus coronatus,eacwar1,Eastern Crowned Warbler,
Phylloscopus emeiensis,emlwar1,Emei Leaf Warbler,
Phylloscopus examinandus,arcwar2,Kamchatka Leaf Warbler,KLWA
Phylloscopus forresti,siclew1,Sichuan Leaf Warbler,
Phylloscopus fuligiventer,smowar1,Smoky Warbler,
Phylloscopus fuscatus,duswar,Dusky Warbler,DUWA
Phylloscopus goodsoni,harlew1,Hartert's Leaf Warbler,
Phylloscopus grammiceps,sunwar1,Sunda Warbler,
Phylloscopus griseolus,subwar2,Sulphur-bellied Warbler,
Phylloscopus hainanus,halwar1,Hainan Leaf Warbler,
Phylloscopus herberti,bcwwar1,Black-capped Woodland Warbler,
Phylloscopus humei,humwar1,Hume's Leaf Warbler,
Phylloscopus ibericus,ibechi2,Iberian Chiffchaff,
Phylloscopus ijimae,ijlwar1,Ijima's Leaf Warbler,
Phylloscopus inornatus,yebwar3,Yellow-browed Warbler,YBWA
Phylloscopus intensior,davlew1,Davison's Leaf Warbler,
Phylloscopus intermedius,whswar1,White-spectacled Warbler,
Phylloscopus kansuensis,ganlew1,Gansu Leaf Warbler,
Phylloscopus laetus,rfwwar1,Red-faced Woodland Warbler,
Phylloscopus laurae,lauwow1,Laura's Woodland Warbler,
Phylloscopus maculipennis,astwar2,Ashy-throated Warbler,
Phylloscopus maforensis,isllew9,Numfor Leaf Warbler,
Phylloscopus magnirostris,lblwar1,Large-billed Leaf Warbler,
Phylloscopus makirensis,sclwar1,Makira Leaf Warbler,
Phylloscopus misoriensis,isllew10,Biak Leaf Warbler,
Phylloscopus montis,yebwar2,Yellow-breasted Warbler,
Phylloscopus neglectus,pllwar2,Plain Leaf Warbler,
Phylloscopus nesophilus,sulwar1,Sulawesi Leaf Warbler,
Phylloscopus nigrorum,mouwar4,Negros Leaf Warbler,
Phylloscopus nitidus,grnwar1,Green Warbler,
Phylloscopus occipitalis,weclew1,Western Crowned Warbler,
Phylloscopus ogilviegranti,klolew1,Kloss's Leaf Warbler,
Phylloscopus olivaceus,phlwar1,Philippine Leaf Warbler,
Phylloscopus omeiensis,marwar4,Martens's Warbler,
Phylloscopus orientalis,eabwar1,Eastern Bonelli's Warbler,
Phylloscopus plumbeitarsus,grewar2,Two-barred Warbler,
Phylloscopus poliocephalus,islwar1,Island Leaf Warbler,
Phylloscopus poliogenys,gycwar2,Grey-cheeked Warbler,
Phylloscopus presbytes,tilwar2,Timor Leaf Warbler,
Phylloscopus proregulus,palwar5,Pallas's Leaf Warbler,PLEW
Phylloscopus pulcher,bubwar1,Buff-barred Warbler,
Phylloscopus reguloides,blylew1,Blyth's Leaf Warbler,
Phylloscopus ricketti,subwar3,Sulphur-breasted Warbler,
Phylloscopus rotiensis,rolwar1,Rote Leaf Warbler,
Phylloscopus ruficapilla,yetwow1,Yellow-throated Woodland Warbler,
Phylloscopus sarasinorum,sulwar3,Lompobattang Leaf Warbler,
Phylloscopus schwarzi,radwar1,Radde's Warbler,
Phylloscopus sibilatrix,woowar,Wood Warbler,WOWA
Phylloscopus sindianus,mouchi2,Mountain Chiffchaff,
Phylloscopus soror,pltwar1,Alström's Warbler,
Phylloscopus subaffinis,butwar1,Buff-throated Warbler,
Phylloscopus subviridis,brlwar1,Brooks's Leaf Warbler,
Phylloscopus tenellipes,pllwar1,Pale-legged Leaf Warbler,
Phylloscopus tephrocephalus,gycwar1,Grey-crowned Warbler,
Phylloscopus trivirgatus,mouwar2,Mountain Leaf Warbler,
Phylloscopus trochiloides,grewar3,Greenish Warbler,
Phylloscopus trochilus,wlwwar,Willow Warbler,WILW
Phylloscopus tytleri,tylwar1,Tytler's Leaf Warbler,
Phylloscopus umbrovirens,brwwar1,Brown Woodland Warbler,
Phylloscopus valentini,biawar1,Bianchi's Warbler,
Phylloscopus whistleri,whiwar2,Whistler's Warbler,
Phylloscopus xanthodryas,arcwar3,Japanese Leaf Warbler,
Phylloscopus xanthoschistos,gyhwar2,Grey-hooded Warbler,
Phylloscopus yunnanensis,chilew1,Chinese Leaf Warbler,
Phylloscyrtus amoenus,,,
Phymonotus jacintotopos,,,
Physalaemus albifrons,,,
Physalaemus albonotatus,,,
Physalaemus atim,,,
Physalaemus atlanticus,,,
Physalaemus barrioi,,,
Physalaemus biligonigerus,,,
Physalaemus carrizorum,,,
Physalaemus centralis,,,
Physalaemus cicada,,,
Physalaemus cuvieri,,,
Physalaemus ephippifer,,,
Physalaemus fernandezae,,,
Physalaemus fischeri,,,
Physalaemus gracilis,,,
Physalaemus kroyeri,,,
Physalaemus lateristriga,,,
Physalaemus lisei,,,
Physalaemus nanus,,,
Physalaemus nattereri,,,
Physalaemus olfersii,,,
Physalaemus riograndensis,,,
Physalaemus signifer,,,
Physalaemus spiniger,,,
Physeema labyrinthica,,,
Physeema quadricincta,,,
Physemacris variolosa,,,
Physeter macrocephalus,,,
Phytholaema herrmanni,,,
Phytotoma raimondii,perpla1,Peruvian Plantcutter,
Phytotoma rara,rutpla1,Rufous-tailed Plantcutter,
Phytotoma rutila,whtpla1,White-tipped Plantcutter,
Piano,,,
Piaya cayana,squcuc1,Common Squirrel Cuckoo,SQCU
Piaya melanogaster,blbcuc1,Black-bellied Cuckoo,
Pica asirensis,eurmag5,Asir Magpie,
Pica bottanensis,eurmag6,Black-rumped Magpie,
Pica hudsonia,bkbmag1,Black-billed Magpie,BBMA
Pica mauritanica,eurmag3,Maghreb Magpie,
Pica nuttalli,,,
Pica pica,eurmag1,Eurasian Magpie,
Pica serica,orimag1,Oriental Magpie,
Picathartes gymnocephalus,whnroc1,White-necked Rockfowl,
Picathartes oreas,gynroc1,Grey-necked Rockfowl,
Picoides arcticus,bkbwoo,Black-backed Woodpecker,BBWO
Picoides dorsalis,attwoo1,American Three-toed Woodpecker,ATTW
Picoides tridactylus,ettwoo1,Eurasian Three-toed Woodpecker,
Piculus aurulentus,whbwoo7,Yellow-browed Woodpecker,
Piculus callopterus,stcwoo1,Stripe-cheeked Woodpecker,SCHW
Piculus chrysochloros,gogwoo1,Golden-green Woodpecker,GGWO
Piculus flavigula,yetwoo1,Yellow-throated Woodpecker,
Piculus leucolaemus,whtwoo2,White-throated Woodpecker,
Piculus litae,litwoo1,Lita Woodpecker,
Piculus simplex,ruwwoo1,Rufous-winged Woodpecker,RWWO
Picumnus albosquamatus,whwpic1,White-wedged Piculet,
Picumnus aurifrons,babpic1,Bar-breasted Piculet,
Picumnus castelnau,plbpic1,Plain-breasted Piculet,
Picumnus cinnamomeus,chepic1,Chestnut Piculet,
Picumnus cirratus,whbpic1,White-barred Piculet,
Picumnus dorbignyanus,ocepic2,Ocellated Piculet,
Picumnus exilis,gospic1,Golden-spangled Piculet,
Picumnus fuscus,runpic1,Rusty-necked Piculet,
Picumnus granadensis,grapic1,Greyish Piculet,
Picumnus innominatus,spepic1,Speckled Piculet,
Picumnus lafresnayi,lafpic1,Lafresnaye's Piculet,
Picumnus limae,ochpic1,Ochraceous Piculet,
Picumnus minutissimus,arrpic1,Arrowhead Piculet,
Picumnus nebulosus,motpic1,Mottled Piculet,
Picumnus olivaceus,olipic1,Olivaceous Piculet,OLPI
Picumnus pumilus,oripic1,Orinoco Piculet,
Picumnus pygmaeus,spopic1,Spotted Piculet,
Picumnus rufiventris,rubpic1,Rufous-breasted Piculet,
Picumnus sclateri,ecupic1,Ecuadorian Piculet,
Picumnus spilogaster,whbpic2,White-bellied Piculet,
Picumnus squamulatus,scapic1,Scaled Piculet,
Picumnus steindachneri,spcpic1,Speckle-chested Piculet,
Picumnus subtilis,fibpic1,Fine-barred Piculet,
Picumnus temminckii,occpic1,Ochre-collared Piculet,
Picumnus varzeae,varpic1,Varzea Piculet,
Picus awokera,japwoo1,Japanese Green Woodpecker,
Picus canus,gyfwoo1,Grey-headed Woodpecker,
Picus chlorolophus,lesyel1,Lesser Yellownape,
Picus erythropygius,blhwoo1,Black-headed Woodpecker,
Picus puniceus,crwwoo1,Crimson-winged Woodpecker,
Picus rabieri,recwoo2,Red-collared Woodpecker,
Picus sharpei,grnwoo3,Iberian Green Woodpecker,
Picus squamatus,scbwoo1,Scaly-bellied Woodpecker,
Picus vaillantii,levwoo1,Levaillant's Woodpecker,
Picus viridanus,stbwoo3,Streak-breasted Woodpecker,
Picus viridis,eugwoo2,European Green Woodpecker,
Picus vittatus,lacwoo1,Laced Woodpecker,
Picus xanthopygaeus,sttwoo1,Streak-throated Woodpecker,
Piezorina cinerea,cinfin1,Cinereous Finch,
Pilherodius pileatus,capher1,Capped Heron,CAHE
Piliocolobus badius,,,
Pinarochroa sordida,moocha1,Moorland Chat,
Pinarocorys erythropygia,rurlar1,Rufous-rumped Lark,
Pinarocorys nigricans,duslar1,Dusky Lark,
Pinarornis plumosus,boucha1,Boulder Chat,
Pinicola enucleator,pingro,Pine Grosbeak,PIGR
Pionites leucogaster,whbpar1,White-bellied Parrot,
Pionites melanocephalus,blhpar4,Black-headed Parrot,
Pionopsitta pileata,recpar3,Pileated Parrot,
Pionus chalcopterus,brwpar1,Bronze-winged Parrot,
Pionus fuscus,duspar1,Dusky Parrot,
Pionus maximiliani,schpar1,Scaly-headed Parrot,
Pionus menstruus,blhpar1,Blue-headed Parrot,BHEP
Pionus senilis,whcpar,White-crowned Parrot,WCPA
Pionus sordidus,rebpar2,Red-billed Parrot,
Pionus tumultuosus,spfpar1,Speckle-faced Parrot,
Pipa carvalhoi,,,
Pipa pipa,,,
Pipile cujubi,rtpgua1,Red-throated Piping Guan,
Pipile cumanensis,butpig1,Blue-throated Piping Guan,
Pipile jacutinga,bfpgua1,Black-fronted Piping Guan,
Pipile pipile,trpgua1,Trinidad Piping Guan,
Pipilo chlorurus,gnttow,Green-tailed Towhee,GTTO
Pipilo erythrophthalmus,eastow,Eastern Towhee,EATO
Pipilo maculatus,spotow,Spotted Towhee,SPTO
Pipilo ocai,coltow1,Collared Towhee,COTO
Pipra aureola,crhman1,Crimson-hooded Manakin,
Pipra fasciicauda,batman1,Band-tailed Manakin,
Pipra filicauda,witman2,Wire-tailed Manakin,
Pipraeidea melanonota,fabtan1,Fawn-breasted Tanager,
Pipreola arcuata,barfru1,Barred Fruiteater,
Pipreola aureopectus,gobfru1,Golden-breasted Fruiteater,
Pipreola chlorolepidota,fitfru1,Fiery-throated Fruiteater,
Pipreola formosa,hanfru1,Handsome Fruiteater,
Pipreola frontalis,scbfru1,Scarlet-breasted Fruiteater,
Pipreola intermedia,batfru1,Band-tailed Fruiteater,
Pipreola jucunda,orbfru1,Orange-breasted Fruiteater,
Pipreola lubomirskii,blcfru1,Black-chested Fruiteater,
Pipreola pulchra,masfru1,Masked Fruiteater,
Pipreola riefferii,gabfru1,Green-and-black Fruiteater,
Pipreola whitelyi,rebfru1,Red-banded Fruiteater,
Piprites chloris,wibpip1,Wing-barred Piprites,
Piprites griseiceps,grhpip1,Grey-headed Piprites,GHPI
Piprites pileata,bkcpip1,Black-capped Piprites,
Piranga bidentata,flctan,Flame-colored Tanager,FCTA
Piranga erythrocephala,rehtan1,Red-headed Tanager,RHTA
Piranga flava,heptan,Hepatic Tanager,HETA
Piranga leucoptera,whwtan1,White-winged Tanager,WWTA
Piranga ludoviciana,westan,Western Tanager,WETA
Piranga olivacea,scatan,Scarlet Tanager,SCTA
Piranga roseogularis,rottan1,Rose-throated Tanager,RTTA
Piranga rubra,sumtan,Summer Tanager,SUTA
Piranga rubriceps,rehtan2,Red-hooded Tanager,
Pison spinolae,,,
Pitangus sulphuratus,grekis,Great Kiskadee,GKIS
Pithecia chrysocephala,,,
Pithecia irrorata,,,
Pithecia napensis,,,
Pithecia pithecia,,,
Pithecophaga jefferyi,grpeag1,Philippine Eagle,
Pithecopus araguaius,,,
Pithecopus azureus,,,
Pithecopus gonzagai,,,
Pithecopus hypochondrialis,,,
Pithecopus nordestinus,,,
Pithecopus rohdei,,,
Pithys albifrons,whpant1,White-plumed Antbird,
Pithys castaneus,whmant2,White-masked Antbird,
Pitohui cerviniventris,varpit4,Raja Ampat Pitohui,
Pitohui dichrous,hoopit1,Hooded Pitohui,
Pitohui kirhocephalus,varpit2,Northern Variable Pitohui,
Pitohui uropygialis,varpit3,Southern Variable Pitohui,
Pitta anerythra,blfpit1,Black-faced Pitta,
Pitta angolensis,afrpit1,African Pitta,
Pitta brachyura,indpit1,Indian Pitta,
Pitta concinna,elepit2,Ornate Pitta,
Pitta elegans,elepit7,Elegant Pitta,
Pitta iris,raipit1,Rainbow Pitta,
Pitta maxima,ivbpit1,Ivory-breasted Pitta,
Pitta megarhyncha,manpit1,Mangrove Pitta,
Pitta moluccensis,blwpit1,Blue-winged Pitta,
Pitta nympha,faipit1,Fairy Pitta,
Pitta reichenowi,grbpit1,Green-breasted Pitta,
Pitta sordida,wehpit1,Western Hooded Pitta,
Pitta steerii,azbpit1,Azure-breasted Pitta,
Pitta superba,suppit1,Superb Pitta,
Pitta versicolor,noipit1,Noisy Pitta,
Pitta vigorsii,elepit6,Banda Sea Pitta,
Pittasoma michleri,blcant1,Black-crowned Antpitta,BCAP
Pittasoma rufopileatum,rucant3,Rufous-crowned Antpitta,
Pituophis catenifer,,,
Pityriasis gymnocephala,borbri1,Bornean Bristlehead,
Plagiostira gillettei,,,
Plagiostira mescaleroensis,,,
Planopleura kaempferi,,,
Planopleura takasagona,,,
Platalea ajaja,rosspo1,Roseate Spoonbill,ROSP
Platalea alba,afrspo1,African Spoonbill,
Platalea flavipes,yebspo1,Yellow-billed Spoonbill,
Platalea leucorodia,eurspo1,Eurasian Spoonbill,EURS
Platalea minor,blfspo1,Black-faced Spoonbill,
Platalea regia,royspo1,Royal Spoonbill,
Platycercus adscitus,pahros1,Pale-headed Rosella,
Platycercus caledonicus,greros2,Green Rosella,
Platycercus elegans,criros2,Crimson Rosella,
Platycercus eximius,easros1,Eastern Rosella,
Platycercus icterotis,wesros1,Western Rosella,
Platycercus venustus,norros1,Northern Rosella,
Platycleis affinis,,,
Platycleis albopunctata,,,
Platycleis concii,,,
Platycleis escalerai,,,
Platycleis falx,,,
Platycleis fatima,,,
Platycleis grisea,,,
Platycleis iberica,,,
Platycleis intermedia,,,
Platycleis romana,,,
Platycleis sabulosa,,,
Platycryptus undatus,,,
Platylomia amicta,,,
Platylomia bivocalis,,,
Platylomia bocki,,,
Platylomia duffelsi,,,
Platylomia larus,,,
Platylomia shaanxiensis,,,
Platylomia strongata,,,
Platylophus galericulatus,crejay1,Crested Jayshrike,
Platylyra californica,,,
Platymantis dorsalis,,,
Platypedia areolata,,,
Platypedia bernardinoensis,,,
Platypedia laticapitata,,,
Platypedia mariposa,,,
Platypedia middlekauffi,,,
Platypedia minor,,,
Platypedia putnami,,,
Platypedia similis,,,
Platypedia sylvesteri,,,
Platypedia vanduzeei,,,
Platyplectrum fletcheri,,,
Platyplectrum ornatum,,,
Platypleura arabica,,,
Platypleura canescens,,,
Platypleura capensis,,,
Platypleura capitata,,,
Platypleura fulvigera,,,
Platypleura hilpa,,,
Platypleura techowi,,,
Platypsalta dubia,,,
Platyrinchus cancrominus,sttspa1,Stub-tailed Spadebill,SBTS
Platyrinchus coronatus,gocspa1,Golden-crowned Spadebill,GCRS
Platyrinchus flavigularis,yetspa1,Yellow-throated Spadebill,
Platyrinchus leucoryphus,ruwspa1,Russet-winged Spadebill,
Platyrinchus mystaceus,whtspa1,White-throated Spadebill,WTRS
Platyrinchus platyrhynchos,whcspa1,White-crested Spadebill,
Platyrinchus saturatus,cicspa1,Cinnamon-crested Spadebill,
Platysmurus aterrimus,blkmag2,Bornean Black Magpie,
Platysmurus leucopterus,blkmag1,Malayan Black Magpie,
Platyspiza crassirostris,vegfin2,Vegetarian Finch,
Platysteira albifrons,wfweye1,White-fronted Wattle-eye,
Platysteira blissetti,rcweye1,Red-cheeked Wattle-eye,
Platysteira chalybea,bnweye1,Black-necked Wattle-eye,
Platysteira concreta,ybweye1,Yellow-bellied Wattle-eye,
Platysteira cyanea,btweye2,Brown-throated Wattle-eye,
Platysteira jamesoni,jaweye1,Jameson's Wattle-eye,
Platysteira laticincta,baweye1,Banded Wattle-eye,
Platysteira peltata,btweye1,Black-throated Wattle-eye,
Platystolus martinezii,,,
Plectorhyncha lanceolata,strhon1,Striped Honeyeater,
Plectrophenax hyperboreus,mckbun,McKay's Bunting,MKBU
Plectrophenax nivalis,snobun,Snow Bunting,SNBU
Plectropterus gambensis,spwgoo1,Spur-winged Goose,
Plecturocebus cinerascens,,,
Plecturocebus cupreus,,,
Plecturocebus discolor,,,
Plecturocebus moloch,,,
Plecturocebus oenanthe,,,
Plecturocebus ornatus,,,
Plecturocebus pallescens,,,
Plecturocebus toppini,,,
Plegadis chihi,whfibi,White-faced Ibis,WFIB
Plegadis falcinellus,gloibi,Glossy Ibis,GLIB
Plegadis ridgwayi,punibi1,Puna Ibis,
Plesiodryas albonotata,bltrob1,Black-throated Robin,
Plesiopelma longisternale,,,
Plethodon glutinosus,,,
Pleurodema brachyops,,,
Pleurodema cinereum,,,
Pleurodema cordobae,,,
Pleurodema diplolister,,,
Pleurodema guayapae,,,
Pleurodema nebulosum,,,
Pleurodema thaul,,,
Pleurodema tucumanum,,,
Plocealauda affinis,jerbus2,Jerdon's Bush Lark,
Plocealauda assamica,benbus1,Bengal Bush Lark,
Plocealauda erythrocephala,indbus3,Indochinese Bush Lark,
Plocealauda erythroptera,indbus2,Indian Bush Lark,
Plocealauda microptera,burbus1,Burmese Bush Lark,
Plocepasser donaldsoni,dsswea1,Donaldson Smith's Sparrow-Weaver,
Plocepasser mahali,wbswea1,White-browed Sparrow-Weaver,
Plocepasser rufoscapulatus,cbswea1,Chestnut-backed Sparrow-Weaver,
Plocepasser superciliosus,ccswea1,Chestnut-crowned Sparrow-Weaver,
Ploceus albinucha,mabwea1,Maxwell's Black Weaver,
Ploceus alienus,strwea1,Strange Weaver,
Ploceus angolensis,bawwea1,Bar-winged Weaver,
Ploceus aurantius,orawea1,Orange Weaver,
Ploceus badius,cinwea1,Cinnamon Weaver,
Ploceus baglafecht,bagwea1,Baglafecht Weaver,
Ploceus bannermani,banwea1,Bannerman's Weaver,
Ploceus benghalensis,benwea1,Black-breasted Weaver,
Ploceus bertrandi,berwea2,Bertram's Weaver,
Ploceus bicolor,forwea1,Dark-backed Weaver,
Ploceus bojeri,gopwea1,Golden Palm Weaver,
Ploceus burnieri,kilwea1,Kilombero Weaver,
Ploceus capensis,capwea1,Cape Weaver,
Ploceus castaneiceps,tagwea1,Taveta Weaver,
Ploceus castanops,nbtwea1,Northern Brown-throated Weaver,
Ploceus cucullatus,vilwea1,Village Weaver,VIWE
Ploceus dichrocephalus,salwea1,Juba Weaver,
Ploceus galbula,ruewea1,Rüppell's Weaver,
Ploceus golandi,clawea1,Kilifi Weaver,
Ploceus grandis,giawea1,Giant Weaver,
Ploceus heuglini,hemwea1,Heuglin's Masked Weaver,
Ploceus hypoxanthus,asgwea2,Asian Golden Weaver,
Ploceus insignis,brcwea1,Brown-capped Weaver,
Ploceus intermedius,lesmaw1,Lesser Masked Weaver,
Ploceus jacksoni,gobwea1,Golden-backed Weaver,
Ploceus katangae,kamwea1,Katanga Masked Weaver,
Ploceus luteolus,litwea1,Little Weaver,
Ploceus manyar,strwea2,Streaked Weaver,
Ploceus melanocephalus,blhwea1,Black-headed Weaver,
Ploceus melanogaster,blbwea1,Black-billed Weaver,
Ploceus nelicourvi,nelwea1,Nelicourvi Weaver,
Ploceus nicolli,usawea1,Usambara Weaver,
Ploceus nigerrimus,viewea3,Vieillot's Black Weaver,
Ploceus nigricollis,bknwea2,Black-necked Weaver,
Ploceus ocularis,spewea1,Spectacled Weaver,
Ploceus olivaceiceps,olhwea1,Olive-headed Weaver,
Ploceus pelzelni,slbwea1,Slender-billed Weaver,
Ploceus philippinus,baywea1,Baya Weaver,
Ploceus princeps,prgwea1,Principe Weaver,
Ploceus rubiginosus,chewea1,Chestnut Weaver,
Ploceus sakalava,sakwea1,Sakalava Weaver,
Ploceus sanctithomae,satwea1,Sao Tome Weaver,
Ploceus spekei,spewea2,Speke's Weaver,
Ploceus spekeoides,foxwea1,Fox's Weaver,
Ploceus subaureus,afgwea1,Eastern Golden Weaver,
Ploceus subpersonatus,loawea1,Loango Weaver,
Ploceus taeniopterus,nomwea1,Northern Masked Weaver,
Ploceus temporalis,bocwea1,Bocage's Weaver,
Ploceus tricolor,yemwea1,Yellow-mantled Weaver,
Ploceus velatus,afmwea,Southern Masked Weaver,
Ploceus vitellinus,vimwea1,Vitelline Masked Weaver,
Ploceus weynsi,weywea1,Weyns's Weaver,
Ploceus xanthops,hogwea1,Holub's Golden Weaver,
Ploceus xanthopterus,sbtwea1,Southern Brown-throated Weaver,
Plucked_string_instrument,,,
Pluvialis apricaria,eugplo,European Golden Plover,EUGP
Pluvialis dominica,amgplo,American Golden Plover,AMGP
Pluvialis fulva,pagplo,Pacific Golden Plover,PAGP
Pluvialis squatarola,bkbplo,Grey Plover,BBPL
Pluvianellus socialis,magplo1,Magellanic Plover,
Pluvianus aegyptius,egyplo1,Egyptian Plover,
Pneumora inanis,,,
Pnoepyga albiventer,scbcup3,Scaly-breasted Cupwing,
Pnoepyga formosana,taiwrb1,Taiwan Cupwing,
Pnoepyga immaculata,immwrb1,Nepal Cupwing,
Pnoepyga pusilla,pywbab1,Pygmy Cupwing,
Podargus ocellatus,marfro1,Marbled Frogmouth,
Podargus papuensis,papfro1,Papuan Frogmouth,
Podargus strigoides,tawfro1,Tawny Frogmouth,
Podica senegalensis,afrfin1,African Finfoot,
Podiceps auritus,horgre,Horned Grebe,HOGR
Podiceps cristatus,grcgre1,Great Crested Grebe,
Podiceps gallardoi,hoogre1,Hooded Grebe,
Podiceps grisegena,rengre,Red-necked Grebe,RNGR
Podiceps major,gregre1,Great Grebe,
Podiceps nigricollis,eargre,Black-necked Grebe,EAGR
Podiceps occipitalis,silgre1,Silvery Grebe,
Podiceps taczanowskii,jungre1,Junin Grebe,
Podilymbus podiceps,pibgre,Pied-billed Grebe,PBGR
Podismopsis keisti,,,
Podismopsis poppiusi,,,
Podismopsis ussuriensis,,,
Podoces biddulphi,xigjay1,Xinjiang Ground Jay,
Podoces hendersoni,mogjay1,Mongolian Ground Jay,
Podoces panderi,tugjay1,Turkestan Ground Jay,
Podoces pleskei,irgjay1,Iranian Ground Jay,
Poecile atricapillus,bkcchi,Black-capped Chickadee,BCCH
Poecile carolinensis,carchi,Carolina Chickadee,CACH
Poecile cinctus,gyhchi,Grey-headed Chickadee,GHCH
Poecile davidi,pedtit1,Pere David's Tit,
Poecile gambeli,mouchi,Mountain Chickadee,MOCH
Poecile hudsonicus,borchi2,Boreal Chickadee,BOCH
Poecile hypermelaenus,bkbtit1,Black-bibbed Tit,
Poecile hyrcanus,castit2,Caspian Tit,
Poecile lugubris,somtit3,Sombre Tit,
Poecile montanus,wiltit1,Willow Tit,
Poecile palustris,martit2,Marsh Tit,
Poecile rufescens,chbchi,Chestnut-backed Chickadee,CBCH
Poecile sclateri,mexchi,Mexican Chickadee,MECH
Poecile superciliosus,whbtit4,White-browed Tit,
Poecile weigoldicus,sictit1,Sichuan Tit,
Poecilimon aegaeus,,,
Poecilimon affinis,,,
Poecilimon albolineatus,,,
Poecilimon amissus,,,
Poecilimon ampliatus,,,
Poecilimon antalyaensis,,,
Poecilimon artedentatus,,,
Poecilimon bilgeri,,,
Poecilimon bosphoricus,,,
Poecilimon brunneri,,,
Poecilimon celebi,,,
Poecilimon chopardi,,,
Poecilimon deplanatus,,,
Poecilimon doga,,,
Poecilimon ebneri,,,
Poecilimon ege,,,
Poecilimon elegans,,,
Poecilimon erimanthos,,,
Poecilimon flavescens,,,
Poecilimon fussii,,,
Poecilimon gracilioides,,,
Poecilimon gracilis,,,
Poecilimon hamatus,,,
Poecilimon haydari,,,
Poecilimon heinrichi,,,
Poecilimon helleri,,,
Poecilimon heroicus,,,
Poecilimon hoelzeli,,,
Poecilimon ikariensis,,,
Poecilimon inflatus,,,
Poecilimon isopterus,,,
Poecilimon isozonatus,,,
Poecilimon izmirensis,,,
Poecilimon jonicus,,,
Poecilimon karakushi,,,
Poecilimon klausgerhardi,,,
Poecilimon kutahiensis,,,
Poecilimon laevissimus,,,
Poecilimon ledereri,,,
Poecilimon lodosi,,,
Poecilimon luschani,,,
Poecilimon macedonicus,,,
Poecilimon mariannae,,,
Poecilimon marmaraensis,,,
Poecilimon martinae,,,
Poecilimon miramae,,,
Poecilimon mytilenensis,,,
Poecilimon nobilis,,,
Poecilimon nonveilleri,,,
Poecilimon obesus,,,
Poecilimon obtusicercus,,,
Poecilimon orbelicus,,,
Poecilimon ornatus,,,
Poecilimon paros,,,
Poecilimon pechevi,,,
Poecilimon pergamicus,,,
Poecilimon pindos,,,
Poecilimon pliginskii,,,
Poecilimon propinquus,,,
Poecilimon pseudornatus,,,
Poecilimon pulcher,,,
Poecilimon roseoviridis,,,
Poecilimon sanctipauli,,,
Poecilimon schmidtii,,,
Poecilimon scythicus,,,
Poecilimon serratus,,,
Poecilimon similis,,,
Poecilimon soulion,,,
Poecilimon superbus,,,
Poecilimon sureyanus,,,
Poecilimon tauricus,,,
Poecilimon tessellatus,,,
Poecilimon thessalicus,,,
Poecilimon thoracicus,,,
Poecilimon turcicus,,,
Poecilimon ukrainicus,,,
Poecilimon unispinosus,,,
Poecilimon veluchianus,,,
Poecilimon werneri,,,
Poecilimon zimmeri,,,
Poecilimon zonatus,,,
Poecilimon zwicki,,,
Poecilodryas cerviniventris,busrob1,Buff-sided Robin,
Poecilodryas hypoleuca,blsrob2,Black-sided Robin,
Poecilodryas superciliosa,whbrob2,White-browed Robin,
Poecilostreptus cabanisi,azrtan1,Azure-rumped Tanager,ARTA
Poecilostreptus palmeri,gagtan1,Grey-and-gold Tanager,GAGT
Poecilotriccus albifacies,wcttyr1,White-cheeked Tody-Flycatcher,
Poecilotriccus calopterus,gowtof1,Golden-winged Tody-Flycatcher,
Poecilotriccus capitalis,bawtyr1,Black-and-white Tody-Flycatcher,
Poecilotriccus fumifrons,smftof1,Smoky-fronted Tody-Flycatcher,
Poecilotriccus latirostris,ruftof1,Rusty-fronted Tody-Flycatcher,
Poecilotriccus luluae,johtot1,Lulu's Tody-Flycatcher,
Poecilotriccus plumbeiceps,ocftof1,Ochre-faced Tody-Flycatcher,
Poecilotriccus pulchellus,bkbtof1,Black-backed Tody-Flycatcher,
Poecilotriccus ruficeps,rcttyr1,Rufous-crowned Tody-Flycatcher,
Poecilotriccus russatus,rudtof1,Ruddy Tody-Flycatcher,
Poecilotriccus senex,buctof1,Buff-cheeked Tody-Flycatcher,
Poecilotriccus sylvia,shtfly1,Slaty-headed Tody-Flycatcher,SHTF
Poeoptera kenricki,kensta1,Kenrick's Starling,
Poeoptera lugubris,natsta1,Narrow-tailed Starling,
Poeoptera stuhlmanni,stusta1,Stuhlmann's Starling,
Poephila acuticauda,lotfin1,Long-tailed Finch,
Poephila cincta,bltfin1,Black-throated Finch,
Poephila personata,masfin1,Masked Finch,
Pogonias cromis,,,
Pogoniulus atroflavus,rertin1,Red-rumped Tinkerbird,
Pogoniulus bilineatus,yertin1,Yellow-rumped Tinkerbird,
Pogoniulus chrysoconus,yeftin1,Yellow-fronted Tinkerbird,
Pogoniulus coryphaea,westin1,Western Tinkerbird,
Pogoniulus leucomystax,moutin1,Moustached Tinkerbird,
Pogoniulus pusillus,reftin4,Southern Red-fronted Tinkerbird,
Pogoniulus scolopaceus,spetin1,Speckled Tinkerbird,
Pogoniulus simplex,gretin2,Green Tinkerbird,
Pogoniulus subsulphureus,yettin1,Yellow-throated Tinkerbird,
Pogoniulus uropygialis,reftin1,Northern Red-fronted Tinkerbird,
Pogonocichla stellata,whsrob1,White-starred Robin,
Pogonomyrmex rugosus,,,
Pogonornis bidentatus,dotbar1,Double-toothed Barbet,
Pogonornis dubius,beabar1,Bearded Barbet,
Pogonornis melanopterus,brbbar1,Brown-breasted Barbet,
Pogonornis minor,blbbar1,Black-backed Barbet,
Pogonotriccus chapmani,chabrt1,Chapman's Bristle Tyrant,
Pogonotriccus difficilis,sdmtyr2,Serra do Mar Bristle Tyrant,
Pogonotriccus eximius,sobtyr2,Southern Bristle Tyrant,
Pogonotriccus lanyoni,anbtyr1,Antioquia Bristle Tyrant,
Pogonotriccus ophthalmicus,mfbtyr1,Marble-faced Bristle Tyrant,
Pogonotriccus orbitalis,spbtyr1,Spectacled Bristle Tyrant,
Pogonotriccus paulista,saptyr1,Sao Paulo Bristle Tyrant,
Pogonotriccus poecilotis,vabtyr1,Variegated Bristle Tyrant,
Pogonotriccus venezuelanus,vebtyr2,Venezuelan Bristle Tyrant,
Poicephalus cryptoxanthus,brhpar2,Brown-headed Parrot,
Poicephalus flavifrons,yefpar4,Yellow-fronted Parrot,
Poicephalus fuscicollis,brnpar1,Brown-necked Parrot,
Poicephalus gulielmi,refpar5,Red-fronted Parrot,
Poicephalus meyeri,meypar1,Meyer's Parrot,
Poicephalus robustus,bnnpar2,Cape Parrot,
Poicephalus rueppellii,ruepar1,Rüppell's Parrot,
Poicephalus rufiventris,rebpar1,Red-bellied Parrot,
Poicephalus senegalus,senpar,Senegal Parrot,
Poikilocarbo gaimardi,relcor1,Red-legged Cormorant,
Polemaetus bellicosus,mareag1,Martial Eagle,
Polichne longipes,,,
Polichne tenuis,,,
Polihierax semitorquatus,pygfal1,Pygmy Falcon,
Poliocephalus poliocephalus,hohgre1,Hoary-headed Grebe,
Poliocitellus franklinii,,,
Poliocrania exsul,chbant1,Chestnut-backed Antbird,CBAN
Poliolais lopezi,whtwar1,White-tailed Warbler,
Poliolimnas cinereus,whbcra1,White-browed Crake,
Polionemobius flavoantennalis,,,
Polionemobius taprobanense,,,
Polionemobius taprobanensis,,,
Polioptila albiloris,whlgna2,White-lored Gnatcatcher,WLGN
Polioptila albiventris,whlgna3,Yucatan Gnatcatcher,YUGN
Polioptila attenboroughi,,,
Polioptila bilineata,trogna2,White-browed Gnatcatcher,WBGN
Polioptila caerulea,buggna,Blue-grey Gnatcatcher,BGGN
Polioptila californica,calgna,California Gnatcatcher,CAGN
Polioptila clementsi,iqugna1,Iquitos Gnatcatcher,
Polioptila dumicola,masgna1,Masked Gnatcatcher,
Polioptila facilis,,,
Polioptila guianensis,guigna3,Guianan Gnatcatcher,
Polioptila lactea,crbgna1,Creamy-bellied Gnatcatcher,
Polioptila lembeyei,cubgna1,Cuban Gnatcatcher,CUGN
Polioptila melanura,bktgna,Black-tailed Gnatcatcher,BTGN
Polioptila nigriceps,bkcgna,Black-capped Gnatcatcher,BCGN
Polioptila paraensis,guigna4,Para Gnatcatcher,
Polioptila plumbea,trogna1,Tropical Gnatcatcher,
Polioptila schistaceigula,sltgna1,Slate-throated Gnatcatcher,STGN
Polyboroides radiatus,mahhaw1,Madagascar Harrier-Hawk,
Polyboroides typus,afhhaw1,African Harrier-Hawk,
Polyerata amabilis,blchum1,Blue-chested Hummingbird,BCHH
Polyerata decora,chahum1,Charming Hummingbird,CHHU
Polyerata rosenbergi,puchum1,Purple-chested Hummingbird,
Polygonia comma,,,
Polynoncus bullatus,,,
Polyonymus caroli,brtcom1,Bronze-tailed Comet,
Polypedates braueri,,,
Polypedates colletti,,,
Polypedates leucomystax,,,
Polypedates maculatus,,,
Polypedates megacephalus,,,
Polypedates mutus,,,
Polyphylla comes,,,
Polyphylla crinita,,,
Polyphylla decemlineata,,,
Polyphylla fullo,,,
Polyphylla occidentalis,,,
Polyphylla variolosa,,,
Polyplectron bicalcaratum,grypep2,Grey Peacock-Pheasant,
Polyplectron chalcurum,btpphe1,Sumatran Peacock-Pheasant,
Polyplectron germaini,gepphe1,Germain's Peacock-Pheasant,
Polyplectron inopinatum,mopphe1,Mountain Peacock-Pheasant,
Polyplectron katsumatae,grypep3,Hainan Peacock-Pheasant,
Polyplectron malacense,mapphe1,Malayan Peacock-Pheasant,
Polyplectron napoleonis,palpep1,Palawan Peacock-Pheasant,
Polyplectron schleiermacheri,bopphe1,Bornean Peacock-Pheasant,
Polyrhachis delicata,,,
Polysarcus denticauda,,,
Polysarcus scutatus,,,
Polysarcus zacharovi,,,
Polysticta stelleri,steeid,Steller's Eider,STEI
Polystictus pectoralis,beatac1,Bearded Tachuri,
Polystictus superciliaris,gybtac1,Grey-backed Tachuri,
Polytelis alexandrae,alepar1,Princess Parrot,
Polytelis anthopeplus,regpar1,Regent Parrot,
Polytelis swainsonii,suppar1,Superb Parrot,
Polytmus guainumbi,whtgol1,White-tailed Goldenthroat,
Polytmus milleri,tepgol1,Tepui Goldenthroat,
Polytmus theresiae,grtgol1,Green-tailed Goldenthroat,
Pomarea dimidiata,rarmon1,Rarotonga Monarch,
Pomarea iphis,iphmon2,Iphis Monarch,
Pomarea mendozae,marmon2,Marquesan Monarch,
Pomarea nigra,tahmon2,Tahiti Monarch,
Pomarea whitneyi,fatmon1,Fatu Hiva Monarch,
Pomatorhinus bornensis,chbscb2,Sunda Scimitar Babbler,
Pomatorhinus ferruginosus,cobscb1,Black-crowned Scimitar Babbler,
Pomatorhinus horsfieldii,insbab1,Indian Scimitar Babbler,
Pomatorhinus melanurus,srlscb1,Sri Lanka Scimitar Babbler,
Pomatorhinus montanus,chbscb1,Javan Scimitar Babbler,
Pomatorhinus musicus,taiscb1,Taiwan Scimitar Babbler,
Pomatorhinus ochraceiceps,rbsbab1,Red-billed Scimitar Babbler,
Pomatorhinus ruficollis,sbsbab3,Streak-breasted Scimitar Babbler,
Pomatorhinus schisticeps,wbsbab1,White-browed Scimitar Babbler,
Pomatorhinus superciliaris,sbsbab1,Slender-billed Scimitar Babbler,
Pomatostomus halli,halbab1,Hall's Babbler,
Pomatostomus ruficeps,chcbab2,Chestnut-crowned Babbler,
Pomatostomus superciliosus,whbbab3,White-browed Babbler,
Pomatostomus temporalis,gycbab1,Grey-crowned Babbler,
Pompanonia buziensis,,,
Pomponia brevialata,,,
Pomponia cinctimana,,,
Pomponia cyanea,,,
Pomponia dolosa,,,
Pomponia linearis,,,
Pomponia ponderosa,,,
Pomponia yayeyamana,,,
Pongo pygmaeus,,,
Poodytes albolimbatus,flrgra1,Fly River Grassbird,
Poodytes carteri,spibir1,Spinifexbird,
Poodytes gramineus,litgra1,Little Grassbird,
Poodytes punctatus,fernbi1,New Zealand Fernbird,
Pooecetes gramineus,vesspa,Vesper Sparrow,VESP
Poospiza baeri,tumfin1,Tucuman Mountain Finch,
Poospiza boliviana,bowfin1,Bolivian Warbling Finch,
Poospiza garleppi,comfin1,Cochabamba Mountain Finch,
Poospiza hispaniolensis,cowfin1,Collared Warbling Finch,
Poospiza nigrorufa,barwaf1,Black-and-rufous Warbling Finch,
Poospiza ornata,ciwfin2,Cinnamon Warbling Finch,
Poospiza rubecula,rbwfin1,Rufous-breasted Warbling Finch,
Poospiza rufosuperciliaris,rubhem1,Rufous-browed Hemispingus,
Poospiza whitii,barwaf2,Black-and-chestnut Warbling Finch,
Poospizopsis caesar,cbmfin1,Chestnut-breasted Mountain Finch,
Poospizopsis hypochondria,,,
Popplepsalta aeroides,,,
Popplepsalta annulata,,,
Popplepsalta inversa,,,
Popplepsalta notialis,,,
Popplepsalta rubristrigata,,,
Popplepsalta subtropica,,,
Porphyrio alleni,allgal1,Allen's Gallinule,
Porphyrio flavirostris,azugal1,Azure Gallinule,AZGA
Porphyrio hochstetteri,takahe3,South Island Takahe,
Porphyrio madagascariensis,,,
Porphyrio martinica,purgal2,Purple Gallinule,
Porphyrio melanotus,,,
Porphyrio poliocephalus,,,
Porphyrio porphyrio,purswa1,Purple Swamphen,PUSW
Porphyrio pulverulentus,,,
Porphyriops melanops,spfgal1,Spot-flanked Gallinule,
Porphyrolaema porphyrolaema,putcot1,Purple-throated Cotinga,
Porzana carolina,sora,Sora,SORA
Porzana fluminea,auscra1,Australian Crake,
Porzana porzana,spocra1,Spotted Crake,SPCR
Potamochoerus larvatus,,,
Potamochoerus porcus,,,
Potos flavus,,,
Pour,,,
Power_tool,,,
Poyntonia paludicola,,,
Poyntonophrynus beiranus,,,
Premnoplex brunnescens,spobar1,Spotted Barbtail,SPBA
Premnoplex tatei,whtbar1,White-throated Barbtail,
Premnornis guttuliger,ruwbar1,Rusty-winged Barbtail,
Presbytis femoralis,,,
Presbytis robinsoni,,,
Presbytis rubicunda,,,
Presbytis siamensis,,,
Primolius auricollis,yecmac,Golden-collared Macaw,
Primolius couloni,buhmac1,Blue-headed Macaw,
Primolius maracana,buwmac1,Blue-winged Macaw,
Prinia atrogularis,hilpri1,Black-throated Prinia,
Prinia bairdii,banpri1,Banded Prinia,
Prinia buchanani,rufpri2,Rufous-fronted Prinia,
Prinia cinereocapilla,gycpri1,Grey-crowned Prinia,
Prinia cooki,brnpri2,Burmese Prinia,
Prinia crinigera,strpri2,Himalayan Prinia,
Prinia erythroptera,rewpri1,Red-winged Prinia,
Prinia familiaris,bawpri1,Bar-winged Prinia,
Prinia flavicans,blcpri1,Black-chested Prinia,
Prinia flaviventris,yebpri1,Yellow-bellied Prinia,
Prinia fluviatilis,rivpri1,River Prinia,
Prinia gracilis,grapri1,Graceful Prinia,
Prinia hodgsonii,gybpri1,Grey-breasted Prinia,
Prinia hypoxantha,drapri1,Drakensberg Prinia,
Prinia inornata,plapri1,Plain Prinia,
Prinia lepida,delpri1,Delicate Prinia,
Prinia maculosa,karpri1,Karoo Prinia,
Prinia molleri,satpri1,Sao Tome Prinia,
Prinia polychroa,bropri1,Brown Prinia,
Prinia rocki,brnpri3,Annam Prinia,
Prinia rufescens,rufpri1,Rufescent Prinia,
Prinia rufifrons,refwar2,Red-fronted Prinia,
Prinia socialis,ashpri1,Ashy Prinia,
Prinia somalica,palpri1,Pale Prinia,
Prinia striata,strpri8,Striped Prinia,
Prinia subflava,tafpri1,Tawny-flanked Prinia,
Prinia superciliaris,hilpri2,Hill Prinia,
Prinia sylvatica,junpri1,Jungle Prinia,
Printer,,,
Prionacris cantans,,,
Prionacris cantrix,,,
Prionacris erosa,,,
Prionailurus bengalensis,,,
Prionailurus viverrinus,,,
Prioniturus discurus,bcrtai1,Blue-crowned Racket-tail,
Prioniturus mindorensis,minrat1,Mindoro Racket-tail,
Prioniturus montanus,luzrat1,Montane Racket-tail,
Prioniturus platenae,bhrtai1,Blue-headed Racket-tail,
Prioniturus waterstradti,mirtai1,Mindanao Racket-tail,
Prionochilus maculatus,yebflo2,Yellow-breasted Flowerpecker,
Prionochilus percussus,crbflo1,Crimson-breasted Flowerpecker,
Prionochilus plateni,palflo1,Palawan Flowerpecker,
Prionochilus thoracicus,scbflo2,Scarlet-breasted Flowerpecker,
Prionochilus xanthopygius,yerflo1,Yellow-rumped Flowerpecker,
Prionodura newtoniana,golbow1,Golden Bowerbird,
Prionops caniceps,chbhel1,Red-billed Helmetshrike,
Prionops gabela,anghel1,Gabela Helmetshrike,
Prionops plumatus,whihel1,White-crested Helmetshrike,
Prionops retzii,rethel1,Retz's Helmetshrike,
Prionops rufiventris,rubhel1,Rufous-bellied Helmetshrike,
Prionops scopifrons,chfhel1,Chestnut-fronted Helmetshrike,
Prionotropis appula,,,
Prionotropis flexuosa,,,
Prionotus evolans,,,
Prionus californicus,,,
Prionus coriarius,,,
Prionyx canadensis,,,
Priotelus roseigaster,histro1,Hispaniolan Trogon,HITR
Priotelus temnurus,cubtro1,Cuban Trogon,CUTR
Pristimantis achatinus,,,
Pristimantis bogotensis,,,
Pristimantis cedros,,,
Pristimantis chiastonotus,,,
Pristimantis crepitaculus,,,
Pristimantis cruentus,,,
Pristimantis espedeus,,,
Pristimantis fenestratus,,,
Pristimantis festae,,,
Pristimantis gutturalis,,,
Pristimantis inguinalis,,,
Pristimantis labiosus,,,
Pristimantis lacrimosus,,,
Pristimantis lymani,,,
Pristimantis marmoratus,,,
Pristimantis medemi,,,
Pristimantis paisa,,,
Pristimantis paulodutrai,,,
Pristimantis petersi,,,
Pristimantis platydactylus,,,
Pristimantis ramagii,,,
Pristimantis reichlei,,,
Pristimantis relictus,,,
Pristimantis savagei,,,
Pristimantis taeniatus,,,
Pristimantis trachyblepharis,,,
Pristimantis unistrigatus,,,
Pristimantis urichi,,,
Pristimantis zeuctotylus,,,
Pristimantis zimmermanae,,,
Proarna uruguayensis,,,
Probosciger aterrimus,palcoc1,Palm Cockatoo,
Procapra gutturosa,,,
Procarduelis nipalensis,dabros1,Dark-breasted Rosefinch,
Procavia capensis,,,
Procellaria aequinoctialis,whcpet1,White-chinned Petrel,WCPE
Procellaria cinerea,grapet,Grey Petrel,
Procellaria parkinsoni,parpet1,Black Petrel,PAPE
Procellaria westlandica,wespet1,Westland Petrel,
Proceratophrys avelinoi,,,
Proceratophrys bigibbosa,,,
Proceratophrys boiei,,,
Proceratophrys cristiceps,,,
Proceratophrys dibernardoi,,,
Proceratophrys goyana,,,
Proceratophrys itamari,,,
Proceratophrys vielliardi,,,
Procnias albus,whibel2,White Bellbird,
Procnias averano,beabel1,Bearded Bellbird,
Procnias nudicollis,batbel1,Bare-throated Bellbird,
Procnias tricarunculatus,thwbel,Three-wattled Bellbird,TWBE
Procyon cancrivorus,,,
Procyon lotor,,,
Prodotiscus regulus,wahhon1,Brown-backed Honeybird,
Prodotiscus zambesiae,grbhon2,Green-backed Honeybird,
Prognathogryllus makai,,,
Prognathogryllus puna,,,
Progne chalybea,gybmar,Grey-breasted Martin,GYBM
Progne cryptoleuca,cubmar,Cuban Martin,CUMA
Progne dominicensis,carmar1,Caribbean Martin,CAMA
Progne elegans,soumar,Southern Martin,SOMA
Progne murphyi,permar1,Peruvian Martin,
Progne sinaloae,sinmar1,Sinaloa Martin,SIMA
Progne subis,purmar,Purple Martin,PUMA
Progne tapera,brcmar1,Brown-chested Martin,BCMA
Promeca fuscescens,,,
Promeca perakana,,,
Promeca sumatrana,,,
Promerops cafer,capsug1,Cape Sugarbird,
Promerops gurneyi,gursug1,Gurney's Sugarbird,
Propithecus coquereli,,,
Propithecus diadema,,,
Prosciurillus alstoni,,,
Prosciurillus leucomus,,,
Prosciurillus murinus,,,
Prosobonia parvirostris,tuasan1,Tuamotu Sandpiper,
Prosopeia personata,maspar2,Masked Shining Parrot,
Prosopeia splendens,crspar1,Crimson Shining Parrot,
Prosopeia tabuensis,respar1,Maroon Shining Parrot,
Prosthemadera novaeseelandiae,tui1,Tui,
Protonotaria citrea,prowar,Prothonotary Warbler,PROW
Protoxerus stangeri,,,
Prunella atrogularis,bltacc1,Black-throated Accentor,
Prunella collaris,alpacc1,Alpine Accentor,
Prunella fulvescens,broacc1,Brown Accentor,
Prunella himalayana,himacc1,Altai Accentor,
Prunella immaculata,mabacc1,Maroon-backed Accentor,
Prunella koslowi,monacc1,Kozlov's Accentor,
Prunella modularis,dunnoc1,Dunnock,
Prunella montanella,sibacc,Siberian Accentor,SIAC
Prunella ocularis,radacc2,Radde's Accentor,
Prunella rubeculoides,robacc1,Robin Accentor,
Prunella rubida,japacc1,Japanese Accentor,
Prunella strophiata,rubacc1,Rufous-breasted Accentor,
Psacadonotus robustus,,,
Psalidoprocne albiceps,whhsaw1,White-headed Saw-wing,
Psalidoprocne nitens,sqtsaw1,Square-tailed Saw-wing,
Psalidoprocne obscura,fansaw1,Fanti Saw-wing,
Psalidoprocne pristoptera,blksaw1,Black Saw-wing,
Psalmatophanes barretoi,,,
Psalmocharias plagifera,,,
Psalmocharias querulus,,,
Psaltoda adonis,,,
Psaltoda antennetta,,,
Psaltoda aurora,,,
Psaltoda brachypennis,,,
Psaltoda claripennis,,,
Psaltoda flavescens,,,
Psaltoda fumipennis,,,
Psaltoda harrisii,,,
Psaltoda insularis,,,
Psaltoda magnifica,,,
Psaltoda moerens,,,
Psaltoda mossi,,,
Psaltoda pictibasis,,,
Psaltoda plaga,,,
Psaltoda seismella,,,
Psaltriparus minimus,bushti,American Bushtit,BUSH
Psarisomus dalhousiae,lotbro1,Long-tailed Broadbill,
Psarocolius angustifrons,ruboro1,Russet-backed Oropendola,
Psarocolius atrovirens,dugoro1,Dusky-green Oropendola,
Psarocolius bifasciatus,olioro1,Olive Oropendola,
Psarocolius cassini,bauoro2,Baudo Oropendola,
Psarocolius decumanus,creoro1,Crested Oropendola,CROR
Psarocolius guatimozinus,blaoro1,Black Oropendola,BLOR
Psarocolius montezuma,monoro1,Montezuma Oropendola,MORO
Psarocolius viridis,greoro1,Green Oropendola,
Psarocolius wagleri,chhoro1,Chestnut-headed Oropendola,CHOR
Psephotellus chrysopterygius,gospar1,Golden-shouldered Parrot,
Psephotellus dissimilis,hoopar1,Hooded Parrot,
Psephotellus varius,mulpar1,Mulga Parrot,
Psephotus haematonotus,rerpar1,Red-rumped Parrot,
Pseudacris brachyphona,,,
Pseudacris brimleyi,,,
Pseudacris cadaverina,,,
Pseudacris clarkii,,,
Pseudacris collinsorum,,,
Pseudacris crucifer,,,
Pseudacris feriarum,,,
Pseudacris fouquettei,,,
Pseudacris illinoensis,,,
Pseudacris kalmi,,,
Pseudacris maculata,,,
Pseudacris nigrita,,,
Pseudacris ocularis,,,
Pseudacris ornata,,,
Pseudacris regilla,,,
Pseudacris streckeri,,,
Pseudacris triseriata,,,
Pseudasthenes cactorum,caccan1,Cactus Canastero,
Pseudasthenes humicola,dutcan1,Dusky-tailed Canastero,
Pseudasthenes patagonica,patcan2,Patagonian Canastero,
Pseudasthenes steinbachi,stecan1,Steinbach's Canastero,
Pseudastur albicollis,whihaw1,White Hawk,WHHA
Pseudastur occidentalis,gybhaw2,Grey-backed Hawk,
Pseudastur polionotus,manhaw2,Mantled Hawk,
Pseudelaenia leucospodia,gawtyr2,Grey-and-white Tyrannulet,
Pseudhirundo griseopyga,gyrswa1,Grey-rumped Swallow,
Pseudibis davisoni,whsibi1,White-shouldered Ibis,
Pseudibis gigantea,giaibi1,Giant Ibis,
Pseudibis papillosa,renibi1,Red-naped Ibis,
Pseudis bolbodactyla,,,
Pseudis cardosoi,,,
Pseudis limellum,,,
Pseudis minuta,,,
Pseudis paradoxa,,,
Pseudis platensis,,,
Pseudobias wardi,warfly1,Ward's Vanga,
Pseudobulweria aterrima,maspet1,Mascarene Petrel,
Pseudobulweria rostrata,tahpet1,Tahiti Petrel,TAPE
Pseudocalyptomena graueri,grabro1,Grauer's Broadbill,
Pseudocheirus peregrinus,,,
Pseudochelidon eurystomina,afrmar2,African River Martin,
Pseudochorthippus curtipennis,,,
Pseudochorthippus montanus,,,
Pseudochorthippus parallelus,,,
Pseudocolaptes boissonneautii,strtuf1,Streaked Tuftedcheek,
Pseudocolaptes johnsoni,buftuf3,Pacific Tuftedcheek,
Pseudocolaptes lawrencii,buftuf1,Buffy Tuftedcheek,BUTU
Pseudocolopteryx acutipennis,subdor1,Subtropical Doradito,
Pseudocolopteryx citreola,ticdor1,Ticking Doradito,
Pseudocolopteryx dinelliana,dindor2,Dinelli's Doradito,
Pseudocolopteryx flaviventris,wardor1,Warbling Doradito,
Pseudocolopteryx sclateri,credor1,Crested Doradito,
Pseudoips prasinana,,,
Pseudoleistes guirahuro,yermar1,Yellow-rumped Marshbird,
Pseudoleistes virescens,baymar1,Brown-and-yellow Marshbird,
Pseudonestor xanthophrys,maupar,Maui Parrotbill,MAPA
Pseudonigrita arnaudi,gyhsow1,Grey-capped Social Weaver,
Pseudonigrita cabanisi,bcswea1,Black-capped Social Weaver,
Pseudopaludicola ameghini,,,
Pseudopaludicola boliviana,,,
Pseudopaludicola canga,,,
Pseudopaludicola coracoralinae,,,
Pseudopaludicola facureae,,,
Pseudopaludicola falcipes,,,
Pseudopaludicola florencei,,,
Pseudopaludicola matuta,,,
Pseudopaludicola mineira,,,
Pseudopaludicola murundu,,,
Pseudopaludicola mystacalis,,,
Pseudopaludicola pocoto,,,
Pseudopaludicola pusilla,,,
Pseudopaludicola restinga,,,
Pseudopaludicola saltica,,,
Pseudopaludicola ternetzi,,,
Pseudophilautus kani,,,
Pseudophilautus popularis,,,
Pseudophilautus wynaadensis,,,
Pseudophryne australis,,,
Pseudophryne bibronii,,,
Pseudophryne coriacea,,,
Pseudophryne dendyi,,,
Pseudophryne guentheri,,,
Pseudophryne major,,,
Pseudophryne raveni,,,
Pseudophryne semimarmorata,,,
Pseudophyllus hercules,,,
Pseudopipra pipra,whcman2,White-crowned Manakin,WCRM
Pseudopodoces humilis,grotit1,Ground Tit,
Pseudopomala brachyptera,,,
Pseudorectes ferrugineus,ruspit1,Rusty Pitohui,
Pseudorectes incertus,whbpit1,White-bellied Pitohui,
Pseudorhynchus crassiceps,,,
Pseudorhynchus lessonii,,,
Pseudosaltator rufiventris,rubsal1,Rufous-bellied Mountain Tanager,
Pseudoseisura cristata,caacac1,Caatinga Cacholote,
Pseudoseisura gutturalis,whtcac2,White-throated Cacholote,
Pseudoseisura lophotes,brncac1,Brown Cacholote,
Pseudoseisura unirufa,rufcac2,Grey-crested Cacholote,
Pseudospingus verticalis,blhhem1,Black-headed Hemispingus,
Pseudospingus xanthophthalmus,drahem1,Drab Hemispingus,
Pseudosubria bispinosa,,,
Pseudotriccus pelzelni,boptyr1,Bronze-olive Pygmy Tyrant,BOPT
Pseudotriccus ruficeps,rhptyr1,Rufous-headed Pygmy Tyrant,
Pseudotriccus simplex,hfptyr1,Hazel-fronted Pygmy Tyrant,
Psilopogon annamensis,indbar1,Indochinese Barbet,
Psilopogon armillaris,flfbar1,Flame-fronted Barbet,
Psilopogon asiaticus,bltbar2,Blue-throated Barbet,
Psilopogon auricularis,gotbar3,Necklaced Barbet,
Psilopogon australis,litbar1,Yellow-eared Barbet,
Psilopogon chersonesus,tutbar1,Turquoise-throated Barbet,
Psilopogon chrysopogon,gowbar2,Golden-whiskered Barbet,
Psilopogon corvinus,brtbar1,Brown-throated Barbet,
Psilopogon cyanotis,buebar1,Blue-eared Barbet,
Psilopogon duvaucelii,buebar2,Black-eared Barbet,
Psilopogon eximius,borbar1,Bornean Barbet,
Psilopogon faber,chibar1,Chinese Barbet,
Psilopogon faiostrictus,grebar3,Green-eared Barbet,
Psilopogon flavifrons,yefbar1,Yellow-fronted Barbet,
Psilopogon franklinii,gotbar2,Golden-throated Barbet,
Psilopogon haemacephalus,copbar1,Coppersmith Barbet,
Psilopogon henricii,yecbar1,Yellow-crowned Barbet,
Psilopogon incognitus,moubar2,Moustached Barbet,
Psilopogon javensis,blbbar2,Black-banded Barbet,
Psilopogon lagrandieri,revbar1,Red-vented Barbet,
Psilopogon lineatus,linbar1,Lineated Barbet,
Psilopogon malabaricus,crfbar1,Malabar Barbet,
Psilopogon monticola,moubar1,Mountain Barbet,
Psilopogon mystacophanos,retbar1,Red-throated Barbet,
Psilopogon nuchalis,taibar2,Taiwan Barbet,
Psilopogon oorti,blbbar5,Black-browed Barbet,
Psilopogon pulcherrimus,gonbar1,Golden-naped Barbet,
Psilopogon pyrolophus,fitbar1,Fire-tufted Barbet,
Psilopogon rafflesii,recbar1,Red-crowned Barbet,
Psilopogon rubricapillus,crfbar3,Crimson-fronted Barbet,
Psilopogon virens,grebar1,Great Barbet,
Psilopogon viridis,whcbar1,White-cheeked Barbet,
Psilopogon zeylanicus,brhbar1,Brown-headed Barbet,
Psilopsiagon aurifrons,moupar2,Mountain Parakeet,
Psilopsiagon aymara,gyhpar1,Grey-hooded Parakeet,
Psilorhamphus guttatus,spobam1,Spotted Bamboowren,
Psiloscops flammeolus,flaowl,Flammulated Owl,FLOW
Psittacara brevipes,grnpar2,Socorro Parakeet,SOPA
Psittacara chloropterus,hispar,Hispaniolan Parakeet,HPAK
Psittacara erythrogenys,rempar,Red-masked Parakeet,RMPA
Psittacara euops,cubpar2,Cuban Parakeet,CPAK
Psittacara finschi,crfpar,Finsch's Parakeet,CFPA
Psittacara frontatus,scfpar3,Cordilleran Parakeet,
Psittacara holochlorus,grnpar,Green Parakeet,GREP
Psittacara leucophthalmus,whepar2,White-eyed Parakeet,
Psittacara mitratus,mitpar,Mitred Parakeet,MIPA
Psittacara strenuus,pacpar1,Pacific Parakeet,PACP
Psittacara wagleri,scfpar2,Scarlet-fronted Parakeet,
Psittacella brehmii,brtpar2,Brehm's Tiger Parrot,
Psittacella madaraszi,matpar1,Madarasz's Tiger Parrot,
Psittacella modesta,motpar1,Modest Tiger Parrot,
Psittacella picta,patpar1,Painted Tiger Parrot,
Psittacula alexandri,rebpar4,Red-breasted Parakeet,
Psittacula calthrapae,laypar1,Layard's Parakeet,
Psittacula columboides,malpar1,Blue-winged Parakeet,
Psittacula cyanocephala,plhpar1,Plum-headed Parakeet,
Psittacula derbiana,derpar1,Lord Derby's Parakeet,
Psittacula eques,maupar1,Echo Parakeet,
Psittacula eupatria,alepar2,Alexandrine Parakeet,
Psittacula finschii,gyhpar2,Grey-headed Parakeet,
Psittacula himalayana,slhpar1,Slaty-headed Parakeet,
Psittacula krameri,rorpar,Rose-ringed Parakeet,RRPA
Psittacula longicauda,lotpar2,Long-tailed Parakeet,
Psittacula roseata,blhpar3,Blossom-headed Parakeet,
Psittacus erithacus,grepar,Grey Parrot,
Psittacus timneh,grypar10,Timneh Parrot,
Psitteuteles porphyrocephalus,,,
Psitteuteles pusillus,,,
Psitteuteles versicolor,varlor1,Varied Lorikeet,
Psittinus abbotti,burpar5,Simeulue Parrot,
Psittinus cyanurus,blrpar1,Blue-rumped Parrot,
Psittrichas fulgidus,pespar1,Pesquet's Parrot,
Psoloessa texana,,,
Psophia crepitans,gywtru1,Grey-winged Trumpeter,
Psophia leucoptera,pawtru2,Pale-winged Trumpeter,
Psophia viridis,dawtru1,Dark-winged Trumpeter,
Psophodes cristatus,chiwed2,Chirruping Wedgebill,
Psophodes nigrogularis,weswhi1,Western Whipbird,
Psophodes occidentalis,chiwed1,Chiming Wedgebill,
Psophodes olivaceus,easwhi1,Eastern Whipbird,
Psophus stridulus,,,
Psorodonotus caucasicus,,,
Psorodonotus ebneri,,,
Psorodonotus fieberi,,,
Psorodonotus illyricus,,,
Psorodonotus macedonicus,,,
Psorodonotus specularis,,,
Psorodonotus venosus,,,
Psyrana tigrina,,,
Ptenopus garrulus,,,
Ptenopus kochi,,,
Pteridophora alberti,kospar1,King of Saxony Bird-of-paradise,
Pternistis adspersus,rebfra1,Red-billed Spurfowl,
Pternistis afer,renfra1,Red-necked Spurfowl,
Pternistis ahantensis,ahafra2,Ahanta Spurfowl,
Pternistis bicalcaratus,dosfra2,Double-spurred Spurfowl,
Pternistis camerunensis,camfra2,Mount Cameroon Spurfowl,
Pternistis capensis,capfra2,Cape Spurfowl,
Pternistis castaneicollis,chnfra2,Chestnut-naped Spurfowl,
Pternistis clappertoni,clafra1,Clapperton's Spurfowl,
Pternistis erckelii,ercfra,Erckel's Spurfowl,ERFR
Pternistis griseostriatus,gysfra1,Grey-striped Spurfowl,
Pternistis hartlaubi,harfra3,Hartlaub's Spurfowl,
Pternistis harwoodi,harfra4,Harwood's Spurfowl,
Pternistis hildebrandti,hilfra2,Hildebrandt's Spurfowl,
Pternistis icterorhynchus,heufra1,Heuglin's Spurfowl,
Pternistis jacksoni,jacfra2,Jackson's Spurfowl,
Pternistis leucoscepus,yenspu1,Yellow-necked Spurfowl,
Pternistis natalensis,natfra2,Natal Spurfowl,
Pternistis nobilis,hanfra2,Handsome Spurfowl,
Pternistis ochropectus,djifra1,Djibouti Spurfowl,
Pternistis rufopictus,gybfra1,Grey-breasted Spurfowl,
Pternistis squamatus,scafra2,Scaly Spurfowl,
Pternistis swainsonii,swafra2,Swainson's Spurfowl,
Pternistis swierstrai,swifra2,Swierstra's Spurfowl,
Pterocles alchata,pitsan1,Pin-tailed Sandgrouse,
Pterocles bicinctus,dobsan1,Double-banded Sandgrouse,
Pterocles burchelli,bursan1,Burchell's Sandgrouse,
Pterocles coronatus,crosan1,Crowned Sandgrouse,
Pterocles decoratus,blfsan1,Black-faced Sandgrouse,
Pterocles exustus,chbsan,Chestnut-bellied Sandgrouse,CBSA
Pterocles gutturalis,yetsan1,Yellow-throated Sandgrouse,
Pterocles indicus,paisan1,Painted Sandgrouse,
Pterocles lichtensteinii,licsan1,Lichtenstein's Sandgrouse,
Pterocles namaqua,namsan1,Namaqua Sandgrouse,
Pterocles orientalis,blbsan1,Black-bellied Sandgrouse,
Pterocles personatus,madsan1,Madagascar Sandgrouse,
Pterocles quadricinctus,fobsan1,Four-banded Sandgrouse,
Pterocles senegallus,sposan1,Spotted Sandgrouse,
Pterodichopetala hypsibates,,,
Pterodichopetala padrisima,,,
Pterodichopetala pityophila,,,
Pterodroma alba,phopet1,Phoenix Petrel,
Pterodroma arminjoniana,tripet1,Trindade Petrel,TRPE
Pterodroma axillaris,chapet1,Chatham Islands Petrel,
Pterodroma baraui,barpet1,Barau's Petrel,
Pterodroma cahow,berpet,Bermuda Petrel,BEPE
Pterodroma cervicalis,whnpet,White-necked Petrel,WNPE
Pterodroma cookii,coopet,Cook's Petrel,COPE
Pterodroma externa,jufpet,Juan Fernandez Petrel,JFPE
Pterodroma feae,feapet1,Cape Verde Petrel,FEPE
Pterodroma gouldi,grwpet2,Grey-faced Petrel,GFPE
Pterodroma heraldica,herpet2,Herald Petrel,HEPE
Pterodroma hypoleuca,bonpet,Bonin Petrel,BOPE
Pterodroma incerta,atlpet1,Atlantic Petrel,
Pterodroma inexpectata,motpet,Mottled Petrel,MOPE
Pterodroma lessonii,whhpet1,White-headed Petrel,
Pterodroma leucoptera,goupet1,Gould's Petrel,
Pterodroma madeira,madpet,Zino's Petrel,ZIPE
Pterodroma magentae,magpet1,Magenta Petrel,
Pterodroma mollis,soppet1,Soft-plumaged Petrel,
Pterodroma neglecta,kerpet,Kermadec Petrel,KEPE
Pterodroma nigripennis,bkwpet,Black-winged Petrel,BWPE
Pterodroma phaeopygia,galpet,Galapagos Petrel,GAPE
Pterodroma sandwichensis,hawpet1,Hawaiian Petrel,HAPE
Pterodroma solandri,solpet1,Providence Petrel,PRPE
Pteroglossus aracari,blnara1,Black-necked Aracari,
Pteroglossus azara,ivbara1,Ivory-billed Aracari,
Pteroglossus bailloni,saftou2,Saffron Toucanet,
Pteroglossus beauharnaisii,cucara1,Curl-crested Aracari,
Pteroglossus bitorquatus,renara1,Red-necked Aracari,
Pteroglossus castanotis,cheara1,Chestnut-eared Aracari,
Pteroglossus frantzii,fibara1,Fiery-billed Aracari,FBAR
Pteroglossus inscriptus,letara1,Lettered Aracari,
Pteroglossus pluricinctus,mabara1,Many-banded Aracari,
Pteroglossus torquatus,colara1,Collared Aracari,COAR
Pteroglossus viridis,greara1,Green Aracari,
Pterolepis cordubensis,,,
Pterolepis elymica,,,
Pterolepis grallata,,,
Pterolepis pedata,,,
Pterolepis spoliata,,,
Pteromys volans,,,
Pteronemobius heydenii,,,
Pteronemobius lineolatus,,,
Pteronemobius nitidus,,,
Pteronemobius occidentalis,,,
Pteronemobius truncatus,,,
Pteronetta hartlaubii,harduc1,Hartlaub's Duck,
Pteronura brasiliensis,,,
Pterophanes cyanopterus,gresap1,Great Sapphirewing,
Pterophylla camellifolia,,,
Pteroptochos castaneus,cthhue1,Chestnut-throated Huet-huet,
Pteroptochos megapodius,moutur1,Moustached Turca,
Pteroptochos tarnii,bthhue1,Black-throated Huet-huet,
Pterorhinus albogularis,whtlau1,White-throated Laughingthrush,
Pterorhinus berthemyi,buflau1,Buffy Laughingthrush,
Pterorhinus caerulatus,gyslau,Grey-sided Laughingthrush,
Pterorhinus chinensis,bltlau1,Black-throated Laughingthrush,
Pterorhinus courtoisi,buclau1,Blue-crowned Laughingthrush,
Pterorhinus davidi,pedlau1,Plain Laughingthrush,
Pterorhinus delesserti,wynlau1,Wayanad Laughingthrush,
Pterorhinus galbanus,yetlau1,Yellow-throated Laughingthrush,
Pterorhinus gularis,ruvlau1,Rufous-vented Laughingthrush,
Pterorhinus koslowi,tibbab1,Tibetan Babax,
Pterorhinus lanceolatus,chibab2,Chinese Babax,
Pterorhinus mitratus,chclau3,Chestnut-capped Laughingthrush,
Pterorhinus nuchalis,chblau1,Chestnut-backed Laughingthrush,
Pterorhinus pectoralis,gnlthr,Greater Necklaced Laughingthrush,
Pterorhinus perspicillatus,maslau1,Masked Laughingthrush,
Pterorhinus poecilorhynchus,ruslau1,Rusty Laughingthrush,
Pterorhinus ruficeps,ruclau2,Rufous-crowned Laughingthrush,
Pterorhinus ruficollis,runlau1,Rufous-necked Laughingthrush,
Pterorhinus sannio,whblau1,White-browed Laughingthrush,
Pterorhinus treacheri,chhlau1,Chestnut-hooded Laughingthrush,
Pterorhinus vassali,whclau1,White-cheeked Laughingthrush,
Pterorhinus waddelli,giabab1,Giant Babax,
Pterorhinus woodi,chibub1,Mount Victoria Babax,
Pteruthius aeralatus,whbshb1,White-browed Shrike-babbler,
Pteruthius flaviscapis,wbsbab2,Pied Shrike-babbler,
Pteruthius intermedius,clishb1,Clicking Shrike-babbler,
Pteruthius melanotis,besbab1,Black-eared Shrike-babbler,
Pteruthius rufiventer,bhsbab1,Black-headed Shrike-babbler,
Pteruthius xanthochlorus,grsbab1,Green Shrike-babbler,
Ptilinopus alligator,bbfdov2,Black-banded Fruit Dove,
Ptilinopus aurantiifrons,offdov1,Orange-fronted Fruit Dove,
Ptilinopus bernsteinii,,,
Ptilinopus chalcurus,mafdov1,Makatea Fruit Dove,
Ptilinopus chrysogaster,gygfrd2,Raiatea Fruit Dove,
Ptilinopus cinctus,bbfdov1,Banded Fruit Dove,
Ptilinopus coralensis,atfdov1,Atoll Fruit Dove,
Ptilinopus coronulatus,cofdov1,Coroneted Fruit Dove,
Ptilinopus dohertyi,rnfdov1,Red-naped Fruit Dove,
Ptilinopus dupetithouarsii,wcfdov1,White-capped Fruit Dove,
Ptilinopus epius,,,
Ptilinopus eugeniae,whfdov2,White-headed Fruit Dove,
Ptilinopus fischeri,,,
Ptilinopus granulifrons,cafdov1,Carunculated Fruit Dove,
Ptilinopus greyi,rbfdov1,Red-bellied Fruit Dove,
Ptilinopus hernsheimi,kosfrd1,Kosrae Fruit Dove,
Ptilinopus huttoni,rafdov1,Rapa Fruit Dove,
Ptilinopus hyogastrus,gyhfrd1,Grey-headed Fruit Dove,
Ptilinopus insolitus,kbfdov1,Knob-billed Fruit Dove,
Ptilinopus insularis,hifdov1,Henderson Fruit Dove,
Ptilinopus iozonus,obfdov1,Orange-bellied Fruit Dove,
Ptilinopus jambu,,,
Ptilinopus layardi,veldov1,Whistling Dove,
Ptilinopus leclancheri,,,
Ptilinopus luteovirens,goldov1,Golden Dove,
Ptilinopus magnificus,,,
Ptilinopus mangoliensis,,,
Ptilinopus marchei,,,
Ptilinopus melanospilus,bknfrd1,Black-naped Fruit Dove,
Ptilinopus merrilli,,,
Ptilinopus monacha,bcfdov2,Blue-capped Fruit Dove,
Ptilinopus nainus,dwafrd1,Dwarf Fruit Dove,
Ptilinopus occipitalis,,,
Ptilinopus ornatus,orfdov1,Ornate Fruit Dove,
Ptilinopus pelewensis,pafdov1,Palau Fruit Dove,
Ptilinopus perlatus,psfdov1,Pink-spotted Fruit Dove,
Ptilinopus perousii,mcfdov1,Many-colored Fruit Dove,
Ptilinopus ponapensis,pucfrd1,Purple-capped Fruit Dove,
Ptilinopus porphyraceus,ccfdov1,Crimson-crowned Fruit Dove,
Ptilinopus porphyreus,phfdov1,Pink-headed Fruit Dove,
Ptilinopus pulchellus,befdov1,Beautiful Fruit Dove,
Ptilinopus purpuratus,gygfrd1,Grey-green Fruit Dove,
Ptilinopus rarotongensis,cifdov1,Lilac-crowned Fruit Dove,
Ptilinopus regina,rcfdov1,Rose-crowned Fruit Dove,
Ptilinopus richardsii,scfdov1,Silver-capped Fruit Dove,
Ptilinopus rivoli,whbfrd1,White-bibbed Fruit Dove,
Ptilinopus roseicapilla,mafdov2,Mariana Fruit Dove,
Ptilinopus solomonensis,yebfrd2,Yellow-bibbed Fruit Dove,
Ptilinopus speciosus,yebfrd1,Geelvink Fruit Dove,
Ptilinopus subgularis,,,
Ptilinopus superbus,sufdov1,Superb Fruit Dove,
Ptilinopus tannensis,tafdov1,Tanna Fruit Dove,
Ptilinopus victor,oradov1,Orange Dove,
Ptilinopus viridis,cbfdov1,Claret-breasted Fruit Dove,
Ptilinopus wallacii,wafdov1,Wallace's Fruit Dove,
Ptiliogonys caudatus,ltsfly1,Long-tailed Silky-flycatcher,LTSF
Ptiliogonys cinereus,grsfly1,Grey Silky-flycatcher,GRSF
Ptilocichla falcata,fawbab1,Falcated Wren-Babbler,
Ptilocichla leucogrammica,bowbab1,Bornean Wren-Babbler,
Ptilocichla mindanensis,stwbab2,Striated Wren-Babbler,
Ptilonorhynchus violaceus,satbow1,Satin Bowerbird,
Ptilopachus nahani,nahfra2,Nahan's Partridge,
Ptilopachus petrosus,stopar1,Stone Partridge,
Ptiloprora erythropleura,rushon1,Rufous-sided Honeyeater,
Ptiloprora guisei,rubhon1,Rufous-backed Honeyeater,
Ptiloprora meekiana,olshon1,Yellowish-streaked Honeyeater,
Ptiloprora perstriata,blbhon1,Grey-streaked Honeyeater,
Ptilopsis granti,swfowl1,Southern White-faced Owl,
Ptilopsis leucotis,nwfowl1,Northern White-faced Owl,
Ptiloris intercedens,magrif2,Growling Riflebird,
Ptiloris magnificus,magrif3,Magnificent Riflebird,
Ptiloris paradiseus,parrif1,Paradise Riflebird,
Ptiloris victoriae,vicrif1,Victoria's Riflebird,
Ptilorrhoa caerulescens,blujeb1,Blue Jewel-babbler,
Ptilorrhoa castanonota,cbjbab1,Chestnut-backed Jewel-babbler,
Ptilorrhoa geislerorum,blujeb2,Brown-headed Jewel-babbler,
Ptilorrhoa leucosticta,spjbab1,Spotted Jewel-babbler,
Ptilostomus afer,piapia1,Piapiac,
Ptilotula flavescens,yethon2,Yellow-tinted Honeyeater,
Ptilotula fusca,fushon1,Fuscous Honeyeater,
Ptilotula keartlandi,gyhhon1,Grey-headed Honeyeater,
Ptilotula ornata,yephon1,Yellow-plumed Honeyeater,
Ptilotula penicillata,whphon1,White-plumed Honeyeater,
Ptilotula plumula,gyfhon1,Grey-fronted Honeyeater,
Ptiloxena atroviolacea,cubbla,Cuban Blackbird,CUBL
Ptychadena anchietae,,,
Ptychadena erlangeri,,,
Ptychadena longirostris,,,
Ptychadena mascareniensis,,,
Ptychadena mossambica,,,
Ptychadena nilotica,,,
Ptychadena oxyrhynchus,,,
Ptychadena porosissima,,,
Ptychadena taenioscelis,,,
Ptychohyla euthysanota,,,
Ptychohyla hypomykter,,,
Ptychoramphus aleuticus,casauk,Cassin's Auklet,CAAU
Ptyodactylus guttatus,,,
Ptyonoprogne concolor,duscrm1,Dusky Crag Martin,
Ptyonoprogne fuligula,rocmar5,Large Rock Martin,
Ptyonoprogne obsoleta,rocmar1,Pale Crag Martin,
Ptyonoprogne rupestris,eurcrm1,Eurasian Crag Martin,
Pucrasia macrolopha,kokphe1,Koklass Pheasant,
Puffinus assimilis,litshe8,Little Shearwater,
Puffinus auricularis,towshe1,Townsend's Shearwater,TOSH
Puffinus bailloni,troshe5,Tropical Shearwater,
Puffinus baroli,litshe1,Barolo Shearwater,BASH
Puffinus boydi,litshe2,Boyd's Shearwater,
Puffinus gavia,flushe1,Fluttering Shearwater,
Puffinus huttoni,hutshe1,Hutton's Shearwater,
Puffinus lherminieri,audshe,Sargasso Shearwater,SASH
Puffinus mauretanicus,,,
Puffinus nativitatis,chrshe,Christmas Shearwater,CHSH
Puffinus newelli,towshe2,Newell's Shearwater,NESH
Puffinus opisthomelas,bkvshe,Black-vented Shearwater,BVSH
Puffinus persicus,pershe1,Persian Shearwater,
Puffinus puffinus,manshe,Manx Shearwater,MASH
Puffinus subalaris,audshe3,Galapagos Shearwater,GASH
Puffinus yelkouan,levshe1,Mediterranean Shearwater,
Pulchrana baramica,,,
Pulchrana glandulosa,,,
Pulchrana laterimaculata,,,
Pulchrana signata,,,
Pulsatrix koeniswaldiana,tabowl1,Tawny-browed Owl,
Pulsatrix melanota,babowl1,Band-bellied Owl,
Pulsatrix perspicillata,speowl1,Spectacled Owl,SPEO
Puma concolor,,,
Purana gigas,,,
Purana khaosokensis,,,
Purana usnani,,,
Purapurana carmente,,,
Purnella albifrons,whfhon1,White-fronted Honeyeater,
Purpureicephalus spurius,recpar1,Red-capped Parrot,
Purr,,,
Pusa hispida,,,
Pusa sibirica,,,
Pycnogaster algecirensis,,,
Pycnogaster cucullata,,,
Pycnogaster cucullatus,,,
Pycnogaster gaditana,,,
Pycnogaster inermis,,,
Pycnogaster jugicola,,,
Pycnogaster sanchezgomezi,,,
Pycnogaster valentini,,,
Pycnonotus aurigaster,sohbul1,Sooty-headed Bulbul,
Pycnonotus barbatus,combul2,Common Bulbul,
Pycnonotus bimaculatus,orsbul3,Orange-spotted Bulbul,
Pycnonotus blanfordi,ayebul1,Ayeyarwady Bulbul,
Pycnonotus brunneus,reebul1,Asian Red-eyed Bulbul,
Pycnonotus cafer,revbul,Red-vented Bulbul,RVBU
Pycnonotus capensis,capbul1,Cape Bulbul,
Pycnonotus cinereifrons,asfbul1,Ashy-fronted Bulbul,
Pycnonotus conradi,stebul2,Streak-eared Bulbul,
Pycnonotus finlaysoni,sttbul3,Stripe-throated Bulbul,
Pycnonotus flavescens,flabul1,Flavescent Bulbul,
Pycnonotus goiavier,yevbul1,Yellow-vented Bulbul,
Pycnonotus jocosus,rewbul,Red-whiskered Bulbul,RWBU
Pycnonotus leucogenys,whcbul2,Himalayan Bulbul,
Pycnonotus leucops,flabul3,Pale-faced Bulbul,
Pycnonotus leucotis,whebul1,White-eared Bulbul,
Pycnonotus luteolus,whbbul2,White-browed Bulbul,
Pycnonotus nigricans,blfbul1,African Red-eyed Bulbul,
Pycnonotus penicillatus,yeebul1,Yellow-eared Bulbul,
Pycnonotus plumosus,olwbul1,Olive-winged Bulbul,
Pycnonotus pseudosimplex,crebul1,Cream-eyed Bulbul,
Pycnonotus simplex,crvbul1,Cream-vented Bulbul,
Pycnonotus sinensis,livbul1,Light-vented Bulbul,
Pycnonotus taivanus,stybul1,Styan's Bulbul,
Pycnonotus xantholaemus,yetbul1,Yellow-throated Bulbul,
Pycnonotus xanthopygos,whsbul1,White-spectacled Bulbul,
Pycnonotus xanthorrhous,brbbul1,Brown-breasted Bulbul,
Pycnonotus zeylanicus,sthbul1,Straw-headed Bulbul,
Pycnoptilus floccosus,pilotb1,Pilotbird,
Pycnopygius cinereus,marhon1,Marbled Honeyeater,
Pycnopygius ixoides,plahon1,Plain Honeyeater,
Pycnopygius stictocephalus,sthhon1,Streak-headed Honeyeater,
Pygarrhichas albogularis,whttre2,White-throated Treerunner,
Pygiptila stellaris,spwant2,Spot-winged Antshrike,
Pygochelidon cyanoleuca,bawswa1,Blue-and-white Swallow,BAWS
Pygochelidon melanoleuca,blcswa2,Black-collared Swallow,
Pygoscelis adeliae,adepen1,Adelie Penguin,
Pygoscelis antarcticus,chipen2,Chinstrap Penguin,
Pygoscelis papua,genpen1,Gentoo Penguin,
Pylodictis olivaris,,,
Pyrenestes minor,lessee1,Lesser Seedcracker,
Pyrenestes ostrinus,blbsee1,Black-bellied Seedcracker,
Pyrgilauda blanfordi,blasno1,Blanford's Snowfinch,
Pyrgilauda davidiana,pedsno1,Pere David's Snowfinch,
Pyrgilauda ruficollis,runsno1,Rufous-necked Snowfinch,
Pyriglena atra,fbfeye1,Fringe-backed Fire-eye,
Pyriglena leuconota,eaafie1,East Amazonian Fire-eye,
Pyriglena leucoptera,wsfeye1,White-shouldered Fire-eye,
Pyriglena maura,wesfie1,Western Fire-eye,
Pyriglena similis,whbfie9,Tapajos Fire-eye,
Pyrilia aurantiocephala,balpar1,Bald Parrot,
Pyrilia barrabandi,orcpar2,Orange-cheeked Parrot,
Pyrilia caica,caipar2,Caica Parrot,
Pyrilia haematotis,brhpar1,Brown-hooded Parrot,BHOP
Pyrilia pulchra,rofpar2,Rose-faced Parrot,
Pyrilia pyrilia,sahpar1,Saffron-headed Parrot,SHPA
Pyrilia vulturina,vulpar1,Vulturine Parrot,
Pyrocephalus nanus,brufly1,Brujo Flycatcher,
Pyrocephalus rubinus,verfly,Vermilion Flycatcher,VEFL
Pyroderus scutatus,rerfru1,Red-ruffed Fruitcrow,
Pyrope pyrope,fiediu1,Fire-eyed Diucon,
Pyropsalta amnica,,,
Pyrrhocorax graculus,yebcho1,Alpine Chough,
Pyrrhocorax pyrrhocorax,rebcho1,Red-billed Chough,
Pyrrholaemus brunneus,redthr1,Redthroat,
Pyrrholaemus sagittatus,spewar3,Speckled Warbler,
Pyrrhomyias cinnamomeus,cinfly2,Cinnamon Flycatcher,
Pyrrhoplectes epauletta,gonfin1,Golden-naped Finch,
Pyrrhula aurantiaca,orabul1,Orange Bullfinch,
Pyrrhula erythaca,gyhbul2,Grey-headed Bullfinch,
Pyrrhula erythrocephala,rehbul1,Red-headed Bullfinch,
Pyrrhula leucogenis,whcbul1,White-cheeked Bullfinch,
Pyrrhula murina,eurbul1,Azores Bullfinch,
Pyrrhula nipalensis,brobul1,Brown Bullfinch,
Pyrrhula owstoni,gyhbul5,Taiwan Bullfinch,
Pyrrhula pyrrhula,eurbul,Eurasian Bullfinch,EUBU
Pyrrhura albipectus,whnpar1,White-breasted Parakeet,
Pyrrhura amazonum,sanpar2,Santarem Parakeet,
Pyrrhura calliptera,brbpar2,Flame-winged Parakeet,
Pyrrhura cruentata,bltpar2,Ochre-marked Parakeet,
Pyrrhura devillei,blwpar2,Blaze-winged Parakeet,
Pyrrhura egregia,fispar1,Fiery-shouldered Parakeet,
Pyrrhura frontalis,mabpar,Maroon-bellied Parakeet,
Pyrrhura griseipectus,gybpar1,Grey-breasted Parakeet,
Pyrrhura hoematotis,reepar1,Blood-eared Parakeet,
Pyrrhura hoffmanni,suwpar1,Sulphur-winged Parakeet,SWPA
Pyrrhura lepida,peapar1,Pearly Parakeet,
Pyrrhura leucotis,mafpar3,White-eared Parakeet,
Pyrrhura lucianii,bonpar1,Bonaparte's Parakeet,
Pyrrhura melanura,matpar2,Maroon-tailed Parakeet,
Pyrrhura molinae,gncpar,Green-cheeked Parakeet,
Pyrrhura orcesi,elopar1,El Oro Parakeet,
Pyrrhura perlata,crbpar1,Crimson-bellied Parakeet,
Pyrrhura pfrimeri,pfrpar1,Pfrimer's Parakeet,
Pyrrhura picta,paipar1,Painted Parakeet,PAIP
Pyrrhura rhodocephala,rohpar1,Rose-crowned Parakeet,
Pyrrhura roseifrons,rofpar3,Rose-fronted Parakeet,
Pyrrhura rupicola,blcpar1,Black-capped Parakeet,
Pyrrhura viridicata,sampar1,Santa Marta Parakeet,
Pytilia afra,orwpyt1,Orange-winged Pytilia,
Pytilia hypogrammica,refpyt1,Yellow-winged Pytilia,
Pytilia melba,grwpyt1,Green-winged Pytilia,
Pytilia phoenicoptera,rewpyt1,Red-winged Pytilia,
Pyxicephalus adspersus,,,
Pyxicephalus edulis,,,
Quasipaa exilispinosa,,,
Quasipaa spinosa,,,
Quechuavis decussata,bawnig3,Tschudi's Nightjar,
Quelea cardinalis,carque1,Cardinal Quelea,
Quelea erythrops,rehque1,Red-headed Quelea,
Quelea quelea,rebque1,Red-billed Quelea,
Querula purpurata,putfru1,Purple-throated Fruitcrow,PTFR
Quesada gigas,,,
Quesada sodalis,,,
Quiscalus lugubris,cargra1,Carib Grackle,CAGR
Quiscalus major,botgra,Boat-tailed Grackle,BTGR
Quiscalus mexicanus,grtgra,Great-tailed Grackle,GTGR
Quiscalus nicaraguensis,nicgra1,Nicaraguan Grackle,NIGR
Quiscalus niger,gragra1,Greater Antillean Grackle,GAGR
Quiscalus quiscula,comgra,Common Grackle,COGR
Rabdophaga strobiloides,,,
Race_car_and_auto_racing,,,
Radinopsyche sellowi,caaant1,Caatinga Antwren,
Radjah radjah,radshe1,Radjah Shelduck,
Ragoniella pulchella,,,
Rail_transport,,,
Rain,,,
Raindrop,,,
Rallicula forbesi,forrai1,Forbes's Forest Rail,
Rallicula leucospila,wsfrai1,White-striped Forest Rail,
Rallicula rubra,chfrai1,Chestnut Forest Rail,
Rallina canningi,andcra1,Andaman Crake,
Rallina eurizonoides,sllcra1,Slaty-legged Crake,
Rallina fasciata,relcra1,Red-legged Crake,
Rallina tricolor,rencra1,Red-necked Crake,
Rallus aequatorialis,virrai1,Ecuadorian Rail,
Rallus antarcticus,ausrai1,Austral Rail,
Rallus aquaticus,watrai1,Water Rail,WEWR
Rallus caerulescens,afrrai1,African Rail,
Rallus crepitans,clarai11,Clapper Rail,CLRA
Rallus elegans,kinrai4,King Rail,KIRA
Rallus indicus,bncrai1,Brown-cheeked Rail,
Rallus limicola,virrai,Virginia Rail,VIRA
Rallus longirostris,manrai1,Mangrove Rail,MARA
Rallus madagascariensis,madrai1,Madagascar Rail,
Rallus obsoletus,ridrai1,Ridgway's Rail,RIRA
Rallus semiplumbeus,bograi1,Bogota Rail,
Rallus tenuirostris,kinrai2,Aztec Rail,AZRA
Rallus wetmorei,plfrai1,Plain-flanked Rail,
Ramburiella bolivari,,,
Ramburiella hispanica,,,
Ramburiella turcomana,,,
Ramosomyia violiceps,vichum,Violet-crowned Hummingbird,VCHU
Ramosomyia viridifrons,grfhum1,Green-fronted Hummingbird,GFHU
Ramphastos ambiguus,bkmtou1,Yellow-throated Toucan,YTTO
Ramphastos brevis,chotou1,Choco Toucan,
Ramphastos dicolorus,rebtou2,Red-breasted Toucan,
Ramphastos sulfuratus,kebtou1,Keel-billed Toucan,KBTO
Ramphastos toco,toctou1,Toco Toucan,
Ramphastos tucanus,whttou1,White-throated Toucan,
Ramphastos vitellinus,chbtou1,Channel-billed Toucan,
Ramphocaenus melanurus,lobgna5,Trilling Gnatwren,LBGN
Ramphocaenus sticturus,lobgna4,Chattering Gnatwren,
Ramphocelus bresilius,,,
Ramphocelus carbo,sibtan2,Silver-beaked Tanager,
Ramphocelus dimidiatus,crbtan1,Crimson-backed Tanager,CBTA
Ramphocelus flammigerus,flrtan1,Flame-rumped Tanager,FRTA
Ramphocelus melanogaster,bkbtan1,Huallaga Tanager,
Ramphocelus nigrogularis,mactan1,Masked Crimson Tanager,
Ramphocelus passerinii,y00599,Scarlet-rumped Tanager,SCRT
Ramphocelus sanguinolentus,crctan1,Crimson-collared Tanager,CCTA
Ramphocinclus brachyurus,whbthr3,Martinique Thrasher,MATH
Ramphocoris clotbey,thblar1,Thick-billed Lark,
Ramphodon naevius,sabher1,Saw-billed Hermit,
Ramphomicron dorsale,blbtho1,Black-backed Thornbill,
Ramphomicron microrhynchum,pubtho1,Purple-backed Thornbill,
Ramphotrigon flammulatum,flafly1,Flammulated Flycatcher,FLFL
Ramphotrigon fuscicauda,dutfla1,Dusky-tailed Flatbill,
Ramphotrigon megacephalum,lahfla2,Large-headed Flatbill,
Ramphotrigon ruficauda,rutfla1,Rufous-tailed Flatbill,
Ramsayornis fasciatus,babhon1,Bar-breasted Honeyeater,
Ramsayornis modestus,brbhon1,Brown-backed Honeyeater,
Rana amurensis,,,
Rana arvalis,,,
Rana asiatica,,,
Rana aurora,,,
Rana boylii,,,
Rana chensinensis,,,
Rana coreana,,,
Rana dalmatina,,,
Rana draytonii,,,
Rana dybowskii,,,
Rana italica,,,
Rana latastei,,,
Rana luteiventris,,,
Rana macrocnemis,,,
Rana tagoi,,,
Rana temporaria,,,
Rana uenoi,,,
Rana zhenhaiensis,,,
Randia pseudozosterops,ranwar1,Rand's Warbler,
Rangifer tarandus,,,
Ranitomeya sirensis,,,
Ranitomeya variabilis,,,
Ranoidea alboguttata,,,
Ranoidea aurea,,,
Ranoidea australis,,,
Ranoidea barringtonensis,,,
Ranoidea bella,,,
Ranoidea brevipes,,,
Ranoidea caerulea,,,
Ranoidea chloris,,,
Ranoidea citropa,,,
Ranoidea cryptotis,,,
Ranoidea cyclorhynchus,,,
Ranoidea eucnemis,,,
Ranoidea gracilenta,,,
Ranoidea jungguy,,,
Ranoidea lesueuri,,,
Ranoidea longipes,,,
Ranoidea maculosa,,,
Ranoidea manya,,,
Ranoidea moorei,,,
Ranoidea myola,,,
Ranoidea nudidigita,,,
Ranoidea pearsoniana,,,
Ranoidea phyllochroa,,,
Ranoidea raniformis,,,
Ranoidea rheocola,,,
Ranoidea serrata,,,
Ranoidea splendida,,,
Ranoidea wilcoxii,,,
Ranoidea xanthomera,,,
Raorchestes akroparallagi,,,
Raorchestes anili,,,
Raorchestes ghatei,,,
Raorchestes jayarami,,,
Raorchestes kollimalai,,,
Raorchestes luteolus,,,
Raorchestes nerostagona,,,
Raorchestes ponmudi,,,
Raorchestes sanctisilvaticus,,,
Raorchestes tinniens,,,
Raorchestes tuberohumerus,,,
Rasahus hamatus,,,
Ratchet_and_pawl,,,
Rattle,,,
Rattle_(instrument),,,
Rattus norvegicus,,,
Ratufa affinis,,,
Ratufa bicolor,,,
Ratufa indica,,,
Rauenia bonariensis,baytan3,Blue-and-yellow Tanager,
Recurvirostra americana,ameavo,American Avocet,AMAV
Recurvirostra andina,andavo1,Andean Avocet,
Recurvirostra avosetta,pieavo1,Pied Avocet,
Recurvirostra novaehollandiae,renavo1,Red-necked Avocet,
Redunca arundinum,,,
Redunca fulvorufula,,,
Regulus goodfellowi,flamec1,Flamecrest,
Regulus ignicapilla,firecr1,Common Firecrest,
Regulus madeirensis,firecr3,Madeira Firecrest,
Regulus regulus,goldcr1,Goldcrest,
Regulus satrapa,gockin,Golden-crowned Kinglet,GCKI
Reinwardtoena browni,picdov1,Pied Cuckoo-Dove,
Reinwardtoena crassirostris,crcdov1,Crested Cuckoo-Dove,
Reinwardtoena reinwardti,grcdov2,Great Cuckoo-Dove,
Remiz consobrinus,chptit1,Chinese Penduline Tit,
Remiz coronatus,wcptit1,White-crowned Penduline Tit,
Remiz macronyx,bhptit1,Black-headed Penduline Tit,
Remiz pendulinus,euptit1,Eurasian Penduline Tit,
Requena baraya,,,
Requena kurarda,,,
Respiratory_sounds,,,
Retrachydes thoracicus,,,
Rhabdornis grandis,lobrha1,Grand Rhabdornis,
Rhabdornis mystacalis,stsrha2,Stripe-headed Rhabdornis,
Rhabdornis rabori,visrha1,Visayan Rhabdornis,
Rhabdotorrhinus corrugatus,wrihor1,Wrinkled Hornbill,
Rhabdotorrhinus exarhatus,sulhor1,Sulawesi Hornbill,
Rhabdotorrhinus leucocephalus,wrihor2,Writhed Hornbill,
Rhacocleis annulata,,,
Rhacocleis baccettii,,,
Rhacocleis bonfilsi,,,
Rhacocleis buchichii,,,
Rhacocleis corsicana,,,
Rhacocleis crypta,,,
Rhacocleis derrai,,,
Rhacocleis distinguenda,,,
Rhacocleis edentata,,,
Rhacocleis ferdinandi,,,
Rhacocleis germanica,,,
Rhacocleis graeca,,,
Rhacocleis insularis,,,
Rhacocleis japygia,,,
Rhacocleis lithoscirtetes,,,
Rhacocleis maculipedes,,,
Rhacocleis neglecta,,,
Rhacocleis poneli,,,
Rhacocleis silvestrii,,,
Rhacocleis thyrrhenica,,,
Rhacocleis werneri,,,
Rhacodactylus leachianus,,,
Rhacophorus baluensis,,,
Rhacophorus borneensis,,,
Rhacophorus margaritifer,,,
Rhacophorus nigropalmatus,,,
Rhacophorus reinwardtii,,,
Rhacophorus rhodopus,,,
Rhaebo blombergi,,,
Rhaebo guttatus,,,
Rhaebo haematiticus,,,
Rhagologus leucostigma,motwhi1,Mottled Berryhunter,
Rhammatocerus cyanipes,,,
Rhamphococcyx calyorhynchus,yebmal1,Yellow-billed Malkoha,
Rhaphidura leucopygialis,sirnee1,Silver-rumped Spinetail,
Rhaphidura sabini,sabspi1,Sabine's Spinetail,
Rhea americana,grerhe1,Greater Rhea,
Rhea pennata,lesrhe2,Lesser Rhea,
Rhegmatorhina berlepschi,harant1,Harlequin Antbird,
Rhegmatorhina cristata,chcant1,Chestnut-crested Antbird,
Rhegmatorhina gymnops,baeant1,Bare-eyed Antbird,
Rhegmatorhina hoffmannsi,whbant5,White-breasted Antbird,
Rhegmatorhina melanosticta,hacant1,Hairy-crested Antbird,
Rheinardia ocellata,crearg1,Vietnamese Crested Argus,
Rheobates pseudopalmatus,,,
Rheohyla miotympanum,,,
Rhinella alata,,,
Rhinella arenarum,,,
Rhinella atacamensis,,,
Rhinella beebei,,,
Rhinella bella,,,
Rhinella castaneotica,,,
Rhinella centralis,,,
Rhinella crucifer,,,
Rhinella diptycha,,,
Rhinella dorbignyi,,,
Rhinella granulosa,,,
Rhinella horribilis,,,
Rhinella humboldti,,,
Rhinella icterica,,,
Rhinella lescurei,,,
Rhinella limensis,,,
Rhinella major,,,
Rhinella margaritifera,,,
Rhinella marina,,,
Rhinella ornata,,,
Rhinella proboscidea,,,
Rhinella spinulosa,,,
Rhinoceros unicornis,,,
Rhinocrypta lanceolata,cregal1,Crested Gallito,
Rhinoderma darwinii,,,
Rhinophrynus dorsalis,,,
Rhinoplax vigil,helhor1,Helmeted Hornbill,
Rhinopomastus aterrimus,blsbil1,Black Scimitarbill,
Rhinopomastus castaneiceps,forwoo1,Forest Wood Hoopoe,
Rhinopomastus cyanomelas,cosbil1,Common Scimitarbill,
Rhinopomastus minor,absbil1,Abyssinian Scimitarbill,
Rhinoptilus bitorquatus,jercou1,Jerdon's Courser,
Rhinoptilus chalcopterus,brwcou1,Bronze-winged Courser,
Rhinoptilus cinctus,thbcou1,Three-banded Courser,
Rhinortha chlorophaea,rafmal1,Raffles's Malkoha,
Rhipidura albicollis,whtfan1,White-throated Fantail,
Rhipidura albiscapa,gryfan1,Grey Fantail,
Rhipidura albiventris,visfan1,Visayan Fantail,
Rhipidura albogularis,spbfan1,White-spotted Fantail,
Rhipidura albolimbata,frifan1,Friendly Fantail,
Rhipidura atra,blafan1,Black Fantail,
Rhipidura aureola,whbfan2,White-browed Fantail,
Rhipidura brachyrhyncha,dimfan1,Dimorphic Fantail,
Rhipidura cockerelli,whwfan1,White-winged Fantail,
Rhipidura cyaniceps,blhfan1,Blue-headed Fantail,
Rhipidura dahli,bisfan1,Bismarck Fantail,
Rhipidura dedemi,stbfan1,Streak-breasted Fantail,
Rhipidura diluta,brcfan1,Brown-capped Fantail,
Rhipidura drownei,brnfan1,Bougainville Fantail,
Rhipidura dryas,arafan1,Arafura Fantail,
Rhipidura euryura,whbfan1,White-bellied Fantail,
Rhipidura fuliginosa,nezfan1,New Zealand Fantail,
Rhipidura fuscorufa,citfan1,Cinnamon-tailed Fantail,
Rhipidura habibiei,pelfan1,Peleng Fantail,
Rhipidura hyperythra,chbfan1,Chestnut-bellied Fantail,
Rhipidura javanica,piefan1,Sunda Pied Fantail,
Rhipidura kubaryi,pohfan1,Pohnpei Fantail,
Rhipidura lepida,palfan1,Palau Fantail,
Rhipidura leucophrys,wilwag1,Willie Wagtail,
Rhipidura leucothorax,wbtfan1,White-bellied Thicket Fantail,
Rhipidura maculipectus,bltfan1,Black Thicket Fantail,
Rhipidura matthiae,matfan1,Mussau Fantail,
Rhipidura nebulosa,samfan1,Samoan Fantail,
Rhipidura nigritorquis,phipif1,Philippine Pied Fantail,
Rhipidura nigrocinnamomea,bacfan1,Black-and-cinnamon Fantail,
Rhipidura opistherythra,lotfan1,Long-tailed Fantail,
Rhipidura perlata,spofan1,Spotted Fantail,
Rhipidura personata,kanfan1,Kadavu Fantail,
Rhipidura phasiana,manfan1,Mangrove Fantail,
Rhipidura phoenicura,rutfan1,Rufous-tailed Fantail,
Rhipidura rennelliana,renfan1,Rennell Fantail,
Rhipidura rufidorsa,rubfan1,Rufous-backed Fantail,
Rhipidura rufifrons,ruffan13,Australian Rufous Fantail,
Rhipidura rufiventris,norfan1,Northern Fantail,
Rhipidura samarensis,visblf1,Visayan Blue Fantail,
Rhipidura sauli,tabfan1,Tablas Fantail,
Rhipidura semirubra,manfan2,Manus Fantail,
Rhipidura superciliaris,blufan1,Mindanao Blue Fantail,
Rhipidura superflua,cibfan1,Tawny-backed Fantail,
Rhipidura tenebrosa,dusfan1,Makira Fantail,
Rhipidura teysmanni,rubfan2,Sulawesi Fantail,
Rhipidura threnothorax,sotfan1,Sooty Thicket Fantail,
Rhipidura verreauxi,strfan5,New Caledonian Streaked Fantail,
Rhodinocichla rosea,rottan2,Rosy Thrush-tanager,ROTT
Rhodopechys sanguineus,crwfin2,Crimson-winged Finch,
Rhodophoneus cruentus,ropbus1,Rosy-patched Bushshrike,
Rhodopis vesper,oashum1,Oasis Hummingbird,
Rhodopsalta cruentata,,,
Rhodopsalta microdora,,,
Rhodospingus cruentus,crbfin1,Crimson-breasted Finch,
Rhodospiza obsoleta,desfin2,Desert Finch,
Rhodostethia rosea,rosgul,Ross's Gull,ROGU
Rhopias gularis,sttant1,Star-throated Antwren,
Rhopophilus albosuperciliaris,tarbab1,Tarim Babbler,
Rhopophilus pekinensis,beibab1,Beijing Babbler,
Rhopornis ardesiacus,sleant1,Slender Antbird,
Rhopospina alaudina,btsfin1,Band-tailed Sierra Finch,
Rhopospina caerulescens,blufin1,Blue Finch,
Rhopospina carbonaria,casfin1,Carbonated Sierra Finch,
Rhopospina fruticeti,mosfin1,Mourning Sierra Finch,
Rhynchocyclus aequinoctialis,olifla2,Western Olivaceous Flatbill,
Rhynchocyclus brevirostris,eyrfla1,Eye-ringed Flatbill,ERFL
Rhynchocyclus fulvipectus,fubfla1,Fulvous-breasted Flatbill,
Rhynchocyclus olivaceus,olifla3,Eastern Olivaceous Flatbill,OLIF
Rhynchocyclus pacificus,pacfla1,Pacific Flatbill,
Rhynchophanes mccownii,mcclon,Thick-billed Longspur,TBLO
Rhynchopsitta pachyrhyncha,thbpar,Thick-billed Parrot,TBPA
Rhynchopsitta terrisi,mafpar1,Maroon-fronted Parrot,MFPA
Rhynchortyx cinctus,tafqua1,Tawny-faced Quail,TFQU
Rhynchospiza dabbenei,stcspa2,Yungas Sparrow,
Rhynchospiza stolzmanni,tumspa1,Tumbes Sparrow,
Rhynchospiza strigiceps,stcspa3,Chaco Sparrow,
Rhynchostruthus percivali,gowgro2,Arabian Golden-winged Grosbeak,
Rhynchostruthus socotranus,gowgro3,Socotra Golden-winged Grosbeak,
Rhynchotus maculicollis,huatin1,Huayco Tinamou,
Rhynchotus rufescens,rewtin1,Red-winged Tinamou,
Rhynochetos jubatus,kagu1,Kagu,
Rhyticeros cassidix,knohor1,Knobbed Hornbill,
Rhyticeros everetti,sumhor1,Sumba Hornbill,
Rhyticeros plicatus,blyhor1,Blyth's Hornbill,
Rhyticeros subruficollis,plphor1,Plain-pouched Hornbill,
Rhyticeros undulatus,wrehor1,Wreathed Hornbill,
Rhytipterna holerythra,rufmou1,Rufous Mourner,RMOU
Rhytipterna immunda,pabmou1,Pale-bellied Mourner,
Rhytipterna simplex,gramou1,Greyish Mourner,
Riccordia bicolor,blhhum1,Blue-headed Hummingbird,BHHU
Riccordia maugaeus,pureme1,Puerto Rican Emerald,PREM
Riccordia ricordii,cubeme1,Cuban Emerald,CUEM
Riccordia swainsonii,hiseme1,Hispaniolan Emerald,HIEM
Ridgwayia pinicola,aztthr,Aztec Thrush,AZTH
Rigidipenna inexpectata,soifro1,Solomons Frogmouth,
Ringtone,,,
Riparia chinensis,gytmar1,Grey-throated Martin,
Riparia diluta,pasmar1,Pale Martin,
Riparia paludicola,plamar1,Brown-throated Martin,
Riparia riparia,banswa,Sand Martin,BANS
Rissa brevirostris,relkit,Red-legged Kittiwake,RLKI
Rissa tridactyla,bklkit,Black-legged Kittiwake,BLKI
Robsonius rabori,luzwrb1,Cordillera Ground Warbler,
Robsonius sorsogonensis,gybbab2,Bicol Ground Warbler,
Robsonius thompsoni,simgrw1,Sierra Madre Ground Warbler,
Roeseliana ambitiosa,,,
Roeseliana azami,,,
Roeseliana brunneri,,,
Roeseliana oporina,,,
Roeseliana pylnovi,,,
Roeseliana roeselii,,,
Rollandia microptera,titgre1,Titicaca Grebe,
Rollandia rolland,whtgre3,White-tufted Grebe,
Rollulus rouloul,crepar1,Crested Partridge,
Romalea eques,,,
Romalea microptera,,,
Roraimia adusta,rorbar1,Roraiman Barbtail,
Rosalia alpina,,,
Rostratula benghalensis,grpsni1,Greater Painted-snipe,
Rostrhamus sociabilis,snakit,Snail Kite,SNKI
Rougetius rougetii,rourai1,Rouget's Rail,
Rubigula cyaniventris,gybbul1,Grey-bellied Bulbul,
Rubigula dispar,bkcbul3,Ruby-throated Bulbul,
Rubigula erythropthalmos,spebul1,Spectacled Bulbul,
Rubigula flaviventris,blcbul2,Black-crested Bulbul,
Rubigula gularis,bkcbul1,Flame-throated Bulbul,
Rubigula melanictera,bkcbul2,Black-capped Bulbul,
Rubigula montis,bkcbul4,Bornean Bulbul,
Rubigula squamata,scbbul1,Scaly-breasted Bulbul,
Rucervus duvaucelii,,,
Rufirallus fasciatus,blbcra1,Black-banded Crake,
Rufirallus leucopyrrhus,rawcra1,Red-and-white Crake,
Rufirallus schomburgkii,ocecra1,Ocellated Crake,OCCR
Rufirallus viridis,ruccra1,Russet-crowned Crake,
Rufirallus xenopterus,rufcra1,Rufous-faced Crake,
Rukia longirostra,lbweye2,Long-billed White-eye,
Run,,,
Rupicapra rupicapra,,,
Rupicola peruvianus,andcot1,Andean Cock-of-the-rock,
Rupicola rupicola,gcoroc1,Guianan Cock-of-the-rock,
Rupornis magnirostris,roahaw,Roadside Hawk,ROHA
Rusa marianna,,,
Rusa timorensis,,,
Rusa unicolor,,,
Ruspolia basiguttata,,,
Ruspolia lineosa,,,
Ruspolia nitidula,,,
Rutpela maculata,,,
Rynchops albicollis,indski1,Indian Skimmer,
Rynchops flavirostris,afrski1,African Skimmer,
Rynchops niger,blkski,Black Skimmer,BLSK
Sabaterpia taeniata,,,
Sacculiphallus punctatus,,,
Sachatamia albomaculata,,,
Saga campbelli,,,
Saga ephippigera,,,
Saga hellenica,,,
Saga natoliae,,,
Saga rammei,,,
Saga rhodiensis,,,
Sagittarius serpentarius,secret2,Secretarybird,
Saguinus fuscicollis,,,
Saguinus geoffroyi,,,
Saguinus imperator,,,
Saguinus labiatus,,,
Saguinus leucopus,,,
Saguinus midas,,,
Saguinus mystax,,,
Saguinus niger,,,
Saguinus nigricollis,,,
Saguinus oedipus,,,
Saguinus ursula,,,
Saguinus weddelli,,,
Saiga tatarica,,,
Saimiri boliviensis,,,
Saimiri cassiquiarensis,,,
Saimiri collinsi,,,
Saimiri oerstedii,,,
Saimiri sciureus,,,
Saimiri ustus,,,
Sakesphoroides cristatus,sicant1,Silvery-cheeked Antshrike,
Sakesphorus canadensis,blcant4,Black-crested Antshrike,
Sakesphorus luctuosus,gloant1,Glossy Antshrike,
Salomona borneensis,,,
Salomona maculifrons,,,
Salpinctes obsoletus,rocwre,Rock Wren,ROWR
Salpornis salvadori,spocre2,African Spotted Creeper,
Salpornis spilonota,spocre3,Indian Spotted Creeper,
Saltator albicollis,leasal1,Lesser Antillean Saltator,LASA
Saltator atriceps,blhsal1,Black-headed Saltator,BHSA
Saltator atripennis,blwsal1,Black-winged Saltator,
Saltator aurantiirostris,gobsal1,Golden-billed Saltator,
Saltator cinctus,massal1,Masked Saltator,
Saltator coerulescens,grasal3,Bluish-grey Saltator,
Saltator fuliginosus,bltgro2,Black-throated Grosbeak,
Saltator grandis,grasal2,Cinnamon-bellied Saltator,CIBS
Saltator grossus,slcgro1,Slate-colored Grosbeak,SCOG
Saltator maxillosus,thbsal1,Thick-billed Saltator,
Saltator maximus,butsal1,Buff-throated Saltator,BTSA
Saltator nigriceps,blcsal1,Black-cowled Saltator,
Saltator olivascens,grasal4,Olive-grey Saltator,
Saltator orenocensis,orisal1,Orinoco Saltator,
Saltator similis,grwsal1,Green-winged Saltator,
Saltator striatipectus,strsal1,Streaked Saltator,SSAL
Saltatricula atricollis,bltsal1,Black-throated Saltator,
Saltatricula multicolor,mccfin1,Many-colored Chaco Finch,
Salvadorina waigiuensis,saltea1,Salvadori's Teal,
Salvator merianae,,,
Sapajus apella,,,
Sapajus libidinosus,,,
Sapajus nigritus,,,
Sapayoa aenigma,sapayo1,Sapayoa,SAPA
Saperda carcharias,,,
Saperda tridentata,,,
Sappho sparganurus,retcom1,Red-tailed Comet,
Sarcophanops samarensis,visbro1,Visayan Broadbill,
Sarcophanops steerii,watbro1,Wattled Broadbill,
Sarcophilus harrisii,,,
Sarcops calvus,coleto1,Coleto,
Sarcoramphus papa,kinvul1,King Vulture,KIVU
Sardoplatycleis galvagnii,,,
Sarkidiornis melanotos,comduc2,Knob-billed Duck,
Sarkidiornis sylvicola,comduc3,Comb Duck,CODU
Saroglossa spilopterus,spwsta1,Spot-winged Starling,
Sarothrura affinis,strflu1,Striped Flufftail,
Sarothrura boehmi,stbflu1,Streaky-breasted Flufftail,
Sarothrura elegans,busflu1,Buff-spotted Flufftail,
Sarothrura insularis,madflu1,Madagascar Flufftail,
Sarothrura lugens,chhflu1,Chestnut-headed Flufftail,
Sarothrura pulchra,whsflu1,White-spotted Flufftail,
Sarothrura rufa,recflu1,Red-chested Flufftail,
Sarothrura watersi,slbflu1,Slender-billed Flufftail,
Sasia abnormis,rufpic1,Rufous Piculet,
Sasia ochracea,whbpic3,White-browed Piculet,
Satizabalus sodalis,,,
Satrapa icterophrys,yebtyr2,Yellow-browed Tyrant,
Saucerottia beryllina,berhum,Berylline Hummingbird,BEHU
Saucerottia castaneiventris,chbhum1,Chestnut-bellied Hummingbird,
Saucerottia cyanifrons,inchum1,Indigo-capped Hummingbird,
Saucerottia cyanocephala,azchum1,Azure-crowned Hummingbird,AZCH
Saucerottia cyanura,blthum1,Blue-tailed Hummingbird,BTAH
Saucerottia edward,snbhum1,Snowy-bellied Hummingbird,SBEH
Saucerottia hoffmanni,buvhum1,Blue-vented Hummingbird,BVHU
Saucerottia saucerottei,stvhum2,Steely-vented Hummingbird,
Saucerottia tobaci,corhum1,Copper-rumped Hummingbird,
Saucerottia viridigaster,grbhum1,Green-bellied Hummingbird,
Saundersilarus saundersi,saugul2,Saunders's Gull,
Sawing,,,
Saxicola caprata,piebus1,Pied Bush Chat,
Saxicola dacotiae,caisto1,Canary Islands Stonechat,
Saxicola ferreus,grybus1,Grey Bush Chat,
Saxicola gutturalis,timbus1,White-bellied Bush Chat,
Saxicola insignis,whtbus1,White-throated Bush Chat,
Saxicola jerdoni,jerbus1,Jerdon's Bush Chat,
Saxicola leucurus,whtsto2,White-tailed Stonechat,
Saxicola macrorhynchus,whbbus4,White-browed Bush Chat,
Saxicola maurus,sibsto1,Siberian Stonechat,ASST
Saxicola rubetra,whinch1,Whinchat,
Saxicola rubicola,stonec4,European Stonechat,
Saxicola stejnegeri,,,
Saxicola tectes,reusto1,Reunion Stonechat,
Saxicola torquatus,afrsto1,African Stonechat,
Sayornis nigricans,blkpho,Black Phoebe,BLPH
Sayornis phoebe,easpho,Eastern Phoebe,EAPH
Sayornis saya,saypho,Say's Phoebe,SAPH
Scambophyllum sanguinolentum,,,
Scaphinotus marginatus,,,
Scaphiopus couchii,,,
Scaphiopus holbrookii,,,
Scaphiopus hurterii,,,
Scaphura elegans,,,
Sceliphron asiaticum,,,
Sceliphron caementarium,,,
Sceliphron curvatum,,,
Sceliphron laetum,,,
Scelorchilus albicollis,whttap1,White-throated Tapaculo,
Scelorchilus rubecula,chutap1,Chucao Tapaculo,
Scenopoeetes dentirostris,tobcat2,Tooth-billed Bowerbird,
Scepomycter winifredae,mrmwar1,Winifred's Warbler,
Schetba rufa,rufvan1,Rufous Vanga,
Schiffornis aenea,thlsch8,Foothill Schiffornis,
Schiffornis major,varsch1,Varzea Schiffornis,
Schiffornis olivacea,thlsch7,Guianan Schiffornis,
Schiffornis stenorhyncha,thlsch4,Russet-winged Schiffornis,RWSC
Schiffornis turdina,thlsch3,Brown-winged Schiffornis,
Schiffornis veraepacis,thlsch2,Northern Schiffornis,NOSC
Schiffornis virescens,gresch2,Greenish Schiffornis,
Schismaderma branchi,,,
Schismaderma carens,,,
Schistes albogularis,webhum3,White-throated Daggerbill,
Schistes geoffroyi,webhum1,Geoffroy's Daggerbill,
Schistocerca americana,,,
Schistochlamys melanopis,blftan1,Black-faced Tanager,
Schistochlamys ruficapillus,cintan1,Cinnamon Tanager,
Schistolais leontica,silpri2,Sierra Leone Prinia,
Schistolais leucopogon,whcpri2,White-chinned Prinia,
Schoenicola platyurus,brtgra2,Broad-tailed Grassbird,
Schoenicola striatus,brigra2,Bristled Grassbird,
Schoeniophylax phryganophilus,chospi2,Chotoy Spinetail,
Schoeniparus brunneus,dusful1,Dusky Fulvetta,
Schoeniparus castaneceps,ruwful1,Rufous-winged Fulvetta,
Schoeniparus cinereus,yetful1,Yellow-throated Fulvetta,
Schoeniparus dubius,rucful1,Rusty-capped Fulvetta,
Schoeniparus klossi,bkcful1,Black-crowned Fulvetta,
Schoeniparus rufogularis,rutful1,Rufous-throated Fulvetta,
Schoutedenapus myoptilus,scaswi1,Scarce Swift,
Sciaphylax castanea,zimant1,Northern Chestnut-tailed Antbird,
Sciaphylax hemimelaena,chtant2,Southern Chestnut-tailed Antbird,
Scieroptera splendidula,,,
Scinax acuminatus,,,
Scinax altae,,,
Scinax alter,,,
Scinax boesemani,,,
Scinax boulengeri,,,
Scinax caprarius,,,
Scinax constrictus,,,
Scinax crospedospilus,,,
Scinax cruentomma,,,
Scinax curicica,,,
Scinax duartei,,,
Scinax elaeochroa,,,
Scinax eurydice,,,
Scinax fuscomarginatus,,,
Scinax fuscovarius,,,
Scinax garbei,,,
Scinax granulatus,,,
Scinax hayii,,,
Scinax imbegue,,,
Scinax madeirae,,,
Scinax nasicus,,,
Scinax nebulosus,,,
Scinax perereca,,,
Scinax ruber,,,
Scinax similis,,,
Scinax squalirostris,,,
Scinax staufferi,,,
Scinax tymbamirim,,,
Scinax x-signatus,,,
Scintharista notabilis,,,
Sciobia caliendra,,,
Scissirostrum dubium,fibmyn2,Grosbeak Starling,
Scissors,,,
Sciurillus pusillus,,,
Sciurotamias davidianus,,,
Sciurus aberti,,,
Sciurus aestuans,,,
Sciurus alleni,,,
Sciurus anomalus,,,
Sciurus aureogaster,,,
Sciurus carolinensis,,,
Sciurus deppei,,,
Sciurus granatensis,,,
Sciurus griseus,,,
Sciurus igniventris,,,
Sciurus niger,,,
Sciurus oculatus,,,
Sciurus variegatoides,,,
Sciurus vulgaris,,,
Sciurus yucatanensis,,,
Sclateria naevia,silant1,Silvered Antbird,
Sclerogryllus punctatus,,,
Sclerophrys capensis,,,
Sclerophrys garmani,,,
Sclerophrys gutturalis,,,
Sclerophrys maculata,,,
Sclerophrys mauritanica,,,
Sclerophrys pantherina,,,
Sclerophrys pardalis,,,
Sclerophrys poweri,,,
Sclerophrys pusilla,,,
Sclerophrys regularis,,,
Sclerophrys xeros,,,
Scleroptila afra,gywfra1,Grey-winged Francolin,
Scleroptila finschi,finfra2,Finsch's Francolin,
Scleroptila gutturalis,orrfra2,Orange River Francolin,
Scleroptila levaillantii,rewfra2,Red-winged Francolin,
Scleroptila psilolaema,moofra2,Moorland Francolin,
Scleroptila shelleyi,shefra1,Shelley's Francolin,
Sclerurus albigularis,grtlea1,Grey-throated Leaftosser,GTLE
Sclerurus caudacutus,bltlea1,Black-tailed Leaftosser,
Sclerurus guatemalensis,sctlea1,Scaly-throated Leaftosser,STLE
Sclerurus mexicanus,tatlea1,Tawny-throated Leaftosser,TTLE
Sclerurus obscurior,soalea1,Dusky Leaftosser,
Sclerurus rufigularis,shblea1,Short-billed Leaftosser,
Sclerurus scansor,rublea1,Rufous-breasted Leaftosser,
Scolopax bukidnonensis,bukwoo1,Bukidnon Woodcock,
Scolopax minor,amewoo,American Woodcock,AMWO
Scolopax mira,amawoo1,Amami Woodcock,
Scolopax rochussenii,molwoo1,Moluccan Woodcock,
Scolopax rosenbergii,duswoo3,New Guinea Woodcock,
Scolopax rusticola,eurwoo,Eurasian Woodcock,EUWO
Scolopax saturata,duswoo4,Javan Woodcock,
Scopus umbretta,hamerk1,Hamerkop,
Scotocerca inquieta,stswar1,Streaked Scrub Warbler,
Scotopelia bouvieri,vefowl1,Vermiculated Fishing Owl,
Scotopelia peli,pefowl1,Pel's Fishing Owl,
Scotopelia ussheri,rufowl1,Rufous Fishing Owl,
Scratching_(performance_technique),,,
Screaming,,,
Screech,,,
Scudderia curvicauda,,,
Scudderia furcata,,,
Scudderia mexicana,,,
Scudderia pistillata,,,
Scudderia septentrionalis,,,
Scudderia texensis,,,
Scytalopus acutirostris,tsctap1,Tschudi's Tapaculo,
Scytalopus affinis,anctap1,Ancash Tapaculo,
Scytalopus altirostris,nebtap1,Neblina Tapaculo,
Scytalopus alvarezlopezi,alptap1,Tatama Tapaculo,
Scytalopus androstictus,partap4,Loja Tapaculo,
Scytalopus argentifrons,siftap1,Silvery-fronted Tapaculo,SFTA
Scytalopus atratus,whctap1,White-crowned Tapaculo,
Scytalopus bolivianus,boltap1,Bolivian Tapaculo,
Scytalopus canus,partap1,Paramillo Tapaculo,
Scytalopus caracae,cartap1,Caracas Tapaculo,
Scytalopus chocoensis,chotap1,Choco Tapaculo,CHTA
Scytalopus diamantinensis,diatap2,Diamantina Tapaculo,
Scytalopus femoralis,ruvtap1,Rufous-vented Tapaculo,
Scytalopus frankeae,miltap1,Jalca Tapaculo,
Scytalopus fuscus,dustap1,Dusky Tapaculo,
Scytalopus gettyae,juntap1,Junin Tapaculo,
Scytalopus gonzagai,sertap1,Boa Nova Tapaculo,
Scytalopus griseicollis,mattap1,Pale-bellied Tapaculo,
Scytalopus intermedius,blatap2,Utcubamba Tapaculo,
Scytalopus iraiensis,martap1,Marsh Tapaculo,
Scytalopus krabbei,whwtap1,White-winged Tapaculo,
Scytalopus latebricola,brrtap1,Brown-rumped Tapaculo,
Scytalopus latrans,blatap1,Blackish Tapaculo,
Scytalopus macropus,laftap1,Large-footed Tapaculo,
Scytalopus magellanicus,magtap1,Magellanic Tapaculo,
Scytalopus meridanus,mertap1,Merida Tapaculo,
Scytalopus micropterus,lottap1,Long-tailed Tapaculo,
Scytalopus novacapitalis,bratap1,Brasilia Tapaculo,
Scytalopus opacus,partap2,Paramo Tapaculo,
Scytalopus pachecoi,platap1,Planalto Tapaculo,
Scytalopus panamensis,tactap1,Tacarcuna Tapaculo,TATA
Scytalopus parkeri,chutap2,Chusquea Tapaculo,
Scytalopus parvirostris,tritap1,Trilling Tapaculo,
Scytalopus perijanus,pertap1,Perija Tapaculo,
Scytalopus petrophilus,roctap1,Rock Tapaculo,
Scytalopus robbinsi,ecutap1,El Oro Tapaculo,
Scytalopus rodriguezi,upmtap1,Magdalena Tapaculo,
Scytalopus sanctaemartae,samtap1,Santa Marta Tapaculo,
Scytalopus schulenbergi,diatap1,Diademed Tapaculo,
Scytalopus simonsi,puntap1,Puna Tapaculo,
Scytalopus speluncae,moctap1,Mouse-colored Tapaculo,
Scytalopus spillmanni,spitap2,Spillmann's Tapaculo,
Scytalopus stilesi,stitap1,Stiles's Tapaculo,
Scytalopus superciliaris,whbtap2,White-browed Tapaculo,
Scytalopus unicolor,unitap1,Unicolored Tapaculo,
Scytalopus urubambae,viltap1,Vilcabamba Tapaculo,
Scytalopus vicinior,nartap2,Narino Tapaculo,
Scytalopus whitneyi,amptap1,Ampay Tapaculo,
Scytalopus zimmeri,zimtap1,Zimmer's Tapaculo,
Scythrops novaehollandiae,chbcuc2,Channel-billed Cuckoo,
Segestidea queenslandica,,,
Seiurus aurocapilla,ovenbi1,Ovenbird,OVEN
Selasphorus ardens,glthum1,Glow-throated Hummingbird,GLTH
Selasphorus calliope,calhum,Calliope Hummingbird,CAHU
Selasphorus ellioti,withum1,Wine-throated Hummingbird,WTHH
Selasphorus flammula,volhum1,Volcano Hummingbird,VOHU
Selasphorus heloisa,bumhum,Bumblebee Hummingbird,BUHU
Selasphorus platycercus,brthum,Broad-tailed Hummingbird,BTHU
Selasphorus rufus,rufhum,Rufous Hummingbird,RUHU
Selasphorus sasin,allhum,Allen's Hummingbird,ALHU
Selasphorus scintilla,scihum1,Scintillant Hummingbird,SCHU
Selatosomus suckleyi,,,
Selenidera gouldii,goutou1,Gould's Toucanet,
Selenidera maculirostris,spbtou1,Spot-billed Toucanet,
Selenidera nattereri,tattou1,Tawny-tufted Toucanet,
Selenidera piperivora,guitou1,Guianan Toucanet,
Selenidera reinwardtii,goctou1,Golden-collared Toucanet,
Selenidera spectabilis,yeetou1,Yellow-eared Toucanet,YETO
Seleucidis melanoleucus,twwbop1,Twelve-wired Bird-of-paradise,
Semia klapperichi,,,
Semia watanabei,,,
Semioptera wallacii,walsta2,Standardwing,
Semnodactylus wealii,,,
Semnopithecus entellus,,,
Semnopithecus hector,,,
Semnopithecus johnii,,,
Semnopithecus schistaceus,,,
Semnornis frantzii,prbbar1,Prong-billed Barbet,PBBA
Semnornis ramphastinus,toubar1,Toucan Barbet,
Senticolis triaspis,,,
Sephanoides fernandensis,juffir1,Juan Fernandez Firecrown,
Sephanoides sephaniodes,grbfir1,Green-backed Firecrown,
Sepiana sepium,,,
Sepidium lusitanicum,,,
Sericomyia militaris,,,
Sericornis beccarii,becscr1,Tropical Scrubwren,
Sericornis frontalis,whbscr1,White-browed Scrubwren,
Sericornis humilis,tasscr1,Tasmanian Scrubwren,
Sericornis keri,athscr1,Atherton Scrubwren,
Sericornis maculatus,whbscr3,Spotted Scrubwren,
Sericornis magnirostra,labscr2,Large-billed Scrubwren,
Sericornis nouhuysi,larscr1,Large Scrubwren,
Sericossypha albocristata,whctan1,White-capped Tanager,
Sericulus ardens,flabow2,Flame Bowerbird,
Sericulus aureus,flabow3,Masked Bowerbird,
Sericulus bakeri,fimbow1,Fire-maned Bowerbird,
Sericulus chrysocephalus,regbow1,Regent Bowerbird,
Serilophus lunatus,sibbro3,Silver-breasted Broadbill,
Serinus alario,bkhcan2,Black-headed Canary,
Serinus canaria,comcan,Atlantic Canary,ISCA
Serinus canicollis,capcan1,Cape Canary,
Serinus flavivertex,yeccan1,Yellow-crowned Canary,
Serinus nigriceps,abysis1,Ethiopian Siskin,
Serinus pusillus,fifser1,Red-fronted Serin,
Serinus serinus,eurser1,European Serin,
Serinus syriacus,syrser1,Syrian Serin,
Serpophaga cinerea,tortyr1,Torrent Tyrannulet,TOTY
Serpophaga griseicapilla,gyctyr2,Straneck's Tyrannulet,
Serpophaga hypoleuca,rivtyr1,River Tyrannulet,
Serpophaga nigricans,sootyr1,Sooty Tyrannulet,
Serpophaga subcristata,y01036,White-crested Tyrannulet,
Serranobatrachus sanctaemartae,,,
Setopagis heterura,samnig1,Todd's Nightjar,
Setopagis parvula,litnig1,Little Nightjar,
Setophaga adelaidae,adewar1,Adelaide's Warbler,ADWA
Setophaga americana,norpar,Northern Parula,NOPA
Setophaga angelae,elwwar1,Elfin Woods Warbler,EWWA
Setophaga caerulescens,btbwar,Black-throated Blue Warbler,BTBW
Setophaga castanea,babwar,Bay-breasted Warbler,BBWA
Setophaga cerulea,cerwar,Cerulean Warbler,CERW
Setophaga chrysoparia,gchwar,Golden-cheeked Warbler,GCWA
Setophaga citrina,hoowar,Hooded Warbler,HOWA
Setophaga coronata,yerwar,Yellow-rumped Warbler,YRWA
Setophaga delicata,stlwar,St. Lucia Warbler,SLWA
Setophaga discolor,prawar,Prairie Warbler,PRAW
Setophaga dominica,yetwar,Yellow-throated Warbler,YTWA
Setophaga flavescens,yetwar3,Bahama Warbler,BAHW
Setophaga fusca,bkbwar,Blackburnian Warbler,BLBW
Setophaga graciae,grawar,Grace's Warbler,GRWA
Setophaga kirtlandii,kirwar,Kirtland's Warbler,KIWA
Setophaga magnolia,magwar,Magnolia Warbler,MAWA
Setophaga nigrescens,btywar,Black-throated Grey Warbler,BTYW
Setophaga occidentalis,herwar,Hermit Warbler,HEWA
Setophaga palmarum,palwar,Palm Warbler,PAWA
Setophaga pensylvanica,chswar,Chestnut-sided Warbler,CSWA
Setophaga petechia,yelwar,Mangrove Warbler,YEWA
Setophaga pharetra,arrwar1,Arrowhead Warbler,ARRW
Setophaga pinus,pinwar,Pine Warbler,PIWA
Setophaga pitiayumi,tropar,Tropical Parula,TRPA
Setophaga pityophila,olcwar1,Olive-capped Warbler,OCAW
Setophaga plumbea,pluwar1,Plumbeous Warbler,PLUW
Setophaga ruticilla,amered,American Redstart,AMRE
Setophaga striata,bkpwar,Blackpoll Warbler,BLPW
Setophaga subita,barwar,Barbuda Warbler,BARW
Setophaga tigrina,camwar,Cape May Warbler,CMWA
Setophaga townsendi,towwar,Townsend's Warbler,TOWA
Setophaga virens,btnwar,Black-throated Green Warbler,BTNW
Setophaga vitellina,vitwar1,Vitelline Warbler,VITW
Setornis criniger,hobbul1,Hook-billed Bulbul,
Severiana severini,,,
Shatter,,,
Sheppardia aequatorialis,equaka1,Equatorial Akalat,
Sheppardia aurantiithorax,rubaka1,Rubeho Akalat,
Sheppardia bocagei,bocaka11,Bocage's Akalat,
Sheppardia cyornithopsis,lowaka1,Lowland Akalat,
Sheppardia gabela,gabaka1,Gabela Akalat,
Sheppardia gunningi,eacaka1,East Coast Akalat,
Sheppardia lowei,iriaka1,Iringa Akalat,
Sheppardia montana,usaaka1,Usambara Akalat,
Sheppardia poensis,shtaka2,Short-tailed Akalat,
Sheppardia polioptera,gywroc1,Grey-winged Robin-Chat,
Sheppardia sharpei,shaaka1,Sharpe's Akalat,
Sholicola albiventris,whbsho3,White-bellied Blue Robin,
Sholicola major,whbsho1,Nilgiri Blue Robin,
Shout,,,
Sialia currucoides,moublu,Mountain Bluebird,MOBL
Sialia mexicana,wesblu,Western Bluebird,WEBL
Sialia sialis,easblu,Eastern Bluebird,EABL
Sibirionetta formosa,baitea,Baikal Teal,BATE
Sicalis auriventris,gryfin2,Greater Yellow Finch,
Sicalis citrina,styfin1,Stripe-tailed Yellow Finch,
Sicalis columbiana,ofyfin1,Orange-fronted Yellow Finch,
Sicalis flaveola,saffin,Saffron Finch,SAFI
Sicalis lebruni,payfin1,Patagonian Yellow Finch,
Sicalis lutea,puyfin1,Puna Yellow Finch,
Sicalis luteocephala,chyfin1,Citron-headed Yellow Finch,
Sicalis luteola,gryfin1,Grassland Yellow Finch,GRYF
Sicalis mendozae,monyef1,Monte Yellow Finch,
Sicalis olivascens,gryfin3,Greenish Yellow Finch,
Sicalis raimondii,rayfin1,Raimondi's Yellow Finch,
Sicalis taczanowskii,sutfin1,Sulphur-throated Finch,
Sicalis uropygialis,bryfin1,Bright-rumped Yellow Finch,
Sigelus silens,fisfly1,Fiscal Flycatcher,
Sigh,,,
Silverstoneia flotator,,,
Silverstoneia nubicola,,,
Silvicultrix diadema,yebcht1,Yellow-bellied Chat-Tyrant,
Silvicultrix frontalis,crocht1,Crowned Chat-Tyrant,
Silvicultrix jelskii,jelcht1,Jelski's Chat-Tyrant,
Silvicultrix pulchella,gobcht1,Golden-browed Chat-Tyrant,
Simosyrphus grandicornis,,,
Simulium ornatum,,,
Singing,,,
Sink_(filling_or_washing),,,
Siphonorhis brewsteri,leapau1,Least Poorwill,LEPA
Sipia berlepschi,sttant3,Stub-tailed Antbird,
Sipia laemosticta,dumant1,Dull-mantled Antbird,DMAN
Sipia nigricauda,esmant1,Esmeraldas Antbird,
Sipia palliata,dumant3,Magdalena Antbird,
Sipodotus wallacii,walfai1,Wallace's Fairywren,
Siptornis striaticollis,spepri1,Spectacled Prickletail,
Siren,,,
Siren nettingi,,,
Sirystes albocinereus,whrsir1,White-rumped Sirystes,
Sirystes albogriseus,siryst3,Choco Sirystes,CHSI
Sirystes sibilator,sibsir1,Sibilant Sirystes,
Sirystes subcanescens,todsir1,Todd's Sirystes,
Sistrurus catenatus,,,
Sitta arctica,eurnut6,Siberian Nuthatch,
Sitta azurea,blunut1,Blue Nuthatch,
Sitta canadensis,rebnut,Red-breasted Nuthatch,RBNU
Sitta carolinensis,whbnut,White-breasted Nuthatch,WBNU
Sitta cashmirensis,kasnut1,Kashmir Nuthatch,
Sitta castanea,chbnut2,Indian Nuthatch,
Sitta cinnamoventris,chbnut3,Chestnut-bellied Nuthatch,
Sitta europaea,eurnut2,Eurasian Nuthatch,
Sitta formosa,beanut1,Beautiful Nuthatch,
Sitta frontalis,vefnut1,Velvet-fronted Nuthatch,
Sitta himalayensis,whtnut1,White-tailed Nuthatch,
Sitta insularis,bnhnut2,Bahama Nuthatch,BANU
Sitta krueperi,krunut1,Krüper's Nuthatch,
Sitta ledanti,algnut1,Algerian Nuthatch,
Sitta leucopsis,whcnut1,White-cheeked Nuthatch,
Sitta magna,gianut1,Giant Nuthatch,
Sitta nagaensis,chvnut1,Chestnut-vented Nuthatch,
Sitta neglecta,chbnut4,Burmese Nuthatch,
Sitta neumayer,rocnut1,Western Rock Nuthatch,
Sitta oenochlamys,subnut1,Sulphur-billed Nuthatch,
Sitta przewalskii,prznut1,Przevalski's Nuthatch,
Sitta pusilla,bnhnut,Brown-headed Nuthatch,BHNU
Sitta pygmaea,pygnut,Pygmy Nuthatch,PYNU
Sitta solangiae,yebnut1,Yellow-billed Nuthatch,
Sitta tephronota,pernut1,Eastern Rock Nuthatch,
Sitta victoriae,whbnut1,White-browed Nuthatch,
Sitta villosa,snbnut1,Chinese Nuthatch,
Sitta whiteheadi,cornut1,Corsican Nuthatch,
Sitta yunnanensis,yunnut1,Yunnan Nuthatch,
Sittasomus griseicapillus,oliwoo1,Olivaceous Woodcreeper,OLWO
Sittiparus castaneoventris,vartit3,Chestnut-bellied Tit,
Sittiparus olivaceus,vartit2,Iriomote Tit,
Sittiparus owstoni,vartit4,Owston's Tit,
Sittiparus semilarvatus,whftit2,White-fronted Tit,
Sittiparus varius,vartit1,Varied Tit,
Skateboard,,,
Slam,,,
Sliding_door,,,
Smerinthus ocellata,,,
Smicrornis brevirostris,weebil1,Weebill,
Smilisca baudinii,,,
Smilisca fodiens,,,
Smilisca phaeota,,,
Smilisca sila,,,
Smilisca sordida,,,
Smithornis capensis,afrbro1,African Broadbill,
Smithornis rufolateralis,rusbro1,Rufous-sided Broadbill,
Smithornis sharpei,gyhbro1,Grey-headed Broadbill,
Smutsornis africanus,dobcou2,Double-banded Courser,
Snare_drum,,,
Sneeze,,,
Snowornis cryptolophus,olipih2,Olivaceous Piha,
Snowornis subalaris,gytpih1,Grey-tailed Piha,
Somateria fischeri,speeid,Spectacled Eider,SPEI
Somateria mollissima,comeid,Common Eider,COEI
Somateria spectabilis,kineid,King Eider,KIEI
Sonotrella bicolor,,,
Sorapagus catalaunicus,,,
Sorex araneus,,,
Sorex hoyi,,,
Sorex minutus,,,
Soudaniella marshalli,,,
Spalacopus cyanus,,,
Spartonoica maluroides,bcwspi1,Bay-capped Wren-Spinetail,
Spatula clypeata,norsho,Northern Shoveler,NSHO
Spatula cyanoptera,cintea,Cinnamon Teal,CITE
Spatula discors,buwtea,Blue-winged Teal,BWTE
Spatula hottentota,hottea1,Blue-billed Teal,
Spatula platalea,redsho1,Red Shoveler,
Spatula puna,puntea1,Puna Teal,
Spatula querquedula,gargan,Garganey,GARG
Spatula rhynchotis,aussho1,Australasian Shoveler,
Spatula smithii,capsho1,Cape Shoveler,
Spatula versicolor,siltea1,Silver Teal,
Spea bombifrons,,,
Spea hammondii,,,
Spea intermontana,,,
Spea multiplicata,,,
Speculanas specularis,speduc2,Bronze-winged Duck,
Speculipastor bicolor,magsta1,Magpie Starling,
Speech,,,
Speech_synthesizer,,,
Spelaeornis badeigularis,miswrb1,Mishmi Wren-Babbler,
Spelaeornis caudatus,rtwbab1,Rufous-throated Wren-Babbler,
Spelaeornis chocolatinus,ltwbab1,Naga Wren-Babbler,
Spelaeornis kinneari,patwrb1,Pale-throated Wren-Babbler,
Spelaeornis longicaudatus,tbwbab1,Tawny-breasted Wren-Babbler,
Spelaeornis oatesi,chhwrb1,Chin Hills Wren-Babbler,
Spelaeornis reptatus,gybwrb1,Grey-bellied Wren-Babbler,
Spelaeornis troglodytoides,bwwbab1,Bar-winged Wren-Babbler,
Speothos venaticus,,,
Spermestes bicolor,bawman1,Black-and-white Mannikin,
Spermestes cucullata,broman1,Bronze Mannikin,BRMA
Spermestes fringilloides,magman1,Magpie Mannikin,
Spermestes griseicapilla,gyhsil1,Grey-headed Silverbill,
Spermophaga haematina,wesblu1,Western Bluebill,
Spermophaga poliogenys,grablu1,Grant's Bluebill,
Spermophaga ruficapilla,rehblu1,Red-headed Bluebill,
Spermophilus alashanicus,,,
Spermophilus citellus,,,
Spermophilus musicus,,,
Spermophilus suslicus,,,
Spermophilus taurensis,,,
Sphaenorhynchus caramaschii,,,
Sphaenorhynchus lacteus,,,
Sphaenorhynchus platycephalus,,,
Sphaenorhynchus surdus,,,
Sphaerotheca rolandae,,,
Sphagniana sphagnorum,,,
Sphecius speciosus,,,
Sphecotheres hypoleucus,wetfig1,Wetar Figbird,
Sphecotheres vieilloti,ausfig1,Australasian Figbird,
Sphecotheres viridis,grnfig1,Green Figbird,
Spheniscus demersus,jacpen1,African Penguin,
Spheniscus humboldti,humpen1,Humboldt Penguin,
Spheniscus magellanicus,magpen1,Magellanic Penguin,
Spheniscus mendiculus,galpen1,Galapagos Penguin,
Sphenoeacus afer,capgra1,Cape Grassbird,
Sphenopsis frontalis,olehem1,Oleaginous Hemispingus,
Sphenopsis melanotis,blehem1,Black-eared Hemispingus,
Sphex ichneumoneus,,,
Sphex resinipes,,,
Sphingonotus caerulans,,,
Sphingonotus candidus,,,
Sphingonotus corsicus,,,
Sphingonotus finotianus,,,
Sphingonotus ganglbaueri,,,
Sphingonotus insularis,,,
Sphingonotus luteus,,,
Sphingonotus rubescens,,,
Sphingonotus savignyi,,,
Sphoeroides maculatus,,,
Sphyrapicus nuchalis,rensap,Red-naped Sapsucker,RNSA
Sphyrapicus ruber,rebsap,Red-breasted Sapsucker,RBSA
Sphyrapicus thyroideus,wilsap,Williamson's Sapsucker,WISA
Sphyrapicus varius,yebsap,Yellow-bellied Sapsucker,YBSA
Spicospina flammocaerulea,,,
Spilomyia longicornis,,,
Spilopelia chinensis,spodov,Spotted Dove,
Spilopelia senegalensis,laudov1,Laughing Dove,
Spiloptila clamans,crilon1,Cricket Warbler,
Spilornis cheela,crseag1,Crested Serpent Eagle,
Spilornis elgini,anseag1,Andaman Serpent Eagle,
Spilornis holospilus,phseag1,Philippine Serpent Eagle,
Spilornis kinabaluensis,moseag1,Mountain Serpent Eagle,
Spilornis rufipectus,suseag1,Sulawesi Serpent Eagle,
Spindalis dominicensis,hisspi,Hispaniolan Spindalis,HISP
Spindalis nigricephala,jamspi,Jamaican Spindalis,JAMS
Spindalis portoricensis,purspi,Puerto Rican Spindalis,PRSP
Spindalis zena,wesspi,Western Spindalis,WESP
Spinus atratus,blasis1,Black Siskin,
Spinus atriceps,blcsis1,Black-capped Siskin,BCSI
Spinus barbatus,blcsis2,Black-chinned Siskin,
Spinus crassirostris,thbsis1,Thick-billed Siskin,
Spinus cucullatus,redsis1,Red Siskin,RESI
Spinus dominicensis,antsis1,Antillean Siskin,ANSI
Spinus lawrencei,lawgol,Lawrence's Goldfinch,LAGO
Spinus magellanicus,hoosis1,Hooded Siskin,
Spinus notatus,blhsis1,Black-headed Siskin,BHSI
Spinus olivaceus,olisis1,Olivaceous Siskin,
Spinus pinus,pinsis,Pine Siskin,PISI
Spinus psaltria,lesgol,Lesser Goldfinch,LEGO
Spinus siemiradzkii,safsis1,Saffron Siskin,
Spinus spinescens,andsis1,Andean Siskin,
Spinus spinus,eursis,Eurasian Siskin,EUSI
Spinus thibetanus,tibser1,Tibetan Serin,
Spinus tristis,amegfi,American Goldfinch,AGOL
Spinus uropygialis,yersis1,Yellow-rumped Siskin,
Spinus xanthogastrus,yebsis1,Yellow-bellied Siskin,YBSI
Spinus yarrellii,yefsis1,Yellow-faced Siskin,
Spiza americana,dickci,Dickcissel,DICK
Spizaetus isidori,baceag2,Black-and-chestnut Eagle,
Spizaetus melanoleucus,bawhae1,Black-and-white Hawk-Eagle,BAWH
Spizaetus ornatus,orheag1,Ornate Hawk-Eagle,ORHE
Spizaetus tyrannus,blheag1,Black Hawk-Eagle,BLHE
Spizella atrogularis,bkcspa,Black-chinned Sparrow,BCSP
Spizella breweri,brespa,Brewer's Sparrow,BRSP
Spizella pallida,clcspa,Clay-colored Sparrow,CCSP
Spizella passerina,chispa,Chipping Sparrow,CHSP
Spizella pusilla,fiespa,Field Sparrow,FISP
Spizella wortheni,worspa,Worthen's Sparrow,WOSP
Spizelloides arborea,amtspa,American Tree Sparrow,ATSP
Spiziapteryx circumcincta,spwfal2,Spot-winged Falconet,
Spizixos canifrons,crefin1,Crested Finchbill,
Spizixos semitorques,colfin1,Collared Finchbill,
Spizocorys conirostris,piblar1,Pink-billed Lark,
Spizocorys fremantlii,shtlar1,Short-tailed Lark,
Spizocorys fringillaris,botlar1,Botha's Lark,
Spizocorys personata,maslar1,Masked Lark,
Spizocorys sclateri,scllar1,Sclater's Lark,
Spizocorys starki,stalar2,Stark's Lark,
Splash_and_splatter,,,
Spodiopsar cineraceus,whcsta1,White-cheeked Starling,
Spodiopsar sericeus,rebsta1,Red-billed Starling,
Sporadiana sporadarum,,,
Sporathraupis cyanocephala,blctan2,Blue-capped Tanager,
Sporophila albogularis,whtsee1,White-throated Seedeater,
Sporophila americana,wibsee1,Wing-barred Seedeater,
Sporophila angolensis,cbsfin,Chestnut-bellied Seed Finch,
Sporophila ardesiaca,dubsee1,Dubois's Seedeater,
Sporophila atrirostris,bbsfin1,Black-billed Seed Finch,
Sporophila beltoni,trosee1,Tropeiro Seedeater,
Sporophila bouvreuil,capsee1,Copper Seedeater,
Sporophila bouvronides,lessee2,Lesson's Seedeater,LESE
Sporophila caerulescens,docsee1,Double-collared Seedeater,
Sporophila castaneiventris,chbsee1,Chestnut-bellied Seedeater,
Sporophila cinnamomea,chesee1,Chestnut Seedeater,
Sporophila collaris,rucsee1,Rusty-collared Seedeater,
Sporophila corvina,varsee3,Variable Seedeater,VASE
Sporophila crassirostris,lbsfin1,Large-billed Seed Finch,LBSF
Sporophila falcirostris,temsee1,Temminck's Seedeater,
Sporophila fringilloides,whnsee1,White-naped Seedeater,
Sporophila frontalis,bufsee1,Buffy-fronted Seedeater,
Sporophila funerea,tbsfin1,Thick-billed Seed Finch,TBSF
Sporophila hypochroma,rursee1,Rufous-rumped Seedeater,
Sporophila hypoxantha,tabsee1,Tawny-bellied Seedeater,
Sporophila iberaensis,ibesee1,Ibera Seedeater,
Sporophila intermedia,grysee1,Grey Seedeater,
Sporophila leucoptera,whbsee1,White-bellied Seedeater,
Sporophila lineola,linsee1,Lined Seedeater,LISE
Sporophila luctuosa,bawsee1,Black-and-white Seedeater,
Sporophila maximiliani,gbsfin1,Great-billed Seed Finch,
Sporophila melanogaster,blbsee2,Black-bellied Seedeater,
Sporophila minuta,rubsee1,Ruddy-breasted Seedeater,RBSE
Sporophila morelleti,whcsee1,Morelet's Seedeater,MOSE
Sporophila nigricollis,yebsee1,Yellow-bellied Seedeater,YBSE
Sporophila nigrorufa,batsee2,Black-and-tawny Seedeater,
Sporophila nuttingi,nisfin1,Nicaraguan Seed Finch,NISF
Sporophila palustris,marsee1,Marsh Seedeater,
Sporophila peruviana,pabsee1,Parrot-billed Seedeater,
Sporophila pileata,pebsee1,Pearly-bellied Seedeater,
Sporophila plumbea,plusee1,Plumbeous Seedeater,
Sporophila ruficollis,datsee1,Dark-throated Seedeater,
Sporophila schistacea,slcsee1,Slate-colored Seedeater,SCSE
Sporophila simplex,drasee1,Drab Seedeater,
Sporophila telasco,chtsee1,Chestnut-throated Seedeater,
Sporophila torqueola,whcsee2,Cinnamon-rumped Seedeater,CRSE
Sporopipes frontalis,spfwea1,Speckle-fronted Weaver,
Sporopipes squamifrons,scawea1,Scaly-feathered Weaver,
Squamiana kurmana,,,
Squeak,,,
Stachyris grammiceps,whbbab2,White-breasted Babbler,
Stachyris herberti,soobab1,Sooty Babbler,
Stachyris humei,wbwbab1,Sikkim Wedge-billed Babbler,
Stachyris leucotis,whnbab1,White-necked Babbler,
Stachyris maculata,chrbab1,Chestnut-rumped Babbler,
Stachyris nigriceps,gytbab1,Grey-throated Babbler,
Stachyris nigricollis,bltbab1,Black-throated Babbler,
Stachyris nonggangensis,nonbab1,Nonggang Babbler,
Stachyris oglei,sntbab1,Snowy-throated Babbler,
Stachyris poliocephala,gyhbab1,Grey-headed Babbler,
Stachyris roberti,chbbab1,Cachar Wedge-billed Babbler,
Stachyris strialata,spnbab1,Spot-necked Babbler,
Stachyris thoracica,whbbab1,White-bibbed Babbler,
Stactolaema anchietae,ancbar1,Anchieta's Barbet,
Stactolaema leucotis,whebar1,White-eared Barbet,
Stactolaema whytii,whybar1,Whyte's Barbet,
Stagea platyptera,,,
Stagonopleura bella,beafir1,Beautiful Firetail,
Stagonopleura guttata,diafir1,Diamond Firetail,
Stagonopleura oculata,reefir1,Red-eared Firetail,
Staphida castaniceps,stryuh1,Striated Yuhina,
Staphida everetti,chcyuh1,Chestnut-crested Yuhina,
Staphida torqueola,indyuh1,Indochinese Yuhina,
Starnoenas cyanocephala,bhqdov1,Blue-headed Quail-Dove,BHQD
Statilia maculata,,,
Stauroderus scalaris,,,
Staurois parvus,,,
Steatoda nobilis,,,
Steatornis caripensis,oilbir1,Oilbird,OILB
Stelgidillas gracilirostris,slbgre1,Slender-billed Greenbul,
Stelgidopteryx ruficollis,srwswa1,Southern Rough-winged Swallow,SRWS
Stelgidopteryx serripennis,nrwswa,Northern Rough-winged Swallow,NRWS
Stenobothrus apenninus,,,
Stenobothrus bolivarii,,,
Stenobothrus clavatus,,,
Stenobothrus cotticus,,,
Stenobothrus croaticus,,,
Stenobothrus eurasius,,,
Stenobothrus festivus,,,
Stenobothrus fischeri,,,
Stenobothrus graecus,,,
Stenobothrus grammicus,,,
Stenobothrus hyalosuperficies,,,
Stenobothrus lineatus,,,
Stenobothrus nigromaculatus,,,
Stenobothrus rubicundulus,,,
Stenobothrus rubicundus,,,
Stenobothrus stigmaticus,,,
Stenohippus socotranus,,,
Stenostira scita,faifly1,Fairy Flycatcher,
Stenurella melanura,,,
Stephanoaetus coronatus,crheag1,Crowned Eagle,
Stephanophorus diadematus,diatan1,Diademed Tanager,
Stephanoxis lalandi,plover3,Green-crowned Plovercrest,
Stephanoxis loddigesii,plover4,Purple-crowned Plovercrest,
Stercorarius antarcticus,brnsku3,Brown Skua,
Stercorarius chilensis,chisku1,Chilean Skua,
Stercorarius longicaudus,lotjae,Long-tailed Jaeger,LTJA
Stercorarius maccormicki,sopsku1,South Polar Skua,SPSK
Stercorarius parasiticus,parjae,Parasitic Jaeger,PAJA
Stercorarius pomarinus,pomjae,Pomarine Jaeger,POJA
Stercorarius skua,gresku1,Great Skua,GRSK
Sterna acuticauda,blbter1,Black-bellied Tern,
Sterna aurantia,rivter1,River Tern,
Sterna dougallii,roster,Roseate Tern,ROST
Sterna forsteri,forter,Forster's Tern,FOTE
Sterna hirundinacea,soater1,South American Tern,
Sterna hirundo,comter,Common Tern,COTE
Sterna paradisaea,arcter,Arctic Tern,ARTE
Sterna repressa,whcter1,White-cheeked Tern,
Sterna striata,whfter1,White-fronted Tern,
Sterna sumatrana,blnter1,Black-naped Tern,
Sterna trudeaui,truter,Snowy-crowned Tern,
Sterna virgata,kerter1,Kerguelen Tern,
Sterna vittata,antter1,Antarctic Tern,
Sternoclyta cyanopectus,vichum2,Violet-chested Hummingbird,
Sternotherus odoratus,,,
Sternula albifrons,litter1,Little Tern,LITE
Sternula antillarum,leater1,Least Tern,LETE
Sternula balaenarum,damter2,Damara Tern,
Sternula lorata,perter2,Peruvian Tern,
Sternula nereis,faiter2,Fairy Tern,
Sternula saundersi,sauter2,Saunders's Tern,
Sternula superciliaris,yebter2,Yellow-billed Tern,YBTE
Steropleurus andalusius,,,
Steropleurus brunnerii,,,
Steropleurus flavovittatus,,,
Steropleurus pseudolus,,,
Steropleurus recticarinatus,,,
Sterrhoptilus affinis,bkcbab3,Calabarzon Babbler,
Sterrhoptilus capitalis,rucbab3,Rusty-crowned Babbler,
Sterrhoptilus dennistouni,gocbab1,Golden-crowned Babbler,
Sterrhoptilus nigrocapitatus,bkcbab10,Visayan Babbler,
Stethophyma celatum,,,
Stethophyma gracile,,,
Stethophyma grossum,,,
Stethophyma lineatum,,,
Stictocephala bisonia,,,
Stictoleptura rubra,,,
Stictonetta naevosa,freduc1,Freckled Duck,
Stictophaula armata,,,
Stigmatura bahiae,leswat2,Bahia Wagtail-Tyrant,
Stigmatura budytoides,grwtyr1,Greater Wagtail-Tyrant,
Stigmatura napensis,lewtyr1,Lesser Wagtail-Tyrant,
Stigmochelys pardalis,,,
Stilpnia argyrofenges,gnttan1,Straw-backed Tanager,
Stilpnia cayana,bubtan2,Burnished-buff Tanager,
Stilpnia cucullata,leatan1,Lesser Antillean Tanager,LATA
Stilpnia cyanicollis,blntan1,Blue-necked Tanager,
Stilpnia cyanoptera,blhtan1,Black-headed Tanager,
Stilpnia heinei,blctan1,Black-capped Tanager,
Stilpnia larvata,gohtan1,Golden-hooded Tanager,GHOT
Stilpnia meyerdeschauenseei,grctan1,Green-capped Tanager,
Stilpnia nigrocincta,mastan1,Masked Tanager,
Stilpnia peruviana,blbtan1,Black-backed Tanager,
Stilpnia phillipsi,sirtan1,Sira Tanager,
Stilpnia preciosa,chbtan1,Chestnut-backed Tanager,
Stilpnia viridicollis,siltan1,Silver-backed Tanager,
Stilpnia vitriolina,scrtan1,Scrub Tanager,
Stilpnochlora couloniana,,,
Stiphrornis erythrothorax,obfrob1,Orange-breasted Forest Robin,
Stiphrornis mabirae,forrob4,Yellow-breasted Forest Robin,
Stipiturus malachurus,souemu1,Southern Emu-wren,
Stipiturus mallee,malemu1,Mallee Emu-wren,
Stipiturus ruficeps,rucemu1,Rufous-crowned Emu-wren,
Stizoptera bichenovii,dobfin1,Double-barred Finch,
Stizorhina finschi,fifthr1,Finsch's Rufous Thrush,
Stizorhina fraseri,rufthr1,Fraser's Rufous Thrush,
Stomiopera flava,yelhon1,Yellow Honeyeater,
Stomiopera unicolor,whghon1,White-gaped Honeyeater,
Strategus aloeus,,,
Strauchbufo raddei,,,
Stream,,,
Strepera fuliginosa,blacur2,Black Currawong,
Strepera graculina,piecur1,Pied Currawong,
Strepera versicolor,grycur1,Grey Currawong,
Streptocitta albertinae,baemyn1,Bare-eyed Myna,
Streptocitta albicollis,whnmyn1,White-necked Myna,
Streptopelia bitorquata,iscdov1,Sunda Collared Dove,
Streptopelia capicola,rindov,Ring-necked Dove,
Streptopelia decaocto,eucdov,Eurasian Collared Dove,EUCD
Streptopelia decipiens,afmdov1,Mourning Collared Dove,
Streptopelia dusumieri,phicod1,Philippine Collared Dove,
Streptopelia hypopyrrha,adtdov1,Adamawa Turtle Dove,
Streptopelia lugens,dutdov1,Dusky Turtle Dove,
Streptopelia orientalis,ortdov,Oriental Turtle Dove,ORTD
Streptopelia reichenowi,wwcdov1,White-winged Collared Dove,
Streptopelia roseogrisea,afcdov1,African Collared Dove,AFCD
Streptopelia semitorquata,reedov1,Red-eyed Dove,
Streptopelia tranquebarica,recdov1,Red Collared Dove,
Streptopelia turtur,eutdov,European Turtle Dove,EUTD
Streptopelia vinacea,vindov1,Vinaceous Dove,
Streptopelia xanthocycla,eurcod2,Burmese Collared Dove,
Streptoprocne biscutata,bisswi1,Biscutate Swift,
Streptoprocne phelpsi,tepswi1,Tepui Swift,
Streptoprocne rutila,chcswi1,Chestnut-collared Swift,CCSW
Streptoprocne semicollaris,whnswi1,White-naped Swift,WNSW
Streptoprocne zonaris,whcswi,White-collared Swift,WCSW
Stresemannia bougainvillei,bouhon1,Bougainville Honeyeater,
Strigops habroptilus,kakapo2,Kakapo,
Strix albitarsis,rubowl3,Rufous-banded Owl,
Strix aluco,tawowl1,Tawny Owl,
Strix butleri,omaowl1,Omani Owl,
Strix chacoensis,chaowl1,Chaco Owl,
Strix fulvescens,fulowl1,Fulvous Owl,FUOW
Strix hadorami,humowl1,Desert Owl,
Strix huhula,bkbowl1,Black-banded Owl,
Strix hylophila,rubowl2,Rusty-barred Owl,
Strix leptogrammica,brwowl1,Brown Wood Owl,
Strix mauritanica,,,
Strix nebulosa,grgowl,Great Grey Owl,GGOW
Strix nigrolineata,bawowl1,Black-and-white Owl,BLWO
Strix nivicolum,himowl1,Himalayan Owl,
Strix occidentalis,spoowl,Spotted Owl,SPOW
Strix ocellata,mowowl1,Mottled Wood Owl,
Strix rufipes,rulowl1,Rufous-legged Owl,
Strix sartorii,barowl13,Cinereous Owl,CIOW
Strix seloputo,spwowl1,Spotted Wood Owl,
Strix uralensis,uraowl1,Ural Owl,
Strix varia,brdowl,Barred Owl,BAOW
Strix virgata,motowl,Mottled Owl,MOOW
Strix woodfordii,afwowl1,African Wood Owl,
Strongylopus bonaespei,,,
Strongylopus fasciatus,,,
Strongylopus grayii,,,
Strongylopus merumontanus,,,
Strum,,,
Struthidea cinerea,apostl1,Apostlebird,
Struthio camelus,ostric2,Common Ostrich,
Struthio molybdophanes,ostric3,Somali Ostrich,
Stumpffia achillei,,,
Stumpffia analamaina,,,
Stumpffia angeluci,,,
Stumpffia contumelia,,,
Stumpffia diutissima,,,
Stumpffia garraffoi,,,
Stumpffia gimmeli,,,
Stumpffia huwei,,,
Stumpffia jeannoeli,,,
Stumpffia kibomena,,,
Stumpffia larinki,,,
Stumpffia madagascariensis,,,
Stumpffia maledicta,,,
Stumpffia mamitika,,,
Stumpffia miery,,,
Stumpffia nigrorubra,,,
Stumpffia obscoena,,,
Stumpffia pardus,,,
Stumpffia psologlossa,,,
Stumpffia pygmaea,,,
Stumpffia roseifemoralis,,,
Stumpffia sorata,,,
Stumpffia spandei,,,
Stumpffia tetradactyla,,,
Stumpffia tridactyla,,,
Sturnella lilianae,lilmea2,Chihuahuan Meadowlark,CHME
Sturnella magna,easmea,Eastern Meadowlark,EAME
Sturnella neglecta,wesmea,Western Meadowlark,WEME
Sturnia blythii,,,
Sturnia erythropygia,whhsta2,White-headed Starling,
Sturnia malabarica,chtsta2,Chestnut-tailed Starling,
Sturnia pagodarum,brasta1,Brahminy Starling,
Sturnia sinensis,whssta2,White-shouldered Starling,
Sturnornis albofrontatus,whfsta2,White-faced Starling,
Sturnus unicolor,sposta1,Spotless Starling,
Sturnus vulgaris,eursta,Common Starling,EUST
Stylocheilus striatus,,,
Sublegatus arenarum,nosfly1,Northern Scrub Flycatcher,NOSF
Sublegatus modestus,sosfly1,Southern Scrub Flycatcher,
Sublegatus obscurior,amsfly1,Amazonian Scrub Flycatcher,
Subway_and_metro_and_underground,,,
Sugomel nigrum,blahon1,Black Honeyeater,
Suiriri suiriri,suifly1,Suiriri Flycatcher,
Suisha coreana,,,
Suisha formosana,,,
Sula dactylatra,masboo,Masked Booby,MABO
Sula granti,nazboo1,Nazca Booby,NABO
Sula leucogaster,brnboo,Brown Booby,BRBO
Sula nebouxii,bfoboo,Blue-footed Booby,BFBO
Sula sula,refboo,Red-footed Booby,RFBO
Sula variegata,perboo1,Peruvian Booby,PEBO
Sulphogaeana sulphurea,,,
Suncus murinus,,,
Sundasciurus fraterculus,,,
Sundasciurus jentinki,,,
Sundasciurus lowii,,,
Sundasciurus tenuis,,,
Suricata suricatta,,,
Surnia ulula,nohowl,Northern Hawk-Owl,NHOW
Surniculus dicruroides,asidrc2,Fork-tailed Drongo-Cuckoo,
Surniculus lugubris,asidrc3,Square-tailed Drongo-Cuckoo,
Surniculus musschenbroeki,asidrc4,Moluccan Drongo-Cuckoo,
Surniculus velutinus,phidrc1,Philippine Drongo-Cuckoo,
Sus barbatus,,,
Sus domesticus,,,
Sus scrofa,,,
Suthora alphonsiana,astpar1,Ashy-throated Parrotbill,
Suthora atrosuperciliaris,blbpar3,Pale-billed Parrotbill,
Suthora brunnea,bnwpar2,Brown-winged Parrotbill,
Suthora conspicillata,spepar2,Spectacled Parrotbill,
Suthora davidiana,shtpar3,Short-tailed Parrotbill,
Suthora fulvifrons,fulpar1,Fulvous Parrotbill,
Suthora nipalensis,bltpar1,Black-throated Parrotbill,
Suthora przewalskii,rutpar2,Przevalski's Parrotbill,
Suthora verreauxi,golpar2,Golden Parrotbill,
Suthora webbiana,vitpar1,Vinous-throated Parrotbill,
Suthora zappeyi,gyhpar4,Grey-hooded Parrotbill,
Svercacheta siamensis,,,
Svercus palmetorum,,,
Svistella bifasciata,,,
Swynnertonia swynnertoni,swyrob1,Swynnerton's Robin,
Sylphoides arenaria,,,
Sylvia abyssinica,afhbab1,African Hill Babbler,
Sylvia atricapilla,blackc1,Eurasian Blackcap,EUBC
Sylvia atriceps,afhbab3,Rwenzori Hill Babbler,
Sylvia borin,garwar1,Garden Warbler,
Sylvia dohrni,dohthb1,Dohrn's Warbler,
Sylvia galinieri,abycat1,Abyssinian Catbird,
Sylvia nigricapillus,busbla1,Bush Blackcap,
Sylvietta brachyura,norcro1,Northern Crombec,
Sylvietta denti,lebcro1,Lemon-bellied Crombec,
Sylvietta isabellina,somcro1,Somali Crombec,
Sylvietta leucophrys,whbcro2,White-browed Crombec,
Sylvietta philippae,shbcro1,Philippa's Crombec,
Sylvietta rufescens,capcro1,Long-billed Crombec,
Sylvietta ruficapilla,reccro1,Red-capped Crombec,
Sylvietta virens,grecro1,Green Crombec,
Sylvietta whytii,refcro1,Red-faced Crombec,
Sylvilagus floridanus,,,
Sylviorthorhynchus desmursii,,,
Sylviorthorhynchus yanacensis,tatspi1,Tawny Tit-Spinetail,
Sylviparus modestus,yebtit3,Yellow-browed Tit,
Sylvirana guentheri,,,
Sylvirana malayana,,,
Sylvirana mortenseni,,,
Sylvirana nigrovittata,,,
Syma megarhyncha,moukin1,Mountain Kingfisher,
Syma torotoro,yebkin1,Yellow-billed Kingfisher,
Symphalangus syndactylus,,,
Symposiachrus axillaris,blamon1,Black Monarch,
Symposiachrus barbatus,bawmon2,Solomons Monarch,
Symposiachrus bimaculatus,molmon1,Moluccan Monarch,
Symposiachrus boanensis,blcmon1,Boano Monarch,
Symposiachrus brehmii,biamon1,Biak Monarch,
Symposiachrus browni,kolmon5,Kolombangara Monarch,
Symposiachrus everetti,whtmon2,Tanahjampea Monarch,
Symposiachrus guttula,spwmon1,Spot-winged Monarch,
Symposiachrus infelix,manmon1,Manus Monarch,
Symposiachrus leucurus,whtmon1,Kai Monarch,
Symposiachrus loricatus,bltmon2,Buru Monarch,
Symposiachrus manadensis,hoomon1,Hooded Monarch,
Symposiachrus mundus,blbmon2,Banda Sea Monarch,
Symposiachrus sacerdotum,flomon1,Flores Monarch,
Symposiachrus trivirgatus,spemon1,Spectacled Monarch,
Symposiachrus verticalis,bltmon1,Bismarck Monarch,
Symposiachrus vidua,whcmon2,White-collared Monarch,
Synallaxis albescens,pabspi1,Pale-breasted Spinetail,PBSP
Synallaxis albigularis,dabspi1,Dark-breasted Spinetail,
Synallaxis albilora,whlspi1,White-lored Spinetail,
Synallaxis azarae,azaspi1,Azara's Spinetail,
Synallaxis brachyura,slaspi1,Slaty Spinetail,SLSP
Synallaxis cabanisi,cabspi1,Cabanis's Spinetail,
Synallaxis candei,whwspi1,White-whiskered Spinetail,
Synallaxis castanea,bltspi1,Black-throated Spinetail,
Synallaxis cherriei,chtspi1,Chestnut-throated Spinetail,
Synallaxis chinchipensis,necspi3,Chinchipe Spinetail,
Synallaxis cinerascens,gybspi1,Grey-bellied Spinetail,
Synallaxis cinerea,bahspi1,Bahia Spinetail,
Synallaxis cinnamomea,stbspi1,Stripe-breasted Spinetail,
Synallaxis courseni,apuspi1,Apurimac Spinetail,
Synallaxis erythrothorax,rubspi2,Rufous-breasted Spinetail,RBSP
Synallaxis frontalis,sofspi1,Sooty-fronted Spinetail,
Synallaxis fuscorufa,ruhspi1,Rusty-headed Spinetail,
Synallaxis gujanensis,plcspi1,Plain-crowned Spinetail,
Synallaxis hellmayri,resspi2,Red-shouldered Spinetail,
Synallaxis hypochondriaca,grespi2,Great Spinetail,
Synallaxis hypospodia,cibspi1,Cinereous-breasted Spinetail,
Synallaxis infuscata,pinspi1,Pinto's Spinetail,
Synallaxis kollari,hotspi1,Hoary-throated Spinetail,
Synallaxis macconnelli,mccspi1,McConnell's Spinetail,
Synallaxis maranonica,marspi3,Maranon Spinetail,
Synallaxis moesta,dusspi1,Dusky Spinetail,
Synallaxis ruficapilla,rucspi1,Rufous-capped Spinetail,
Synallaxis rutilans,rudspi1,Ruddy Spinetail,
Synallaxis scutata,occspi1,Ochre-cheeked Spinetail,
Synallaxis simoni,whlspi3,Araguaia Spinetail,
Synallaxis spixi,spispi1,Spix's Spinetail,
Synallaxis stictothorax,necspi1,Necklaced Spinetail,
Synallaxis subpudica,sitspi1,Silvery-throated Spinetail,
Synallaxis tithys,blhspi1,Blackish-headed Spinetail,
Synallaxis unirufa,rufspi1,Rufous Spinetail,
Synallaxis zimmeri,rubspi3,Russet-bellied Spinetail,
Synapturanus mirandaribeiroi,,,
Synapturanus zombie,,,
Syncerus caffer,,,
Syndactyla dimidiata,rumfog1,Planalto Foliage-gleaner,
Syndactyla guttulata,gufgle1,Guttulate Foliage-gleaner,
Syndactyla roraimae,wtfgle1,Tepui Foliage-gleaner,
Syndactyla ruficollis,rnfgle1,Rufous-necked Foliage-gleaner,
Syndactyla rufosuperciliata,bbfgle1,Buff-browed Foliage-gleaner,
Syndactyla striata,bolrec1,Bolivian Recurvebill,
Syndactyla subalaris,lifgle1,Lineated Foliage-gleaner,LIFG
Syndactyla ucayalae,perrec1,Peruvian Recurvebill,
Syndelphax disonymus,,,
Synephippius obvius,,,
Synoicus chinensis,blbqua1,King Quail,
Synoicus monorthonyx,snmqua2,Snow Mountain Quail,
Synoicus ypsilophorus,broqua1,Brown Quail,
Syntechna tarasca,,,
Synthliboramphus antiquus,ancmur,Ancient Murrelet,ANMU
Synthliboramphus craveri,cramur,Craveri's Murrelet,CRMU
Synthliboramphus scrippsi,xanmur2,Scripps's Murrelet,SCMU
Synthliboramphus wumizusume,japmur1,Japanese Murrelet,
Sypheotides indicus,lesflo2,Lesser Florican,
Syrbula admirabilis,,,
Syrigma sibilatrix,whiher1,Whistling Heron,WHHE
Syrmaticus ellioti,ellphe1,Elliot's Pheasant,
Syrmaticus humiae,humphe1,Mrs. Hume's Pheasant,
Syrmaticus mikado,mikphe1,Mikado Pheasant,
Syrmaticus reevesii,reephe1,Reeves's Pheasant,
Syrmaticus soemmerringii,copphe1,Copper Pheasant,
Syrphus opinator,,,
Syrrhaptes paradoxus,palsan1,Pallas's Sandgrouse,
Syrrhaptes tibetanus,tibsan1,Tibetan Sandgrouse,
Systellura longirostris,bawnig1,Band-winged Nightjar,
Tabla,,,
Taccocua leschenaultii,sirmal1,Sirkeer Malkoha,
Tachiramantis cuentasi,,,
Tachiramantis tayrona,,,
Tachornis phoenicobia,anpswi,Antillean Palm Swift,ANPS
Tachornis squamata,ftpswi1,Fork-tailed Palm Swift,
Tachuris rubrigastra,mcrtyr1,Many-colored Rush Tyrant,
Tachybaptus dominicus,leagre,Least Grebe,LEGR
Tachybaptus novaehollandiae,ausgre1,Australasian Grebe,
Tachybaptus pelzelnii,madgre1,Madagascar Grebe,
Tachybaptus ruficollis,litgre1,Little Grebe,
Tachycineta albilinea,manswa1,Mangrove Swallow,MANS
Tachycineta albiventer,whwswa1,White-winged Swallow,
Tachycineta bicolor,treswa,Tree Swallow,TRES
Tachycineta cyaneoviridis,bahswa,Bahama Swallow,BAHS
Tachycineta euchrysea,golswa1,Golden Swallow,GOSW
Tachycineta leucopyga,chiswa1,Chilean Swallow,
Tachycineta leucorrhoa,whrswa1,White-rumped Swallow,
Tachycineta stolzmanni,tumswa1,Tumbes Swallow,
Tachycineta thalassina,vigswa,Violet-green Swallow,VGSW
Tachycnemis seychellensis,,,
Tachyeres brachypterus,falstd1,Falkland Steamer Duck,
Tachyeres leucocephalus,whhstd1,Chubut Steamer Duck,
Tachyeres patachonicus,flystd1,Flying Steamer Duck,
Tachyeres pteneres,flistd1,Fuegian Steamer Duck,
Tachyglossus aculeatus,,,
Tachymarptis aequatorialis,motswi2,Mottled Swift,
Tachymarptis melba,alpswi1,Alpine Swift,
Tachyphonus coronatus,ructan1,Ruby-crowned Tanager,
Tachyphonus delatrii,tactan1,Tawny-crested Tanager,TCTA
Tachyphonus phoenicius,restan1,Red-shouldered Tanager,
Tachyphonus rufus,whltan1,White-lined Tanager,WLTA
Tachyphonus surinamus,fuctan1,Fulvous-crested Tanager,
Tachyspiza albogularis,piegos1,Pied Goshawk,
Tachyspiza badia,shikra1,Shikra,
Tachyspiza brevipes,levspa1,Levant Sparrowhawk,
Tachyspiza cirrocephala,colspa1,Collared Sparrowhawk,
Tachyspiza erythrauchen,runspa1,Rufous-necked Sparrowhawk,
Tachyspiza erythropus,retspa1,Red-thighed Sparrowhawk,
Tachyspiza fasciata,brogos1,Brown Goshawk,
Tachyspiza francesiae,fragos2,Frances's Sparrowhawk,
Tachyspiza gularis,japspa1,Japanese Sparrowhawk,
Tachyspiza haplochroa,,,
Tachyspiza henicogramma,molgos1,Moluccan Goshawk,
Tachyspiza hiogaster,vargos1,Variable Goshawk,
Tachyspiza melanochlamys,blmgos1,Black-mantled Goshawk,
Tachyspiza minulla,litspa1,Little Sparrowhawk,
Tachyspiza nanus,smaspa1,Dwarf Sparrowhawk,
Tachyspiza novaehollandiae,grygos1,Grey Goshawk,
Tachyspiza poliocephala,gyhgos1,Grey-headed Goshawk,
Tachyspiza rhodogaster,vibspa1,Vinous-breasted Sparrowhawk,
Tachyspiza rufitorques,fijgos1,Fiji Goshawk,
Tachyspiza soloensis,grfhaw1,Chinese Sparrowhawk,
Tachyspiza trinotata,sptgos1,Spot-tailed Sparrowhawk,
Tachyspiza virgata,besra1,Besra,
Tacua speciosa,,,
Tadorna cana,soashe1,South African Shelduck,
Tadorna ferruginea,rudshe,Ruddy Shelduck,RUSH
Tadorna tadorna,comshe,Common Shelduck,COMS
Tadorna tadornoides,ausshe1,Australian Shelduck,
Tadorna variegata,parshe1,Paradise Shelduck,
Taenioptynx brodiei,colowl1,Collared Owlet,
Taenioptynx sylvaticus,colowl3,Sunda Owlet,
Taeniopygia guttata,zebfin2,Zebra Finch,
Taeniotriccus andrei,blctyr2,Black-chested Tyrant,
Taiwanosemia hoppoensis,,,
Talainga binghami,,,
Talainga chinensis,,,
Talaphorus chlorocercus,olshum1,Olive-spotted Hummingbird,
Talegalla cuvieri,rebbrt1,Red-billed Brushturkey,
Talegalla fuscirostris,bkbbrt1,Black-billed Brushturkey,
Talegalla jobiensis,bncbrt1,Collared Brushturkey,
Talpa europaea,,,
Tamandua mexicana,,,
Tamasa burgessi,,,
Tamasa doddi,,,
Tamasa rainbowi,,,
Tamasa tristigma,,,
Tambourine,,,
Tamias striatus,,,
Tamiasciurus douglasii,,,
Tamiasciurus fremonti,,,
Tamiasciurus hudsonicus,,,
Tamiops maritimus,,,
Tamiops mcclellandii,,,
Tamiops rodolphii,,,
Tangara arthus,goltan1,Golden Tanager,
Tangara callophrys,opctan1,Opal-crowned Tanager,
Tangara chilensis,partan1,Paradise Tanager,
Tangara chrysotis,goetan1,Golden-eared Tanager,
Tangara cyanocephala,rentan1,Red-necked Tanager,
Tangara cyanotis,blbtan3,Blue-browed Tanager,
Tangara cyanoventris,gietan1,Gilt-edged Tanager,
Tangara desmaresti,brbtan1,Brassy-breasted Tanager,
Tangara dowii,spctan1,Spangle-cheeked Tanager,SCHT
Tangara fastuosa,sectan1,Seven-colored Tanager,
Tangara florida,emetan1,Emerald Tanager,EMTA
Tangara fucosa,grntan1,Green-naped Tanager,GNTA
Tangara gyrola,bahtan1,Bay-headed Tanager,BHTA
Tangara icterocephala,sittan1,Silver-throated Tanager,STTA
Tangara inornata,plctan1,Plain-colored Tanager,PCTA
Tangara johannae,blwtan1,Blue-whiskered Tanager,
Tangara labradorides,megtan1,Metallic-green Tanager,
Tangara lavinia,ruwtan1,Rufous-winged Tanager,RWTA
Tangara mexicana,turtan1,Turquoise Tanager,
Tangara nigroviridis,bestan1,Beryl-spangled Tanager,
Tangara parzudakii,flftan1,Flame-faced Tanager,
Tangara rufigenis,ructan2,Rufous-cheeked Tanager,
Tangara schrankii,gagtan2,Green-and-gold Tanager,
Tangara seledon,grhtan2,Green-headed Tanager,
Tangara vassorii,babtan1,Blue-and-black Tanager,
Tangara velia,oprtan1,Opal-rumped Tanager,
Tangara xanthocephala,sactan1,Saffron-crowned Tanager,
Tanna abdominalis,,,
Tanna infuscata,,,
Tanna japonensis,,,
Tanna obliqua,,,
Tanna ornatipennis,,,
Tanna sayurie,,,
Tanna sozanensis,,,
Tanna taipinensis,,,
Tanna viridis,,,
Tanychlamys indica,,,
Tanygnathus lucionensis,blnpar1,Blue-naped Parrot,
Tanygnathus megalorynchos,grbpar1,Great-billed Parrot,
Tanygnathus sumatranus,azrpar9,Azure-rumped Parrot,
Tanysiptera carolinae,nupkin1,Numfor Paradise Kingfisher,
Tanysiptera danae,bhpkin1,Brown-headed Paradise Kingfisher,
Tanysiptera ellioti,kopkin1,Kofiau Paradise Kingfisher,
Tanysiptera galatea,copkin1,Common Paradise Kingfisher,
Tanysiptera hydrocharis,lipkin1,Little Paradise Kingfisher,
Tanysiptera nigriceps,bubpak2,Black-capped Paradise Kingfisher,
Tanysiptera nympha,rbpkin1,Red-breasted Paradise Kingfisher,
Tanysiptera riedelii,bipkin1,Biak Paradise Kingfisher,
Tanysiptera sylvia,bubpak1,Buff-breasted Paradise Kingfisher,
Taoniscus nanus,dwatin1,Dwarf Tinamou,
Tap,,,
Tapera naevia,strcuc1,Striped Cuckoo,STCU
Taphrolesbia griseiventris,gybcom1,Grey-bellied Comet,
Taphrospilus hypostictus,mashum1,Many-spotted Hummingbird,
Tapirus bairdii,,,
Tapirus indicus,,,
Tapirus pinchaque,,,
Tapirus terrestris,,,
Taraba major,greant1,Great Antshrike,GANT
Tarbinskiellus portentosus,,,
Tarophagus colocasiae,,,
Tarphonomus certhioides,chaear1,Chaco Earthcreeper,
Tarphonomus harterti,bolear1,Bolivian Earthcreeper,
Tarsiger chrysaeus,gobrob1,Golden Bush Robin,
Tarsiger cyanurus,refblu1,Red-flanked Bluetail,RFBL
Tarsiger formosanus,whbbur3,Taiwan Bush Robin,
Tarsiger hyperythrus,rbbrob1,Rufous-breasted Bush Robin,
Tarsiger indicus,wbbrob1,White-browed Bush Robin,
Tarsiger johnstoniae,cobrob1,Collared Bush Robin,
Tarsiger rufilatus,himblu1,Himalayan Bluetail,
Tarsius fuscus,,,
Tarsius niemitzi,,,
Tarsius spectrumgurskyae,,,
Tartarogryllus tartarus,,,
Taruga eques,,,
Tauraco bannermani,bantur1,Bannerman's Turaco,
Tauraco corythaix,knytur1,Knysna Turaco,
Tauraco erythrolophus,rectur1,Red-crested Turaco,
Tauraco fischeri,fistur1,Fischer's Turaco,
Tauraco hartlaubi,hartur1,Hartlaub's Turaco,
Tauraco leucolophus,whctur2,White-crested Turaco,
Tauraco livingstonii,livtur1,Livingstone's Turaco,
Tauraco macrorhynchus,yebtur1,Yellow-billed Turaco,
Tauraco persa,guitur1,Guinea Turaco,
Tauraco rossae,rostur1,Ross's Turaco,
Tauraco schalowi,schtur1,Schalow's Turaco,
Tauraco schuettii,blbtur1,Black-billed Turaco,
Tauraco violaceus,viotur1,Violet Turaco,
Taurella forresti,,,
Taxidea taxus,,,
Tayassu pecari,,,
Tchagra australis,brctch1,Brown-crowned Tchagra,
Tchagra jamesi,thstch1,Three-streaked Tchagra,
Tchagra senegalus,bkctch1,Black-crowned Tchagra,
Tchagra tchagra,soutch1,Southern Tchagra,
Tearing,,,
Telacanthura melanopygia,blaspi1,Black Spinetail,
Telacanthura ussheri,motspi1,Mottled Spinetail,
Teledromas fuscus,sangal1,Sandy Gallito,
Teleogryllus bicoloripes,,,
Teleogryllus boninensis,,,
Teleogryllus commodus,,,
Teleogryllus emma,,,
Teleogryllus infernalis,,,
Teleogryllus mitratus,,,
Teleogryllus occipitalis,,,
Teleogryllus oceanicus,,,
Telephone,,,
Telespiza ultima,nihfin,Nihoa Finch,NIFI
Telmapsalta hackeri,,,
Telophorus dohertyi,dohbus1,Doherty's Bushshrike,
Telophorus viridis,focbus2,Gorgeous Bushshrike,
Telophorus zeylonus,bokmak1,Bokmakierie,
Temnurus temnurus,rattre2,Ratchet-tailed Treepie,
Tenrec ecaudatus,,,
Tephrodornis affinis,srlwoo1,Sri Lanka Woodshrike,
Tephrodornis pondicerianus,comwoo1,Common Woodshrike,
Tephrodornis sylvicola,malwoo1,Malabar Woodshrike,
Tephrodornis virgatus,larwoo1,Large Woodshrike,
Tephrophilus wetmorei,mamtan1,Masked Mountain Tanager,
Terathopius ecaudatus,batele1,Bateleur,
Teratohyla midas,,,
Teratohyla pulverata,,,
Terenotriccus erythrurus,rutfly2,Ruddy-tailed Flycatcher,RDTF
Terenura maculata,stcant3,Streak-capped Antwren,
Terenura sicki,orbant1,Orange-bellied Antwren,
Teretistris fernandinae,yehwar1,Yellow-headed Warbler,YHWA
Teretistris fornsi,oriwar1,Oriente Warbler,ORWA
Terpandrus calperum,,,
Terpandrus jumbunna,,,
Terpandrus splendidus,,,
Terpandrus woodgeri,,,
Terpnosia ganesa,,,
Terpsiphone affinis,blypaf1,Blyth's Paradise Flycatcher,
Terpsiphone atrocaudata,japfly1,Black Paradise Flycatcher,
Terpsiphone atrochalybeia,stpfly1,Sao Tome Paradise Flycatcher,
Terpsiphone batesi,batpaf1,Bates's Paradise Flycatcher,
Terpsiphone bourbonnensis,mapfly2,Mascarene Paradise Flycatcher,
Terpsiphone cinnamomea,rupfly1,Rufous Paradise Flycatcher,
Terpsiphone corvina,sepfly1,Seychelles Paradise Flycatcher,
Terpsiphone cyanescens,blpfly1,Blue Paradise Flycatcher,
Terpsiphone floris,blypaf3,Tenggara Paradise Flycatcher,
Terpsiphone incei,amupaf1,Amur Paradise Flycatcher,
Terpsiphone mutata,mapfly1,Malagasy Paradise Flycatcher,
Terpsiphone paradisi,aspfly1,Indian Paradise Flycatcher,
Terpsiphone rufiventer,bhpfly1,Red-bellied Paradise Flycatcher,
Terpsiphone rufocinerea,rvpfly1,Rufous-vented Paradise Flycatcher,
Terpsiphone viridis,afpfly1,African Paradise Flycatcher,
Tersina viridis,swatan1,Swallow Tanager,SWTA
Tesia cyaniventer,gybtes1,Grey-bellied Tesia,
Tesia everetti,ructes1,Russet-capped Tesia,
Tesia olivea,slbtes1,Slaty-bellied Tesia,
Tesia superciliaris,javtes1,Javan Tesia,
Tessaratoma papillosa,,,
Tessellana carinata,,,
Tessellana lagrecai,,,
Tessellana nigrosignata,,,
Tessellana orina,,,
Tessellana tessellata,,,
Tessellana veyseli,,,
Testudo horsfieldii,,,
Tetrao urogalloides,blbcap1,Black-billed Capercaillie,
Tetrao urogallus,wescap1,Western Capercaillie,
Tetraogallus altaicus,altsno1,Altai Snowcock,
Tetraogallus caspius,cassno1,Caspian Snowcock,
Tetraogallus caucasicus,causno1,Caucasian Snowcock,
Tetraogallus himalayensis,himsno,Himalayan Snowcock,HISN
Tetraogallus tibetanus,tibsno1,Tibetan Snowcock,
Tetraopes femoratus,,,
Tetraopes tetrophthalmus,,,
Tetraophasis obscurus,verpar1,Chestnut-throated Monal-Partridge,
Tetraophasis szechenyii,szepar1,Buff-throated Monal-Partridge,
Tetrastes bonasia,hazgro1,Hazel Grouse,
Tetrastes sewerzowi,sevgro1,Chinese Grouse,
Tetrax tetrax,litbus1,Little Bustard,
Tettigades ulnaria,,,
Tettigades undata,,,
Tettigetta omar,,,
Tettigetta prasina,,,
Tettigetta shansiensis,,,
Tettigettalna afroamissa,,,
Tettigettalna aneabi,,,
Tettigettalna argentata,,,
Tettigettalna boulardi,,,
Tettigettalna estrellae,,,
Tettigettalna helianthemi,,,
Tettigettalna josei,,,
Tettigettalna mariae,,,
Tettigettula pygmea,,,
Tettigonia armeniaca,,,
Tettigonia balcanica,,,
Tettigonia cantans,,,
Tettigonia caudata,,,
Tettigonia chinensis,,,
Tettigonia hispanica,,,
Tettigonia longispina,,,
Tettigonia orientalis,,,
Tettigonia silana,,,
Tettigonia viridissima,,,
Thalassarche bulleri,bulalb2,Buller's Albatross,
Thalassarche carteri,yenalb3,Indian Yellow-nosed Albatross,
Thalassarche cauta,whcalb1,Shy Albatross,WCAL
Thalassarche chlororhynchos,yenalb2,Atlantic Yellow-nosed Albatross,YNAL
Thalassarche eremita,shyalb2,Chatham Albatross,CHAL
Thalassarche melanophris,bkbalb,Black-browed Albatross,BBAL
Thalassarche salvini,salalb1,Salvin's Albatross,SAAL
Thalasseus albididorsalis,royter2,West African Crested Tern,
Thalasseus bengalensis,lecter2,Lesser Crested Tern,
Thalasseus bergii,grcter1,Greater Crested Tern,GCTE
Thalasseus bernsteini,chcter2,Chinese Crested Tern,
Thalasseus elegans,eleter1,Elegant Tern,ELTE
Thalasseus maximus,royter1,Royal Tern,ROYT
Thalasseus sandvicensis,santer1,Sandwich Tern,SATE
Thalassoica antarctica,antpet1,Antarctic Petrel,
Thalassornis leuconotus,whbduc1,White-backed Duck,
Thalurania colombica,crowoo1,Crowned Woodnymph,CRWO
Thalurania furcata,fotwoo1,Fork-tailed Woodnymph,
Thalurania glaucopis,vicwoo2,Violet-capped Woodnymph,
Thalurania watertonii,lotwoo2,Long-tailed Woodnymph,
Thamnistes anabatinus,rusant1,Russet Antshrike,RUAN
Thamnistes rufescens,rufant12,Rufescent Antshrike,
Thamnolaea cinnamomeiventris,moccha1,Mocking Cliff Chat,
Thamnomanes ardesiacus,dutant2,Dusky-throated Antshrike,
Thamnomanes caesius,cinant1,Cinereous Antshrike,
Thamnomanes saturninus,satant1,Saturnine Antshrike,
Thamnomanes schistogynus,blsant1,Bluish-slate Antshrike,
Thamnophilus aethiops,whsant2,White-shouldered Antshrike,
Thamnophilus amazonicus,amaant2,Amazonian Antshrike,
Thamnophilus ambiguus,soosla1,Sooretama Slaty Antshrike,
Thamnophilus aroyae,uplant1,Upland Antshrike,
Thamnophilus atrinucha,wesant1,Black-crowned Antshrike,BCAS
Thamnophilus bernardi,colant1,Collared Antshrike,
Thamnophilus bridgesi,blhant2,Black-hooded Antshrike,BHOA
Thamnophilus caerulescens,varant1,Variable Antshrike,
Thamnophilus cryptoleucus,casant1,Castelnau's Antshrike,
Thamnophilus divisorius,acrant1,Acre Antshrike,
Thamnophilus doliatus,barant1,Barred Antshrike,BAAN
Thamnophilus insignis,stbant1,Streak-backed Antshrike,
Thamnophilus melanonotus,blbant1,Black-backed Antshrike,
Thamnophilus melanothorax,batant2,Band-tailed Antshrike,
Thamnophilus multistriatus,bacant2,Bar-crested Antshrike,
Thamnophilus murinus,mocant1,Mouse-colored Antshrike,
Thamnophilus nigriceps,blaant1,Black Antshrike,BLAN
Thamnophilus nigrocinereus,blgant2,Blackish-grey Antshrike,
Thamnophilus palliatus,chbant2,Chestnut-backed Antshrike,
Thamnophilus pelzelni,plasla1,Planalto Slaty Antshrike,
Thamnophilus praecox,cocant1,Cocha Antshrike,
Thamnophilus punctatus,norsla1,Northern Slaty Antshrike,
Thamnophilus ruficapillus,rucant1,Rufous-capped Antshrike,
Thamnophilus schistaceus,plwant1,Plain-winged Antshrike,
Thamnophilus stictocephalus,natsla1,Natterer's Slaty Antshrike,
Thamnophilus sticturus,bolsla1,Bolivian Slaty Antshrike,
Thamnophilus tenuepunctatus,linant1,Lined Antshrike,
Thamnophilus torquatus,ruwant2,Rufous-winged Antshrike,
Thamnophilus unicolor,uniant2,Uniform Antshrike,
Thamnophilus zarumae,chaant1,Chapman's Antshrike,
Thamnophis sirtalis,,,
Thamnornis chloropetoides,thamno2,Thamnornis,
Thaumasius baeri,tumhum1,Tumbes Hummingbird,
Thaumasius taczanowskii,spthum2,Spot-throated Hummingbird,
Thaumastura cora,pershe2,Peruvian Sheartail,
Thecadactylus rapicauda,,,
Thectocercus acuticaudatus,bucpar,Blue-crowned Parakeet,
Theristicus branickii,bkfibi2,Andean Ibis,
Theristicus caerulescens,pluibi1,Plumbeous Ibis,
Theristicus caudatus,bunibi1,Buff-necked Ibis,BNIB
Theristicus melanopis,bkfibi1,Black-faced Ibis,
Theropithecus gelada,,,
Thescelocichla leucopleura,swagre1,Swamp Palm Bulbul,
Thinocorus orbignyianus,gybsee1,Grey-breasted Seedsnipe,
Thinocorus rumicivorus,leasee1,Least Seedsnipe,
Thinornis cucullatus,hooplo2,Hooded Plover,
Thinornis dubius,lirplo,Little Ringed Plover,
Thinornis forbesi,forplo1,Forbes's Plover,
Thinornis melanops,blfdot1,Black-fronted Dotterel,
Thinornis novaeseelandiae,shoplo1,Shore Plover,
Thinornis placidus,lobplo1,Long-billed Plover,
Thinornis tricollaris,thbplo1,Three-banded Plover,
Thlypopsis fulviceps,fuhtan1,Fulvous-headed Tanager,
Thlypopsis inornata,bubtan1,Buff-bellied Tanager,
Thlypopsis ornata,ructan3,Rufous-chested Tanager,
Thlypopsis pectoralis,brftan1,Brown-flanked Tanager,
Thlypopsis pyrrhocoma,chhtan1,Chestnut-headed Tanager,
Thlypopsis ruficeps,raytan1,Rust-and-yellow Tanager,
Thlypopsis sordida,orhtan1,Orange-headed Tanager,
Thlypopsis superciliaris,suphem1,Superciliaried Hemispingus,
Thopha saccata,,,
Thopha sessiliba,,,
Thoracistus viridicrus,,,
Thraupis abbas,yewtan1,Yellow-winged Tanager,YWTA
Thraupis cyanoptera,azstan1,Azure-shouldered Tanager,
Thraupis episcopus,bugtan,Blue-grey Tanager,BGTA
Thraupis glaucocolpa,glatan1,Glaucous Tanager,
Thraupis ornata,goctan2,Golden-chevroned Tanager,
Thraupis palmarum,paltan1,Palm Tanager,PATA
Thraupis sayaca,saytan1,Sayaca Tanager,
Threnetes leucurus,patbar1,Pale-tailed Barbthroat,
Threnetes niger,soobar1,Sooty Barbthroat,
Threnetes ruckeri,batbar1,Band-tailed Barbthroat,BTBA
Threskiornis aethiopicus,sacibi2,African Sacred Ibis,
Threskiornis melanocephalus,blhibi1,Black-headed Ibis,
Threskiornis molucca,ausibi1,Australian White Ibis,
Threskiornis spinicollis,stnibi1,Straw-necked Ibis,
Thripadectes flammulatus,flatre1,Flammulated Treehunter,
Thripadectes holostictus,strtre1,Striped Treehunter,
Thripadectes ignobilis,unitre1,Uniform Treehunter,
Thripadectes melanorhynchus,blbtre1,Black-billed Treehunter,
Thripadectes rufobrunneus,stbtre1,Streak-breasted Treehunter,SBTR
Thripadectes scrutator,rubtre1,Peruvian Treehunter,
Thripadectes virgaticeps,stctre1,Streak-capped Treehunter,
Thripophaga amacurensis,deasof1,Delta Amacuro Softtail,
Thripophaga cherriei,orisof1,Orinoco Softtail,
Thripophaga fusciceps,plasof1,Plain Softtail,
Thripophaga gutturata,spespi1,Speckled Spinetail,
Thripophaga macroura,strsof1,Striated Softtail,
Thryomanes bewickii,bewwre,Bewick's Wren,BEWR
Thryophilus nicefori,nicwre1,Niceforo's Wren,
Thryophilus pleurostictus,banwre1,Banded Wren,BANW
Thryophilus rufalbus,rawwre1,Rufous-and-white Wren,RAWW
Thryophilus sernai,antwre2,Antioquia Wren,
Thryophilus sinaloa,sinwre1,Sinaloa Wren,SIWR
Thryorchilus browni,timwre1,Timberline Wren,TIWR
Thryothorus ludovicianus,carwre,Carolina Wren,CARW
Thump_and_thud,,,
Thunder,,,
Thunderstorm,,,
Thyreonotus bidens,,,
Thyreonotus corsicus,,,
Tiaris olivaceus,yefgra1,Yellow-faced Grassquit,YFGR
Tibicina garricola,,,
Tibicina haematodes,,,
Tibicina quadrisignata,,,
Tibicina steveni,,,
Tibicinoides boweni,,,
Tibicinoides catalina,,,
Tibicinoides cupreosparsa,,,
Tibicinoides hesperia,,,
Tibicinoides minuta,,,
Tibicinoides pallidula,,,
Tibicinoides rubrovenosa,,,
Tibicinoides striatipes,,,
Tibicinoides uncinata,,,
Tibicinoides utahensis,,,
Tibicinoides vanduzeei,,,
Tichodroma muraria,wallcr1,Wallcreeper,
Tick,,,
Tick-tock,,,
Tickellia hodgsoni,brbwar1,Broad-billed Warbler,
Tigriornis leucolopha,whcbit1,White-crested Tiger Heron,
Tigrisoma fasciatum,father1,Fasciated Tiger Heron,FTHE
Tigrisoma lineatum,ruther1,Rufescent Tiger Heron,RTHE
Tigrisoma mexicanum,btther1,Bare-throated Tiger Heron,BTTH
Tilmatura dupontii,spthum1,Sparkling-tailed Woodstar,SKTH
Timalia pileata,chcbab1,Chestnut-capped Babbler,
Timeliopsis griseigula,tawstr1,Tawny Straightbill,
Tinamotis ingoufi,pattin1,Patagonian Tinamou,
Tinamotis pentlandii,puntin1,Puna Tinamou,
Tinamus guttatus,whttin1,White-throated Tinamou,
Tinamus major,gretin1,Great Tinamou,GRTI
Tinamus osgoodi,blatin1,Black Tinamou,
Tinamus solitarius,soltin1,Solitary Tinamou,
Tinamus tao,grytin1,Grey Tinamou,
Tityra cayana,blttit1,Black-tailed Tityra,
Tityra inquisitor,blctit1,Black-crowned Tityra,BCRT
Tityra semifasciata,mastit1,Masked Tityra,MATI
Tlalocohyla loquax,,,
Tlalocohyla picta,,,
Tlalocohyla smithii,,,
Tmetothylacus tenellus,golpip1,Golden Pipit,
Tockus damarensis,drbhor1,Damara Red-billed Hornbill,
Tockus deckeni,vddhor1,Von der Decken's Hornbill,
Tockus erythrorhynchus,rebhor1,Northern Red-billed Hornbill,
Tockus flavirostris,eybhor1,Eastern Yellow-billed Hornbill,
Tockus jacksoni,jachor1,Jackson's Hornbill,
Tockus kempi,wrbhor2,Western Red-billed Hornbill,
Tockus leucomelas,sybhor1,Southern Yellow-billed Hornbill,
Tockus monteiri,monhor1,Monteiro's Hornbill,
Tockus ruahae,trbhor1,Tanzanian Red-billed Hornbill,
Tockus rufirostris,srbhor1,Southern Red-billed Hornbill,
Todiramphus albicilla,colkin2,Mariana Kingfisher,
Todiramphus albonotatus,nebkin1,White-mantled Kingfisher,
Todiramphus australasia,cibkin1,Cinnamon-banded Kingfisher,
Todiramphus chloris,colkin1,Collared Kingfisher,
Todiramphus colonus,colkin17,Islet Kingfisher,
Todiramphus diops,bawkin1,Blue-and-white Kingfisher,
Todiramphus enigma,talkin1,Talaud Kingfisher,
Todiramphus farquhari,chbkin1,Vanuatu Kingfisher,
Todiramphus funebris,somkin1,Sombre Kingfisher,
Todiramphus godeffroyi,markin2,Marquesan Kingfisher,
Todiramphus lazuli,lazkin1,Lazuli Kingfisher,
Todiramphus leucopygius,ultkin1,Ultramarine Kingfisher,
Todiramphus macleayii,forkin1,Forest Kingfisher,
Todiramphus nigrocyaneus,blbkin3,Blue-black Kingfisher,
Todiramphus pyrrhopygius,rebkin2,Red-backed Kingfisher,
Todiramphus recurvirostris,flbkin1,Flat-billed Kingfisher,
Todiramphus reichenbachii,mickin5,Pohnpei Kingfisher,
Todiramphus ruficollaris,mankin1,Mewing Kingfisher,
Todiramphus sacer,packin1,Pacific Kingfisher,
Todiramphus sanctus,sackin1,Sacred Kingfisher,
Todiramphus saurophagus,beakin2,Beach Kingfisher,
Todiramphus sordidus,colkin9,Torresian Kingfisher,
Todiramphus tristrami,melkin1,Melanesian Kingfisher,
Todiramphus tutus,chakin2,Chattering Kingfisher,
Todiramphus veneratus,tahkin1,Society Kingfisher,
Todiramphus winchelli,rulkin1,Rufous-lored Kingfisher,
Todirostrum chrysocrotaphum,ybtfly1,Yellow-browed Tody-Flycatcher,
Todirostrum cinereum,cotfly1,Common Tody-Flycatcher,COTF
Todirostrum maculatum,sptfly1,Spotted Tody-Flycatcher,
Todirostrum nigriceps,bhtfly1,Black-headed Tody-Flycatcher,BHTF
Todirostrum pictum,patfly1,Painted Tody-Flycatcher,
Todirostrum poliocephalum,gyhtof1,Yellow-lored Tody-Flycatcher,
Todirostrum viridanum,matfly1,Maracaibo Tody-Flycatcher,
Todus angustirostris,nabtod1,Narrow-billed Tody,NBTO
Todus mexicanus,purtod1,Puerto Rican Tody,PRTO
Todus multicolor,cubtod1,Cuban Tody,CUTO
Todus subulatus,brbtod1,Broad-billed Tody,BBTO
Todus todus,jamtod1,Jamaican Tody,JATO
Toilet_flush,,,
Tolmomyias assimilis,yemfly1,Yellow-margined Flatbill,
Tolmomyias flaviventris,yebfly3,Ochre-lored Flatbill,OLOF
Tolmomyias flavotectus,yemfly2,Yellow-winged Flatbill,YWFL
Tolmomyias poliocephalus,gycfly1,Grey-crowned Flatbill,
Tolmomyias sulphurescens,yeofly1,Yellow-olive Flatbill,YOFL
Tolmomyias traylori,orefly1,Orange-eyed Flatbill,
Tolmomyias viridiceps,yebfly4,Olive-faced Flatbill,
Tomopterna adiastola,,,
Tomopterna delalandii,,,
Tomopterna marmorata,,,
Tomopterna natalensis,,,
Tomopterna tandyi,,,
Tools,,,
Topaza pella,critop1,Crimson Topaz,
Topaza pyra,fietop1,Fiery Topaz,
Torreornis inexpectata,zapspa1,Zapata Sparrow,ZASP
Tosena albata,,,
Touit batavicus,litpar2,Lilac-tailed Parrotlet,
Touit costaricensis,refpar1,Red-fronted Parrotlet,RFPA
Touit dilectissimus,bufpar1,Blue-fronted Parrotlet,BFPA
Touit huetii,scspar1,Scarlet-shouldered Parrotlet,
Touit melanonotus,brbpar1,Brown-backed Parrotlet,
Touit purpuratus,sarpar2,Sapphire-rumped Parrotlet,
Touit stictopterus,spwpar2,Spot-winged Parrotlet,
Touit surdus,gotpar2,Golden-tailed Parrotlet,
Toxala verna,,,
Toxorhamphus novaeguineae,yeblon1,Yellow-bellied Longbill,
Toxorhamphus poliopterus,slclon1,Slaty-headed Longbill,
Toxorhynchites rutilus,,,
Toxostoma bendirei,benthr,Bendire's Thrasher,BETH
Toxostoma cinereum,grathr1,Grey Thrasher,GRAT
Toxostoma crissale,crithr,Crissal Thrasher,CRTH
Toxostoma curvirostre,cubthr,Curve-billed Thrasher,CBTH
Toxostoma guttatum,cozthr1,Cozumel Thrasher,COZT
Toxostoma lecontei,lecthr,LeConte's Thrasher,LCTH
Toxostoma longirostre,lobthr,Long-billed Thrasher,LBTH
Toxostoma ocellatum,ocethr1,Ocellated Thrasher,OCTH
Toxostoma redivivum,calthr,California Thrasher,CATH
Toxostoma rufum,brnthr,Brown Thrasher,BRTH
Toya dryope,,,
Trachycephalus coriaceus,,,
Trachycephalus cunauaru,,,
Trachycephalus hadroceps,,,
Trachycephalus mesophaeus,,,
Trachycephalus nigromaculatus,,,
Trachycephalus resinifictrix,,,
Trachycephalus typhonius,,,
Trachycephalus vermiculatus,,,
Trachycephalus vermiculatus-complex,,,
Trachylaemus purpuratus,yebbar5,Eastern Yellow-billed Barbet,
Trachyphonus darnaudii,darbar1,D'Arnaud's Barbet,
Trachyphonus erythrocephalus,raybar1,Red-and-yellow Barbet,
Trachyphonus margaritatus,yebbar2,Yellow-breasted Barbet,
Trachyphonus vaillantii,crebar1,Crested Barbet,
Trachypithecus cristatus,,,
Trachypithecus germaini,,,
Trachypithecus leucocephalus,,,
Trachypithecus obscurus,,,
Trachypithecus phayrei,,,
Trachypithecus pileatus,,,
Traffic_noise_and_roadway_noise,,,
Tragelaphus derbianus,,,
Tragelaphus oryx,,,
Tragelaphus scriptus,,,
Tragelaphus spekii,,,
Tragelaphus strepsiceros,,,
Tragelaphus sylvaticus,,,
Tragopan blythii,blytra1,Blyth's Tragopan,
Tragopan caboti,cabtra1,Cabot's Tragopan,
Tragopan melanocephalus,westra1,Western Tragopan,
Tragopan satyra,sattra1,Satyr Tragopan,
Tragopan temminckii,temtra1,Temminck's Tragopan,
Train,,,
Trellius helverseni,,,
Tremarctos ornatus,,,
Treron affinis,pomgrp2,Grey-fronted Green Pigeon,
Treron apicauda,pitpig1,Pin-tailed Green Pigeon,
Treron australis,madgrp1,Madagascar Green Pigeon,
Treron axillaris,pomgrp1,Philippine Green Pigeon,
Treron bicinctus,orbpig1,Orange-breasted Green Pigeon,
Treron calvus,afrgrp1,African Green Pigeon,
Treron capellei,lagpig1,Large Green Pigeon,
Treron chloropterus,pomgrp4,Andaman Green Pigeon,
Treron curvirostra,thbpig1,Thick-billed Green Pigeon,
Treron floris,flgpig1,Flores Green Pigeon,
Treron formosae,whgpig1,Whistling Green Pigeon,
Treron fulvicollis,cihpig1,Cinnamon-headed Green Pigeon,
Treron griseicauda,gycpig1,Grey-cheeked Green Pigeon,
Treron griveaudi,madgrp2,Comoro Green Pigeon,
Treron olax,ligpig1,Little Green Pigeon,
Treron oxyurus,gnspig1,Sumatran Green Pigeon,
Treron pembaensis,pegpig1,Pemba Green Pigeon,
Treron phayrei,pomgrp5,Ashy-headed Green Pigeon,
Treron phoenicopterus,yefpig1,Yellow-footed Green Pigeon,
Treron pompadora,pogpig1,Sri Lanka Green Pigeon,
Treron psittaceus,timgrp1,Timor Green Pigeon,
Treron sanctithomae,stgpig1,Sao Tome Green Pigeon,
Treron seimundi,yevpig1,Yellow-vented Green Pigeon,
Treron sieboldii,whbpig1,White-bellied Green Pigeon,
Treron sphenurus,wetpig1,Wedge-tailed Green Pigeon,
Treron teysmannii,sugpig2,Sumba Green Pigeon,
Treron vernans,pinpig3,Pink-necked Green Pigeon,
Treron waalia,brgpig1,Bruce's Green Pigeon,
Tribonyx mortierii,tanhen1,Tasmanian Nativehen,
Tribonyx ventralis,btnhen1,Black-tailed Nativehen,
Trichechus manatus,,,
Trichodere cockerelli,whshon1,White-streaked Honeyeater,
Trichoglossus borneus,redlor1,Red Lory,
Trichoglossus chlorolepidotus,scblor1,Scaly-breasted Lorikeet,
Trichoglossus concinnus,muslor1,Musk Lorikeet,
Trichoglossus cyanogenius,blwlor1,Black-winged Lory,
Trichoglossus euteles,olhlor1,Olive-headed Lorikeet,
Trichoglossus flavoviridis,yaglor3,Sula Lorikeet,
Trichoglossus forsteni,railor3,Sunset Lorikeet,
Trichoglossus haematodus,railor4,Coconut Lorikeet,
Trichoglossus iris,irilor1,Iris Lorikeet,
Trichoglossus meyeri,yaglor2,Yellow-cheeked Lorikeet,
Trichoglossus moluccanus,railor5,Rainbow Lorikeet,
Trichoglossus ornatus,ornlor1,Ornate Lorikeet,
Trichoglossus reticulatus,blslor1,Blue-streaked Lory,
Trichoglossus rosenbergii,railor6,Biak Lorikeet,
Trichoglossus rubiginosus,pohlor1,Pohnpei Lorikeet,
Trichoglossus rubritorquis,railor7,Red-collared Lorikeet,
Trichoglossus squamatus,vinlor1,Violet-necked Lory,
Tricholaema diademata,refbar2,Red-fronted Barbet,
Tricholaema frontata,miobar1,Miombo Pied Barbet,
Tricholaema hirsuta,habbar1,Hairy-breasted Barbet,
Tricholaema lacrymosa,spfbar1,Spot-flanked Barbet,
Tricholaema leucomelas,piebar1,Acacia Pied Barbet,
Tricholaema melanocephala,bltbar1,Black-throated Barbet,
Tricholestes criniger,habbul1,Hairy-backed Bulbul,
Trichosurus cunninghami,,,
Trichosurus vulpecula,,,
Trichothraupis melanops,blgtan1,Black-goggled Tanager,
Trickle_and_dribble,,,
Triclaria malachitacea,blbpar4,Blue-bellied Parrot,
Triclista guttata,,,
Trigonocorypha unicolor,,,
Trigonocranus emmeae,,,
Trimeresurus stejnegeri,,,
Trimerotropis verruculata,,,
Tringa brevipes,gyttat1,Grey-tailed Tattler,GTTA
Tringa erythropus,spored,Spotted Redshank,SPRE
Tringa flavipes,lesyel,Lesser Yellowlegs,LEYE
Tringa glareola,woosan,Wood Sandpiper,WOSA
Tringa guttifer,norgre1,Nordmann's Greenshank,
Tringa incana,wantat1,Wandering Tattler,WATA
Tringa melanoleuca,greyel,Greater Yellowlegs,GRYE
Tringa nebularia,comgre,Common Greenshank,COMG
Tringa ochropus,grnsan,Green Sandpiper,GRSA
Tringa semipalmata,willet1,Willet,WILL
Tringa solitaria,solsan,Solitary Sandpiper,SOSA
Tringa stagnatilis,marsan,Marsh Sandpiper,MASA
Tringa totanus,comred1,Common Redshank,CREH
Triprion petasatus,,,
Trismarcha sirius,,,
Trochalopteron affine,blflau1,Black-faced Laughingthrush,
Trochalopteron austeni,brclau1,Brown-capped Laughingthrush,
Trochalopteron chrysopterum,asslau1,Assam Laughingthrush,
Trochalopteron elliotii,elllau1,Elliot's Laughingthrush,
Trochalopteron erythrocephalum,chclau2,Chestnut-crowned Laughingthrush,
Trochalopteron formosum,rewlau1,Red-winged Laughingthrush,
Trochalopteron henrici,prhlau1,Brown-cheeked Laughingthrush,
Trochalopteron imbricatum,bhulau1,Bhutan Laughingthrush,
Trochalopteron lineatum,strlau1,Streaked Laughingthrush,
Trochalopteron melanostigma,sielau1,Silver-eared Laughingthrush,
Trochalopteron milnei,retlau1,Red-tailed Laughingthrush,
Trochalopteron morrisonianum,whwlau1,White-whiskered Laughingthrush,
Trochalopteron peninsulae,mallau1,Malayan Laughingthrush,
Trochalopteron squamatum,blwlau1,Blue-winged Laughingthrush,
Trochalopteron subunicolor,scalau1,Scaly Laughingthrush,
Trochalopteron variegatum,varlau1,Variegated Laughingthrush,
Trochalopteron virgatum,strlau3,Striped Laughingthrush,
Trochilus polytmus,stream2,Red-billed Streamertail,RBST
Trochilus scitulus,stream3,Black-billed Streamertail,BBST
Trochocercus cyanomelas,afcfly1,Blue-mantled Crested Flycatcher,
Trochocercus nitens,bhcfly1,Blue-headed Crested Flycatcher,
Troglodytes aedon,houwre,Northern House Wren,NHWR
Troglodytes beani,houwre3,Cozumel Wren,COWR
Troglodytes cobbi,houwre5,Cobb's Wren,
Troglodytes hiemalis,winwre3,Winter Wren,WIWR
Troglodytes mesoleucus,houwre8,St. Lucia Wren,SLWR
Troglodytes monticola,samwre1,Santa Marta Wren,
Troglodytes musculus,houwre4,Southern House Wren,SHOW
Troglodytes ochraceus,ochwre1,Ochraceous Wren,OCWR
Troglodytes pacificus,pacwre1,Pacific Wren,PAWR
Troglodytes rufociliatus,rubwre2,Rufous-browed Wren,RBWW
Troglodytes rufulus,tepwre1,Tepui Wren,
Troglodytes sissonii,socwre2,Socorro Wren,SOCW
Troglodytes solstitialis,mouwre1,Mountain Wren,
Troglodytes tanneri,clawre1,Clarion Wren,CLWR
Troglodytes troglodytes,winwre4,Eurasian Wren,
Trogon bairdii,baitro1,Baird's Trogon,BATR
Trogon caligatus,gartro1,Gartered Trogon,GATR
Trogon chionurus,whttro1,White-tailed Trogon,WTAT
Trogon chrysochloros,bkttro4,Atlantic Black-throated Trogon,
Trogon citreolus,cittro1,Citreoline Trogon,CITR
Trogon clathratus,lattro1,Lattice-tailed Trogon,LTTR
Trogon collaris,coltro1,Collared Trogon,COTR
Trogon comptus,buttro1,Choco Trogon,
Trogon curucui,blctro1,Blue-crowned Trogon,
Trogon elegans,eletro,Elegant Trogon,ELTR
Trogon massena,slttro1,Slaty-tailed Trogon,STTR
Trogon melanocephalus,blhtro1,Black-headed Trogon,BHTR
Trogon melanurus,blttro1,Black-tailed Trogon,BTAT
Trogon mesurus,bkttro2,Ecuadorian Trogon,
Trogon mexicanus,moutro1,Mountain Trogon,MOTR
Trogon personatus,mastro1,Masked Trogon,
Trogon ramonianus,viotro3,Amazonian Trogon,
Trogon rufus,bkttro6,Amazonian Black-throated Trogon,BTHT
Trogon surrucura,surtro1,Surucua Trogon,
Trogon tenellus,bkttro7,Graceful Black-throated Trogon,
Trogon violaceus,viotro2,Guianan Trogon,
Trogon viridis,gnbtro1,Green-backed Trogon,
Tropicoperdix chloropus,scbpar1,Green-legged Partridge,
Tropidacris cristata,,,
Tropidopola cylindrica,,,
Truck,,,
Trugon terrestris,tbgpig2,Thick-billed Ground Pigeon,
Truljalia hibinonis,,,
Truljalia versicolor,,,
Trumpet,,,
Truxalis siamensis,,,
Tryella burnsi,,,
Tryella castanea,,,
Tryella ochra,,,
Tryella rubra,,,
Tryella willsi,,,
Tryella wuggubun,,,
Trypocopris vernalis,,,
Trypoxylon politum,,,
Tunchiornis ochraceiceps,tacgre1,Ochre-crowned Greenlet,TCGR
Tupaia belangeri,,,
Tupaia glis,,,
Tupaia javanica,,,
Turacoena manadensis,wfcdov1,White-faced Cuckoo-Dove,
Turacoena modesta,slacud1,Black Cuckoo-Dove,
Turacoena sulaensis,sulcud2,Sula Cuckoo-Dove,
Turanogryllus eous,,,
Turanogryllus lateralis,,,
Turanogryllus rufoniger,,,
Turdinus atrigularis,btwbab1,Black-throated Wren-Babbler,
Turdinus macrodactylus,lawbab1,Large Wren-Babbler,
Turdinus marmoratus,mawbab1,Marbled Wren-Babbler,
Turdoides atripennis,capbab1,Capuchin Babbler,
Turdoides bicolor,sopbab1,Southern Pied Babbler,
Turdoides gilberti,wtmbab1,White-throated Mountain Babbler,
Turdoides gymnogenys,bacbab1,Bare-cheeked Babbler,
Turdoides hartlaubii,harbab1,Hartlaub's Babbler,
Turdoides hindei,hipbab1,Hinde's Babbler,
Turdoides hypoleuca,norpib1,Northern Pied Babbler,
Turdoides jardineii,armbab1,Arrow-marked Babbler,
Turdoides leucopygia,whrbab2,White-rumped Babbler,
Turdoides melanops,bkfbab1,Black-faced Babbler,
Turdoides nipalensis,spibab1,Spiny Babbler,
Turdoides plebejus,brobab1,Brown Babbler,
Turdoides reinwardtii,blabab2,Blackcap Babbler,
Turdoides rufocinctus,rcmbab1,Red-collared Babbler,
Turdoides sharpei,bklbab1,Black-lored Babbler,
Turdoides squamulata,scabab2,Scaly Babbler,
Turdoides tenebrosa,dusbab2,Dusky Babbler,
Turdus abyssinicus,abythr1,Abyssinian Thrush,
Turdus albicollis,whnrob1,White-necked Thrush,
Turdus albocinctus,whcbla1,White-collared Blackbird,
Turdus amaurochalinus,crbthr1,Creamy-bellied Thrush,
Turdus arthuri,bkbthr3,Campina Thrush,
Turdus assimilis,whtrob1,White-throated Thrush,WTTH
Turdus atrogularis,datthr1,Black-throated Thrush,
Turdus aurantius,whcthr1,White-chinned Thrush,WCTH
Turdus bewsheri,comthr1,Comoro Thrush,
Turdus boulboul,gywbla1,Grey-winged Blackbird,
Turdus cardis,japthr1,Japanese Thrush,
Turdus celaenops,izuthr1,Izu Thrush,
Turdus chiguanco,chithr1,Chiguanco Thrush,
Turdus chrysolaus,brhthr1,Brown-headed Thrush,
Turdus dissimilis,blbthr2,Black-breasted Thrush,
Turdus eremita,trithr1,Tristan Thrush,
Turdus eunomus,dusthr2,Dusky Thrush,DUTH
Turdus falcklandii,austhr1,Austral Thrush,
Turdus feae,gysthr1,Grey-sided Thrush,
Turdus flavipes,yelthr1,Yellow-legged Thrush,
Turdus fulviventris,chbthr2,Chestnut-bellied Thrush,
Turdus fumigatus,cocthr1,Cocoa Thrush,COCT
Turdus fuscater,grethr1,Great Thrush,
Turdus grayi,clcrob,Clay-colored Thrush,CCTH
Turdus haplochrous,unithr1,Unicolored Thrush,
Turdus hauxwelli,hauthr1,Hauxwell's Thrush,
Turdus helleri,taithr1,Taita Thrush,
Turdus hortulorum,gybthr1,Grey-backed Thrush,
Turdus ignobilis,blbthr1,Black-billed Thrush,
Turdus iliacus,redwin,Redwing,REDW
Turdus infuscatus,blarob1,Black Thrush,BLTH
Turdus jamaicensis,whethr1,White-eyed Thrush,WETH
Turdus kessleri,whbthr2,White-backed Thrush,
Turdus lawrencii,lawthr1,Lawrence's Thrush,
Turdus leucomelas,pabthr1,Pale-breasted Thrush,
Turdus leucops,paethr1,Pale-eyed Thrush,
Turdus lherminieri,forthr1,Forest Thrush,FOTH
Turdus libonyana,kurthr1,Kurrichane Thrush,
Turdus litsitsirupa,grothr1,Groundscraper Thrush,
Turdus ludoviciae,somthr1,Somali Thrush,
Turdus maculirostris,ecuthr1,Ecuadorian Thrush,
Turdus mandarinus,chibla1,Chinese Blackbird,
Turdus maranonicus,marthr2,Maranon Thrush,
Turdus maximus,tibbla1,Tibetan Blackbird,
Turdus menachensis,yemthr1,Yemen Thrush,
Turdus merula,eurbla,Common Blackbird,EUBB
Turdus migratorius,amerob,American Robin,AMRO
Turdus mupinensis,chithr2,Chinese Thrush,
Turdus murinus,bkbthr4,Pantepui Thrush,
Turdus naumanni,dusthr1,Naumann's Thrush,NATH
Turdus nigrescens,soorob1,Sooty Thrush,SOOT
Turdus nigriceps,slathr2,Andean Slaty Thrush,
Turdus niveiceps,islthr24,Taiwan Thrush,
Turdus nudigenis,baerob1,Spectacled Thrush,SPTH
Turdus obscurus,eyethr,Eyebrowed Thrush,EYTH
Turdus obsoletus,pavthr1,Pale-vented Thrush,PVTH
Turdus olivaceofuscus,satthr1,Sao Tome Thrush,
Turdus olivaceus,olithr2,Olive Thrush,
Turdus olivater,blhthr1,Black-hooded Thrush,
Turdus pallidus,palthr1,Pale Thrush,
Turdus pelios,afrthr1,African Thrush,
Turdus philomelos,sonthr1,Song Thrush,SOTH
Turdus pilaris,fieldf,Fieldfare,FIEL
Turdus plebejus,mourob1,Mountain Thrush,MOTH
Turdus plumbeus,relthr1,Western Red-legged Thrush,RLTH
Turdus poliocephalus,norist1,Tasman Sea Island Thrush,
Turdus reevei,plbthr2,Plumbeous-backed Thrush,
Turdus roehli,usathr1,Usambara Thrush,
Turdus rubrocanus,chethr1,Chestnut Thrush,
Turdus ruficollis,retthr1,Red-throated Thrush,
Turdus rufitorques,rucrob1,Rufous-collared Thrush,RCRO
Turdus rufiventris,rubthr1,Rufous-bellied Thrush,
Turdus rufopalliatus,rubrob,Rufous-backed Thrush,RBRO
Turdus sanchezorum,hauthr3,Varzea Thrush,
Turdus serranus,glbthr1,Glossy-black Thrush,
Turdus simillimus,eurbla2,Indian Blackbird,
Turdus smithi,karthr1,Karoo Thrush,
Turdus subalaris,slathr3,Blacksmith Thrush,
Turdus swalesi,lasthr1,La Selle Thrush,LSTH
Turdus tephronotus,abethr1,Bare-eyed Thrush,
Turdus torquatus,rinouz1,Ring Ouzel,
Turdus turdoides,sulthr1,Sulawesi Thrush,
Turdus unicolor,ticthr1,Tickell's Thrush,
Turdus viscivorus,misthr1,Mistle Thrush,MITH
Turdus xanthorhynchus,prithr1,Principe Thrush,
Turnix castanotus,chbbut2,Chestnut-backed Buttonquail,
Turnix hottentottus,hotbut1,Fynbos Buttonquail,
Turnix maculosus,rebbut2,Red-backed Buttonquail,
Turnix melanogaster,blbbut2,Black-breasted Buttonquail,
Turnix nanus,hotbut3,Black-rumped Buttonquail,
Turnix nigricollis,madbut1,Madagascar Buttonquail,
Turnix ocellatus,spobut2,Spotted Buttonquail,
Turnix pyrrhothorax,recbut1,Red-chested Buttonquail,
Turnix suscitator,barbut1,Barred Buttonquail,
Turnix sylvaticus,smabut2,Common Buttonquail,
Turnix tanki,yelbut1,Yellow-legged Buttonquail,
Turnix varius,paibut,Painted Buttonquail,
Turnix velox,litbut1,Little Buttonquail,
Turpilia rostrata,,,
Tursiops truncatus,,,
Turtur abyssinicus,bbwdov1,Black-billed Wood Dove,
Turtur afer,bswdov1,Blue-spotted Wood Dove,
Turtur brehmeri,bhwdov1,Blue-headed Wood Dove,
Turtur chalcospilos,eswdov1,Emerald-spotted Wood Dove,
Turtur tympanistria,tamdov1,Tambourine Dove,
Tutelina elegans,,,
Tychaedon barbata,misrob1,Miombo Scrub Robin,
Tychaedon coryphoeus,kasrob2,Karoo Scrub Robin,
Tychaedon leucosticta,fosrob1,Forest Scrub Robin,
Tychaedon quadrivirgata,besrob1,Bearded Scrub Robin,
Tychaedon signata,brsrob1,Brown Scrub Robin,
Tylas eduardi,tylvan1,Tylas Vanga,
Tylopsis lilifolia,,,
Tylosis puncticollis,,,
Tympanistalna gastrica,,,
Tympanophyllum arcufolium,,,
Tympanuchus cupido,grpchi,Greater Prairie Chicken,GRPC
Tympanuchus pallidicinctus,lepchi,Lesser Prairie Chicken,LEPC
Tympanuchus phasianellus,shtgro,Sharp-tailed Grouse,STGR
Typewriter,,,
Typing,,,
Tyranneutes stolzmanni,dwtman1,Dwarf Tyrant-Manakin,
Tyranneutes virescens,titman1,Tiny Tyrant-Manakin,
Tyranniscus cinereiceps,ashtyr1,Ashy-headed Tyrannulet,
Tyranniscus nigrocapillus,blctyr1,Black-capped Tyrannulet,
Tyranniscus uropygialis,tartyr1,Tawny-rumped Tyrannulet,
Tyrannopsis sulphurea,sulfly1,Sulphury Flycatcher,
Tyrannulus elatus,yectyr1,Yellow-crowned Tyrannulet,YCTY
Tyrannus albogularis,whtkin1,White-throated Kingbird,
Tyrannus caudifasciatus,logkin,Loggerhead Kingbird,LOKI
Tyrannus couchii,coukin,Couch's Kingbird,COKI
Tyrannus crassirostris,thbkin,Thick-billed Kingbird,TBKI
Tyrannus cubensis,giakin1,Giant Kingbird,GIKI
Tyrannus dominicensis,grykin,Grey Kingbird,GRAK
Tyrannus forficatus,sctfly,Scissor-tailed Flycatcher,STFL
Tyrannus melancholicus,trokin,Tropical Kingbird,TRKI
Tyrannus niveigularis,sntkin1,Snowy-throated Kingbird,
Tyrannus savana,fotfly,Fork-tailed Flycatcher,FTFL
Tyrannus tyrannus,easkin,Eastern Kingbird,EAKI
Tyrannus verticalis,weskin,Western Kingbird,WEKI
Tyrannus vociferans,caskin,Cassin's Kingbird,CAKI
Tyto alba,webowl1,Western Barn Owl,
Tyto capensis,afgowl1,African Grass Owl,
Tyto deroepstorffi,barowl5,Andaman Masked Owl,
Tyto furcata,brnowl,American Barn Owl,ABOW
Tyto glaucops,asfowl1,Ashy-faced Owl,AFOW
Tyto inexspectata,minowl1,Minahasa Masked Owl,
Tyto javanica,eabowl1,Eastern Barn Owl,
Tyto longimembris,ausgro1,Eastern Grass Owl,
Tyto nigrobrunnea,talowl1,Taliabu Masked Owl,
Tyto novaehollandiae,aumowl1,Australasian Masked Owl,
Tyto rosenbergii,sulowl1,Sulawesi Masked Owl,
Tyto sororcula,,,
Tyto soumagnei,marowl1,Red Owl,
Tyto tenebricosa,sooowl1,Sooty Owl,
Uperodon taprobanicus,,,
Uperodon variegatus,,,
Uperoleia arenicola,,,
Uperoleia crassa,,,
Uperoleia fusca,,,
Uperoleia laevigata,,,
Uperoleia lithomoda,,,
Uperoleia littlejohni,,,
Uperoleia minima,,,
Uperoleia rugosa,,,
Uperoleia trachyderma,,,
Uperoleia tyleri,,,
Upucerthia albigula,whtear1,White-throated Earthcreeper,
Upucerthia dumetaria,sctear1,Scale-throated Earthcreeper,
Upucerthia saturatior,pafear1,Patagonian Forest Earthcreeper,
Upucerthia validirostris,bubear2,Buff-breasted Earthcreeper,
Upupa epops,hoopoe,Common Hoopoe,EHOO
Upupa marginata,madhoo1,Madagascar Hoopoe,
Uraeginthus angolensis,bubcor1,Blue Waxbill,
Uraeginthus bengalus,reccor,Red-cheeked Cordon-bleu,
Uraeginthus cyanocephalus,blccor1,Blue-capped Cordon-bleu,
Uranomitra franciae,andeme1,Andean Emerald,
Uratelornis chimaera,ltgrol1,Long-tailed Ground Roller,
Uria aalge,commur,Common Murre,COMU
Uria lomvia,thbmur,Thick-billed Murre,TBMU
Urile pelagicus,pelcor,Pelagic Cormorant,PECO
Urile penicillatus,bracor,Brandt's Cormorant,BRAC
Urile urile,refcor,Red-faced Cormorant,RFCO
Urochroa bougueri,whthil2,Rufous-gaped Hillstar,
Urochroa leucura,whthil3,Green-backed Hillstar,
Urocissa caerulea,formag1,Taiwan Blue Magpie,
Urocissa erythroryncha,rbbmag,Red-billed Blue Magpie,
Urocissa flavirostris,gobmag1,Yellow-billed Blue Magpie,
Urocissa ornata,ceymag1,Sri Lanka Blue Magpie,
Urocissa whiteheadi,whwmag1,White-winged Magpie,
Urocitellus armatus,,,
Urocitellus beldingi,,,
Urocitellus columbianus,,,
Urocitellus elegans,,,
Urocitellus parryii,,,
Urocitellus richardsonii,,,
Urocitellus undulatus,,,
Urocolius indicus,refmou1,Red-faced Mousebird,
Urocolius macrourus,blnmou1,Blue-naped Mousebird,
Urocynchramus pylzowi,przros1,Przevalski's Finch,
Urocyon cinereoargenteus,,,
Urocyon littoralis,,,
Urodynamis taitensis,lotkoe1,Long-tailed Koel,
Uroglaux dimorpha,paphao1,Papuan Hawk-Owl,
Urolais epichlorus,grnlon1,Green Longtail,
Urolestes melanoleucus,magshr1,Magpie Shrike,
Uromenus agarenus,,,
Uromenus annae,,,
Uromenus bonneti,,,
Uromenus brevicollis,,,
Uromenus dyrrhachiacus,,,
Uromenus elegans,,,
Uromenus finoti,,,
Uromenus galvagnii,,,
Uromenus innocentii,,,
Uromenus maroccanus,,,
Uromenus robustus,,,
Uromenus rugosicollis,,,
Uromenus siculus,,,
Uromenus tobboganensis,,,
Uromyias agilis,agitit1,Agile Tit-Tyrant,
Uromyias agraphia,unstit1,Unstreaked Tit-Tyrant,
Uropelia campestris,ltgdov1,Long-tailed Ground Dove,
Uropsalis lyra,lytnig1,Lyre-tailed Nightjar,
Uropsalis segmentata,swtnig1,Swallow-tailed Nightjar,
Uropsila leucogastra,whbwre1,White-bellied Wren,WBWR
Urosphena squameiceps,asistu1,Asian Stubtail,
Urosphena subulata,timstu1,Timor Stubtail,
Urosphena whiteheadi,borstu1,Bornean Stubtail,
Urosticte benjamini,pubwhi1,Purple-bibbed Whitetip,
Urosticte ruficrissa,ruvwhi1,Rufous-vented Whitetip,
Urothraupis stolzmanni,bbbtan1,Black-backed Bush Tanager,
Urotriorchis macrourus,lothaw1,Long-tailed Hawk,
Ursus americanus,,,
Ursus arctos,,,
Ursus maritimus,,,
Ursus thibetanus,,,
Urva fusca,,,
Uvarovistia satunini,,,
Vagitanus terminalis,,,
Vandijkophrynus angusticeps,,,
Vandijkophrynus gariepensis,,,
Vanellus albiceps,whhlap1,White-crowned Lapwing,
Vanellus armatus,blaplo1,Blacksmith Lapwing,
Vanellus chilensis,soulap1,Southern Lapwing,SOLA
Vanellus cinereus,gyhlap1,Grey-headed Lapwing,
Vanellus coronatus,crolap1,Crowned Lapwing,
Vanellus crassirostris,lotlap1,Long-toed Lapwing,
Vanellus duvaucelii,rivlap1,River Lapwing,
Vanellus gregarius,soclap1,Sociable Lapwing,
Vanellus indicus,rewlap1,Red-wattled Lapwing,
Vanellus leucurus,whtlap1,White-tailed Lapwing,
Vanellus lugubris,senlap1,Senegal Lapwing,
Vanellus malabaricus,yewlap2,Yellow-wattled Lapwing,
Vanellus melanocephalus,spblap1,Spot-breasted Lapwing,
Vanellus melanopterus,blwlap1,Black-winged Lapwing,
Vanellus miles,maslap1,Masked Lapwing,
Vanellus resplendens,andlap1,Andean Lapwing,
Vanellus senegallus,watlap1,African Wattled Lapwing,
Vanellus spinosus,spwlap1,Spur-winged Lapwing,
Vanellus superciliosus,brclap1,Brown-chested Lapwing,
Vanellus tectus,blhlap1,Black-headed Lapwing,
Vanellus tricolor,banlap1,Banded Lapwing,
Vanellus vanellus,norlap,Northern Lapwing,NOLA
Vanessa atalanta,,,
Vanessa cardui,,,
Vanga curvirostris,hobvan1,Hook-billed Vanga,
Varecia rubra,,,
Varecia variegata,,,
Varitrella bakeri,,,
Varitrella glabra,,,
Vauriella albigularis,negjuf1,White-throated Jungle Flycatcher,
Vauriella goodfellowi,minjuf1,Slaty-backed Jungle Flycatcher,
Vauriella gularis,eyjfly1,Eyebrowed Jungle Flycatcher,
Vauriella insignis,rufjuf1,White-browed Jungle Flycatcher,
Vehicle,,,
Vehicle_horn_and_car_horn_and_honking,,,
Velarifictorus acutilobus,,,
Velarifictorus aspersus,,,
Velarifictorus beybienkoi,,,
Velarifictorus brevifrons,,,
Velarifictorus grylloides,,,
Velarifictorus horridus,,,
Velarifictorus micado,,,
Velarifictorus ornatus,,,
Velarifictorus sulcifrons,,,
Velarifictorus tenepalpus,,,
Veles binotatus,bronig1,Brown Nightjar,
Venustria superba,,,
Vermivora chrysoptera,gowwar,Golden-winged Warbler,GWWA
Vermivora cyanoptera,buwwar,Blue-winged Warbler,BWWA
Verreauxia africana,afrpic1,African Piculet,
Vespa crabro,,,
Vespa velutina,,,
Vespula atropilosa,,,
Vespula germanica,,,
Vespula maculifrons,,,
Vespula squamosa,,,
Vichetia oblongicollis,,,
Vicugna vicugna,,,
Vidua camerunensis,camind1,Cameroon Indigobird,
Vidua chalybeata,vilind,Village Indigobird,
Vidua codringtoni,greind1,Zambezi Indigobird,
Vidua fischeri,sttwhy1,Straw-tailed Whydah,
Vidua funerea,varind1,Dusky Indigobird,
Vidua hypocherina,stbwhy1,Steel-blue Whydah,
Vidua interjecta,ltpwhy1,Exclamatory Paradise Whydah,
Vidua larvaticola,bakind1,Barka Indigobird,
Vidua macroura,pitwhy,Pin-tailed Whydah,PTWH
Vidua maryae,jopind1,Jos Plateau Indigobird,
Vidua obtusa,btpwhy1,Broad-tailed Paradise Whydah,
Vidua orientalis,nopwhy1,Sahel Paradise Whydah,
Vidua paradisaea,eapwhy1,Long-tailed Paradise Whydah,
Vidua purpurascens,purind1,Purple Indigobird,
Vidua raricola,jamind1,Jambandu Indigobird,
Vidua regia,shtwhy1,Shaft-tailed Whydah,
Vidua wilsoni,pawind1,Wilson's Indigobird,
Vietanna orientalis,,,
Vini australis,blclor2,Blue-crowned Lorikeet,
Vini kuhlii,kuhlor1,Kuhl's Lorikeet,
Vini margarethae,duclor1,Duchess Lorikeet,
Vini meeki,meelor1,Meek's Lorikeet,
Vini palmarum,pallor1,Palm Lorikeet,
Vini peruviana,blulor1,Blue Lorikeet,
Vini rubrigularis,reclor1,Red-chinned Lorikeet,
Vini solitaria,collor1,Collared Lory,
Vini stepheni,stelor1,Stephen's Lorikeet,
Vini ultramarina,ultlor1,Ultramarine Lorikeet,
Vipera aspis,,,
Vipera berus,,,
Vireo altiloquus,bkwvir,Black-whiskered Vireo,BWVI
Vireo atricapilla,bkcvir1,Black-capped Vireo,BCVI
Vireo bairdi,cozvir1,Cozumel Vireo,COVI
Vireo bellii,belvir,Bell's Vireo,BEVI
Vireo brevipennis,slavir1,Slaty Vireo,SLVI
Vireo caribaeus,stavir1,San Andres Vireo,SAVI
Vireo carmioli,yewvir1,Yellow-winged Vireo,YWVI
Vireo cassinii,casvir,Cassin's Vireo,CAVI
Vireo chivi,chivir1,Chivi Vireo,
Vireo crassirostris,thbvir,Thick-billed Vireo,TBVI
Vireo flavifrons,yetvir,Yellow-throated Vireo,YTVI
Vireo flavoviridis,yegvir,Yellow-green Vireo,YGVI
Vireo gilvus,warvir,Warbling Vireo,WAVI
Vireo gracilirostris,norvir1,Noronha Vireo,
Vireo griseus,whevir,White-eyed Vireo,WEVI
Vireo gundlachii,cubvir1,Cuban Vireo,CUVI
Vireo huttoni,hutvir,Hutton's Vireo,HUVI
Vireo hypochryseus,golvir1,Golden Vireo,GOVI
Vireo latimeri,purvir1,Puerto Rican Vireo,PRVI
Vireo leucophrys,brcvir1,Brown-capped Vireo,BCAV
Vireo magister,yucvir,Yucatan Vireo,YUVI
Vireo masteri,chovir1,Choco Vireo,
Vireo modestus,jamvir1,Jamaican Vireo,JAVI
Vireo nanus,flbvir1,Flat-billed Vireo,FBVI
Vireo nelsoni,dwavir1,Dwarf Vireo,DWVI
Vireo olivaceus,reevir1,Red-eyed Vireo,REVI
Vireo osburni,blmvir1,Blue Mountain Vireo,BMVI
Vireo pallens,manvir1,Mangrove Vireo,MAVI
Vireo philadelphicus,phivir,Philadelphia Vireo,PHVI
Vireo plumbeus,plsvir,Plumbeous Vireo,PLVI
Vireo sclateri,tepgre1,Tepui Vireo,
Vireo solitarius,buhvir,Blue-headed Vireo,BHVI
Vireo vicinior,gryvir,Grey Vireo,GRVI
Vireolanius eximius,ybsvir1,Yellow-browed Shrike-Vireo,YBSV
Vireolanius leucotis,scsvir1,Slaty-capped Shrike-Vireo,
Vireolanius melitophrys,cssvir1,Chestnut-sided Shrike-Vireo,CSSV
Vireolanius pulchellus,grsvir1,Green Shrike-Vireo,GRSV
Viriacca insularis,,,
Viriacca modesta,,,
Viriacca viridis,,,
Vitreorana parvula,,,
Vitreorana ritae,,,
Vitreorana uranoscopa,,,
Vittagaeana paviei,,,
Volatinia jacarina,blbgra1,Blue-black Grassquit,BGRA
Vombatus ursinus,,,
Vulpes chama,,,
Vulpes corsac,,,
Vulpes lagopus,,,
Vulpes rueppellii,,,
Vulpes vulpes,,,
Vulpes zerda,,,
Vultur gryphus,andcon1,Andean Condor,
Walk_and_footsteps,,,
Water,,,
Water_tap_and_faucet,,,
Waves_and_surf,,,
Wetmorethraupis sterrhopteron,orttan1,Orange-throated Tanager,
Whispering,,,
Whoosh_and_swoosh_and_swish,,,
Wild_animals,,,
Willisornis poecilinotus,scbant3,Common Scale-backed Antbird,
Willisornis vidua,scbant8,Xingu Scale-backed Antbird,
Wind,,,
Wind_chime,,,
Wind_instrument_and_woodwind_instrument,,,
Wood,,,
Writing,,,
Xabea levissima,,,
Xanthocephalus xanthocephalus,yehbla,Yellow-headed Blackbird,YHBL
Xanthomixis apperti,apptet1,Appert's Tetraka,
Xanthomixis cinereiceps,gyctet1,Grey-crowned Tetraka,
Xanthomixis zosterops,spetet1,Spectacled Tetraka,
Xanthopsar flavus,sacbla2,Saffron-cowled Blackbird,
Xanthotis flaviventer,tabhon1,Tawny-breasted Honeyeater,
Xanthotis macleayanus,machon2,Macleay's Honeyeater,
Xanthotis polygrammus,spohon3,Spotted Honeyeater,
Xema sabini,sabgul,Sabine's Gull,SAGU
Xenerpestes minlosi,dobgra1,Double-banded Greytail,DBGR
Xenerpestes singularis,equgra1,Equatorial Greytail,
Xenicus gilviventris,soiwre1,New Zealand Rockwren,
Xenocopsychus ansorgei,anccha1,Angola Cave Chat,
Xenodacnis parina,tildac1,Tit-like Dacnis,
Xenoglaux loweryi,lowowl1,Long-whiskered Owlet,
Xenogryllus marmoratus,,,
Xenogryllus transversus,,,
Xenogryllus ululiu,,,
Xenoligea montana,whwwar1,White-winged Warbler,WWWA
Xenopipo atronitens,blaman1,Black Manakin,
Xenopipo uniformis,oliman2,Olive Manakin,
Xenopirostris damii,vadvan1,Van Dam's Vanga,
Xenopirostris polleni,polvan1,Pollen's Vanga,
Xenopirostris xenopirostris,lafvan1,Lafresnaye's Vanga,
Xenops mexicanus,plaxen2,Northern Plain Xenops,
Xenops minutus,plaxen4,Atlantic Plain Xenops,PLXE
Xenops rutilans,strxen1,Streaked Xenops,STXE
Xenops tenuirostris,slbxen1,Slender-billed Xenops,
Xenopsaris albinucha,whnxen1,White-naped Xenopsaris,
Xenopus clivii,,,
Xenopus laevis,,,
Xenopus poweri,,,
Xenornis setifrons,spfant1,Speckled Antshrike,SFAN
Xenospingus concolor,slbfin3,Slender-billed Finch,
Xenospiza baileyi,simspa1,Sierra Madre Sparrow,SMSP
Xenostrobus neozelanicus,,,
Xenotriccus callizonus,belfly1,Belted Flycatcher,BEFL
Xenotriccus mexicanus,pilfly1,Pileated Flycatcher,PILF
Xenus cinereus,tersan,Terek Sandpiper,TESA
Xerohippus occidentalis,,,
Xerospermophilus tereticaudus,,,
Xestobium rufovillosum,,,
Xestophrys javanicus,,,
Xestotrachelus robustus,,,
Xiphelimum amplipennis,,,
Xiphidiopicus percussus,cugwoo1,Cuban Green Woodpecker,CGWO
Xiphidiopsis dicera,,,
Xiphocolaptes albicollis,whtwoo1,White-throated Woodcreeper,
Xiphocolaptes falcirostris,mouwoo1,Moustached Woodcreeper,
Xiphocolaptes major,grrwoo1,Great Rufous Woodcreeper,
Xiphocolaptes promeropirhynchus,stbwoo1,Strong-billed Woodcreeper,SNBW
Xipholena atropurpurea,whwcot1,White-winged Cotinga,
Xipholena lamellipennis,whtcot1,White-tailed Cotinga,
Xipholena punicea,pomcot1,Pompadour Cotinga,
Xiphorhynchus atlanticus,leswoo4,Ceara Woodcreeper,
Xiphorhynchus elegans,elewoo1,Elegant Woodcreeper,
Xiphorhynchus erythropygius,spowoo1,Spotted Woodcreeper,SPWO
Xiphorhynchus flavigaster,ivbwoo1,Ivory-billed Woodcreeper,IBIW
Xiphorhynchus fuscus,leswoo2,Lesser Woodcreeper,
Xiphorhynchus guttatus,butwoo1,Buff-throated Woodcreeper,
Xiphorhynchus lachrymosus,blswoo1,Black-striped Woodcreeper,BSWO
Xiphorhynchus obsoletus,strwoo2,Striped Woodcreeper,
Xiphorhynchus ocellatus,ocewoo1,Ocellated Woodcreeper,
Xiphorhynchus pardalotus,chrwoo1,Chestnut-rumped Woodcreeper,
Xiphorhynchus spixii,spiwoo1,Spix's Woodcreeper,
Xiphorhynchus susurrans,cocwoo1,Cocoa Woodcreeper,COWO
Xiphorhynchus triangularis,olbwoo1,Olive-backed Woodcreeper,
Xolmis irupero,whimon1,White Monjita,
Xolmis velatus,whrmon2,White-rumped Monjita,
Xosopsaltria annulata,,,
Xyleus discoideus,,,
Xylocopa californica,,,
Xylocopa capitata,,,
Xylocopa pubescens,,,
Xylocopa sonorina,,,
Xylocopa violacea,,,
Xylocopa virginica,,,
Xylotrupes australicus,,,
Xylotrupes lorquini,,,
Xyrdectes fuscescens,,,
Yell,,,
Yersinella beybienkoi,,,
Yersinella raymondii,,,
Yezoterpnosia nigricosta,,,
Yezoterpnosia obscura,,,
Yezoterpnosia vacua,,,
Yoyetta aaede,,,
Yoyetta abdominalis,,,
Yoyetta australicta,,,
Yoyetta celis,,,
Yoyetta corindi,,,
Yoyetta cumberlandi,,,
Yoyetta darug,,,
Yoyetta delicata,,,
Yoyetta denisoni,,,
Yoyetta enigmatica,,,
Yoyetta fluviatilis,,,
Yoyetta fumea,,,
Yoyetta grandis,,,
Yoyetta humphreyae,,,
Yoyetta hunterorum,,,
Yoyetta ignita,,,
Yoyetta kershawi,,,
Yoyetta loftyensis,,,
Yoyetta ngarabal,,,
Yoyetta psammitica,,,
Yoyetta regalis,,,
Yoyetta repetens,,,
Yoyetta robertsonae,,,
Yoyetta robusta,,,
Yoyetta serrata,,,
Yoyetta spectabilis,,,
Yoyetta subalpina,,,
Yoyetta timothyi,,,
Yoyetta verrens,,,
Yuhina bakeri,whnyuh1,White-naped Yuhina,
Yuhina brunneiceps,taiyuh1,Taiwan Yuhina,
Yuhina flavicollis,whiyuh1,Whiskered Yuhina,
Yuhina gularis,sttyuh1,Stripe-throated Yuhina,
Yuhina humilis,buryuh1,Burmese Yuhina,
Yuhina nigrimenta,blcyuh1,Black-chinned Yuhina,
Yuhina occipitalis,ruvyuh1,Rufous-vented Yuhina,
Yungipicus canicapillus,gycwoo1,Grey-capped Pygmy Woodpecker,
Yungipicus kizuki,pygwoo1,Japanese Pygmy Woodpecker,
Yungipicus maculatus,phiwoo1,Philippine Pygmy Woodpecker,
Yungipicus moluccensis,bncwoo2,Sunda Pygmy Woodpecker,
Yungipicus nanus,bncwoo3,Brown-capped Pygmy Woodpecker,
Yungipicus ramsayi,phiwoo3,Sulu Pygmy Woodpecker,
Yungipicus temminckii,sulwoo2,Sulawesi Pygmy Woodpecker,
Zabalius ophthalmicus,,,
Zacycloptera atripennis,,,
Zaedyus pichiy,,,
Zalophus californianus,,,
Zalophus wollebaeki,,,
Zammara calochroma,,,
Zammara smaragdina,,,
Zammara smaragdula,,,
Zammara tympanum,,,
Zanclostomus javanicus,rebmal2,Red-billed Malkoha,
Zanda baudinii,whtblc1,Baudin's Black Cockatoo,
Zanda funerea,ytbcoc1,Yellow-tailed Black Cockatoo,
Zanda latirostris,slbblc1,Carnaby's Black Cockatoo,
Zapornia akool,brocra1,Brown Crake,
Zapornia atra,heicra1,Henderson Crake,
Zapornia bicolor,bltcra1,Black-tailed Crake,
Zapornia flavirostra,blacra1,Black Crake,
Zapornia fusca,rubcra1,Ruddy-breasted Crake,
Zapornia olivieri,sakrai1,Sakalava Rail,
Zapornia parva,litcra1,Little Crake,
Zapornia paykullii,babcra1,Band-bellied Crake,
Zapornia pusilla,baicra1,Baillon's Crake,
Zapornia tabuensis,spocra2,Spotless Crake,
Zaratornis stresemanni,whccot1,White-cheeked Cotinga,
Zavattariornis stresemanni,stbcro1,Ethiopian Bushcrow,
Zebrilus undulatus,zigher1,Zigzag Heron,
Zeledonia coronata,wrenth1,Wrenthrush,WRET
Zenaida asiatica,whwdov,White-winged Dove,WWDO
Zenaida auriculata,eardov1,Eared Dove,EADO
Zenaida aurita,zendov,Zenaida Dove,ZEND
Zenaida macroura,moudov,Mourning Dove,MODO
Zenaida meloda,wepdov1,West Peruvian Dove,
Zentrygon albifacies,wfqdov1,White-faced Quail-Dove,WFAQ
Zentrygon carrikeri,tuqdov1,Tuxtla Quail-Dove,TUQD
Zentrygon chiriquensis,chqdov1,Chiriqui Quail-Dove,CHQD
Zentrygon costaricensis,bfqdov1,Buff-fronted Quail-Dove,BFQD
Zentrygon frenata,wtqdov1,White-throated Quail-Dove,
Zentrygon goldmani,rcqdov1,Russet-crowned Quail-Dove,RCQD
Zentrygon lawrencii,pbqdov1,Purplish-backed Quail-Dove,PBQD
Zentrygon linearis,liqdov1,Lined Quail-Dove,
Zeuneriana abbreviata,,,
Zeuneriana amplipennis,,,
Zeuneriana burriana,,,
Zeuneriana marmorata,,,
Zhangixalus arvalis,,,
Zhangixalus aurantiventris,,,
Zhangixalus chenfui,,,
Zhangixalus dennysi,,,
Zhangixalus dugritei,,,
Zhangixalus dulitensis,,,
Zhangixalus moltrechti,,,
Zhangixalus prasinatus,,,
Zhangixalus prominanus,,,
Zhangixalus schlegelii,,,
Zhangixalus taipeianus,,,
Zimmerius acer,guityr1,Guianan Tyrannulet,
Zimmerius albigularis,chotyr1,Choco Tyrannulet,
Zimmerius bolivianus,boltyr1,Bolivian Tyrannulet,
Zimmerius chicomendesi,chityr1,Chico's Tyrannulet,
Zimmerius chrysops,goftyr1,Golden-faced Tyrannulet,
Zimmerius cinereicapilla,rebtyr2,Red-billed Tyrannulet,
Zimmerius gracilipes,slftyr1,Slender-footed Tyrannulet,
Zimmerius improbus,paltyr4,Spectacled Tyrannulet,
Zimmerius parvus,paltyr3,Mistletoe Tyrannulet,MITY
Zimmerius petersi,paltyr5,Venezuelan Tyrannulet,
Zimmerius vilissimus,paltyr2,Guatemalan Tyrannulet,GUTY
Zimmerius villarejoi,mistyr1,Mishana Tyrannulet,
Zimmerius viridiflavus,pertyr1,Peruvian Tyrannulet,
Zipper_(clothing),,,
Zonibyx modestus,rucdot1,Rufous-chested Dotterel,
Zonotrichia albicollis,whtspa,White-throated Sparrow,WTSP
Zonotrichia atricapilla,gocspa,Golden-crowned Sparrow,GCSP
Zonotrichia capensis,rucspa1,Rufous-collared Sparrow,RCOS
Zonotrichia leucophrys,whcspa,White-crowned Sparrow,WCSP
Zonotrichia querula,harspa,Harris's Sparrow,HASP
Zoonavena grandidieri,malspi1,Madagascar Spinetail,
Zoonavena sylvatica,whrnee1,White-rumped Spinetail,
Zoonavena thomensis,satspi1,Sao Tome Spinetail,
Zoothera aurea,scathr2,White's Thrush,WHTH
Zoothera dauma,scathr8,Scaly Thrush,
Zoothera dixoni,lotthr1,Long-tailed Thrush,
Zoothera everetti,evethr1,Everett's Thrush,
Zoothera griseiceps,sicthr1,Sichuan Thrush,
Zoothera heinei,rutthr1,Russet-tailed Thrush,
Zoothera imbricata,scathr5,Sri Lanka Thrush,
Zoothera lunulata,oltthr1,Bassian Thrush,
Zoothera major,scathr6,Amami Thrush,
Zoothera margaretae,sacthr2,Makira Thrush,
Zoothera marginata,dasthr1,Dark-sided Thrush,
Zoothera mollissima,alpthr1,Alpine Thrush,
Zoothera monticola,lobthr1,Long-billed Thrush,
Zoothera neilgherriensis,scathr4,Nilgiri Thrush,
Zoothera salimalii,himthr1,Himalayan Thrush,
Zoothera talaseae,nebthr1,New Britain Thrush,
Zoothera turipavae,sacthr3,Guadalcanal Thrush,
Zoraena maculata,,,
Zosterops abyssinicus,wbweye1,Abyssinian White-eye,
Zosterops anderssoni,afywhe4,Southern Yellow White-eye,
Zosterops anomalus,bkrwhe1,Black-ringed White-eye,
Zosterops atricapilla,bkcwhe1,Black-capped White-eye,
Zosterops atriceps,crtwhe1,Cream-throated White-eye,
Zosterops atrifrons,bcweye2,Black-crowned White-eye,
Zosterops auriventer,humwhe1,Hume's White-eye,
Zosterops borbonicus,maswhe2,Reunion Grey White-eye,
Zosterops buruensis,burwhe1,Buru White-eye,
Zosterops ceylonensis,ceywhe1,Sri Lanka White-eye,
Zosterops chloronothos,mauwhe1,Mauritius Olive White-eye,
Zosterops cinereus,koswhe1,Kosrae White-eye,
Zosterops citrinella,asbwhe1,Ashy-bellied White-eye,
Zosterops conspicillatus,brweye1,Bridled White-eye,
Zosterops dehaani,crtwhe2,Morotai White-eye,
Zosterops emiliae,mouble1,Mountain Blackeye,
Zosterops erythropleurus,cfweye1,Chestnut-flanked White-eye,
Zosterops eurycricotus,brrwhe8,Broad-ringed White-eye,
Zosterops everetti,evweye1,Everett's White-eye,
Zosterops explorator,laweye1,Fiji White-eye,
Zosterops feae,satwhe2,Sao Tome White-eye,
Zosterops ficedulinus,satwhe1,Principe White-eye,
Zosterops finschii,duweye1,Dusky White-eye,
Zosterops flavifrons,yfweye1,Vanuatu White-eye,
Zosterops flavilateralis,whbwhe3,Pale White-eye,
Zosterops fuscicapilla,capwhe3,Capped White-eye,
Zosterops gibbsi,vanwhe1,Vanikoro White-eye,
Zosterops grayi,grkwhe1,Kai Besar White-eye,
Zosterops griseotinctus,loweye1,Louisiade White-eye,
Zosterops griseovirescens,anweye1,Annobon White-eye,
Zosterops hamlini,gytwhe2,Bougainville White-eye,
Zosterops hypoxanthus,bhweye1,Bismarck White-eye,
Zosterops inornatus,llweye1,Large Lifou White-eye,
Zosterops japonicus,warwhe1,Warbling White-eye,WAWE
Zosterops kikuyuensis,brrwhe3,Kikuyu White-eye,
Zosterops kirki,kirwhe1,Kirk's White-eye,
Zosterops kuehni,ambwhe1,Ambon White-eye,
Zosterops kulambangrae,soiwhe2,Solomons White-eye,
Zosterops lateralis,silver3,Silvereye,
Zosterops leucophaeus,prispe1,Principe Speirops,
Zosterops lugubris,blcspe1,Black-capped Speirops,
Zosterops luteirostris,spweye2,Gizo White-eye,
Zosterops luteus,ayweye3,Canary White-eye,
Zosterops maderaspatanus,madwhe1,Malagasy White-eye,
Zosterops mauritianus,maswhe3,Mauritius Grey White-eye,
Zosterops mayottensis,maywhe1,Mayotte White-eye,
Zosterops mbuluensis,brrwhe9,Mbulu White-eye,
Zosterops meeki,wtweye1,Tagula White-eye,
Zosterops melanocephalus,camspe1,Mount Cameroon Speirops,
Zosterops melanurus,sanwhe2,Sangkar White-eye,
Zosterops metcalfii,ytweye1,Yellow-throated White-eye,
Zosterops meyeni,loweye2,Lowland White-eye,
Zosterops minor,bfweye1,Black-fronted White-eye,
Zosterops minutus,slweye1,Small Lifou White-eye,
Zosterops modestus,seywhe1,Seychelles White-eye,
Zosterops mouroniensis,coweye1,Karthala White-eye,
Zosterops murphyi,kulwhe1,Kolombangara White-eye,
Zosterops mysorensis,biweye1,Biak White-eye,
Zosterops natalis,ciweye2,Christmas White-eye,
Zosterops nigrorum,yelwhe1,Yellowish White-eye,
Zosterops novaeguineae,ngweye1,Papuan White-eye,
Zosterops oblitus,gytwhe4,Guadalcanal White-eye,
Zosterops oleagineus,yapwhe1,Olive-colored White-eye,
Zosterops olivaceus,reuwhe1,Reunion Olive White-eye,
Zosterops pallidus,capwhe6,Orange River White-eye,
Zosterops palpebrosus,indwhe1,Indian White-eye,
Zosterops poliogastrus,heuwhe2,Ethiopian White-eye,
Zosterops ponapensis,pohwhe1,Grey-brown White-eye,
Zosterops rendovae,gytwhe5,Makira White-eye,
Zosterops rennellianus,reweye1,Rennell White-eye,
Zosterops rotensis,rotwhe1,Rota White-eye,
Zosterops samoensis,saweye1,Samoan White-eye,
Zosterops sanctaecrucis,sacwhe1,Santa Cruz White-eye,
Zosterops semperi,ciweye1,Citrine White-eye,
Zosterops senegalensis,afywhe2,Northern Yellow White-eye,
Zosterops silvanus,brrwhe4,Taita White-eye,
Zosterops simplex,swiwhe1,Swinhoe's White-eye,
Zosterops socotranus,abywhe1,Socotra White-eye,
Zosterops somadikartai,togwhe1,Togian White-eye,
Zosterops splendidus,gaweye1,Ranongga White-eye,
Zosterops stalkeri,serwhe1,Seram White-eye,
Zosterops stenocricotus,afywhe1,Forest White-eye,
Zosterops stresemanni,maweye2,Malaita White-eye,
Zosterops stuhlmanni,afywhe3,Green White-eye,
Zosterops superciliosus,beweye1,Bare-eyed White-eye,
Zosterops tenuirostris,sbweye1,Slender-billed White-eye,
Zosterops tetiparius,soiwhe3,Dark-eyed White-eye,
Zosterops uropygialis,likwhe1,Kai Kecil White-eye,
Zosterops vaughani,peweye1,Pemba White-eye,
Zosterops vellalavella,baweye2,Vella Lavella White-eye,
Zosterops virens,capwhe2,Cape White-eye,
Zosterops winifredae,brrwhe10,South Pare White-eye,
Zosterops xanthochroa,gnbwhe1,Green-backed White-eye,
Zosterornis hypogrammicus,pasbab1,Palawan Striped Babbler,
Zosterornis latistriatus,pasbab2,Panay Striped Babbler,
Zosterornis nigrorum,nesbab1,Negros Striped Babbler,
Zosterornis striatus,lusbab1,Luzon Striped Babbler,
Zosterornis whiteheadi,chfbab1,Chestnut-faced Babbler,
Zulpha perlaria,,,
Zvenella geniculata,,,
Zvenella transversa,,,
Zvenella yunnana,,,
