ebird_code,scientific_name,common_name,alpha
aakspa1,Passer hemileucus,Abd al-Kuri Sparrow,
abbbab1,Malacocincla abbotti,Abbott's Babbler,
abbboo2,Papasula abbotti,Abbott's Booby,
abbsta2,Poeoptera femoralis,,
abbwar1,Horornis flavolivaceus,Aberrant Bush Warbler,
abcwin1,Cryptospiza salvadorii,Abyssinian Crimsonwing,
abdsto1,Ciconia abdimii,Abdim's Stork,
abecis1,Cisticola aberdare,Aberdare Cisticola,
abethr1,Turdus tephronotus,Bare-eyed Thrush,
abetow,Melozone aberti,Abert's Towhee,ABTO
abgthr1,Geokichla piaggiae,Abyssinian Ground Thrush,
abhori1,Oriolus larvatus,Black-headed Oriole,
absbil1,Rhinopomastus minor,Abyssinian Scimitarbill,
absfin1,Geospizopsis plebejus,Ash-breasted Sierra Finch,
abttyr1,Anairetes alpinus,Ash-breasted Tit-Tyrant,
abycat1,Sylvia galinieri,Abyssinian Catbird,
abylon1,Macronyx flavicollis,Abyssinian Longclaw,
abynig1,Caprimulgus poliocephalus,Montane Nightjar,
abyrol2,Coracias abyssinicus,Abyssinian Roller,
abysis1,Serinus nigriceps,Ethiopian Siskin,
abyslf1,Melaenornis chocolatinus,Abyssinian Slaty Flycatcher,
abythr1,Turdus abyssinicus,Abyssinian Thrush,
abywhe1,Zosterops socotranus,Socotra White-eye,
abywoo1,Chloropicus abyssinicus,,
acafly,Empidonax virescens,Acadian Flycatcher,ACFL
acowoo,Melanerpes formicivorus,Acorn Woodpecker,ACWO
acrant1,Thamnophilus divisorius,Acre Antshrike,
acrtot1,Hemitriccus cohnhafti,Acre Tody-Tyrant,
adepen1,Pygoscelis adeliae,Adelie Penguin,ADPE
adewar1,Setophaga adelaidae,Adelaide's Warbler,ADWA
adtdov1,Streptopelia hypopyrrha,Adamawa Turtle Dove,
afbduc1,Anas sparsa,African Black Duck,
afbfly1,Elminia longicauda,African Blue Flycatcher,
afbowl1,Glaucidium capense,African Barred Owlet,
afbtit2,Cyanistes teneriffae,African Blue Tit,
afbwar1,Bradypterus baboecala,Little Rush Warbler,
afcdov1,Streptopelia roseogrisea,African Collared Dove,AFCD
afcfly1,Trochocercus cyanomelas,Blue-mantled Crested Flycatcher,
afdfly1,Muscicapa adusta,African Dusky Flycatcher,
afdwar1,Curruca deserti,African Desert Warbler,
afecuc1,Chrysococcyx cupreus,African Emerald Cuckoo,
afepig1,Columba unicincta,Afep Pigeon,
affeag1,Haliaeetus vocifer,,
afffin,Lagonosticta rubricata,African Firefinch,
afffly1,Fraseria ocreata,Fraser's Forest Flycatcher,
afgfly1,Bradornis microrhynchus,African Grey Flycatcher,
afghor1,Lophoceros nasutus,African Grey Hornbill,
afgori2,Oriolus auratus,African Golden Oriole,
afgowl1,Tyto capensis,African Grass Owl,
afgsno1,Montifringilla theresae,,
afgwea1,Ploceus subaureus,Eastern Golden Weaver,
afhbab1,Sylvia abyssinica,African Hill Babbler,
afhbab3,Sylvia atriceps,Rwenzori Hill Babbler,
afhhaw1,Polyboroides typus,African Harrier-Hawk,
afmdov1,Streptopelia decipiens,Mourning Collared Dove,
afmhar1,Circus ranivorus,African Marsh Harrier,
afmwea,Ploceus velatus,Southern Masked Weaver,
afpfly1,Terpsiphone viridis,African Paradise Flycatcher,
afphor1,Lophoceros fasciatus,Congo Pied Hornbill,
afpkin1,Ispidina picta,African Pygmy Kingfisher,
afpsta1,Lamprotornis bicolor,Pied Starling,
afpswi1,Cypsiurus parvus,African Palm Swift,
afptit1,Anthoscopus caroli,Grey Penduline Tit,
afpwag1,Motacilla aguimp,African Pied Wagtail,
afrbro1,Smithornis capensis,African Broadbill,
afrcit1,Crithagra citrinelloides,African Citril,
afrcra1,Crex egregia,,
afrcuc1,Cuculus gularis,African Cuckoo,
afrcuh1,Aviceda cuculoides,African Cuckoo-Hawk,
afrfin1,Podica senegalensis,African Finfoot,
afrgos1,Accipiter tachiro,,
afrgrp1,Treron calvus,African Green Pigeon,
afrhae1,Aquila spilogaster,African Hawk-Eagle,
afrhob1,Falco cuvierii,African Hobby,
afrjac1,Actophilornis africanus,African Jacana,
afrmar2,Pseudochelidon eurystomina,African River Martin,
afrope1,Anastomus lamelligerus,African Openbill,
afroys1,Haematopus moquini,African Oystercatcher,
afrpic1,Verreauxia africana,African Piculet,
afrpip1,Anthus cinnamomeus,African Pipit,
afrpit1,Pitta angolensis,African Pitta,
afrpyg1,Nettapus auritus,African Pygmy Goose,
afrrai1,Rallus caerulescens,African Rail,
afrsco2,Otus socotranus,Socotra Scops Owl,
afrshf1,Megabyas flammulatus,African Shrike-flycatcher,
afrsil1,Euodice cantans,African Silverbill,AFSI
afrski1,Rynchops flavirostris,African Skimmer,
afrsni1,Gallinago nigripennis,African Snipe,
afrspo1,Platalea alba,African Spoonbill,
afrsto1,Saxicola torquatus,African Stonechat,
afrswi1,Apus barbatus,African Black Swift,
afrswi2,,,
afrtai2,Artisornis metopias,Red-capped Forest Warbler,
afrthr1,Turdus pelios,African Thrush,
afrwar1,Acrocephalus baeticatus,,
afsowl1,Otus senegalensis,African Scops Owl,
afswar1,Bradypterus barratti,Barratt's Warbler,
afwowl1,Strix woodfordii,African Wood Owl,
afywar1,Iduna natalensis,African Yellow Warbler,
afywhe1,Zosterops stenocricotus,Forest White-eye,
afywhe2,Zosterops senegalensis,Northern Yellow White-eye,
afywhe3,Zosterops stuhlmanni,Green White-eye,
afywhe4,Zosterops anderssoni,Southern Yellow White-eye,
agaher1,Agamia agami,Agami Heron,
agitit1,Uromyias agilis,Agile Tit-Tyrant,
agular1,Certhilauda brevirostris,,
agurew1,Acrocephalus nijoi,Aguiguan Reed Warbler,
agwtea1,,,
ahafra2,Pternistis ahantensis,Ahanta Spurfowl,
ajpant1,Herpsilochmus stotzi,Aripuana Antwren,
akekee,Loxops caeruleirostris,Akekee,AKEK
akeowl1,Bubo leucostictus,,
akepa1,Loxops coccineus,Hawaii Akepa,AKEP
akepa2,Loxops wolstenholmei,Oahu Akepa,
akepa3,Loxops ochraceus,Maui Akepa,
akiapo,Hemignathus wilsoni,Akiapolaau,AKIP
akikik,Oreomystis bairdi,Akikiki,AKIK
alaant1,Myrmotherula snowi,Alagoas Antwren,
alacur1,Mitu mitu,Alagoas Curassow,
alagre1,Tachybaptus rufolavatus,Alaotra Grebe,
alatyr1,Phylloscartes ceciliae,Alagoas Tyrannulet,
alblyr1,Menura alberti,Albert's Lyrebird,
albowl1,Glaucidium albertinum,Albertine Owlet,
albwar1,Nesillas aldabrana,Aldabra Brush Warbler,
alddro1,Dicrurus aldabranus,Aldabra Drongo,
aldfly,Empidonax alnorum,Alder Flycatcher,ALFL
aldwhe1,Zosterops aldabrensis,,
aleowl1,Asio abyssinicus,Abyssinian Owl,
alepar1,Polytelis alexandrae,Princess Parrot,
alepar2,Psittacula eupatria,Alexandrine Parakeet,
aleswi1,Apus alexandri,Cape Verde Swift,
aleter1,Onychoprion aleuticus,Aleutian Tern,ALTE
alfant1,Hylopezus whittakeri,Alta Floresta Antpitta,
alfgle1,Philydor novaesi,Alagoas Foliage-gleaner,
algnut1,Sitta ledanti,Algerian Nuthatch,
allant1,Percnostola arenarum,Allpahuayo Antbird,
allgal1,Porphyrio alleni,Allen's Gallinule,
allhum,Selasphorus sasin,Allen's Hummingbird,ALHU
alomyz1,Myzomela prawiradilagae,Alor Myzomela,
alpacc1,Prunella collaris,Alpine Accentor,
alplew1,Phylloscopus occisinensis,,
alpmun1,Lonchura monticola,Eastern Alpine Mannikin,
alppip1,Anthus gutturalis,Alpine Pipit,
alprob1,Petroica bivittata,Mountain Robin,
alpswi1,Apus melba,,
alptap1,Scytalopus alvarezlopezi,Tatama Tapaculo,
alpthr1,Zoothera mollissima,Alpine Thrush,
alsred1,Phoenicurus alaschanicus,Przevalski's Redstart,
altori,Icterus gularis,Altamira Oriole,ALOR
altsno1,Tetraogallus altaicus,Altai Snowcock,
altyel1,Geothlypis flavovelata,Altamira Yellowthroat,
amaant1,Myrmothera berlepschi,Amazonian Antpitta,
amaant2,Thamnophilus amazonicus,Amazonian Antshrike,
amabaw1,Dendrocolaptes certhia,Amazonian Barred Woodcreeper,
amahum1,Amazilis amazilia,Amazilia Hummingbird,
amakin1,Chloroceryle amazona,Amazon Kingfisher,
amapar1,Nannopsittaca dachilleae,Manu Parrotlet,
amapyo1,Glaucidium hardyi,Amazonian Pygmy Owl,
amasta1,Myrmotherula multostriata,Amazonian Streaked Antwren,
amasun2,Hedydipna pallidigaster,Amani Sunbird,
amatyr1,Inezia subflava,Amazonian Inezia,
amaumb1,Cephalopterus ornatus,Amazonian Umbrellabird,
amawoo1,Scolopax mira,Amami Woodcock,
ambduc,Anas rubripes,American Black Duck,ABDU
ambtyr1,Knipolegus poecilocercus,Amazonian Black Tyrant,
ambwhe1,Zosterops kuehni,Ambon White-eye,
ameavo,Recurvirostra americana,American Avocet,AMAV
amebit,Botaurus lentiginosus,American Bittern,AMBI
amecro,Corvus brachyrhynchos,American Crow,AMCR
amedip,Cinclus mexicanus,American Dipper,AMDI
amedov1,Phapitreron amethystinus,Amethyst Brown Dove,
amegfi,Spinus tristis,American Goldfinch,AMGO
amekes,Falco sparverius,American Kestrel,AMKE
ameoys,Haematopus palliatus,American Oystercatcher,AMOY
amepip,Anthus rubescens,American Pipit,AMPI
amered,Setophaga ruticilla,American Redstart,AMRE
amerob,Turdus migratorius,American Robin,AMRO
amesun2,Chalcomitra amethystina,Amethyst Sunbird,
amewig,Mareca americana,American Wigeon,AMWI
amewoo,Scolopax minor,American Woodcock,AMWO
amewoo1,Calliphlox amethystina,Amethyst Woodstar,
amgplo,Pluvialis dominica,American Golden Plover,AMGP
amhgul1,,,
ampkin1,Chloroceryle aenea,American Pygmy Kingfisher,
amptap1,Scytalopus whitneyi,Ampay Tapaculo,
amsduc1,Mareca marecula,Amsterdam Wigeon,
amsfly1,Sublegatus obscurior,Amazonian Scrub Flycatcher,
amthum1,Lampornis amethystinus,Amethyst-throated Mountaingem,
amtspa,Spizelloides arborea,American Tree Sparrow,ATSP
amtsun1,Heliangelus amethysticollis,Amethyst-throated Sunangel,
amtsun2,,,
amtsun4,,,
amufal1,Falco amurensis,Amur Falcon,
amupaf1,Terpsiphone incei,Amur Paradise Flycatcher,
amwpel,Pelecanus erythrorhynchos,American White Pelican,AWPE
anawax1,Estrilda poliopareia,Anambra Waxbill,
anbtyr1,Phylloscartes lanyoni,,
anbwar1,Nesillas longicaudata,,
ancant1,Herpsilochmus gentryi,Ancient Antwren,
ancbar1,Stactolaema anchietae,Anchieta's Barbet,
anccha1,Xenocopsychus ansorgei,Angola Cave Chat,
ancdov1,Macropygia rufipennis,Andaman Cuckoo-Dove,
anchum1,Orthorhyncus cristatus,Antillean Crested Hummingbird,ACHU
ancmur,Synthliboramphus antiquus,Ancient Murrelet,ANMU
ancsun1,Anthreptes anchietae,Anchieta's Sunbird,
anctap1,Scytalopus affinis,Ancash Tapaculo,
andavo1,Recurvirostra andina,Andean Avocet,
andbul1,Brachypodius fuscoflavescens,,
andcon1,Vultur gryphus,Andean Condor,
andcot1,Rupicola peruvianus,Andean Cock-of-the-rock,
andcou1,Centropus andamanensis,Andaman Coucal,
andcra1,Rallina canningi,Andaman Crake,
andcus1,Coracina dobsoni,Andaman Cuckooshrike,
anddro1,Dicrurus andamanensis,Andaman Drongo,
andduc1,Oxyura ferruginea,,
andeme1,Uranomitra franciae,Andean Emerald,
andfla2,Phoenicoparrus andinus,Andean Flamingo,
andfli1,Colaptes rupicola,Andean Flicker,
andflo1,Dicaeum virescens,Andaman Flowerpecker,
andgoo1,Oressochen melanopterus,,
andgua1,Penelope montagnii,Andean Guan,
andgul1,Chroicocephalus serranus,Andean Gull,
andhao1,Ninox affinis,Andaman Boobook,
andhil2,Oreotrochilus stolzmanni,Green-headed Hillstar,
andhil3,Oreotrochilus estella,Andean Hillstar,
andlap1,Vanellus resplendens,Andean Lapwing,
andneg1,Lessonia oreas,Andean Negrito,
andnig1,Caprimulgus andamanicus,Andaman Nightjar,
andpar1,Bolborhynchus orbygnesius,Andean Parakeet,
andpot1,Nyctibius maculosus,Andean Potoo,
andsha1,Copsychus albiventris,Andaman Shama,
andsis1,Spinus spinescens,Andean Siskin,
andsni1,Gallinago jamesoni,Jameson's Snipe,
andsol1,Myadestes ralloides,Andean Solitaire,
andswa2,Orochelidon andecola,Andean Swallow,
andswi1,Aeronautes andecolus,Andean Swift,
andtea1,Anas albogularis,Andaman Teal,
andtin1,Nothoprocta pentlandii,Andean Tinamou,
andtre1,Dendrocitta bayleii,Andaman Treepie,
andtyr2,Knipolegus cabanisi,Plumbeous Tyrant,
andtyr3,Knipolegus signatus,Jelski's Black Tyrant,
andwoo1,Dryocopus hodgei,Andaman Woodpecker,
angbat1,Batis minulla,Angola Batis,
anghel1,Prionops gabela,Gabela Helmetshrike,
anglar1,Mirafra angolensis,,
angpet1,Macronectes giganteus,Southern Giant Petrel,SGPE
angslf1,Melaenornis brunneus,Angola Slaty Flycatcher,
angswa1,Hirundo angolensis,Angola Swallow,
anhing,Anhinga anhinga,Anhinga,ANHI
aniani,Magumma parva,Anianiau,ANIA
anjsun2,Cinnyris comorensis,Anjouan Sunbird,
ankser2,Crithagra ankoberensis,Ankober Serin,
annhum,Calypte anna,Anna's Hummingbird,ANHU
anpowl1,Glaucidium jardinii,Andean Pygmy Owl,
anpswi,Tachornis phoenicobia,Antillean Palm Swift,
anseag1,Spilornis elgini,Andaman Serpent Eagle,
ansgre1,Eurillas ansorgei,Ansorge's Greenbul,
ansowl1,Otus balli,Andaman Scops Owl,
ansowl2,Otus capnodes,Anjouan Scops Owl,
antant1,Grallaria urraoensis,Urrao Antpitta,
antbrf1,Atlapetes blancae,Antioquia Brushfinch,
anteup1,Chlorophonia musica,Hispaniolan Euphonia,ANEU
antman1,Anthracothorax dominicus,Hispaniolan Mango,
antnig,Chordeiles gundlachii,Antillean Nighthawk,ANNI
antpar1,Cyanoramphus unicolor,Antipodes Parakeet,
antpet1,Thalassoica antarctica,Antarctic Petrel,ANPE
antpic1,Nesoctites micromegas,Antillean Piculet,
antsha1,Leucocarbo bransfieldensis,,
antsis1,Spinus dominicensis,Antillean Siskin,
antspi1,Leptasthenura andicola,Andean Tit-Spinetail,
antter1,Sterna vittata,Antarctic Tern,ANTE
antwre2,Thryophilus sernai,Antioquia Wren,
anweye1,Zosterops griseovirescens,Annobon White-eye,
anwpig1,Columba palumboides,Andaman Wood Pigeon,
apapan,Himatione sanguinea,Apapane,APAP
apapan2,Himatione fraithii,Laysan Honeycreeper,
apbsun2,Cinnyris buettikoferi,Apricot-breasted Sunbird,
apifly1,Myiarchus apicalis,Apical Flycatcher,
aplfal,Falco femoralis,Aplomado Falcon,APFA
apomyn2,Goodfellowia miranda,Apo Myna,
apostl1,Struthidea cinerea,Apostlebird,
apowre1,Cistothorus apolinari,Apolinar's Wren,
apptet1,Xanthomixis apperti,Appert's Tetraka,
apubrf1,Atlapetes forbesi,Apurimac Brushfinch,
apuspi1,Synallaxis courseni,Apurimac Spinetail,
aquwar1,Acrocephalus paludicola,Aquatic Warbler,
arabab1,Argya squamiceps,Arabian Babbler,
arabus1,Ardeotis arabs,Arabian Bustard,
arafan1,Rhipidura dryas,Arafura Fantail,
araman1,Antilophia bokermanni,,
arapar1,Alectoris melanocephala,Arabian Partridge,
arasco1,Otus pamelae,Arabian Scops Owl,
arawax1,Estrilda rufibarba,Arabian Waxbill,
arawoo1,Dendrocoptes dorae,Arabian Woodpecker,
arcbow1,Archboldia papuensis,Archbold's Bowerbird,
arcbuz1,Buteo archeri,,
arcloo,Gavia arctica,Black-throated Loon,ARLO
arcnew1,Newtonia archboldi,Archbold's Newtonia,
arcnig1,Eurostopodus archboldi,Archbold's Nightjar,
arcter,Sterna paradisaea,Arctic Tern,ARTE
arcwar1,Phylloscopus borealis,Arctic Warbler,ARWA
arcwar2,Phylloscopus examinandus,Kamchatka Leaf Warbler,
arcwar3,Phylloscopus xanthodryas,Japanese Leaf Warbler,
arfast1,Astrapia nigra,Arfak Astrapia,
arfcat1,Ailuroedus arfakianus,,
arfhon1,Melipotes gymnops,Arfak Honeyeater,
argspa2,Passer euchlorus,Arabian Golden Sparrow,
ariwoo,Dryobates arizonae,,ARWO
armbab1,Turdoides jardineii,Arrow-marked Babbler,
armgul1,Larus armenicus,Armenian Gull,
arrcha1,Cossypha archeri,,
arrpic1,Picumnus minutissimus,Arrowhead Piculet,
arrwar1,Setophaga pharetra,Arrowhead Warbler,ARRW
artspi1,Leptasthenura setaria,Araucaria Tit-Spinetail,
asbant1,Myrmoborus lugubris,Ash-breasted Antbird,
asbfly,Muscicapa dauurica,Asian Brown Flycatcher,
asbfly1,Muscicapa randi,Ashy-breasted Flycatcher,
asbowl1,Glaucidium cuculoides,Asian Barred Owlet,
asbspi1,Cranioleuca curtata,Ash-browed Spinetail,
asbwhe1,Zosterops citrinella,Ashy-bellied White-eye,
asccra1,Mundia elpenor,Ascension Crake,
asccuc1,Coccycua cinerea,Ash-colored Cuckoo,
ascspl1,Eremopterix griseus,Ashy-crowned Sparrow-Lark,
asctap1,Myornis senilis,Ash-colored Tapaculo,
asdwar1,Curruca nana,Asian Desert Warbler,
asecuc1,Chrysococcyx maculatus,Asian Emerald Cuckoo,
asfblu1,Irena puella,Asian Fairy-bluebird,
asfbul1,Pycnonotus cinereifrons,Ashy-fronted Bulbul,
asfowl1,Tyto glaucops,Ashy-faced Owl,AFOW
asgsta1,Aplonis panayensis,Asian Glossy Starling,
asgwea2,Ploceus hypoxanthus,Asian Golden Weaver,
ashant1,Myrmotherula grisea,Yungas Antwren,
ashbab1,Pellorneum cinereiceps,Ashy-headed Babbler,
ashbul1,Hemixos flavala,Ashy Bulbul,
ashcis1,Cisticola cinereolus,Ashy Cisticola,
ashcus2,Coracina cinerea,,
ashcus3,Coracina cucullata,,
ashdro1,Dicrurus leucophaeus,Ashy Drongo,
ashflo1,Dicaeum vulneratum,Ashy Flowerpecker,
ashfly1,Fraseria caerulescens,Ashy Flycatcher,
ashgoo1,Chloephaga poliocephala,Ashy-headed Goose,
ashgre1,Hylophilus pectoralis,Ashy-headed Greenlet,
ashlar1,Mirafra ashi,,
ashlau1,Argya cinereifrons,Ashy-headed Laughingthrush,
ashmar1,Delichon dasypus,Asian House Martin,
ashmin1,Pericrocotus divaricatus,Ashy Minivet,
ashmyz1,Myzomela cineracea,Ashy Myzomela,
ashpri1,Prinia socialis,Ashy Prinia,
ashsta2,Lamprotornis unicolor,Ashy Starling,
ashtai1,Orthotomus ruficeps,Ashy Tailorbird,
ashthr1,Geokichla cinerea,Ashy Thrush,
ashtit2,Melaniparus cinerascens,Ashy Tit,
ashtyr1,Phyllomyias cinereiceps,,
ashwoo1,Mulleripicus fulvus,Ashy Woodpecker,
ashwoo2,Artamus fuscus,Ashy Woodswallow,
asidow1,Limnodromus semipalmatus,Asian Dowitcher,
asidrc2,Surniculus dicruroides,Fork-tailed Drongo-Cuckoo,
asidrc3,Surniculus lugubris,Square-tailed Drongo-Cuckoo,
asidrc4,Surniculus musschenbroeki,Moluccan Drongo-Cuckoo,
asifri1,Fregata aquila,Ascension Frigatebird,
asikoe2,Eudynamys scolopaceus,Asian Koel,
asikoe3,Eudynamys orientalis,Pacific Koel,
asiope1,Anastomus oscitans,Asian Openbill,
asistu1,Urosphena squameiceps,Asian Stubtail,
aspfly1,Terpsiphone paradisi,Indian Paradise Flycatcher,
aspsta2,Gracupica contra,Indian Pied Myna,
aspswi1,Cypsiurus balasiensis,Asian Palm Swift,
asrfin1,Leucosticte arctoa,Asian Rosy Finch,
asslau1,Trochalopteron chrysopterum,Assam Laughingthrush,
asspet,Hydrobates homochroa,Ashy Storm Petrel,ASSP
astant1,Herpsilochmus parkeri,Ash-throated Antwren,
astcas2,Casiornis fuscus,Ash-throated Casiornis,
astcra1,Mustelirallus albicollis,Ash-throated Crake,
astfly,Myiarchus cinerascens,Ash-throated Flycatcher,ATFL
astgna1,Conopophaga peruviana,Ash-throated Gnateater,
astpar1,Sinosuthora alphonsiana,,
astwar2,Phylloscopus maculipennis,Ashy-throated Warbler,
aswant1,Euchrepomis spodioptila,Ash-winged Antwren,
aswpig1,Columba pulchricollis,Ashy Wood Pigeon,
atbtan1,Chlorospingus canigularis,Ashy-throated Chlorospingus,
atfdov1,Ptilinopus coralensis,Atoll Fruit Dove,
athscr1,Sericornis keri,Atherton Scrubwren,
atigre1,Podilymbus gigas,Atitlan Grebe,
atiswi1,Aerodramus sawtelli,Atiu Swiftlet,
atlfly1,Ficedula speculigera,Atlas Pied Flycatcher,
atlpet1,Pterodroma incerta,Atlantic Petrel,
atlpuf,Fratercula arctica,Atlantic Puffin,ATPU
atosta1,Aplonis feadensis,Atoll Starling,
attwoo1,Picoides dorsalis,American Three-toed Woodpecker,ATTW
audgul1,Ichthyaetus audouinii,Audouin's Gull,
audori,Icterus graduacauda,Audubon's Oriole,AUOR
audshe,Puffinus lherminieri,Sargasso Shearwater,SASH
audshe3,Puffinus subalaris,Galapagos Shearwater,
audwar,,,
augbuz1,Buteo augur,Augur Buzzard,
auimer1,Mergus australis,New Zealand Merganser,
auirai1,Lewinia muelleri,Auckland Rail,
auisha1,Leucocarbo colensoi,Auckland Shag,
auitea1,Anas aucklandica,Auckland Teal,
aukpar1,Alisterus scapularis,Australian King Parrot,
aumowl1,Tyto novaehollandiae,Australasian Masked Owl,
auonig1,Aegotheles cristatus,Australian Owlet-nightjar,
aupowl1,Glaucidium nana,Austral Pygmy Owl,
aurwar1,Acrocephalus australis,Australian Reed Warbler,
ausbit1,Botaurus poiciloptilus,Australasian Bittern,
ausbla1,Curaeus curaeus,Austral Blackbird,
ausbrt1,Alectura lathami,Australian Brushturkey,
ausbus1,Ardeotis australis,Australian Bustard,
ausbus2,Mirafra javanica,Singing Bush Lark,
auscan1,Asthenes anthoides,Austral Canastero,
auscra1,Porzana fluminea,Australian Crake,
ausfig1,Sphecotheres vieilloti,Australasian Figbird,
ausgan1,Morus serrator,Australasian Gannet,
ausgre1,Tachybaptus novaehollandiae,Australasian Grebe,
ausgro1,Tyto longimembris,Eastern Grass Owl,
aushob1,Falco longipennis,Australian Hobby,
ausibi1,Threskiornis molucca,Australian White Ibis,
auskes1,Falco cenchroides,Nankeen Kestrel,
auskit1,Elanus axillaris,Black-shouldered Kite,
ausmag2,Gymnorhina tibicen,Australian Magpie,
ausneg1,Lessonia rufa,Austral Negrito,
auspar1,Enicognathus ferrugineus,Austral Parakeet,
auspas1,Rostratula australis,Australian Painted-snipe,
auspel1,Pelecanus conspicillatus,Australian Pelican,
auspip1,Anthus novaeseelandiae,New Zealand Pipit,
auspip2,,,
auspra1,Stiltia isabella,,
ausrai1,Rallus antarcticus,Austral Rail,
ausrav1,Corvus coronoides,Australian Raven,
ausshe1,Tadorna tadornoides,Australian Shelduck,
aussho1,Spatula rhynchotis,Australasian Shoveler,
ausswi1,Aerodramus terraereginae,Australian Swiftlet,
austhr1,Turdus falcklandii,Austral Thrush,
ayebul1,Pycnonotus blanfordi,Ayeyarwady Bulbul,
ayheag1,Hieraaetus ayresii,Ayres's Hawk-Eagle,
ayweye3,Zosterops luteus,Canary White-eye,
azaspi1,Synallaxis azarae,Azara's Spinetail,
azbpit1,Pitta steerii,Azure-breasted Pitta,
azchum1,Saucerottia cyanocephala,Azure-crowned Hummingbird,
azhjay1,Cyanolyca cucullata,Azure-hooded Jay,
aznjay1,Cyanocorax heilprini,Azure-naped Jay,
azrpar1,Tanygnathus sumatranus,Azure-rumped Parrot,
azrtan1,Poecilostreptus cabanisi,Azure-rumped Tanager,
azstan1,Thraupis cyanoptera,Azure-shouldered Tanager,
aztthr,Ridgwayia pinicola,Aztec Thrush,AZTH
azugal1,Porphyrio flavirostris,Azure Gallinule,
azujay1,Cyanocorax caeruleus,,
azukin1,Ceyx azureus,Azure Kingfisher,
azutit2,Cyanistes cyanus,Azure Tit,
azwmag2,Cyanopica cyanus,Azure-winged Magpie,
azwmag3,Cyanopica cooki,Iberian Magpie,
babcra1,Zapornia paykullii,Band-bellied Crake,
babcuc2,Cacomantis sonneratii,Banded Bay Cuckoo,
babcuc4,Coccyzus rufigularis,Bay-breasted Cuckoo,
babcus1,Coracina striata,Bar-bellied Cuckooshrike,
babfir1,Lagonosticta rufopicta,Bar-breasted Firefinch,
babhon1,Ramsayornis fasciatus,Bar-breasted Honeyeater,
babowl1,Pulsatrix melanota,Band-bellied Owl,
babpar1,Arborophila brunneopectus,Bar-backed Partridge,
babpic1,Picumnus aurifrons,Bar-breasted Piculet,
babpit1,Hydrornis elliotii,Bar-bellied Pitta,
babshr1,Lanius vittatus,Bay-backed Shrike,
babsta1,Neocichla gutturalis,Babbling Starling,
babtan1,Tangara vassorii,Blue-and-black Tanager,
babwar,Setophaga castanea,Bay-breasted Warbler,BBWA
babwoo1,Hylexetastes stresemanni,Bar-bellied Woodcreeper,
babwoo2,Dryobates nigriceps,,
babwoo3,Meiglyptes jugularis,Black-and-buff Woodpecker,
babwre1,Campylorhynchus zonatus,Band-backed Wren,
bacant1,Gymnocichla nudiceps,Bare-crowned Antbird,
bacant2,Thamnophilus multistriatus,Bar-crested Antshrike,
bacbab1,Turdoides gymnogenys,Bare-cheeked Babbler,
bacdov1,Macropygia unchall,Barred Cuckoo-Dove,
baceag2,Spizaetus isidori,Black-and-chestnut Eagle,
bacfan1,Rhipidura nigrocinnamomea,Black-and-cinnamon Fantail,
bacori1,Oriolus cruentus,Javan Oriole,
bacspa,Peucaea aestivalis,Bachman's Sparrow,BACS
bactro1,Apaloderma aequatoriale,Bare-cheeked Trogon,
bacwar,Vermivora bachmanii,Bachman's Warbler,
baeant1,Rhegmatorhina gymnops,Bare-eyed Antbird,
baemyn1,Streptocitta albertinae,Bare-eyed Myna,
baeowl1,Bubo sumatranus,,
baepig2,Patagioenas corensis,Bare-eyed Pigeon,
baepoc1,Aythya baeri,Baer's Pochard,
baerai1,Gymnocrex plumbeiventris,Bare-eyed Rail,
baerob1,Turdus nudigenis,Spectacled Thrush,
bafbul1,Nok hualon,Bare-faced Bulbul,
bafcur1,Crax fasciolata,Bare-faced Curassow,
baffal1,Micrastur ruficollis,Barred Forest Falcon,
bafibi1,Phimosus infuscatus,Bare-faced Ibis,
bafrai2,Gymnocrex rosenbergii,Blue-faced Rail,
bagbab2,Leonardina woodi,Bagobo Babbler,
bagcot1,Lipaugus ater,Black-and-gold Cotinga,
bagcuc1,Neomorphus radiolosus,Banded Ground Cuckoo,
bagtan1,Bangsia arcaei,Blue-and-gold Tanager,
bagtan2,Bangsia melanochlamys,Black-and-gold Tanager,
bagwea1,Ploceus baglafecht,Baglafecht Weaver,
bahant1,Herpsilochmus pileatus,Bahia Antwren,
bahgoo,Anser indicus,Bar-headed Goose,
bahlau1,Melanocichla calva,Bare-headed Laughingthrush,
bahmoc,Mimus gundlachii,Bahama Mockingbird,BAMO
bahnig1,Nyctiprogne vielliardi,Plain-tailed Nighthawk,
bahspi1,Synallaxis cinerea,Bahia Spinetail,
bahswa,Tachycineta cyaneoviridis,Bahama Swallow,BAHS
bahtan1,Tangara gyrola,Bay-headed Tanager,
bahtap1,Eleoscytalopus psychopompus,Bahia Tapaculo,
bahtre1,,,
bahtyr1,Phylloscartes beckeri,Bahia Tyrannulet,
bahwoo,Nesophlox evelynae,Bahama Woodstar,BAWO
bahyel1,Geothlypis rostrata,Bahama Yellowthroat,BAYE
baicra1,Zapornia pusilla,Baillon's Crake,
baifly1,Myiodynastes bairdii,Baird's Flycatcher,
baipig1,Ducula bakeri,Vanuatu Imperial Pigeon,
baisan,Calidris bairdii,Baird's Sandpiper,BASA
baispa,Centronyx bairdii,Baird's Sparrow,BAIS
baitea,Sibirionetta formosa,Baikal Teal,BATE
baitro1,Trogon bairdii,Baird's Trogon,
bakind1,Vidua larvaticola,Barka Indigobird,
baleag,Haliaeetus leucocephalus,Bald Eagle,BAEA
balibi1,Geronticus calvus,Southern Bald Ibis,
balica1,Dicrurus balicassius,Balicassiao,
balmal2,Malimbus ballmanni,Gola Malimbe,
balmyn1,Leucopsar rothschildi,Bali Starling,
balori,Icterus galbula,Baltimore Oriole,BAOR
balowl,Margarobyas lawrencii,Bare-legged Owl,
balpar1,Pyrilia aurantiocephala,Bald Parrot,
balshe1,Puffinus mauretanicus,,
balspi1,Neafrapus boehmi,Böhm's Spinetail,
balswi1,Aerodramus nuditarsus,Bare-legged Swiftlet,
balwar1,Curruca balearica,Balearic Warbler,
bamant1,Cymbilaimus sanctaemariae,Bamboo Antshrike,
bamapa1,Apalis bamendae,Bamenda Apalis,
bamwoo1,Gecinulus viridis,Bamboo Woodpecker,
banana,Coereba flaveola,Bananaquit,BANA
banant1,Cercomacra ferdinandi,Bananal Antbird,
banant2,Dichrozona cincta,Banded Antbird,
banbar1,Lybius undatus,Banded Barbet,
banbro1,Eurylaimus javanicus,Banded Broadbill,
bancor1,Phalacrocorax neglectus,Bank Cormorant,
bancot1,Cotinga maculata,Banded Cotinga,
bancro1,Corvus unicolor,Banggai Crow,
banfru1,Gymnoderus foetidus,Bare-necked Fruitcrow,
banhon1,Cissomela pectoralis,Banded Honeyeater,
banjuf1,Cyornis pelingensis,Banggai Jungle Flycatcher,
bankes1,Falco zoniventris,Banded Kestrel,
bankin1,Lacedo pulchella,Banded Kingfisher,
banlap1,Vanellus tricolor,Banded Lapwing,
banmar1,Neophedina cincta,Banded Martin,
banmyn1,Acridotheres ginginianus,Bank Myna,
banmyz1,Myzomela boiei,Banda Myzomela,
banpit2,Hydrornis guajanus,Javan Banded Pitta,
banpit3,Hydrornis irena,Malayan Banded Pitta,
banpit4,Hydrornis schwaneri,Bornean Banded Pitta,
banpri1,Prinia bairdii,Banded Prinia,
banpri3,,,
banqua1,Philortyx fasciatus,Banded Quail,
banscw1,Bradypterus bangwaensis,Bangwa Forest Warbler,
bansti1,Cladorhynchus leucocephalus,Banded Stilt,
bansun1,Anthreptes rubritorques,Banded Green Sunbird,
bansun3,Cyanomitra bannermani,Bannerman's Sunbird,
banswa,Riparia riparia,Sand Martin,BANS
bantur1,Tauraco bannermani,Bannerman's Turaco,
banumb1,Cephalopterus glabricollis,Bare-necked Umbrellabird,
banwar2,Curruca boehmi,Banded Parisoma,
banwea1,Ploceus bannermani,Bannerman's Weaver,
banwhi1,Aphelocephala nigricincta,Banded Whiteface,
banwoo2,Chrysophlegma miniaceum,Banded Woodpecker,
banwre1,Thryophilus pleurostictus,Banded Wren,
barant1,Thamnophilus doliatus,Barred Antshrike,
barant2,Chamaeza mollissima,Barred Antthrush,
barbec1,Pachyramphus versicolor,Barred Becard,
barbro1,Cymbirhynchus macrorhynchos,Black-and-red Broadbill,
barbul1,Loxigilla barbadensis,Barbados Bullfinch,
barbut1,Turnix suscitator,Barred Buttonquail,
barcud1,Macropygia modiglianii,Barusan Cuckoo-Dove,
bardov2,Geopelia maugeus,Barred Dove,
barfin1,,,
barfly1,Ficedula nigrorufa,Black-and-orange Flycatcher,
barfru1,Pipreola arcuata,Barred Fruiteater,
bargol,Bucephala islandica,Barrow's Goldeneye,BAGO
bargoo,Branta leucopsis,Barnacle Goose,BRNG
barhaw1,Morphnarchus princeps,Barred Hawk,
barhob1,Pernis celebensis,Barred Honey Buzzard,
barhob2,Pernis steerei,Philippine Honey Buzzard,
barhon2,Gliciphila undulata,Barred Honeyeater,
barlar1,Calendulauda barlowi,,
barlau1,Ianthocincla lunulata,Barred Laughingthrush,
barowl1,Ninox connivens,Barking Owl,
barowl13,Strix sartorii,Cinereous Owl,
barowl28,,,
barowl5,Tyto deroepstorffi,Andaman Masked Owl,
barowl7,,,
barown1,Aegotheles bennettii,Barred Owlet-nightjar,
barown2,Aegotheles affinis,Vogelkop Owlet-nightjar,
barpar1,Bolborhynchus lineola,Barred Parakeet,
barpar2,Alectoris barbara,Barbary Partridge,
barpet,Hydrobates castro,Band-rumped Storm Petrel,BANP
barpet1,Pterodroma baraui,Barau's Petrel,
barpuf1,Nystalus radiatus,Barred Puffbird,
barrai1,Gallirallus torquatus,Barred Rail,
barswa,Hirundo rustica,Barn Swallow,BARS
barswa1,Hirundo nigrorufa,Black-and-rufous Swallow,
barswi,Chaetura spinicaudus,Band-rumped Swift,
bartin1,Crypturellus casiquiare,Barred Tinamou,
bartin2,Crypturellus bartletti,Bartlett's Tinamou,
bartyr1,Phylloscartes sylviolus,Bay-ringed Tyrannulet,
barwaf2,Poospiza whitii,Black-and-chestnut Warbling Finch,
barwar,Setophaga subita,Barbuda Warbler,BARW
barwar1,Curruca nisoria,Barred Warbler,
barwar2,Acrocephalus griseldis,Basra Reed Warbler,
basdov1,Geopelia humeralis,Bar-shouldered Dove,
baseag1,Circaetus cinerascens,Western Banded Snake Eagle,
basowl,Megascops seductus,Balsas Screech Owl,
baswar1,Locustella alfredi,Bamboo Warbler,
batant1,Hypocnemoides maculicauda,Band-tailed Antbird,
batant2,Thamnophilus melanothorax,Band-tailed Antshrike,
batant3,Myrmotherula urosticta,Band-tailed Antwren,
batapa2,Apalis thoracica,Bar-throated Apalis,
batapa3,Apalis flavigularis,Yellow-throated Apalis,
batapa4,Apalis fuscigularis,Taita Apalis,
batapa5,Apalis lynesi,Namuli Apalis,
batbar1,Threnetes ruckeri,Band-tailed Barbthroat,
batbel1,Procnias nudicollis,Bare-throated Bellbird,
batear1,Ochetorhynchus phoenicurus,Band-tailed Earthcreeper,
batele1,Terathopius ecaudatus,Bateleur,
batfal1,Falco rufigularis,Bat Falcon,
batfru1,Pipreola intermedia,Band-tailed Fruiteater,
batgod,Limosa lapponica,Bar-tailed Godwit,BARG
batgua1,Penelope argyrotis,Band-tailed Guan,
bathaw1,Macheiramphus alcinus,Bat Hawk,
batlar1,Ammomanes cinctura,Bar-tailed Lark,
batman1,Pipra fasciicauda,Band-tailed Manakin,
batnig1,Nyctiprogne leucopyga,Band-tailed Nighthawk,
batnig2,Caprimulgus batesi,Bates's Nightjar,
batoro1,Cacicus latirostris,Band-tailed Cacique,
batpaf1,Terpsiphone batesi,Bates's Paradise Flycatcher,
batpig1,Patagioenas fasciata,Band-tailed Pigeon,BTPI
batsee1,Catamenia analis,Band-tailed Seedeater,
batsee2,Sporophila nigrorufa,Black-and-tawny Seedeater,
batsun2,Cinnyris batesi,Bates's Sunbird,
batswi1,Apus batesi,Bates's Swift,
battre1,Certhia himalayana,Bar-tailed Treecreeper,
battro1,Apaloderma vittatum,Bar-tailed Trogon,
batwea1,Ploceus batesi,Bates's Weaver,
batwhi1,Pachycephala nudigula,Bare-throated Whistler,
baugre1,Phyllastrephus baumanni,Baumann's Olive Greenbul,
baugua1,Penelope ortoni,Baudo Guan,
bauoro2,Psarocolius cassini,Baudo Oropendola,
bavcot1,Doliornis sclateri,Bay-vented Cotinga,
bawant1,Myrmochanes hemileucus,Black-and-white Antbird,
bawbec1,Pachyramphus albogriseus,Black-and-white Becard,
bawbul2,Brachypodius melanoleucos,,
bawcow3,Agelaioides fringillarius,Pale Baywing,
bawcow4,Agelaioides badius,Greyish Baywing,
baweye1,Platysteira laticincta,Banded Wattle-eye,
baweye2,Zosterops vellalavella,Vella Lavella White-eye,
bawfly1,Bias musicus,Black-and-white Shrike-flycatcher,
bawfly2,Cyanoptila cyanomelana,Blue-and-white Flycatcher,
bawhae1,Spizaetus melanoleucus,Black-and-white Hawk-Eagle,
bawhor2,Bycanistes subcylindricus,Black-and-white-casqued Hornbill,
bawkin1,Todiramphus diops,Blue-and-white Kingfisher,
bawman1,Spermestes bicolor,Black-and-white Mannikin,
bawman3,,,
bawmoc1,Melanotis hypoleucus,Blue-and-white Mockingbird,
bawmon1,Symposiachrus barbatus,Solomons Monarch,
bawmon3,Heteroxolmis dominicana,Black-and-white Monjita,
bawnig1,Systellura longirostris,Band-winged Nightjar,
bawnig3,Systellura decussata,,
bawori1,Icterus maculialatus,Bar-winged Oriole,
bawowl1,Ciccaba nigrolineata,,
bawpri1,Prinia familiaris,Bar-winged Prinia,
bawrai1,Gallirallus poecilopterus,Bar-winged Rail,
bawsee1,Sporophila luctuosa,Black-and-white Seedeater,
bawswa1,Pygochelidon cyanoleuca,Blue-and-white Swallow,
bawtan1,Conothraupis speculigera,Black-and-white Tanager,
bawtri1,Lalage melanoleuca,Black-and-white Triller,
bawtyr1,Poecilotriccus capitalis,Black-and-white Tody-Flycatcher,
bawwar,Mniotilta varia,Black-and-white Warbler,BAWW
bawwar1,Calamonastes fasciolatus,Barred Wren-Warbler,
bawwea1,Ploceus angolensis,Bar-winged Weaver,
bayant1,Grallaria capitalis,Bay Antpitta,
baybro1,Eurylaimus ochromalus,Black-and-yellow Broadbill,
baycou1,Centropus celebensis,Bay Coucal,
bayfly1,Phainoptila melanoxantha,Black-and-yellow Phainoptila,
baygro1,Mycerobas icterioides,Black-and-yellow Grosbeak,
baymac,Ara ararauna,Blue-and-yellow Macaw,
baymar1,Pseudoleistes virescens,Brown-and-yellow Marshbird,
baytan2,Chrysothlypis chrysomelas,Black-and-yellow Tanager,
baytan3,Rauenia bonariensis,Blue-and-yellow Tanager,
baywea1,Ploceus philippinus,Baya Weaver,
baywoo1,Blythipicus pyrrhotis,Bay Woodpecker,
baywre1,Cantorchilus nigricapillus,Bay Wren,
bbbeat1,Nyctyornis athertoni,Blue-bearded Bee-eater,
bbbeat2,Merops variegatus,Blue-breasted Bee-eater,
bbbtan1,Urothraupis stolzmanni,Black-backed Bush Tanager,
bbbtyr1,Knipolegus cyanirostris,Blue-billed Black Tyrant,
bbcdov1,Macropygia nigrirostris,Bar-tailed Cuckoo-Dove,
bbctyr1,Ochthoeca fumicolor,Brown-backed Chat-Tyrant,
bbfdov1,Ptilinopus cinctus,Banded Fruit Dove,
bbfdov2,Ptilinopus alligator,Black-banded Fruit Dove,
bbfgle1,Syndactyla rufosuperciliata,Buff-browed Foliage-gleaner,
bbgsta1,Notopholia corusca,Black-bellied Starling,
bbifin1,Incaspiza laeta,Buff-bridled Inca Finch,
bbmtan1,Dubusia taeniata,Buff-banded Mountain Tanager,
bbmtou1,Andigena nigrirostris,Black-billed Mountain Toucan,
bbnthr1,Catharus gracilirostris,Black-billed Nightingale-Thrush,
bbopar1,Paradisaea rudolphi,,
bbrwar1,Acrocephalus bistrigiceps,Black-browed Reed Warbler,
bbsfin1,Sporophila atrirostris,Black-billed Seed Finch,
bbspet1,Fregetta tropica,Black-bellied Storm Petrel,
bbsrob1,Cercotrichas hartlaubi,Brown-backed Scrub Robin,
bbttyr1,Hemitriccus josephinae,Boat-billed Tody-Tyrant,
bbttyr2,Hemitriccus mirandae,Buff-breasted Tody-Tyrant,
bbwdov1,Turtur abyssinicus,Black-billed Wood Dove,
bbwduc,Dendrocygna autumnalis,Black-bellied Whistling Duck,BBWD
bbwqua1,Odontophorus leucolaemus,Black-breasted Wood Quail,
bbwtyr1,Fluvicola albiventer,Black-backed Water Tyrant,
bcatan1,Habia atrimaxillaris,,
bcbeag1,Geranoaetus melanoleucus,Black-chested Buzzard-Eagle,
bcbeat1,Merops persicus,Blue-cheeked Bee-eater,
bcbfin1,Atlapetes seebohmi,Bay-crowned Brushfinch,
bcfdov1,Ptilinopus leclancheri,,
bcfdov2,Ptilinopus monacha,Blue-capped Fruit Dove,
bcfgle1,Philydor atricapillus,Black-capped Foliage-gleaner,
bchpar1,Loriculus galgulus,Blue-crowned Hanging Parrot,
bcmtan1,Cnemathraupis eximia,Black-chested Mountain Tanager,
bcmtan2,Anisognathus notabilis,Black-chinned Mountain Tanager,
bcnher,Nycticorax nycticorax,Black-crowned Night Heron,BCNH
bcptan1,Phaenicophilus palmarum,Black-crowned Palm-tanager,
bcptyr1,Myiornis atricapillus,Black-capped Pygmy Tyrant,
bcrfin,Leucosticte australis,Brown-capped Rosy Finch,BCRF
bcrtai1,Prioniturus discurus,Blue-crowned Racket-tail,
bcrthr1,Monticola cinclorhyncha,Blue-capped Rock Thrush,
bcslar1,Eremopterix nigriceps,Black-crowned Sparrow-Lark,
bcswea1,Pseudonigrita cabanisi,Black-capped Social Weaver,
bctspi1,Leptasthenura fuliginiceps,Brown-capped Tit-Spinetail,
bcweye2,Zosterops atrifrons,Black-crowned White-eye,
bcwfin1,Castanozoster thoracicus,Bay-chested Warbling Finch,
bcwfin2,Microspingus melanoleucus,Black-capped Warbling Finch,
bcwpar1,Dendrortyx leucophrys,Buffy-crowned Wood Partridge,
bcwspi1,Spartonoica maluroides,Bay-capped Wren-Spinetail,
bcwwar1,Phylloscopus herberti,Black-capped Woodland Warbler,
beabar1,Lybius dubius,,
beabel1,Procnias averano,Bearded Bellbird,
beafir1,Stagonopleura bella,Beautiful Firetail,
beagua1,Penelope barbata,Bearded Guan,
beahum1,Calothorax pulcher,Beautiful Sheartail,
beajay1,Cyanolyca pulchra,Beautiful Jay,
beakin2,Todiramphus saurophagus,Beach Kingfisher,
beamou1,Oreonympha nobilis,Bearded Mountaineer,
beanut1,Sitta formosa,Beautiful Nuthatch,
bearee1,Panurus biarmicus,Bearded Reedling,
bearos1,Carpodacus pulcherrimus,Himalayan Beautiful Rosefinch,
beasib1,Heterophasia pulchella,Beautiful Sibia,
beasne1,Circaetus beaudouini,Beaudouin's Snake Eagle,
beasun2,Cinnyris pulchellus,Beautiful Sunbird,
beatac1,Polystictus pectoralis,Bearded Tachuri,
beathk1,Esacus magnirostris,Beach Stone-curlew,
beatre1,Margarornis bellulus,Beautiful Treerunner,
beawoo1,Chloropicus namaquus,Bearded Woodpecker,
beawoo2,Melanerpes pulcher,Beautiful Woodpecker,
becpet1,Pseudobulweria becki,Beck's Petrel,
becscr1,Sericornis beccarii,Tropical Scrubwren,
beehum1,Mellisuga helenae,Bee Hummingbird,
beelar1,Chersomanes beesleyi,Beesley's Lark,
befdov1,Ptilinopus pulchellus,Beautiful Fruit Dove,
begdov1,Metriopelia morenoi,Moreno's Ground Dove,
begdov2,Columbina cyanopis,Blue-eyed Ground Dove,
beibab1,Rhopophilus pekinensis,Beijing Babbler,
belfly1,Xenotriccus callizonus,Belted Flycatcher,
belgul,Larus belcheri,Belcher's Gull,BEGU
belkin1,Megaceryle alcyon,Belted Kingfisher,BEKI
belmel1,Melidectes belfordi,Belford's Melidectes,
belmin1,Manorina melanophrys,Bell Miner,
belspa2,Artemisiospiza belli,Bell's Sparrow,BESP
belvir,Vireo bellii,Bell's Vireo,BEVI
belyel1,Geothlypis beldingi,Belding's Yellowthroat,
benbus1,Mirafra assamica,,
benbuw1,Locustella seebohmi,Benguet Bush Warbler,
benflo2,Houbaropsis bengalensis,Bengal Florican,
benlar1,Certhilauda benguelensis,,
benthr,Toxostoma bendirei,Bendire's Thrasher,BETH
benwea1,Ploceus benghalensis,Black-breasted Weaver,
benwoo1,Campethera bennettii,Bennett's Woodpecker,
bepfly1,Terpsiphone bedfordi,Bedford's Paradise Flycatcher,
berant1,Drymophila rubricollis,Bertoni's Antbird,
bercan1,Asthenes berlepschi,Berlepsch's Canastero,
berfli1,Colaptes oceanicus,Bermuda Flicker,
berhaw1,Bermuteo avivorus,Bermuda Hawk,
berhum,Saucerottia beryllina,Berylline Hummingbird,BEHU
bernih1,Nyctanassa carcinocatactes,Bermuda Night Heron,
berpet,Pterodroma cahow,Bermuda Petrel,
berpip1,Anthus berthelotii,Berthelot's Pipit,
bertea1,Anas bernieri,Bernier's Teal,
bertin1,Crypturellus berlepschi,Berlepsch's Tinamou,
bertow1,Pipilo naufragus,Bermuda Towhee,
bervan1,Oriolia bernieri,Bernier's Vanga,
berwea2,Ploceus bertrandi,Bertram's Weaver,
besbab1,Pteruthius melanotis,Black-eared Shrike-babbler,
beslar1,Eremopterix australis,Black-eared Sparrow-Lark,
besowl,Megascops barbarus,Bearded Screech Owl,
besra1,Accipiter virgatus,,
besrob1,Cercotrichas quadrivirgata,,
bestan1,Tangara nigroviridis,Beryl-spangled Tanager,
beweye1,Zosterops superciliosus,Bare-eyed White-eye,
bewpar1,Dendrortyx barbatus,Bearded Wood Partridge,
bewqua1,Odontophorus melanotis,Black-eared Wood Quail,
bewwre,Thryomanes bewickii,Bewick's Wren,BEWR
bfbwar1,Horornis fortipes,Brown-flanked Bush Warbler,
bffgle,Dendroma rufa,Buff-fronted Foliage-gleaner,
bfgbir1,Corythaixoides personatus,,
bfgdov1,Metriopelia ceciliae,Bare-faced Ground Dove,
bfgtyr1,Muscisaxicola frontalis,Black-fronted Ground Tyrant,
bfoboo,Sula nebouxii,Blue-footed Booby,BFBO
bfpgua1,Pipile jacutinga,Black-fronted Piping Guan,
bfppar1,Micropsitta pusio,Buff-faced Pygmy Parrot,
bfqdov1,Zentrygon costaricensis,Buff-fronted Quail-Dove,
bfweye1,Zosterops minor,Black-fronted White-eye,
bfwqua1,Odontophorus atrifrons,Black-fronted Wood Quail,
bhbeat1,Merops breweri,Black-headed Bee-eater,
bhbeat2,Merops muelleri,Blue-headed Bee-eater,
bhcfly1,Trochocercus nitens,Blue-headed Crested Flycatcher,
bhmfin1,Leucosticte brandti,Brandt's Mountain Finch,
bhnthr1,Catharus mexicanus,Black-headed Nightingale-Thrush,
bhpfly1,Terpsiphone rufiventer,Red-bellied Paradise Flycatcher,
bhpkin1,Tanysiptera danae,Brown-headed Paradise Kingfisher,
bhptit1,Remiz macronyx,Black-headed Penduline Tit,
bhqdov1,Starnoenas cyanocephala,Blue-headed Quail-Dove,
bhrtai1,Prioniturus platenae,Blue-headed Racket-tail,
bhsbab1,Pteruthius rufiventer,Black-headed Shrike-babbler,
bhsfin1,Phrygilus atriceps,Black-hooded Sierra Finch,
bhtfly1,Todirostrum nigriceps,Black-headed Tody-Flycatcher,
bhulau1,Trochalopteron imbricatum,Bhutan Laughingthrush,
bhwdov1,Turtur brehmeri,Blue-headed Wood Dove,
bhweye1,Zosterops hypoxanthus,Bismarck White-eye,
biacou1,Centropus chalybeus,Biak Coucal,
biafly1,Myiagra atra,Biak Black Flycatcher,
biager1,Gerygone hypoxantha,Biak Gerygone,
biamon1,Symposiachrus brehmii,Biak Monarch,
biasco1,Otus beccarii,Biak Scops Owl,
biawar1,Phylloscopus valentini,Bianchi's Warbler,
biawhi1,Pachycephala melanorhyncha,Biak Whistler,
bicant2,Gymnopithys bicolor,Bicolored Antbird,
bicant3,Grallaria rufocinerea,Bicolored Antpitta,
bicant4,Dysithamnus occidentalis,Bicolored Antvireo,
biccon1,Conirostrum bicolor,Bicolored Conebill,
bicflo1,Dicaeum bicolor,Bicolored Flowerpecker,
bichaw1,Accipiter bicolor,,
bichaw4,,,
bicpen1,Eudyptes sclateri,Erect-crested Penguin,
bicthr,Catharus bicknelli,Bicknell's Thrush,BITH
bicwre1,Campylorhynchus griseus,Bicolored Wren,
bielau1,Ianthocincla bieti,White-speckled Laughingthrush,
biipig1,Ducula melanochroa,Black Imperial Pigeon,
bimlar1,Melanocorypha bimaculata,Bimaculated Lark,
bimwar1,Crateroscelis nigrorufa,,
bipkin1,Tanysiptera riedelii,Biak Paradise Kingfisher,
bisfan1,Rhipidura dahli,Bismarck Fantail,
bisfly1,,,
bishao1,Ninox variegata,New Ireland Boobook,
biskin1,Ceyx websteri,Bismarck Kingfisher,
bismel1,Vosea whitemanensis,Gilliard's Honeyeater,
bismun1,Lonchura melaena,Buff-bellied Mannikin,
bisoo,Moho bishopi,Bishop's Oo,BIOO
bisswi1,Streptoprocne biscutata,Biscutate Swift,
bisthi1,Cincloramphus grosvenori,New Britain Thicketbird,
biswhi1,Pachycephala citreogaster,Bismarck Whistler,
biswoo1,Artamus insignis,White-backed Woodswallow,
biweye1,Zosterops mysorensis,Biak White-eye,
bkbalb,Thalassarche melanophris,Black-browed Albatross,BBAL
bkbalb2,,,
bkbbit1,Ixobrychus dubius,,
bkbbrt1,Talegalla fuscirostris,Black-billed Brushturkey,
bkbbus1,Lissotis melanogaster,Black-bellied Bustard,
bkbcuc,Coccyzus erythropthalmus,Black-billed Cuckoo,BBCU
bkbcus1,Edolisoma mindanense,Black-bibbed Cicadabird,
bkbcus2,Edolisoma montanum,Black-bellied Cuckooshrike,
bkbful1,Alcippe grotei,Black-browed Fulvetta,
bkbkin1,Ceyx erithaca,Black-backed Dwarf Kingfisher,
bkbkit1,Hamirostra melanosternon,Black-breasted Buzzard,
bkbkoe1,Eudynamys melanorhynchus,Black-billed Koel,
bkbmag1,Pica hudsonia,Black-billed Magpie,BBMA
bkbmyz1,Myzomela vulnerata,Black-breasted Myzomela,
bkbowl1,Ciccaba huhula,,
bkbplo,Pluvialis squatarola,Grey Plover,BBPL
bkbsht1,Agriornis montanus,Black-billed Shrike-Tyrant,
bkbsne1,Circaetus pectoralis,Black-chested Snake Eagle,
bkbsun1,Cinnyris nectarinioides,Black-bellied Sunbird,
bkbtan1,Ramphocelus melanogaster,Huallaga Tanager,
bkbtho1,Discosura langsdorffi,Black-bellied Thorntail,
bkbthr3,Turdus arthuri,Campina Thrush,
bkbthr4,Turdus murinus,Pantepui Thrush,
bkbtit1,Poecile hypermelaenus,Black-bibbed Tit,
bkbtit2,Periparus rufonuchalis,Rufous-naped Tit,
bkbtit3,Aegithalos iouschistos,Black-browed Bushtit,
bkbtit4,,,
bkbtit6,,,
bkbtof1,Poecilotriccus pulchellus,Black-backed Tody-Flycatcher,
bkbwar,Setophaga fusca,Blackburnian Warbler,BLBW
bkbwoo,Picoides arcticus,Black-backed Woodpecker,BBWO
bkcbar1,Actinodura sodangorum,Black-crowned Barwing,
bkcbul1,Rubigula gularis,Flame-throated Bulbul,
bkcbul2,Rubigula melanicterus,,
bkcbul3,Rubigula dispar,Ruby-throated Bulbul,
bkcbul4,Rubigula montis,Bornean Bulbul,
bkccat1,Ailuroedus melanocephalus,,
bkcchi,Poecile atricapillus,Black-capped Chickadee,BCCH
bkcdon,Donacobius atricapilla,Black-capped Donacobius,
bkcful1,Schoeniparus klossi,Black-crowned Fulvetta,
bkcgna,Polioptila nigriceps,Black-capped Gnatcatcher,BCGN
bkchem2,,,
bkchum,Archilochus alexandri,Black-chinned Hummingbird,BCHU
bkclau1,Montecincla jerdoni,Banasura Laughingthrush,
bkclau2,Montecincla cachinnans,Nilgiri Laughingthrush,
bkcmon1,Neoxolmis coronatus,Black-crowned Monjita,
bkcmot1,Anisognathus melanogenys,Santa Marta Mountain Tanager,
bkcori,Icterus prosthemelas,Black-cowled Oriole,BCOR
bkcpet,Pterodroma hasitata,Black-capped Petrel,BCPE
bkcpet2,,,
bkcpip1,Piprites pileata,Black-capped Piprites,
bkcruw1,Bathmocercus cerviniventris,Black-headed Rufous Warbler,
bkcsco1,Megascops atricapilla,Black-capped Screech Owl,
bkcspa,Spizella atrogularis,Black-chinned Sparrow,BCSP
bkcsta1,Gracupica nigricollis,Black-collared Starling,
bkctch1,Tchagra senegalus,Black-crowned Tchagra,
bkctit1,Anairetes nigrocristatus,Black-crested Tit-Tyrant,
bkcvir1,Vireo atricapilla,Black-capped Vireo,BCVI
bkcwea1,Ploceus nigrimentus,Black-chinned Weaver,
bkcwhe1,Zosterops atricapilla,Black-capped White-eye,
bkcwhi1,Pachycephala mentalis,Black-chinned Whistler,
bkefai1,Heliothryx auritus,Black-eared Fairy,
bkegrt1,Geokichla camaronensis,Black-eared Ground Thrush,
bkehem1,,,
bkehem3,,,
bkewhe2,Oenanthe melanoleuca,Eastern Black-eared Wheatear,
bkfalb,Phoebastria nigripes,Black-footed Albatross,BFAL
bkfant2,Formicarius moniliger,Mayan Antthrush,
bkfbab1,Turdoides melanops,Black-faced Babbler,
bkfbrf1,Atlapetes melanolaemus,Grey-eared Brushfinch,
bkfcus1,Coracina novaehollandiae,Black-faced Cuckooshrike,
bkfdac1,,,
bkffir1,Lagonosticta larvata,Black-faced Firefinch,
bkffri1,Philemon moluccensis,Buru Friarbird,
bkffri2,Philemon plumigenis,Tanimbar Friarbird,
bkfgra,Melanospiza bicolor,Black-faced Grassquit,BFGR
bkfibi2,Theristicus branickii,Andean Ibis,
bkfqua1,,,
bkfruw1,Bathmocercus rufus,Black-faced Rufous Warbler,
bkhbat1,Batis erlangeri,Western Black-headed Batis,
bkhber1,Carpornis melanocephala,Black-headed Berryeater,
bkhcan1,,,
bkhcus1,Lalage melanoptera,Black-headed Cuckooshrike,
bkhgre1,Chloris ambigua,Black-headed Greenfinch,
bkhgro,Pheucticus melanocephalus,Black-headed Grosbeak,BHGR
bkhgul,Chroicocephalus ridibundus,Black-headed Gull,BHGU
bkhpaf2,,,
bkhpar,Aratinga nenday,Nanday Parakeet,NAPA
bkhpar1,Psittiparus margaritae,,
bkhpit1,Erythropitta ussheri,Black-crowned Pitta,
bklbab1,Turdoides sharpei,Black-lored Babbler,
bklkit,Rissa tridactyla,Black-legged Kittiwake,BLKI
bkmtou1,Ramphastos ambiguus,Yellow-throated Toucan,
bknfrd1,Ptilinopus melanospilus,Black-naped Fruit Dove,
bknsti,Himantopus mexicanus,Black-necked Stilt,BNST
bknsti2,,,
bkpwar,Setophaga striata,Blackpoll Warbler,BLPW
bkrfin,Leucosticte atrata,Black Rosy Finch,BLRF
bkrfla2,Dinopium psarodes,Red-backed Flameback,
bkrwax,Estrilda troglodytes,Black-rumped Waxbill,BRWX
bkrwhe1,Zosterops anomalus,Black-ringed White-eye,
bksbrf1,Atlapetes melanopsis,Black-spectacled Brushfinch,
bkskit1,Elanus caeruleus,Black-winged Kite,
bksnig1,Caprimulgus nigriscapularis,,
bkspet,Hydrobates melania,Black Storm Petrel,BLSP
bksscb1,Erythrogenys gravivox,Black-streaked Scimitar Babbler,
bktflo1,Diglossa brunneiventris,Black-throated Flowerpiercer,
bktgna,Polioptila melanura,Black-tailed Gnatcatcher,BTGN
bktgod,Limosa limosa,Black-tailed Godwit,BLAG
bktgul,Larus crassirostris,Black-tailed Gull,
bkther1,Phaethornis atrimentalis,Black-throated Hermit,
bktshr1,Clytorhynchus nigrogularis,Black-throated Shrikebill,
bktshr2,Clytorhynchus sanctaecrucis,Santa Cruz Shrikebill,
bktspa,Amphispiza bilineata,Black-throated Sparrow,BTSP
bkttre1,Climacteris melanurus,Black-tailed Treecreeper,
bkttro2,Trogon mesurus,Ecuadorian Trogon,
bkvori,Icterus wagleri,Black-vented Oriole,BVOR
bkvshe,Puffinus opisthomelas,Black-vented Shearwater,BVSH
bkwcus1,Lalage melaschistos,Black-winged Cuckooshrike,
bkwpet,Pterodroma nigripennis,Black-winged Petrel,BWPE
bkwsta1,Acridotheres melanopterus,Black-winged Myna,
bkwsti,Himantopus himantopus,Black-winged Stilt,BWST
bkwvir,Vireo altiloquus,Black-whiskered Vireo,BWVI
blaant1,Thamnophilus nigriceps,Black Antshrike,
blaant2,Cercomacroides serva,Black Antbird,
blaant4,Cercomacroides nigrescens,Blackish Antbird,
blaant5,Cercomacroides fuscicauda,Riparian Antbird,
blabab2,Turdoides reinwardtii,Blackcap Babbler,
blabaz1,Aviceda leuphotes,Black Baza,
blaber1,Melanocharis nigra,Black Berrypecker,
blabis1,Euplectes gierowii,Black Bishop,
blabit1,Ixobrychus flavicollis,,
blabul1,Hypsipetes leucocephalus,Black Bulbul,
blabus1,Neoctantes niger,Black Bushbird,
blabus3,Eupodotis afra,,
blabut1,Cracticus quoyi,,
blacar1,Daptrius ater,Black Caracara,
blacat1,Melanoptila glabrirostris,Black Catbird,
blacin1,Cinclodes antarcticus,Blackish Cinclodes,
blackc1,Sylvia atricapilla,Eurasian Blackcap,
blacks1,Oenanthe melanura,Blackstart,
blacou1,Centropus grillii,Black Coucal,
blacra1,Zapornia flavirostra,Black Crake,
blacuc1,Cuculus clamosus,Black Cuckoo,
blacur1,Crax alector,Black Curassow,
blacur2,Strepera fuliginosa,Black Currawong,
blacus1,Analisoma coerulescens,,
bladro1,Dicrurus macrocercus,Black Drongo,BLDR
blaeag1,Ictinaetus malaiensis,Black Eagle,
blafal1,Falco subniger,Black Falcon,
blafan1,Rhipidura atra,Black Fantail,
blagos1,Accipiter melanoleucus,,
blagra1,Amytornis housei,Black Grasswren,
blagro1,Lyrurus tetrix,Black Grouse,
blagua1,Chamaepetes unicolor,Black Guan,
blagui1,Agelastes niger,Black Guineafowl,
blahar1,Circus maurus,Black Harrier,
blaher1,Egretta ardesiaca,Black Heron,
blahon1,Sugomel nigrum,Black Honeyeater,
blahor1,Anthracoceros malayanus,Black Hornbill,
blaill1,Illadopsis cleaveri,Blackcap Illadopsis,
blainc1,Coeligena prunellei,Black Inca,
blakit1,Milvus migrans,Black Kite,
blalar1,Melanocorypha yeltoniensis,Black Lark,
blalar2,Calandrella blanfordi,Blanford's Lark,
blalar4,Calandrella eremica,Rufous-capped Lark,
blalau1,Melanocichla lugubris,Black Laughingthrush,
blalor1,Chalcopsitta atra,Black Lory,
blamag1,Platysmurus leucopterus,Malayan Black Magpie,
blaman1,Xenopipo atronitens,Black Manakin,
blamet1,Metallura phoebe,Black Metaltail,
blamon1,Symposiachrus axillaris,Black Monarch,
blamun1,Lonchura stygia,Black Mannikin,
blamyz1,Myzomela nigrita,Papuan Black Myzomela,
blanig1,Nyctipolus nigrescens,Blackish Nightjar,
blanun1,Monasa atra,Black Nunbird,
blaori1,Oriolus hosii,Black Oriole,
blaoro1,Psarocolius guatimozinus,Black Oropendola,
blaoys1,Haematopus ater,Blackish Oystercatcher,
blapar1,Coracopsis nigra,Lesser Vasa Parrot,
blapar2,Melanoperdix niger,Black Partridge,
blapew1,Contopus nigrescens,Blackish Pewee,
blapit1,Melanorectes nigrescens,Black Pitohui,
blaplo1,Vanellus armatus,Blacksmith Lapwing,
blarai1,Pardirallus nigricans,Blackish Rail,
blared1,Phoenicurus ochruros,Black Redstart,
blarob1,Turdus infuscatus,Black Thrush,
blaros1,Agraphospiza rubescens,Blanford's Rosefinch,
blasha1,Copsychus cebuensis,Black Shama,
blasic1,Epimachus fastosus,Black Sicklebill,
blasis1,Spinus atratus,Black Siskin,
blasno1,Montifringilla blanfordi,,
blasol1,Entomodestes coracinus,Black Solitaire,
blaspi1,Telacanthura melanopygia,Black Spinetail,
blasti1,Himantopus novaezelandiae,Black Stilt,
blasto1,Ciconia nigra,Black Stork,
blatap1,Scytalopus latrans,Blackish Tapaculo,
blatin1,Tinamus osgoodi,Black Tinamou,
blawhe1,Oenanthe leucura,Black Wheatear,
blawoo1,Dryocopus martius,Black Woodpecker,
blbant1,Thamnophilus melanonotus,Black-backed Antshrike,
blbant2,Formicivora melanogaster,Black-bellied Antwren,
blbbab1,Malacocincla perspicillata,Black-browed Babbler,
blbbar1,Lybius minor,,
blbbar2,Psilopogon javensis,Black-banded Barbet,
blbbar3,Lybius guifsobalito,Black-billed Barbet,
blbbar4,Lybius rolleti,,
blbbar5,Psilopogon oorti,Black-browed Barbet,
blbboa1,Machaerirhynchus nigripectus,Black-breasted Boatbill,
blbbut1,Cracticus mentalis,Black-backed Butcherbird,
blbbut2,Turnix melanogaster,Black-breasted Buttonquail,
blbcap1,Tetrao urogalloides,Black-billed Capercaillie,
blbcon1,Conirostrum sitticolor,Blue-backed Conebill,
blbcra1,Anurolimnas fasciatus,,
blbcuc1,Piaya melanogaster,Black-bellied Cuckoo,
blbduc1,Oxyura australis,Blue-billed Duck,
blbeat1,Merops gularis,Black Bee-eater,
blbfai1,Malurus pulcherrimus,Blue-breasted Fairywren,
blbfir1,Lagonosticta rara,Black-bellied Firefinch,
blbflo1,Dicaeum sanguinolentum,Javan Flowerpecker,
blbfly1,Aphanotriccus audax,Black-billed Flycatcher,
blbfly2,Ficedula timorensis,Black-banded Flycatcher,
blbfly3,Cyornis herioti,Blue-breasted Blue Flycatcher,
blbfor1,Enicurus immaculatus,Black-backed Forktail,
blbgna1,Conopophaga melanogaster,Black-bellied Gnateater,
blbgra1,Volatinia jacarina,Blue-black Grassquit,BBGR
blbgro2,Pheucticus aureoventris,Black-backed Grosbeak,
blbgul1,Chroicocephalus bulleri,Black-billed Gull,
blbhil1,Oreotrochilus melanogaster,Black-breasted Hillstar,
blbhon1,Ptiloprora perstriata,Grey-streaked Honeyeater,
blbhum1,Eupherusa nigriventris,Black-bellied Hummingbird,
blbkin1,Pelargopsis melanorhyncha,Great-billed Kingfisher,
blbkin2,Alcedo euryzona,Javan Blue-banded Kingfisher,
blbkin3,Todiramphus nigrocyaneus,Blue-black Kingfisher,
blbkin4,Halcyon malimbica,Blue-breasted Kingfisher,
blbmal1,Phaenicophaeus diardi,Black-bellied Malkoha,
blbman1,Chiroxiphia pareola,Blue-backed Manakin,
blbmon1,Symposiachrus julianae,Kofiau Monarch,
blbmon2,Symposiachrus mundus,Banda Sea Monarch,
blbmun1,Lonchura teerinki,Black-breasted Mannikin,
blbmyz1,Myzomela erythromelas,Black-bellied Myzomela,
blbori1,Icterus abeillei,Black-backed Oriole,
blbpar1,Amazona agilis,Black-billed Amazon,
blbpar2,Paradoxornis flavirostris,Black-breasted Parrotbill,
blbpar3,Chleuasicus atrosuperciliaris,,
blbpar4,Triclaria malachitacea,Blue-bellied Parrot,
blbpep1,Cyclarhis nigrirostris,Black-billed Peppershrike,
blbpit1,Erythropitta arquata,Blue-banded Pitta,
blbpuf1,Notharchus pectoralis,Black-breasted Puffbird,
blbpuf2,Dryoscopus cubla,Black-backed Puffback,
blbpuf3,Eriocnemis nigrivestis,Black-breasted Puffleg,
blbqua1,Synoicus chinensis,King Quail,
blbrol1,Coracias cyanogaster,Blue-bellied Roller,
blbsan1,Pterocles orientalis,Black-bellied Sandgrouse,
blbscy1,Campylorhamphus falcularius,Black-billed Scythebill,
blbsee1,Pyrenestes ostrinus,Black-bellied Seedcracker,
blbsee2,Sporophila melanogaster,Black-bellied Seedeater,
blbsee3,Amaurospiza moesta,Blackish-blue Seedeater,
blbsib1,Heterophasia melanoleuca,Dark-backed Sibia,
blbsic1,Drepanornis albertisi,Black-billed Sicklebill,
blbtan1,Stilpnia peruviana,Black-backed Tanager,
blbtan2,Cyanicterus cyanicterus,Blue-backed Tanager,
blbtan3,Tangara cyanotis,Blue-browed Tanager,
blbter1,Sterna acuticauda,Black-bellied Tern,
blbtho1,Ramphomicron dorsale,Black-backed Thornbill,
blbthr1,Turdus ignobilis,Black-billed Thrush,
blbthr2,Turdus dissimilis,Black-breasted Thrush,
blbtou1,Aulacorhynchus coeruleicinctis,Blue-banded Toucanet,
blbtre1,Thripadectes melanorhynchus,Black-billed Treehunter,
blbtri1,Lalage atrovirens,Black-browed Triller,
blbtur1,Tauraco schuettii,Black-billed Turaco,
blbwea1,Ploceus melanogaster,Black-billed Weaver,
blbwoo1,Dendrocolaptes picumnus,Black-banded Woodcreeper,
blbwoo2,Phoeniculus somaliensis,Black-billed Wood Hoopoe,
blbwoo3,Dryocopus schulzii,Black-bodied Woodpecker,
blbwre1,Pheugopedius fasciatoventris,Black-bellied Wren,
blcant1,Pittasoma michleri,Black-crowned Antpitta,
blcant2,Herpsilochmus atricapillus,Black-capped Antwren,
blcant3,Hypocnemoides melanopogon,Black-chinned Antbird,
blcant4,Sakesphorus canadensis,Black-crested Antshrike,
blcapa1,Apalis nigriceps,Black-capped Apalis,
blcapa2,Oreolais pulcher,Black-collared Apalis,
blcbab1,Pellorneum capistratum,Javan Black-capped Babbler,
blcbab2,Cyanoderma pyrrhops,Black-chinned Babbler,
blcbab3,Sterrhoptilus nigrocapitatus,Visayan Babbler,
blcbar1,Lybius torquatus,Black-collared Barbet,
blcbec1,Pachyramphus marginatus,Black-capped Becard,
blcbul1,Neolestes torquatus,Black-collared Bulbul,
blcbul2,Rubigula flaviventris,Black-crested Bulbul,
blcchl1,Chlorophonia occipitalis,Blue-crowned Chlorophonia,
blccoq1,Lophornis helenae,Black-crested Coquette,
blccor1,Uraeginthus cyanocephalus,Blue-capped Cordon-bleu,
blccra1,Balearica pavonina,Black Crowned Crane,
blcfin1,Lophospingus pusillus,Black-crested Finch,
blcfly1,Empidonax atriceps,Black-capped Flycatcher,
blcfly2,Myiagra azureocapilla,Azure-crested Flycatcher,
blcfru1,Pipreola lubomirskii,Black-chested Fruiteater,
blcgna1,Conopophaga melanops,Black-cheeked Gnateater,
blchaw1,Busarellus nigricollis,Black-collared Hawk,
blchem1,Kleinothraupis atropileus,Black-capped Hemispingus,
blchon1,Lichmera notabilis,Black-necklaced Honeyeater,
blchon2,Melithreptus gularis,Black-chinned Honeyeater,
blchor1,Ceratogymna atrata,Black-casqued Hornbill,
blchum1,Polyerata amabilis,Blue-chested Hummingbird,
blchum2,Eupherusa cyanophrys,Oaxaca Hummingbird,
blcjay1,Cyanocorax affinis,Black-chested Jay,
blcjay2,Cyanolyca armillata,Black-collared Jay,
blckin1,Halcyon pileata,Black-capped Kingfisher,
blckin2,Actenoides hombroni,Blue-capped Kingfisher,
blclor1,Lorius lory,Black-capped Lory,
blclor2,Vini australis,Blue-crowned Lorikeet,BCLO
blclov1,Agapornis nigrigenis,Black-cheeked Lovebird,
blclov2,Agapornis swindernianus,Black-collared Lovebird,
blcman1,Lepidothrix coronata,Blue-capped Manakin,
blcmon1,Symposiachrus boanensis,Boano Monarch,
blcpar1,Pyrrhura rupicola,Black-capped Parakeet,
blcpar2,Amazona dufresniana,Blue-cheeked Amazon,
blcpar3,Geoffroyus simplex,Blue-collared Parrot,
blcpit1,Erythropitta venusta,Graceful Pitta,
blcpri1,Prinia flavicans,Black-chested Prinia,
blcpuf1,Eriocnemis glaucopoides,Blue-capped Puffleg,
blcrob1,Poecilodryas brachyura,,
blcsal1,Saltator nigriceps,Black-cowled Saltator,
blcsis1,Spinus atriceps,Black-capped Siskin,
blcsis2,Spinus barbatus,Black-chinned Siskin,
blcspa1,Peucaea humeralis,Black-chested Sparrow,
blcspa2,Arremon abeillei,Black-capped Sparrow,
blcspe1,Zosterops lugubris,Black-capped Speirops,
blcswa1,Atticora pileata,Black-capped Swallow,
blcswa2,Pygochelidon melanoleuca,Black-collared Swallow,
blctan1,Stilpnia heinei,Black-capped Tanager,
blctan2,Sporathraupis cyanocephala,Blue-capped Tanager,
blctin1,Crypturellus atrocapillus,Black-capped Tinamou,
blctit1,Tityra inquisitor,Black-crowned Tityra,
blctit4,Baeolophus atricristatus,Black-crested Titmouse,BCTI
blctro1,Trogon curucui,Blue-crowned Trogon,
blctyr1,Phyllomyias nigrocapillus,,
blctyr2,Taeniotriccus andrei,Black-chested Tyrant,
blcwar1,Basileuterus melanogenys,Black-cheeked Warbler,
blcwar2,Myiothlypis nigrocristata,Black-crested Warbler,
blcwax1,Brunhilda erythronotos,Black-faced Waxbill,
blcwax2,Estrilda nonnula,Black-crowned Waxbill,
blcwoo1,Melanerpes pucherani,Black-cheeked Woodpecker,
blcwoo2,,,
blcwoo3,Dryobates sanguineus,,
blcwoo5,Celeus ochraceus,Ochre-backed Woodpecker,
blcyuh1,Yuhina nigrimenta,Black-chinned Yuhina,
bldhor1,Horizocerus hartlaubi,Western Dwarf Hornbill,
blebar1,Psilopogon duvaucelii,Black-eared Barbet,
blecoc1,Cacatua ophthalmica,Blue-eyed Cockatoo,
blecuc1,Chrysococcyx osculans,,
blehem1,Sphenopsis melanotis,Black-eared Hemispingus,
blekin1,Alcedo meninting,Blue-eared Kingfisher,
blelor1,Eos semilarvata,,
blemin1,Manorina melanotis,Black-eared Miner,
blephe1,Crossoptilon auritum,Blue Eared Pheasant,
blesee1,Crithagra mennelli,Black-eared Seedeater,
blewhe1,,,
blfant1,Formicarius analis,Black-faced Antthrush,
blfant2,Myrmoborus myotherinus,Black-faced Antbird,
blfapa1,Apalis personata,Mountain Masked Apalis,
blfbul1,Pycnonotus nigricans,African Red-eyed Bulbul,
blfbun1,Emberiza spodocephala,Black-faced Bunting,
blfbus1,Telophorus nigrifrons,,
blfcan1,Crithagra capistrata,Black-faced Canary,
blfcor1,Phalacrocorax fuscescens,Black-faced Cormorant,
blfcot1,Conioptilon mcilhennyi,Black-faced Cotinga,
blfcou1,Centropus melanops,Black-faced Coucal,
blfdac1,Dacnis lineata,Black-faced Dacnis,
blfdot1,Elseyornis melanops,,
blfflo1,Dicaeum igniferum,Black-fronted Flowerpecker,
blffly1,Cyornis hoevelli,,
blfgro1,Caryothraustes poliogaster,Black-faced Grosbeak,
blfhaw1,Leucopternis melanops,Black-faced Hawk,
blfhon1,Entomyzon cyanotis,Blue-faced Honeyeater,
blfibi1,,,
blfjac1,Galbula cyanescens,Bluish-fronted Jacamar,
blflan1,Doryfera johannae,Blue-fronted Lancebill,
blflau1,Trochalopteron affine,Black-faced Laughingthrush,
blflor1,Charmosynopsis toxopei,Blue-fronted Lorikeet,
blfmal1,Phaenicophaeus viridirostris,Blue-faced Malkoha,
blfmon1,Monarcha melanopsis,Black-faced Monarch,
blfmun1,Lonchura molucca,Black-faced Munia,
blfnun1,Monasa nigrifrons,Black-fronted Nunbird,
blfowl1,Ketupa blakistoni,Blakiston's Fish Owl,
blfpar2,Cyanoramphus zealandicus,Black-fronted Parakeet,
blfpar3,Erythrura trichroa,Blue-faced Parrotfinch,
blfpit1,Pitta anerythra,Black-faced Pitta,
blfred1,Phoenicurus frontalis,Blue-fronted Redstart,
blfrob1,Cinclidium frontale,Blue-fronted Robin,
blfsan1,Pterocles decoratus,Black-faced Sandgrouse,
blfshe1,Chionis minor,Black-faced Sheathbill,LESH
blfsol1,Myadestes melanops,Black-faced Solitaire,
blfspo1,Platalea minor,Black-faced Spoonbill,
blftan1,Schistochlamys melanopis,Black-faced Tanager,
blfter1,Chlidonias albostriatus,Black-fronted Tern,
blftyr1,Phylloscartes nigrifrons,Black-fronted Tyrannulet,
blfwar1,Abroscopus schisticeps,Black-faced Warbler,
blfwax1,Estrilda nigriloris,Black-lored Waxbill,
blfwoo1,Artamus cinereus,Black-faced Woodswallow,
blgant2,Thamnophilus nigrocinereus,Blackish-grey Antshrike,
blgbar1,Capito dayi,Black-girdled Barbet,
blgdov1,Claravis pretiosa,Blue Ground Dove,
blgtan1,Trichothraupis melanops,Black-goggled Tanager,
blhant1,Formicarius nigricapillus,Black-headed Antthrush,
blhant2,Thamnophilus bridgesi,Black-hooded Antshrike,
blhant3,Percnostola rufifrons,Black-headed Antbird,
blhant4,Formicivora erythronotos,Black-hooded Antwren,
blhapa1,Apalis melanocephala,Black-headed Apalis,
blhbat1,,,
blhbul1,Brachypodius melanocephalos,,
blhbun1,Emberiza melanocephala,Black-headed Bunting,
blhbuz1,Henicopernis infuscatus,Black Honey Buzzard,
blhcou1,Centropus steerii,Black-hooded Coucal,
blhcou2,Centropus monachus,Blue-headed Coucal,
blhduc1,Heteronetta atricapilla,Black-headed Duck,
blheag1,Spizaetus tyrannus,Black Hawk-Eagle,
blhfan1,Rhipidura cyaniceps,Blue-headed Fantail,
blhgon1,Laniarius erythrogaster,Black-headed Gonolek,
blhhem1,Pseudospingus verticalis,Black-headed Hemispingus,
blhher1,Ardea melanocephala,Black-headed Heron,
blhhon1,Melithreptus affinis,Black-headed Honeyeater,
blhhum1,Riccordia bicolor,Blue-headed Hummingbird,
blhibi1,Threskiornis melanocephalus,Black-headed Ibis,
blhjay1,Garrulus lanceolatus,Black-headed Jay,
blhlap1,Vanellus tectus,Black-headed Lapwing,
blhlau1,Garrulax milleti,Black-hooded Laughingthrush,
blhmyz1,Myzomela melanocephala,Black-headed Myzomela,
blhori1,Oriolus xanthornus,Black-hooded Oriole,
blhpar1,Pionus menstruus,Blue-headed Parrot,
blhpar3,Psittacula roseata,Blossom-headed Parakeet,
blhpar4,Pionites melanocephalus,Black-headed Parrot,
blhpit1,Hydrornis baudii,Blue-headed Pitta,
blhsal1,Saltator atriceps,Black-headed Saltator,
blhsap1,Chrysuronia grayi,Blue-headed Sapphire,
blhsib1,Heterophasia desgodinsi,Black-headed Sibia,
blhsis1,Spinus notatus,Black-headed Siskin,
blhspi1,Synallaxis tithys,Blackish-headed Spinetail,
blhsun1,Aglaeactis pamela,Black-hooded Sunbeam,
blhtan1,Stilpnia cyanoptera,Black-headed Tanager,
blhthr1,Turdus olivater,Black-hooded Thrush,
blhtro1,Trogon melanocephalus,Black-headed Trogon,
blhwax1,Estrilda atricapilla,Black-headed Waxbill,
blhwea1,Ploceus melanocephalus,Black-headed Weaver,
blhwhi1,Pachycephala monacha,Black-headed Whistler,
blhwoo1,Picus erythropygius,Black-headed Woodpecker,
bljbab1,,,
blkcus1,Campephaga flava,Black Cuckooshrike,
blkflo1,Diglossa humeralis,Black Flowerpiercer,
blkfra,Francolinus francolinus,Black Francolin,
blkgui,Cepphus grylle,Black Guillemot,BLGU
blkjac1,Florisuga fusca,Black Jacobin,
blkkit3,,,
blkmam,Drepanis funerea,Black Mamo,
blknod,Anous minutus,Black Noddy,BLNO
blkoys,Haematopus bachmani,Black Oystercatcher,BLOY
blkpho,Sayornis nigricans,Black Phoebe,BLPH
blkrai,Laterallus jamaicensis,Black Rail,BLRA
blksaw1,Psalidoprocne pristoptera,Black Saw-wing,
blksco1,Melanitta nigra,Common Scoter,
blksco2,Melanitta americana,Black Scoter,BLSC
blksit1,Daphoenositta miranda,Black Sittella,
blkski,Rynchops niger,Black Skimmer,BLSK
blksun1,Leptocoma aspasia,Black Sunbird,
blkswa,Cygnus atratus,Black Swan,
blkswi,Cypseloides niger,American Black Swift,BLSW
blkter,Chlidonias niger,Black Tern,BLTE
blktur,Arenaria melanocephala,Black Turnstone,BLTU
blkvul,Coragyps atratus,Black Vulture,BLVU
bllcis1,Cisticola nigriloris,Black-lored Cisticola,
blldac1,Dacnis nigripes,Black-legged Dacnis,
bllpar1,Tanygnathus gramineus,Black-lored Parrot,
bllser1,Chunga burmeisteri,Black-legged Seriema,
blltit1,Machlolophus xanthogenys,Himalayan Black-lored Tit,
blmfin1,Coryphaspiza melanotis,Black-masked Finch,
blmgos1,Accipiter melanochlamys,,
blmlea1,Chloropsis venusta,Blue-masked Leafbird,
blmtho1,Chalcostigma stanleyi,Blue-mantled Thornbill,
blmvir1,Vireo osburni,Blue Mountain Vireo,
blnara1,Pteroglossus aracari,Black-necked Aracari,
blnchl1,Chlorophonia cyanea,Blue-naped Chlorophonia,
blncis1,Cisticola eximius,Black-backed Cisticola,
blncra1,Grus nigricollis,Black-necked Crane,
blnere1,Eremomela atricollis,Black-necked Eremomela,
blnmon1,Hypothymis azurea,Black-naped Monarch,
blnmou1,Urocolius macrourus,Blue-naped Mousebird,
blnori1,Oriolus chinensis,Black-naped Oriole,
blnpar1,Tanygnathus lucionensis,Blue-naped Parrot,
blnpit1,Hydrornis nipalensis,Blue-naped Pitta,
blnsto1,Ephippiorhynchus asiaticus,Black-necked Stork,
blnswa2,Cygnus melancoryphus,Black-necked Swan,
blnswi1,Aerodramus maximus,Black-nest Swiftlet,
blntan1,Stilpnia cyanicollis,Blue-necked Tanager,
blnter1,Sterna sumatrana,Black-naped Tern,BNTE
blnwea1,Ploceus nigricollis,Black-necked Weaver,
blnwoo1,Colaptes atricollis,Black-necked Woodpecker,
blophe1,Ithaginis cruentus,Blood Pheasant,
blpfly1,Terpsiphone cyanescens,Blue Paradise Flycatcher,
blpyel1,Geothlypis speciosa,Black-polled Yellowthroat,
blrfla1,,,
blrman1,Lepidothrix isidorei,Blue-rumped Manakin,
blrpar1,Psittinus cyanurus,Blue-rumped Parrot,
blrpit1,Hydrornis soror,Blue-rumped Pitta,
blrwar1,Acrocephalus dumetorum,Blyth's Reed Warbler,
blsant1,Thamnomanes schistogynus,Bluish-slate Antshrike,
blsbar1,Capito niger,Black-spotted Barbet,
blsbil1,Rhinopomastus aterrimus,Black Scimitarbill,
blsflo1,Dicaeum monticolum,Black-sided Flowerpecker,
blslor1,Eos reticulata,,
blspuf1,Malacoptila fulvogularis,Black-streaked Puffbird,
blsrob1,Cercotrichas podobe,Black Scrub Robin,
blsrob2,Poecilodryas hypoleuca,Black-sided Robin,
blsspa1,Arremonops conirostris,Black-striped Sparrow,
blswoo1,Xiphorhynchus lachrymosus,Black-striped Woodcreeper,
bltacc1,Prunella atrogularis,Black-throated Accentor,
bltant1,Myrmoborus melanurus,Black-tailed Antbird,
bltant2,Myrmophylax atrothorax,Black-throated Antbird,
bltant3,Frederickena viridis,Black-throated Antshrike,
bltapa1,Apalis jacksoni,Black-throated Apalis,
bltbab1,Stachyris nigricollis,Black-throated Babbler,
bltbar1,Tricholaema melanocephala,Black-throated Barbet,
bltbar2,Psilopogon asiaticus,Blue-throated Barbet,
bltbob1,Colinus nigrogularis,Yucatan Bobwhite,
bltbri1,Heliodoxa schreibersii,Black-throated Brilliant,
bltcan1,Crithagra atrogularis,Black-throated Canary,
bltcot1,Carpodectes hopkei,Black-tipped Cotinga,
bltcou1,Centropus leucogaster,Black-throated Coucal,
bltcra1,Zapornia bicolor,Black-tailed Crake,
bltcuc1,Cercococcyx montanus,Barred Long-tailed Cuckoo,
blteme1,Chlorostilbon mellisugus,Blue-tailed Emerald,
bltfal1,Microhierax fringillarius,Black-thighed Falconet,
bltfan1,Rhipidura maculipectus,Black Thicket Fantail,
bltfin1,Poephila cincta,Black-throated Finch,
bltfly1,Myiobius atricaudus,Black-tailed Myiobius,
bltgol1,Chlorestes eliciae,Blue-throated Sapphire,
bltgro1,Pheucticus tibialis,Black-thighed Grosbeak,
bltgro2,Saltator fuliginosus,Black-throated Grosbeak,
blthon1,Caligavis subfrenata,Black-throated Honeyeater,
blthum1,Saucerottia cyanura,Blue-tailed Hummingbird,
bltjay1,Cyanolyca pumilo,Black-throated Jay,
bltlau1,Pterorhinus chinensis,Black-throated Laughingthrush,
bltlea1,Sclerurus caudacutus,Black-tailed Leaftosser,
bltmac1,Ara glaucogularis,Blue-throated Macaw,
bltmal1,Malimbus cassini,Cassin's Malimbe,
bltman1,Anthracothorax nigricollis,Black-throated Mango,
bltmon1,Symposiachrus verticalis,Bismarck Monarch,
bltmon2,Symposiachrus loricatus,Buru Monarch,
bltmot1,Aspatha gularis,Blue-throated Motmot,
bltmun1,Lonchura kelaarti,Black-throated Munia,
bltori1,Oriolus percivali,Mountain Oriole,
bltpar1,Suthora nipalensis,Black-throated Parrotbill,
bltpar2,Pyrrhura cruentata,Ochre-marked Parakeet,
bltpuf1,Eriocnemis derbyi,Black-thighed Puffleg,
bltrob1,Poecilodryas albonotata,,
bltrol1,Eurystomus gularis,Blue-throated Roller,
bltsal1,Saltatricula atricollis,Black-throated Saltator,
bltspi1,Synallaxis castanea,Black-throated Spinetail,
bltsta1,Coeligena helianthea,Blue-throated Starfrontlet,
bltsta2,Heliomaster furcifer,Blue-tufted Starthroat,
bltsun1,Aethopyga saturata,Black-throated Sunbird,
bltthi1,Asthenes harterti,Black-throated Thistletail,
blttit1,Tityra cayana,Black-tailed Tityra,
blttit2,Aegithalos concinnus,Black-throated Bushtit,
blttra1,Lesbia victoriae,Black-tailed Trainbearer,
blttro1,Trogon melanurus,Black-tailed Trogon,
blttro2,Trogon rufus,Amazonian Black-throated Trogon,
bltwax1,Glaucestrilda perreini,Grey Waxbill,
bltwhi1,Pachycephala melanura,Mangrove Golden Whistler,
bltwre1,Pheugopedius atrogularis,Black-throated Wren,
blubun,Cyanocompsa parellina,Blue Bunting,BLBU
blubus1,Eupodotis caerulescens,Blue Korhaan,
blucha2,Fringilla teydea,Tenerife Blue Chaffinch,
blucha3,Fringilla polatzeki,Gran Canaria Blue Chaffinch,
blucot1,Cotinga nattererii,Blue Cotinga,
blucou1,Coua caerulea,Blue Coua,
blucra2,Anthropoides paradiseus,,
blucus1,Cyanograucalus azureus,Blue Cuckooshrike,
bludac1,Dacnis cayana,Blue Dacnis,
bluduc1,Hymenolaimus malacorhynchos,Blue Duck,
bluebo1,Northiella haematogaster,Eastern Bluebonnet,
bluebo4,Northiella narethae,Naretha Bluebonnet,
blueth,Luscinia svecica,Bluethroat,
blufan1,Rhipidura superciliaris,Mindanao Blue Fantail,
blufin1,Rhopospina caerulescens,Blue Finch,
bluflo1,Diglossa caerulescens,Bluish Flowerpiercer,
blugrb1,Passerina caerulea,Blue Grosbeak,BLGR
blujay,Cyanocitta cristata,Blue Jay,BLJA
blujeb2,Ptilorrhoa geislerorum,Brown-headed Jewel-babbler,
blulor1,Vini peruviana,Blue Lorikeet,
blumoc,Melanotis caerulescens,Blue Mockingbird,BLMO
blunut1,Sitta azurea,Blue Nuthatch,
blupet1,Halobaena caerulea,Blue Petrel,BLPE
blupit1,Hydrornis cyaneus,Blue Pitta,
bluqua1,Synoicus adansonii,Blue Quail,
blusee1,Amaurospiza concolor,Blue Seedeater,
blusee4,,,
bluswa1,Hirundo atrocaerulea,Blue Swallow,
blutit,Cyanistes caeruleus,Eurasian Blue Tit,
bluvan1,Cyanolanius madagascarinus,Madagascar Blue Vanga,
blwbis1,Euplectes hordeaceus,Black-winged Red Bishop,
blwbul1,Pycnonotus nieuwenhuisii,,
blwkoo1,Dacelo leachii,Blue-winged Kookaburra,
blwlap1,Vanellus melanopterus,Black-winged Lapwing,
blwlau1,Trochalopteron squamatum,Blue-winged Laughingthrush,
blwlea1,Chloropsis cochinchinensis,Javan Leafbird,
blwlor1,Eos cyanogenia,,
blwlov1,Agapornis taranta,Black-winged Lovebird,
blwmin1,Actinodura cyanouroptera,Blue-winged Minla,
blwmon1,Monarcha frater,Black-winged Monarch,
blwori1,Oriolus nigripennis,Black-winged Oriole,
blwpar1,Hapalopsittaca melanotis,Black-winged Parrot,
blwpar2,Pyrrhura devillei,Blaze-winged Parakeet,
blwpar3,Neophema chrysostoma,Blue-winged Parrot,
blwpit1,Pitta moluccensis,Blue-winged Pitta,
blwpra1,Glareola nordmanni,Black-winged Pratincole,
blwsal1,Saltator atripennis,Black-winged Saltator,
blwsno1,Montifringilla adamsi,Black-winged Snowfinch,
blwtan1,Tangara johannae,Blue-whiskered Tanager,
blwthr1,Myophonus caeruleus,Blue Whistling Thrush,
blwwar1,Acrocephalus concinens,Blunt-winged Warbler,
blyhae1,Nisaetus alboniger,Blyth's Hawk-Eagle,
blyhor1,Rhyticeros plicatus,Blyth's Hornbill,
blykin1,Alcedo hercules,Blyth's Kingfisher,
blylew1,Phylloscopus reguloides,Blyth's Leaf Warbler,
blypaf1,Terpsiphone affinis,Blyth's Paradise Flycatcher,
blypip1,Anthus godlewskii,Blyth's Pipit,
blyros1,Carpodacus grandis,Blyth's Rosefinch,
blyshb1,Pteruthius aeralatus,White-browed Shrike-babbler,
blyswi1,Apus leuconyx,,
blytra1,Tragopan blythii,Blyth's Tragopan,
bnbpyt1,Hemitriccus obsoletus,Brown-breasted Bamboo Tyrant,
bncbab1,Pellorneum fuscocapillus,Brown-capped Babbler,
bncbrt1,Talegalla jobiensis,Collared Brushturkey,
bncfly,Myiarchus tyrannulus,Brown-crested Flycatcher,BCFL
bnchor1,Bycanistes cylindricus,Brown-cheeked Hornbill,
bncjuf1,Cyornis brunneatus,Brown-chested Jungle Flycatcher,
bncrai1,Rallus indicus,Brown-cheeked Rail,
bncwoo2,Yungipicus moluccensis,Sunda Pygmy Woodpecker,
bncwoo3,Yungipicus nanus,Brown-capped Pygmy Woodpecker,
bnhcow,Molothrus ater,Brown-headed Cowbird,BHCO
bnhgul1,Chroicocephalus brunnicephalus,Brown-headed Gull,
bnhnut,Sitta pusilla,Brown-headed Nuthatch,BHNU
bnnpar2,Poicephalus robustus,Cape Parrot,
bnrcot1,Phoenicircus nigricollis,Black-necked Red Cotinga,
bnsfly1,Muscicapa williamsoni,Brown-streaked Flycatcher,
bnttre1,Certhia discolor,Sikkim Treecreeper,
bnttre2,Certhia manipurensis,Hume's Treecreeper,
bnweye1,Platysteira chalybea,Black-necked Wattle-eye,
bnwkin1,Pelargopsis amauroptera,Brown-winged Kingfisher,
bobeat1,Merops boehmi,Böhm's Bee-eater,
bobfly1,Megarynchus pitangua,Boat-billed Flycatcher,
bobfly2,Cyornis superbus,Bornean Blue Flycatcher,
bobher1,Cochlearius cochlearius,Boat-billed Heron,
boboli,Dolichonyx oryzivorus,Bobolink,BOBO
bocaka1,Sheppardia bocagei,Bocage's Akalat,
boclon2,Motacilla bocagii,Sao Tome Shorttail,
bocsun2,Nectarinia bocagii,Bocage's Sunbird,
bocwea1,Ploceus temporalis,Bocage's Weaver,
boefly1,Bradornis boehmi,,
bogcuc1,Carpococcyx radiceus,Bornean Ground Cuckoo,
bograi1,Rallus semiplumbeus,Bogota Rail,
bohsun1,Aethopyga decorosa,,
bohwax,Bombycilla garrulus,Bohemian Waxwing,BOWA
bohwhi1,Pachycephala richardsi,Bougainville Whistler,
boisha1,Leucocarbo ranfurlyi,Bounty Shag,
bokmak1,Telophorus zeylonus,Bokmakierie,
bolbla1,Oreopsar bolivianus,Bolivian Blackbird,
bolear1,Tarphonomus harterti,Bolivian Earthcreeper,
bolpig1,Columba bollii,Bolle's Pigeon,
bolrec1,Syndactyla striata,Bolivian Recurvebill,
bolsla1,Thamnophilus sticturus,Bolivian Slaty Antshrike,
bolspi1,Cranioleuca henricae,Bolivian Spinetail,
boltap1,Scytalopus bolivianus,Bolivian Tapaculo,
boltyr1,Zimmerius bolivianus,Bolivian Tyrannulet,
boneag2,Aquila fasciata,Bonelli's Eagle,
bongro1,Carpodacus ferreorostris,Bonin Grosbeak,
bongul,Chroicocephalus philadelphia,Bonaparte's Gull,BOGU
bonhon1,Apalopteron familiare,Bonin White-eye,
bonnig1,Caprimulgus concretus,Bonaparte's Nightjar,
bonpar1,Pyrrhura lucianii,Bonaparte's Parakeet,
bonpet,Pterodroma hypoleuca,Bonin Petrel,BOPE
bonpig1,Columba versicolor,Bonin Wood Pigeon,
bonthr2,Zoothera terrestris,Bonin Thrush,
booeag1,Hieraaetus pennatus,Booted Eagle,
boorat2,,,
boorat4,,,
boowar1,Iduna caligata,Booted Warbler,
bopphe1,Polyplectron schleiermacheri,Bornean Peacock-Pheasant,
boptyr1,Pseudotriccus pelzelni,Bronze-olive Pygmy Tyrant,
borbar1,Psilopogon eximius,Bornean Barbet,
borbri1,Pityriasis gymnocephala,Bornean Bristlehead,
borchi2,Poecile hudsonicus,Boreal Chickadee,BOCH
borcis1,Cisticola bodessa,Boran Cisticola,
borgrm1,Cissa jefferyi,Bornean Green Magpie,
borlea1,Chloropsis kinabaluensis,Bornean Leafbird,
borowl,Aegolius funereus,Boreal Owl,BOOW
borspi1,Arachnothera everetti,Bornean Spiderhunter,
borstu1,Urosphena whiteheadi,Bornean Stubtail,
bortai1,Ocreatus underwoodii,White-booted Racket-tail,
bortre1,Dendrocitta cinerascens,Bornean Treepie,
borwhi1,Pachycephala hypoxantha,Bornean Whistler,
borwht1,Myophonus borneensis,Bornean Whistling Thrush,
bostib1,Mixornis bornensis,Bold-striped Tit-Babbler,
botgra,Quiscalus major,Boat-tailed Grackle,BTGR
botlar1,Spizocorys fringillaris,Botha's Lark,
botspa,Peucaea botterii,Botteri's Sparrow,BOSP
botwea1,Brachycope anomala,Bob-tailed Weaver,
boubat1,Batis margaritae,Margaret's Batis,
boucha1,Pinarornis plumosus,Boulder Chat,
boucro1,Corvus meeki,Bougainville Crow,
bouhon1,Stresemannia bougainvillei,Bougainville Honeyeater,
boumon1,Monarcha erythrostictus,,
boupar2,Neophema bourkii,,
bouthi1,Cincloramphus llaneae,Bougainville Thicketbird,
bouwre1,Campylorhynchus jocosus,Boucard's Wren,
bowbab1,Ptilocichla leucogrammica,Bornean Wren-Babbler,
bowfin1,Poospiza boliviana,Bolivian Warbling Finch,
bowsht1,Colluricincla boweri,Bower's Shrikethrush,
boycus1,Coracina boyeri,Boyer's Cuckooshrike,
brabus1,Laniarius brauni,Braun's Bushshrike,
bracor,Urile penicillatus,Brandt's Cormorant,BRAC
braeme2,,,
braeme3,,,
brafri1,Philemon brassi,Brass's Friarbird,
brahor1,Lophoceros bradfieldi,Bradfield's Hornbill,
brakit1,Haliastur indus,Brahminy Kite,
bramar1,Phedina brazzae,,
brambl,Fringilla montifringilla,Brambling,BRAM
bramer1,Mergus octosetaceus,Brazilian Merganser,
brant,Branta bernicla,Brant Goose,
brarub1,Clytolaema rubricauda,,
brasta1,Sturnia pagodarum,Brahminy Starling,
braswi1,Apus bradfieldi,Bradfield's Swift,
bratan1,Ramphocelus bresilius,,
bratap1,Scytalopus novacapitalis,Brasilia Tapaculo,
bratea1,Amazonetta brasiliensis,Brazilian Teal,
bratin1,Crypturellus strigulosus,Brazilian Tinamou,
brbant1,Grallaria milleri,Brown-banded Antpitta,
brbant2,Epinecrophylla gutturalis,Brown-bellied Stipplethroat,
brbbar1,Lybius melanopterus,,
brbbul1,Pycnonotus xanthorrhous,Brown-breasted Bulbul,
brbfai1,Chenorhamphus grayi,Broad-billed Fairywren,
brbfai2,Chenorhamphus campbelli,Campbell's Fairywren,
brbflo1,Dicaeum everetti,,
brbfly1,Myiagra ruficollis,Broad-billed Flycatcher,
brbfly2,Muscicapa muttui,Brown-breasted Flycatcher,
brbger1,Gerygone ruficollis,Brown-breasted Gerygone,
brbhon1,Ramsayornis modestus,Brown-backed Honeyeater,
brbhum,Cynanthus latirostris,Broad-billed Hummingbird,BBLH
brbhum2,Cynanthus doubledayi,Turquoise-crowned Hummingbird,
brbmoc1,Mimus dorsalis,Brown-backed Mockingbird,
brbmot1,Electron platyrhynchum,Broad-billed Motmot,
brbnee1,Hirundapus giganteus,Brown-backed Needletail,
brbpar1,Touit melanonotus,Brown-backed Parrotlet,
brbpar2,Pyrrhura calliptera,Flame-winged Parakeet,
brbpar3,Lophopsittacus mauritianus,Broad-billed Parrot,
brbpri1,Pachyptila vittata,Broad-billed Prion,BBPR
brbpuf1,Notharchus ordii,Brown-banded Puffbird,
brbrol1,Eurystomus glaucurus,Broad-billed Roller,
brbsan,Calidris falcinellus,Broad-billed Sandpiper,
brbscy1,Campylorhamphus pusillus,Brown-billed Scythebill,
brbsol1,Myadestes occidentalis,Brown-backed Solitaire,
brbswa1,Orochelidon murina,Brown-bellied Swallow,
brbtan1,Tangara desmaresti,Brassy-breasted Tanager,
brbtod1,Todus subulatus,Broad-billed Tody,
brbwar1,Tickellia hodgsoni,Broad-billed Warbler,
brbwar2,Locustella luteoventris,Brown Bush Warbler,
brbwhi1,Pachycephala modesta,Brown-backed Whistler,
brbwoo1,Chloropicus obsoletus,,
brcale1,Chamaetylas poliocephala,Brown-chested Alethe,
brcbar1,Capito brunneipectus,Brown-chested Barbet,
brcdov1,Macropygia phasianella,Brown Cuckoo-Dove,
brcfan1,Rhipidura diluta,Brown-capped Fantail,
brcfly1,Myiophobus fasciatus,Bran-colored Flycatcher,
brcful1,Alcippe poioicephala,Brown-cheeked Fulvetta,
brclap1,Vanellus superciliosus,Brown-chested Lapwing,
brclau1,Trochalopteron austeni,Brown-capped Laughingthrush,
brcmar1,Progne tapera,Brown-chested Martin,
brcred1,Myioborus brunniceps,Brown-capped Whitestart,
brcsta1,Onychognathus salvadorii,Bristle-crowned Starling,
brctch1,Tchagra australis,Brown-crowned Tchagra,
brctyr,Ornithion brunneicapillus,Brown-capped Tyrannulet,
brcvir1,Vireo leucophrys,Brown-capped Vireo,
brcwea1,Ploceus insignis,Brown-capped Weaver,
brdowl,Strix varia,Barred Owl,BAOW
brebla,Euphagus cyanocephalus,Brewer's Blackbird,BRBL
brebul1,Hypsipetes amaurotis,Brown-eared Bulbul,
brephe1,Crossoptilon mantchuricum,Brown Eared Pheasant,
brespa,Spizella breweri,Brewer's Sparrow,BRSP
bretai1,Bradypterus brunneus,Brown Emutail,
brewoo1,Campethera caroli,,
brfgle1,Automolus melanopezus,Brown-rumped Foliage-gleaner,
brfowl1,Ketupa zeylonensis,Brown Fish Owl,
brftan1,Thlypopsis pectoralis,Brown-flanked Tanager,
brfwoo1,Dendrocoptes auriceps,Brown-fronted Woodpecker,
brgdov1,Alopecoenas beccarii,,
brgeup1,Euphonia mesochrysa,Bronze-green Euphonia,
brgpig1,Treron waalia,Bruce's Green Pigeon,
brhant1,Myrmelastes brunneiceps,Brownish-headed Antbird,
brhapa1,Apalis alticola,Brown-headed Apalis,
brhbar1,Psilopogon zeylanicus,Brown-headed Barbet,
brhcro1,Corvus fuscicapillus,Brown-headed Crow,
brhgre1,Hylophilus brunneiceps,Brown-headed Greenlet,
brhgul2,Chroicocephalus maculipennis,Brown-hooded Gull,
brhhon1,Melithreptus brevirostris,Brown-headed Honeyeater,
brhkin1,Halcyon albiventris,Brown-hooded Kingfisher,
brhpar1,Pyrilia haematotis,Brown-hooded Parrot,
brhpar2,Poicephalus cryptoxanthus,Brown-headed Parrot,
brhthr1,Turdus chrysolaus,Brown-headed Thrush,
brican1,Crithagra sulphurata,Brimstone Canary,
brigra2,Schoenicola striatus,Bristled Grassbird,
brihon1,Bolemoreus frenatus,Bridled Honeyeater,
bripet,Hydrobates pelagicus,European Storm Petrel,
brispa1,Peucaea mystacalis,Bridled Sparrow,
briter1,Onychoprion anaethetus,Bridled Tern,BRTE
britit,Baeolophus wollweberi,Bridled Titmouse,BRTI
brlwar1,Phylloscopus subviridis,Brooks's Leaf Warbler,
brnbar1,Gymnobucco peli,Bristle-nosed Barbet,
brnbar2,Caloramphus fuliginosus,Brown Barbet,
brnboo,Sula leucogaster,Brown Booby,
brncac1,Pseudoseisura lophotes,Brown Cacholote,
brncre,Certhia americana,Brown Creeper,BRCR
brnfir1,Lagonosticta nitidula,Brown Firefinch,
brnhao1,Ninox scutulata,Brown Boobook,
brnhao3,Ninox obscura,Hume's Boobook,
brnhor1,Anorrhinus austeni,Austen's Brown Hornbill,
brnjay,Psilorhinus morio,,
brnnod,Anous stolidus,Brown Noddy,BRNO
brnowl,Tyto alba,Western Barn Owl,
brnpar1,Poicephalus fuscicollis,Brown-necked Parrot,
brnpel,Pelecanus occidentalis,Brown Pelican,BRPE
brnpig1,Columba iriditorques,Western Bronze-naped Pigeon,
brnpri2,Prinia cooki,Burmese Prinia,
brnpri3,Prinia rocki,Annam Prinia,
brnrav1,Corvus ruficollis,Brown-necked Raven,
brnshr,Lanius cristatus,Brown Shrike,BRSH
brnsku3,Stercorarius antarcticus,Brown Skua,BRSK
brnthr,Toxostoma rufum,Brown Thrasher,BRTH
brnwar1,Curruca lugens,Brown Parisoma,
broacc1,Prunella fulvescens,Brown Accentor,
brobab1,Turdoides plebejus,Brown Babbler,
brobul1,Pyrrhula nipalensis,Brown Bullfinch,
brocow,Molothrus aeneus,Bronzed Cowbird,BROC
brocow2,,,
brocra1,Zapornia akool,Brown Crake,
brodip1,Cinclus pallasii,Brown Dipper,
brodro1,Dicrurus aeneus,Bronzed Drongo,
broela1,Elaenia pelzelni,Brownish Elaenia,
brofal1,Falco berigora,Brown Falcon,
brofan1,Rhipidura drownei,Bougainville Fantail,
brofly1,Cnipodectes subbrunneus,Brownish Twistwing,
broful1,Alcippe brunneicauda,Brown Fulvetta,
broger1,Gerygone mouki,Brown Gerygone,
brogos1,Accipiter fasciatus,,
broher,Glaucis aeneus,Bronzy Hermit,
brohon1,Lichmera indistincta,Brown Honeyeater,
broill1,Illadopsis fulvescens,Brown Illadopsis,
broinc1,Coeligena coeligena,Bronzy Inca,
broinc2,Coeligena wilsoni,Brown Inca,
brojac1,Galbula leucogastra,Bronzy Jacamar,
brojac2,Brachygalba lugubris,Brown Jacamar,
brolga1,Antigone rubicunda,Brolga,
brolor1,Chalcopsitta duivenbodei,Brown Lory,
broman1,Spermestes cucullata,Bronze Mannikin,BRMA
bromes1,Mesitornis unicolor,Brown Mesite,
bronig1,Caprimulgus binotatus,,
bronun1,Nonnula brunnea,Brown Nunlet,
broori1,Oriolus szalayi,Brown Oriole,
bropar1,Cholornis unicolor,,
bropri1,Prinia polychroa,Brown Prinia,
broqua1,Synoicus ypsilophorus,Brown Quail,
brosha1,Leucocarbo chalconotus,Stewart Island Shag,
brosic1,Epimachus meyeri,Brown Sicklebill,
broson1,Cincloramphus cruralis,Brown Songlark,
brosun1,Nectarinia kilimensis,Bronze Sunbird,
brotan1,Orchesticus abeillei,Brown Tanager,
brotea1,Anas chlorotis,Brown Teal,
brotho1,Acanthiza pusilla,Brown Thornbill,
brotin1,Crypturellus obsoletus,Brown Tinamou,
brotre1,Cinclocerthia ruficauda,Brown Trembler,BRTR
brotre2,Climacteris picumnus,Brown Treecreeper,
brotwi1,Clytospiza monteiri,Brown Twinspot,
brqdov1,Geotrygon mystacea,Bridled Quail-Dove,BRQD
brratt1,Attila spadiceus,Bright-rumped Attila,
brrbun1,Emberiza affinis,Brown-rumped Bunting,
brrmin1,Pericrocotus cantonensis,Swinhoe's Minivet,
brrsee1,Crithagra tristriata,Brown-rumped Seedeater,
brrtap1,Scytalopus latebricola,Brown-rumped Tapaculo,
brrwhe10,Zosterops winifredae,South Pare White-eye,
brrwhe3,Zosterops kikuyuensis,Kikuyu White-eye,
brrwhe4,Zosterops silvanus,Taita White-eye,
brrwhe8,Zosterops eurycricotus,Broad-ringed White-eye,
brrwhe9,Zosterops mbuluensis,Mbulu White-eye,
brseag1,Circaetus cinereus,Brown Snake Eagle,
brsrob1,Cercotrichas signata,,
brtbab1,Macronus striaticeps,Brown Tit-Babbler,
brtbar1,Psilopogon corvinus,Brown-throated Barbet,
brtcha1,Oenanthe scotocerca,Brown-tailed Rock Chat,
brtcom1,Polyonymus caroli,Bronze-tailed Comet,
brtcur,Numenius tahitiensis,Bristle-thighed Curlew,BTCU
brtgra2,Schoenicola platyurus,Broad-tailed Grassbird,
brther2,Anopetia gounellei,Broad-tipped Hermit,
brthum,Selasphorus platycercus,Broad-tailed Hummingbird,BTHU
brtpar1,Eupsittula pertinax,Brown-throated Parakeet,BTPA
brtpar2,Psittacella brehmii,Brehm's Tiger Parrot,
brtplu1,Chalybura urochrysia,Bronze-tailed Plumeleteer,
brttho1,Chalcostigma heteropogon,Bronze-tailed Thornbill,
brubro1,Phaps elegans,Brush Bronzewing,
brubrt1,Aepypodius bruijnii,Waigeo Brushturkey,
brubru1,Nilaus afer,Brubru,
brucuc1,Cacomantis variolosus,Sahul Brush Cuckoo,
brucuc2,,,
brufly1,Pyrocephalus nanus,Brujo Flycatcher,
brutin1,Nothoprocta cinerascens,Brushland Tinamou,
bruwat1,Anthochaera chrysoptera,Little Wattlebird,
brvear1,Colibri delphinae,Brown Violetear,
brwcou1,Rhinoptilus chalcopterus,Bronze-winged Courser,
brweye1,Zosterops conspicillatus,Bridled White-eye,BRWE
brwhaw,Buteo platypterus,Broad-winged Hawk,BWHA
brwjac1,Metopidius indicus,Bronze-winged Jacana,
brwowl1,Strix leptogrammica,Brown Wood Owl,
brwpar1,Pionus chalcopterus,Bronze-winged Parrot,
brwpar2,Sinosuthora brunnea,,
brwrai1,Aramides wolfi,Brown Wood Rail,
brwsta1,Aplonis grandis,Brown-winged Starling,
brwwar1,Phylloscopus umbrovirens,Brown Woodland Warbler,
bryfin1,Sicalis uropygialis,Bright-rumped Yellow Finch,
bryshe1,Puffinus bryani,Bryan's Shearwater,
bsbeye1,Phlegopsis nigromaculata,Black-spotted Bare-eye,
bsrcha1,Cossypha cyanocampter,Blue-shouldered Robin-Chat,
bssowl,Megascops clarkii,Bare-shanked Screech Owl,
bswdov1,Turtur afer,Blue-spotted Wood Dove,
bswowl1,Aegolius gradyi,Bermuda Saw-whet Owl,
btbeat1,Merops philippinus,Blue-tailed Bee-eater,
btbeat2,Merops viridis,Blue-throated Bee-eater,
btbrob1,Calliope obscura,Blackthroat,
btbsun2,Cyanomitra cyanolaema,Blue-throated Brown Sunbird,
btbwar,Setophaga caerulescens,Black-throated Blue Warbler,BTBW
btfgle1,Automolus ochrolaemus,Ochre-throated Foliage-gleaner,
btgsta1,Lamprotornis chalcurus,Bronze-tailed Starling,
bthhue1,Pteroptochos tarnii,Black-throated Huet-huet,
btmjay,Calocitta colliei,,
btnhen1,Tribonyx ventralis,Black-tailed Nativehen,
btnwar,Setophaga virens,Black-throated Green Warbler,BTNW
btpgua1,Pipile cumanensis,Blue-throated Piping Guan,
btpphe1,Polyplectron chalcurum,Sumatran Peacock-Pheasant,
btpwhy1,Vidua obtusa,Broad-tailed Paradise Whydah,
btsfin1,Rhopospina alaudina,Band-tailed Sierra Finch,
btstan1,Lanio aurantius,Black-throated Shrike-Tanager,
btther1,Tigrisoma mexicanum,Bare-throated Tiger Heron,
btttyr1,Hemitriccus granadensis,Black-throated Tody-Tyrant,
btttyr2,Hemitriccus rufigularis,Buff-throated Tody-Tyrant,
btwbab1,Turdinus atrigularis,Black-throated Wren-Babbler,
btweye1,Platysteira peltata,Black-throated Wattle-eye,
btweye2,Platysteira cyanea,Brown-throated Wattle-eye,
btywar,Setophaga nigrescens,Black-throated Grey Warbler,BTYW
bubbab1,Pellorneum tickelli,Buff-breasted Babbler,
bubbus1,Cincloramphus bivittatus,Buff-banded Thicketbird,
bubbut1,Turnix olivii,Buff-breasted Buttonquail,
bubcha1,Ortalis superciliaris,Buff-browed Chachalaca,
bubcis1,Cisticola bulliens,Bubbling Cisticola,
bubcor1,Uraeginthus angolensis,Blue Waxbill,
bubcur1,Crax alberti,Blue-billed Curassow,
bubear2,Upucerthia validirostris,Buff-breasted Earthcreeper,
bubfly,Empidonax fulvifrons,Buff-breasted Flycatcher,BBFL
bubgro1,Cyanoloxia cyanoides,Blue-black Grosbeak,
bubgro2,Cyanoloxia rothschildii,Amazonian Grosbeak,
bubhel1,Oxypogon cyanolaemus,Blue-bearded Helmetcrest,
bubher1,Phaethornis subochraceus,Buff-bellied Hermit,
bubhum,Amazilia yucatanensis,Buff-bellied Hummingbird,BUFH
bubmon1,Neolalage banksiana,Buff-bellied Monarch,
bubpak1,Tanysiptera sylvia,Buff-breasted Paradise Kingfisher,
bubpak2,Tanysiptera nigriceps,Black-capped Paradise Kingfisher,
bubpuf1,Notharchus swainsoni,Buff-bellied Puffbird,
bubrai1,Gallirallus philippensis,Buff-banded Rail,BBRA
bubsab1,Campylopterus duidae,Buff-breasted Sabrewing,
bubsan,Calidris subruficollis,Buff-breasted Sandpiper,BBSA
bubtan1,Thlypopsis inornata,Buff-bellied Tanager,
bubtan2,Stilpnia cayana,Burnished-buff Tanager,
bubtyr1,Mecocerculus hellmayri,Buff-banded Tyrannulet,
bubwar1,Phylloscopus pulcher,Buff-barred Warbler,
bubwar2,Phyllolais pulchella,Buff-bellied Warbler,
bubwre1,Cantorchilus leucotis,Buff-breasted Wren,
bucbab1,Cyanoderma ambiguum,,
bucbus1,Eupodotis gindiana,,
bucgre1,Pachysylvia muscicapina,Buff-cheeked Greenlet,
buchor1,Anorrhinus galeritus,Bushy-crested Hornbill,
bucifr1,Ifrita kowaldi,Blue-capped Ifrit,
bucjac1,Galbula cyanicollis,Blue-necked Jacamar,
bucjay1,Cyanocorax melanocyaneus,Bushy-crested Jay,
buclau1,Pterorhinus courtoisi,Blue-crowned Laughingthrush,
bucmot1,Momotus coeruliceps,Blue-capped Motmot,
bucmot2,Momotus lessonii,Lesson's Motmot,
bucmot3,Momotus subrufescens,Whooping Motmot,
bucmot4,Momotus momota,Amazonian Motmot,
bucnig,Antrostomus ridgwayi,Buff-collared Nightjar,BCNI
bucpar,Thectocercus acuticaudatus,Blue-crowned Parakeet,
bucred1,Phoenicurus coeruleocephala,Blue-capped Redstart,
bucsap1,Chlorestes notata,Blue-chinned Sapphire,
buctof1,Poecilotriccus senex,Buff-cheeked Tody-Flycatcher,
budger,Melopsittacus undulatus,Budgerigar,
buffal1,Micrastur buckleyi,Buckley's Forest Falcon,
buffle,Bucephala albeola,Bufflehead,BUFF
bufhel1,Oxypogon stuebelii,Buffy Helmetcrest,
bufhum1,Leucippus fallax,Buffy Hummingbird,
buflau1,Pterorhinus berthemyi,Buffy Laughingthrush,
bufowl1,Aegolius harrisii,Buff-fronted Owl,
bufowl2,Ketupa ketupu,Buffy Fish Owl,
bufpar,Amazona aestiva,Turquoise-fronted Amazon,
bufpar1,Touit dilectissimus,Blue-fronted Parrotlet,
bufpip1,Anthus vaalensis,Buffy Pipit,
bufscr1,Sericornis perspicillatus,,
bufsee1,Sporophila frontalis,Buffy-fronted Seedeater,
buftuf1,Pseudocolaptes lawrencii,Buffy Tuftedcheek,
buftuf3,,,
buggna,Polioptila caerulea,Blue-grey Gnatcatcher,BGGN
buglio1,Liocichla bugunorum,Bugun Liocichla,
bugnod,Anous ceruleus,Blue Noddy,BGNO
bugrob1,Peneothello cyanus,,
bugsta1,Lamprotornis australis,Burchell's Starling,
bugtan,Thraupis episcopus,Blue-grey Tanager,
buhcou1,Centropus milo,Buff-headed Coucal,
buhmac1,Primolius couloni,Blue-headed Macaw,
buhshr1,Lanius bucephalus,Bull-headed Shrike,
buhsun1,Cyanomitra alinae,Blue-headed Sunbird,
buhvir,Vireo solitarius,Blue-headed Vireo,BHVI
bukwoo1,Scolopax bukidnonensis,Bukidnon Woodcock,
bulalb2,Thalassarche bulleri,Buller's Albatross,BUAL
bulori,Icterus bullockii,,BUOR
bulpet,Bulweria bulwerii,Bulwer's Petrel,BUPE
bulphe1,Lophura bulweri,Bulwer's Pheasant,
bulshe,Ardenna bulleri,Buller's Shearwater,BULS
bumbee1,Merops mentalis,Blue-moustached Bee-eater,
bumhum,Selasphorus heloisa,Bumblebee Hummingbird,BUHU
bunere1,Eremomela usticollis,Burnt-necked Eremomela,
bunfly1,Ficedula luzoniensis,Bundok Flycatcher,
bunibi1,Theristicus caudatus,Buff-necked Ibis,
bunwoo1,Meiglyptes tukki,Buff-necked Woodpecker,
burbus1,Mirafra microptera,,
burcou2,Cursorius rufus,Burchell's Courser,
burcus1,Coracina fortis,Buru Cuckooshrike,
burhon1,Lichmera deningeri,Buru Honeyeater,
burjuf1,Eumyias additus,Buru Jungle Flycatcher,
burori2,Oriolus bouroensis,Black-eared Oriole,
burori3,Oriolus decipiens,Tanimbar Oriole,
burowl,Athene cunicularia,Burrowing Owl,BUOW
burpar,Cyanoliseus patagonus,Burrowing Parrot,
bursan1,Pterocles burchelli,Burchell's Sandgrouse,
burshr1,Lanius collurioides,Burmese Shrike,
burtai1,Prioniturus mada,Buru Racket-tail,
burtho1,Acanthiza reguloides,Buff-rumped Thornbill,
burthr,Monticola solitarius,Blue Rock Thrush,
burthr1,Geokichla dumasi,Buru Thrush,
burwar1,Myiothlypis fulvicauda,Buff-rumped Warbler,
burwhe1,Zosterops buruensis,Buru White-eye,
burwoo1,Meiglyptes tristis,Zebra Woodpecker,
buryuh1,Yuhina humilis,Burmese Yuhina,
busbla1,Sylvia nigricapillus,Bush Blackcap,
busbus1,Campicoloides bifasciatus,Buff-streaked Chat,
busfla1,Chrysocolaptes lucidus,Buff-spotted Flameback,
busflu1,Sarothrura elegans,Buff-spotted Flufftail,
bushti,Psaltriparus minimus,American Bushtit,BUSH
buspet1,Gymnoris dentata,Sahel Bush Sparrow,
buspip1,Anthus caffer,Bushveld Pipit,
busrob1,Poecilodryas cerviniventris,Buff-sided Robin,
buswid1,Euplectes psammacromius,Montane Widowbird,
buswoo1,Campethera nivosa,,
buswre1,Xenicus longipes,Bushwren,
butapa1,Apalis rufogularis,Buff-throated Apalis,
butcor1,Boissonneaua flavescens,Buff-tailed Coronet,
butfly1,Cyornis rubeculoides,Blue-throated Blue Flycatcher,
butfly2,Cyornis glaucicomans,Chinese Blue Flycatcher,
butfog4,Automolus exsertus,Chiriqui Foliage-gleaner,
buthil1,Oreotrochilus cyanolaemus,Blue-throated Hillstar,
buthum,Lampornis clemenciae,Blue-throated Mountaingem,BTMG
butkne1,Burhinus grallarius,Bush Stone-curlew,
butpuf1,Haplophaedia assimilis,Buff-thighed Puffleg,
butpur1,Iodopleura pipra,Buff-throated Purpletuft,
butsal1,Saltator maximus,Buff-throated Saltator,
butsic1,Eutoxeres condamini,Buff-tailed Sicklebill,
butsun2,Chalcomitra adelberti,Buff-throated Sunbird,
buttro1,Trogon comptus,Choco Trogon,
butwar1,Phylloscopus subaffinis,Buff-throated Warbler,
butwoo2,,,
buvbul1,Iole crypta,Buff-vented Bulbul,
buvhum1,Saucerottia hoffmanni,Blue-vented Hummingbird,
buwcin1,Cinclodes fuscus,Buff-winged Cinclodes,
buwgoo1,Cyanochen cyanoptera,Blue-winged Goose,
buwmac1,Primolius maracana,Blue-winged Macaw,
buwpar1,Forpus spengeli,Turquoise-winged Parrotlet,
buwpar2,Forpus crassirostris,Riparian Parrotlet,
buwpar3,Forpus xanthopterygius,Cobalt-rumped Parrotlet,
buwsta1,Coeligena lutetiae,Buff-winged Starfrontlet,
buwtea,Spatula discors,Blue-winged Teal,BWTE
buwwar,Vermivora cyanoptera,Blue-winged Warbler,BWWA
bwfshr1,Hemipus picatus,Bar-winged Flycatcher-shrike,
bwfshr2,Hemipus hirundinaceus,Black-winged Flycatcher-shrike,
bwgdov1,Metriopelia melanoptera,Black-winged Ground Dove,
bwmtan1,Anisognathus somptuosus,Blue-winged Mountain Tanager,
bwrtai1,Prioniturus verticalis,Blue-winged Racket-tail,
bwwbab1,Spelaeornis troglodytoides,Bar-winged Wren-Babbler,
bwwwre1,Henicorhina leucoptera,Bar-winged Wood Wren,
caaant1,Herpsilochmus sellowi,,
caacac1,Pseudoseisura cristata,Caatinga Cacholote,
caawoo1,Celeus obrieni,Kaempfer's Woodpecker,
cabbun1,Emberiza cabanisi,Cabanis's Bunting,
cabgoo1,Cereopsis novaehollandiae,Cape Barren Goose,
cabgre1,Phyllastrephus cabanisi,Cabanis's Greenbul,
cabgre3,,,
cabspi1,Synallaxis cabanisi,Cabanis's Spinetail,
cabtra1,Tragopan caboti,Cabot's Tragopan,
cacbul1,Iole cacharensis,Cachar Bulbul,
caccan1,Pseudasthenes cactorum,Cactus Canastero,
cacgoo1,Branta hutchinsii,Cackling Goose,
caclar1,Mirafra apiata,,
cacpar1,Eupsittula cactorum,Caatinga Parakeet,
cacwre,Campylorhynchus brunneicapillus,Cactus Wren,CACW
caeowl1,Bubo capensis,Cape Eagle-Owl,
cafdov1,Ptilinopus granulifrons,Carunculated Fruit Dove,
caichi1,Phylloscopus canariensis,Canary Islands Chiffchaff,
caipar2,Pyrilia caica,Caica Parrot,
caisha2,Leucocarbo campbelli,Campbell Shag,
caisto1,Saxicola dacotiae,Canary Islands Stonechat,
caiswi1,Aerodramus inquietus,Caroline Swiftlet,
caitea1,Anas nesiotis,Campbell Teal,
calcon,Gymnogyps californianus,California Condor,CALC
calgna,Polioptila californica,California Gnatcatcher,CAGN
calgul,Larus californicus,California Gull,CAGU
calhum,Selasphorus calliope,Calliope Hummingbird,CAHU
callar1,Melanocorypha calandra,Calandra Lark,
calqua,Callipepla californica,California Quail,
calrai1,Gallirallus calayanensis,Calayan Rail,
calthr,Toxostoma redivivum,California Thrasher,CATH
caltow,Melozone crissalis,California Towhee,CALT
camboo1,Ninox leventisi,Camiguin Boobook,
camfli1,Colaptes campestris,Campo Flicker,
camfra2,Pternistis camerunensis,Mount Cameroon Spurfowl,
camgre2,Arizelocichla montana,Cameroon Mountain Greenbul,
camhap1,Loriculus camiguinensis,Camiguin Hanging Parrot,
camind1,Vidua camerunensis,Cameroon Indigobird,
camlau1,Garrulax ferrarius,Cambodian Laughingthrush,
cammin2,Geositta poeciloptera,Campo Miner,
campig1,Columba sjostedti,Cameroon Olive Pigeon,
camscw1,Bradypterus lopezi,Evergreen Forest Warbler,
camspe1,Zosterops melanocephalus,Mount Cameroon Speirops,
camsun2,Cyanomitra oritis,Cameroon Sunbird,
camtai1,Orthotomus chaktomuk,Cambodian Tailorbird,
camtro1,Icterus jamacaii,Campo Troupial,
camwar,Setophaga tigrina,Cape May Warbler,CMWA
cancan1,Asthenes pudibunda,Canyon Canastero,
caneme1,Cynanthus canivetii,Canivet's Emerald,
canfly2,Microeca papuana,,
cangoo,Branta canadensis,Canada Goose,CAGO
cangro1,Clibanornis dendrocolaptoides,Canebrake Groundcreeper,
canoys1,Haematopus meadewaldoi,Canary Islands Oystercatcher,
cantow,Melozone fusca,Canyon Towhee,CANT
canvas,Aythya valisineria,Canvasback,CANV
canwar,Cardellina canadensis,Canada Warbler,CAWA
canwre,Catherpes mexicanus,Canyon Wren,CANW
caogre1,Phyllastrephus poensis,Cameroon Olive Greenbul,
capbab1,Turdoides atripennis,Capuchin Babbler,
capbat1,Batis capensis,Cape Batis,
capbul1,Pycnonotus capensis,Cape Bulbul,
capbun1,Emberiza capensis,Cape Bunting,
capcan1,Serinus canicollis,Cape Canary,
capcon1,Conirostrum albifrons,Capped Conebill,
capcor1,Phalacrocorax capensis,Cape Cormorant,
capcro1,Sylvietta rufescens,Long-billed Crombec,
capcro2,Corvus capensis,Cape Crow,
capfra2,Pternistis capensis,Cape Spurfowl,
capgan1,Morus capensis,Cape Gannet,
capgls1,Lamprotornis nitens,Cape Starling,
capgra1,Sphenoeacus afer,Cape Grassbird,
capgri1,Gyps coprotheres,Cape Vulture,
capher1,Pilherodius pileatus,Capped Heron,
caplar1,Certhilauda curvirostris,Cape Long-billed Lark,
capowl1,Glaucidium griseiceps,Central American Pygmy Owl,
cappet,Daption capense,Pintado Petrel,CAPE
capsee1,Sporophila bouvreuil,Copper Seedeater,
capsho1,Spatula smithii,Cape Shoveler,
capsis2,Crithagra totta,Cape Siskin,
capspa1,Passer melanurus,Cape Sparrow,
capsug1,Promerops cafer,Cape Sugarbird,
captea1,Anas capensis,Cape Teal,
capuch1,Perissocephalus tricolor,Capuchinbird,
capwag1,Motacilla capensis,Cape Wagtail,
capwea1,Ploceus capensis,Cape Weaver,
capwhe1,Oenanthe pileata,Capped Wheatear,
capwhe2,Zosterops virens,Cape White-eye,
capwhe3,Zosterops fuscicapilla,Capped White-eye,
capwhe6,Zosterops pallidus,Orange River White-eye,
caqsee1,Sporophila murallae,,
carcar1,Phalcoboenus carunculatus,,
carcha1,Cossypha caffra,,
carchi,Poecile carolinensis,Carolina Chickadee,CACH
carcis1,Cisticola carruthersi,Carruthers's Cisticola,
carcro1,Corvus corone,Carrion Crow,
cardov1,Leptotila jamaicensis,Caribbean Dove,CADO
carela1,Elaenia martinica,Caribbean Elaenia,CAEL
cargra1,Quiscalus lugubris,Carib Grackle,
cargra2,Amytornis dorotheae,Carpentarian Grasswren,
carlor1,Pseudeos cardinalis,,
carmar1,Progne dominicensis,Caribbean Martin,CAMA
carmyz1,Myzomela cardinalis,Cardinal Myzomela,CAHO
carpar,Conuropsis carolinensis,Carolina Parakeet,
carpar1,Parotia carolae,Queen Carola's Parotia,
carpar3,Parotia berlepschi,Bronze Parotia,
carque1,Quelea cardinalis,Cardinal Quelea,
carrew1,Acrocephalus syrinx,Caroline Reed Warbler,
carsee1,Amaurospiza carrizalensis,Carrizal Seedeater,
carsun2,Chalcomitra fuliginosa,Carmelite Sunbird,
cartan2,,,
cartap1,Scytalopus caracae,Caracas Tapaculo,
carthr1,Monticola rupestris,Cape Rock Thrush,
cartit2,Melaniparus carpi,Carp's Tit,
carwoo1,Chloropicus fuscescens,,
carwre,Thryothorus ludovicianus,Carolina Wren,CARW
casant1,Thamnophilus cryptoleucus,Castelnau's Antshrike,
casauk,Ptychoramphus aleuticus,Cassin's Auklet,CAAU
casfin,Haemorhous cassinii,Cassin's Finch,CAFI
casfin1,Rhopospina carbonaria,Carbonated Sierra Finch,
casfly1,Muscicapa cassini,Cassin's Flycatcher,
casgul2,Larus cachinnans,Caspian Gull,
cashae1,Aquila africana,Cassin's Hawk-Eagle,
cashon1,Prodotiscus insignis,Cassin's Honeybird,
caskin,Tyrannus vociferans,Cassin's Kingbird,CAKI
casoro2,Cacicus oseryi,Casqued Cacique,
casplo1,Charadrius asiaticus,,
cassno1,Tetraogallus caspius,Caspian Snowcock,
casspa,Peucaea cassinii,Cassin's Sparrow,CASP
casspi1,Neafrapus cassini,Cassin's Spinetail,
caster1,Hydroprogne caspia,Caspian Tern,CATE
castit2,Poecile hyrcanus,Caspian Tit,
casvir,Vireo cassinii,Cassin's Vireo,CAVI
categr,Bubulcus ibis,,
categr2,,,
cattyr,Machetornis rixosa,Cattle Tyrant,
cauant2,Myrmelastes caurensis,Caura Antbird,
caugro1,Lyrurus mlokosiewiczi,Caucasian Grouse,
caugua1,Penelope perspicax,Cauca Guan,
causno1,Tetraogallus caucasicus,Caucasian Snowcock,
cavshe1,Calonectris edwardsii,Cape Verde Shearwater,
cavspa1,Passer iagoensis,Iago Sparrow,
cavstp1,Hydrobates jabejabe,Cape Verde Storm Petrel,
cavswa,Petrochelidon fulva,Cave Swallow,CASW
cavswi2,Collocalia linchi,Linchi Swiftlet,
cavswi3,Collocalia dodgei,Bornean Swiftlet,
cawfin1,Melanodera melanodera,White-bridled Finch,
cayjay1,Cyanocorax cayanus,Cayenne Jay,
caynig1,Setopagis maculosa,Cayenne Nightjar,
cbbwar2,Locustella castanea,Sulawesi Bush Warbler,
cbfdov1,Ptilinopus viridis,Claret-breasted Fruit Dove,
cbgcuc1,Carpococcyx renauldi,Coral-billed Ground Cuckoo,
cbipig1,Ducula brenchleyi,Chestnut-bellied Imperial Pigeon,
cbipig2,Ducula basilica,Cinnamon-bellied Imperial Pigeon,
cbjbab1,Ptilorrhoa castanonota,Chestnut-backed Jewel-babbler,
cbmfin1,Poospizopsis caesar,Chestnut-breasted Mountain Finch,
cbmtan1,Dubusia castaneoventris,Chestnut-bellied Mountain Tanager,
cbqthr1,Cinclosoma castaneothorax,Chestnut-breasted Quail-thrush,
cbrthr1,Monticola rufiventris,Chestnut-bellied Rock Thrush,
cbsbab1,Pomatorhinus montanus,Javan Scimitar Babbler,
cbsbab2,Pomatorhinus ferruginosus,Black-crowned Scimitar Babbler,
cbsfin,Sporophila angolensis,Chestnut-bellied Seed Finch,
cbslar1,Eremopterix leucotis,Chestnut-backed Sparrow-Lark,
cbswea1,Plocepasser rufoscapulatus,Chestnut-backed Sparrow-Weaver,
cbttyr1,Hemitriccus cinnamomeipectus,Cinnamon-breasted Tody-Tyrant,
ccbeat1,Merops oreobates,Cinnamon-chested Bee-eater,
ccbfin,Arremon brunneinucha,Chestnut-capped Brushfinch,
ccbwar1,Cettia major,Chestnut-crowned Bush Warbler,
ccfdov1,Ptilinopus porphyraceus,Crimson-crowned Fruit Dove,PCFD
ccfgle1,Clibanornis rectirostris,Henna-capped Foliage-gleaner,
ccfgle2,Automolus rufipileatus,Chestnut-crowned Foliage-gleaner,
ccswea1,Plocepasser superciliosus,Chestnut-crowned Sparrow-Weaver,
cebboo1,Ninox rumseyi,Cebu Boobook,
cebflo1,Dicaeum quadricolor,Cebu Flowerpecker,
cecman1,Lepidothrix coeruleocapilla,Cerulean-capped Manakin,
cedwax,Bombycilla cedrorum,Cedar Waxwing,CEDW
ceghor1,Ocyceros gingalensis,Sri Lanka Grey Hornbill,
cehpar1,Loriculus beryllinus,Sri Lanka Hanging Parrot,
celmon1,Hypothymis coelestis,Celestial Monarch,
cepfly1,Eutrichomyias rowleyi,Cerulean Flycatcher,
cercus1,Coracina temminckii,Cerulean Cuckooshrike,
cerwar,Setophaga cerulea,Cerulean Warbler,CERW
cetwar1,Cettia cetti,Cetti's Warbler,
ceybuw1,Elaphrornis palliseri,Sri Lanka Bush Warbler,
ceyfro1,Batrachostomus moniliger,Sri Lanka Frogmouth,
ceyjun1,Gallus lafayettii,Sri Lanka Junglefowl,
ceymag1,Urocissa ornata,Sri Lanka Blue Magpie,
ceymyn1,Gracula ptilogenys,Sri Lanka Hill Myna,
ceyspu1,Galloperdix bicalcarata,Sri Lanka Spurfowl,
ceywhe1,Zosterops ceylonensis,Sri Lanka White-eye,
ceywht1,Myophonus blighi,Sri Lanka Whistling Thrush,
ceywop1,Columba torringtoniae,Sri Lanka Wood Pigeon,
cfsbab1,Pteruthius aenobarbus,Trilling Shrike-babbler,
cfweye1,Zosterops erythropleurus,Chestnut-flanked White-eye,
chaant1,Thamnophilus zarumae,Chapman's Antshrike,
chaapa1,Apalis chapini,Chapin's Apalis,
chabar1,Lybius chaplini,Chaplin's Barbet,
chabrt1,Phylloscartes chapmani,,
chabul1,Iole charlottae,Charlotte's Bulbul,
chacha1,Ortalis canicollis,Chaco Chachalaca,
chacis1,Cisticola anonymus,Chattering Cisticola,
chaear1,Tarphonomus certhioides,Chaco Earthcreeper,
chafly1,Fraseria lendu,Chapin's Flycatcher,
chafly2,Agricola infuscatus,Chat Flycatcher,
chafly3,Guyramemua affine,Chapada Flycatcher,
chafly4,,,
chagih1,Gymnomyza viridis,Yellow-billed Giant Honeyeater,
chahum1,Polyerata decora,Charming Hummingbird,
chakin2,Todiramphus tutus,Chattering Kingfisher,
chalor1,Lorius garrulus,Chattering Lory,
chamoc1,Mimus trifasciatus,Floreana Mockingbird,
chamoc2,Mimus melanotis,San Cristobal Mockingbird,
chaowl1,Strix chacoensis,Chaco Owl,
chaoys1,Haematopus chathamensis,Chatham Islands Oystercatcher,
chapet1,Pterodroma axillaris,Chatham Islands Petrel,
chapip1,Anthus chacoensis,Pampas Pipit,
charob1,Petroica traversi,Black Robin,
chaswi2,Chaetura chapmani,Chapman's Swift,
chavan2,Leptopterus chabert,Chabert Vanga,
chbant1,Poliocrania exsul,Chestnut-backed Antbird,
chbant2,Thamnophilus palliatus,Chestnut-backed Antshrike,
chbbab1,Stachyris roberti,Cachar Wedge-billed Babbler,
chbbun1,Emberiza stewarti,White-capped Bunting,
chbbut2,Turnix castanotus,Chestnut-backed Buttonquail,
chbchi,Poecile rufescens,Chestnut-backed Chickadee,CBCH
chbchl1,Chlorophonia pyrrhophrys,Chestnut-breasted Chlorophonia,
chbcor1,Boissonneaua matthewsii,Chestnut-breasted Coronet,
chbcot1,Doliornis remseni,Chestnut-bellied Cotinga,
chbcuc2,Scythrops novaehollandiae,Channel-billed Cuckoo,
chbcuc3,Cacomantis castaneiventris,Chestnut-breasted Cuckoo,
chbcuc4,Coccyzus pluvialis,Chestnut-bellied Cuckoo,
chbeat1,Merops leschenaulti,Chestnut-headed Bee-eater,
chbeup1,Euphonia pectoralis,Chestnut-bellied Euphonia,
chbfan1,Rhipidura hyperythra,Chestnut-bellied Fantail,
chbflo1,Diglossa gloriosissima,Chestnut-bellied Flowerpiercer,
chbgna1,Conopophaga aurita,Chestnut-belted Gnateater,
chbgua1,Penelope ochrogaster,Chestnut-bellied Guan,
chbhel1,Prionops caniceps,Red-billed Helmetshrike,
chbhum1,Saucerottia castaneiventris,Chestnut-bellied Hummingbird,
chbkin1,Todiramphus farquhari,Vanuatu Kingfisher,
chbkin2,Halcyon badia,Chocolate-backed Kingfisher,
chblau1,Pterorhinus nuchalis,Chestnut-backed Laughingthrush,
chbmal1,Phaenicophaeus sumatranus,Chestnut-bellied Malkoha,
chbmal2,Phaenicophaeus curvirostris,Chestnut-breasted Malkoha,
chbmoc1,Mimus saturninus,Chalk-browed Mockingbird,
chbmon1,Monarcha castaneiventris,Chestnut-bellied Monarch,
chbmun1,Lonchura castaneothorax,Chestnut-breasted Mannikin,
chbneg1,Nigrita bicolor,Chestnut-breasted Nigrita,
chbnut2,Sitta castanea,Indian Nuthatch,
chbnut3,Sitta cinnamoventris,Chestnut-bellied Nuthatch,
chbnut4,Sitta neglecta,Burmese Nuthatch,
chbowl1,Glaucidium castanotum,Chestnut-backed Owlet,
chbpar1,Arborophila javanica,Chestnut-bellied Partridge,
chbpar2,Arborophila mandellii,Chestnut-breasted Partridge,
chbpar3,Bambusicola thoracicus,Chinese Bamboo Partridge,
chbplo1,Charadrius pallidus,,
chbqut1,Cinclosoma marginatum,Western Quail-thrush,
chbros1,Carpodacus davidianus,Chinese Beautiful Rosefinch,
chbsan,Pterocles exustus,Chestnut-bellied Sandgrouse,
chbsee1,Sporophila castaneiventris,Chestnut-bellied Seedeater,
chbsta1,Lamprotornis pulcher,Chestnut-bellied Starling,
chbtan1,Stilpnia preciosa,Chestnut-backed Tanager,
chbtho1,Phacellodomus dorsalis,Chestnut-backed Thornbird,
chbthr1,Geokichla dohertyi,Chestnut-backed Thrush,
chbthr2,Turdus fulviventris,Chestnut-bellied Thrush,
chbtou1,Ramphastos vitellinus,Channel-billed Toucan,
chbtou3,,,
chbwar1,Locustella tacsanowskia,Chinese Bush Warbler,
chbwhi1,Aphelocephala pectoralis,Chestnut-breasted Whiteface,
chbwre1,Cyphorhinus thoracicus,Southern Chestnut-breasted Wren,
chcant1,Rhegmatorhina cristata,Chestnut-crested Antbird,
chcant2,Grallaria ruficapilla,Chestnut-crowned Antpitta,
chcbab1,Timalia pileata,Chestnut-capped Babbler,
chcbab2,Pomatostomus ruficeps,Chestnut-crowned Babbler,
chcbec1,Pachyramphus castaneus,Chestnut-crowned Becard,
chcbla2,Chrysomus ruficapillus,Chestnut-capped Blackbird,
chccot1,Ampelion rufaxilla,Chestnut-crested Cotinga,
chcfly1,Erythrocercus mccallii,Chestnut-capped Flycatcher,
chcgna1,Conopophaga castaneiceps,Chestnut-crowned Gnateater,
chclau2,Trochalopteron erythrocephalum,Chestnut-crowned Laughingthrush,
chclau3,Pterorhinus mitratus,Chestnut-capped Laughingthrush,
chclon,Calcarius ornatus,Chestnut-collared Longspur,CCLO
chcpih1,Lipaugus weberi,Chestnut-capped Piha,
chcpuf1,Bucco macrodactylus,Chestnut-capped Puffbird,
chcsta1,Agropsar philippensis,Chestnut-cheeked Starling,
chcswa2,Petrochelidon rufocollaris,Chestnut-collared Swallow,
chcswi1,Streptoprocne rutila,Chestnut-collared Swift,
chcter2,Thalasseus bernsteini,Chinese Crested Tern,
chcthr1,Geokichla interpres,Chestnut-capped Thrush,
chcwar2,Phylloscopus castaniceps,Chestnut-crowned Warbler,
chcwoo1,Celeus castaneus,Chestnut-colored Woodpecker,
chcyuh1,Staphida everetti,Chestnut-crested Yuhina,
cheant1,Myrmotherula cherriei,Cherrie's Antwren,
cheant2,Grallaria blakei,Chestnut Antpitta,
cheara1,Pteroglossus castanotis,Chestnut-eared Aracari,
chebul1,Hemixos castanonotus,Chestnut Bulbul,
chebun1,Emberiza rutila,Chestnut Bunting,
chebun2,Emberiza fucata,Chestnut-eared Bunting,
chelau1,Ianthocincla konkakinhensis,Chestnut-eared Laughingthrush,
chemun,Lonchura atricapilla,Chestnut Munia,
chephe1,Catreus wallichii,Cheer Pheasant,
chepic1,Picumnus cinnamomeus,Chestnut Piculet,
chequt1,Cinclosoma castanotum,Chestnut Quail-thrush,
cherai1,Gallirallus castaneoventris,Chestnut Rail,
chesee1,Sporophila cinnamomea,Chestnut Seedeater,
chespa1,Passer eminibey,Chestnut Sparrow,
chetea1,Anas castanea,Chestnut Teal,
chethr1,Turdus rubrocanus,Chestnut Thrush,
chewea1,Ploceus rubiginosus,Chestnut Weaver,
chewoo2,Celeus elegans,Chestnut Woodpecker,
chewoo3,Dryobates mixtus,,
chfbab1,Zosterornis whiteheadi,Chestnut-faced Babbler,
chfhel1,Prionops scopifrons,Chestnut-fronted Helmetshrike,
chfmac1,Ara severus,Chestnut-fronted Macaw,
chfrai1,Rallina rubra,,
chfspa1,Accipiter castanilius,,
chgshr2,,,
chhcra1,Anurolimnas castaneiceps,Chestnut-headed Crake,
chhflu1,Sarothrura lugens,Chestnut-headed Flufftail,
chhlau1,Pterorhinus treacheri,Chestnut-hooded Laughingthrush,
chhnun1,Nonnula amaurocephala,Chestnut-headed Nunlet,
chhoro1,Psarocolius wagleri,Chestnut-headed Oropendola,
chhpar1,Arborophila cambodiana,Chestnut-headed Partridge,
chhpar3,,,
chhspl1,Eremopterix signatus,Chestnut-headed Sparrow-Lark,
chhtan1,Thlypopsis pyrrhocoma,Chestnut-headed Tanager,
chhtes1,Cettia castaneocoronata,Chestnut-headed Tesia,
chhwrb1,Spelaeornis oatesi,Chin Hills Wren-Babbler,
chiapa1,Apalis chirindensis,Chirinda Apalis,
chibab2,Pterorhinus lanceolatus,Chinese Babax,
chibar1,Psilopogon faber,Chinese Barbet,
chibat1,Batis molitor,Chinspot Batis,
chibel1,Anthornis melanocephala,Chatham Islands Bellbird,
chibla1,Turdus mandarinus,Chinese Blackbird,
chibub1,Pterorhinus woodi,Mount Victoria Babax,
chicar1,Milvago chimango,,
chicis1,Cisticola pipiens,Chirping Cisticola,
chicup1,Pnoepyga mutica,,
chiegr,Egretta eulophotes,Chinese Egret,
chieme1,Chlorostilbon olivaresi,Chiribiquete Emerald,
chifer1,Poodytes rufescens,Chatham Islands Fernbird,
chifla1,Phoenicopterus chilensis,Chilean Flamingo,
chifli1,Colaptes pitius,Chilean Flicker,
chifra1,Francolinus pintadeanus,Chinese Francolin,
chifri1,Fregata andrewsi,Christmas Frigatebird,
chiful1,Fulvetta striaticollis,Chinese Fulvetta,
chiger2,Gerygone albofrontata,Chatham Islands Gerygone,
chigra1,Graminicola striatus,Chinese Grassbird,
chihao1,Ninox natalis,Christmas Boobook,
chilew1,Phylloscopus yunnanensis,Chinese Leaf Warbler,
chimoc1,Mimus thenca,Chilean Mockingbird,
chimon1,Lophophorus lhuysii,Chinese Monal,
chipar1,Cyanoramphus forbesi,Chatham Islands Parakeet,
chipen2,Pygoscelis antarcticus,Chinstrap Penguin,CHPE
chipig2,Patagioenas araucana,Chilean Pigeon,
chirai1,Gallirallus modestus,Chatham Rail,
chirav,Corvus cryptoleucus,Chihuahuan Raven,CHRA
chirub1,Calliope tschebaiewi,Chinese Rubythroat,
chisha1,Leucocarbo onslowi,Chatham Shag,
chisku1,Stercorarius chilensis,Chilean Skua,
chisni1,Coenocorypha pusilla,Chatham Islands Snipe,
chispa,Spizella passerina,Chipping Sparrow,CHSP
chiswa1,Tachycineta leucopyga,Chilean Swallow,
chiswi,Chaetura pelagica,Chimney Swift,CHSW
chiswi1,Collocalia natalis,Christmas Swiftlet,
chithr1,Turdus chiguanco,Chiguanco Thrush,
chithr2,Otocichla mupinensis,,
chitin1,Nothoprocta perdicaria,Chilean Tinamou,
chityr1,Zimmerius chicomendesi,Chico's Tyrannulet,
chivir1,Vireo chivi,Chivi Vireo,
chiwar1,Acrocephalus aequinoctialis,Bokikokiko,
chiwed1,Psophodes occidentalis,Chiming Wedgebill,
chiwed2,Psophodes cristatus,Chirruping Wedgebill,
chiwig1,Mareca sibilatrix,Chiloe Wigeon,
chiwoo1,Eulidia yarrellii,Chilean Woodstar,
chmbab1,Turdoides chapini,Chapin's Babbler,
chnant1,Grallaria nuchalis,Chestnut-naped Antpitta,
chnfor1,Enicurus ruficapillus,Chestnut-naped Forktail,
chnfra1,Pternistis castaneicollis,Chestnut-naped Spurfowl,
chnfra3,Pternistis atrifrons,,
chnpar1,Tropicoperdix charltonii,Chestnut-necklaced Partridge,
choale1,Chamaetylas choloensis,Thyolo Alethe,
chobla1,Gnorimopsar chopi,Chopi Blackbird,
choboo1,Ninox randi,Chocolate Boobook,
chopig1,Microgoura meeki,Choiseul Pigeon,
chopoo1,Nyctiphrynus rosenbergi,Choco Poorwill,
chospi2,Schoeniophylax phryganophilus,Chotoy Spinetail,
chotap1,Scytalopus chocoensis,Choco Tapaculo,
chotin1,Crypturellus kerriae,Choco Tinamou,
chotou1,Ramphastos brevis,Choco Toucan,
chotyr1,Zimmerius albigularis,Choco Tyrannulet,
chovir1,Vireo masteri,Choco Vireo,
chowch1,Orthonyx spaldingii,Chowchilla,
chowoo1,Dryobates chocoensis,,
chpher1,Ardeola bacchus,Chinese Pond Heron,
chptit1,Remiz consobrinus,Chinese Penduline Tit,
chqdov1,Zentrygon chiriquensis,Chiriqui Quail-Dove,
chrbab1,Stachyris maculata,Chestnut-rumped Babbler,
chrcha1,Cossypha dichroa,Chorister Robin-Chat,
chrhea1,Hylacola pyrrhopygia,Chestnut-rumped Heathwren,
chrshe,Puffinus nativitatis,Christmas Shearwater,CHSH
chrtho1,Acanthiza uropygialis,Chestnut-rumped Thornbill,
chrwoo1,Xiphorhynchus pardalotus,Chestnut-rumped Woodcreeper,
chsant1,Euchrepomis humeralis,Chestnut-shouldered Antwren,
chsgos1,Erythrotriorchis buergersi,Chestnut-shouldered Goshawk,
chspet1,Gymnoris xanthocollis,Yellow-throated Sparrow,
chswar,Setophaga pensylvanica,Chestnut-sided Warbler,CSWA
chtant1,Epinecrophylla fulviventris,Checker-throated Stipplethroat,
chtant2,Sciaphylax hemimelaena,Southern Chestnut-tailed Antbird,
chtapa2,Apalis kaboboensis,Kabobo Apalis,
chtapa3,Apalis porphyrolaema,Chestnut-throated Apalis,
chtfly1,Myiagra castaneigularis,Chestnut-throated Flycatcher,
chtjuf1,Cyornis ruficauda,Philippine Jungle Flycatcher,
chtmin1,Actinodura strigula,Bar-throated Minla,
chtsee1,Sporophila telasco,Chestnut-throated Seedeater,
chtspi1,Synallaxis cherriei,Chestnut-throated Spinetail,
chtsta2,Sturnia malabarica,Chestnut-tailed Starling,
chttan1,Nemosia rourei,Cherry-throated Tanager,
chttou2,Aulacorhynchus whitelianus,Tepui Toucanet,
chttou3,Aulacorhynchus derbianus,Chestnut-tipped Toucanet,
chtwoo1,Chrysophlegma mentale,Checker-throated Woodpecker,
chucis1,Cisticola chubbi,Chubb's Cisticola,
chucis2,Cisticola njombe,Churring Cisticola,
chukar,Alectoris chukar,Chukar Partridge,
chutap1,Scelorchilus rubecula,Chucao Tapaculo,
chutap2,Scytalopus parkeri,Chusquea Tapaculo,
chvcon1,Conirostrum speciosum,Chestnut-vented Conebill,
chvnut1,Sitta nagaensis,Chestnut-vented Nuthatch,
chvtyr2,Neoxolmis rufiventris,Chocolate-vented Tyrant,
chwbab1,Cyanoderma erythropterum,Chestnut-winged Babbler,
chwcha1,Ortalis garrula,Chestnut-winged Chachalaca,
chwcin1,Cinclodes albidiventris,Chestnut-winged Cinclodes,
chwcuc1,Clamator coromandus,Chestnut-winged Cuckoo,
chweye1,Platysteira castanea,,
chwfog1,Dendroma erythroptera,Chestnut-winged Foliage-gleaner,
chwhoo1,Ancistrops strigilatus,Chestnut-winged Hookbill,
chwqua1,Odontophorus hyperythrus,Chestnut Wood Quail,
chwsta1,Onychognathus fulgidus,Chestnut-winged Starling,
chwwht1,Myophonus castaneus,Brown-winged Whistling Thrush,
chwwid,Antrostomus carolinensis,Chuck-will's-widow,CWWI
chyfin1,Sicalis luteocephala,Citron-headed Yellow Finch,
cibatt1,Attila citriniventris,Citron-bellied Attila,
cibbun1,Emberiza tahapisi,Cinnamon-breasted Bunting,
cibfan1,Rhipidura superflua,Tawny-backed Fantail,
cibflo1,Diglossa baritula,Cinnamon-bellied Flowerpiercer,
cibgrt1,Muscisaxicola capistratus,Cinnamon-bellied Ground Tyrant,
cibkin1,Todiramphus australasia,Cinnamon-banded Kingfisher,
cibmel1,Melidectes ochromelas,Cinnamon-browed Melidectes,
cibspi1,Synallaxis hypospodia,Cinereous-breasted Spinetail,
cibwar1,Bradypterus cinnamomeus,Cinnamon Bracken Warbler,
cicada1,Edolisoma tenuirostre,Sahul Cicadabird,
cicada3,,,
cicada4,,,
cicada5,,,
cicada6,,,
cicada7,Edolisoma salomonis,Makira Cicadabird,
cicfly1,Ficedula buruensis,Cinnamon-chested Flycatcher,
cicspa1,Platyrinchus saturatus,Cinnamon-crested Spadebill,
cifdov1,Ptilinopus rarotongensis,Lilac-crowned Fruit Dove,
ciftyr1,Phylloscartes parkeri,Cinnamon-faced Tyrannulet,
cigdov1,Alopecoenas kubaryi,,
cigdov2,Gallicolumba rufigula,Cinnamon Ground Dove,
cihpig1,Treron fulvicollis,Cinnamon-headed Green Pigeon,
ciipig1,Ducula whartoni,Christmas Imperial Pigeon,
cinant1,Thamnomanes caesius,Cinereous Antshrike,
cinatt1,Attila cinnamomeus,Cinnamon Attila,
cinbec1,Pachyramphus cinnamomeus,Cinnamon Becard,
cinbec2,Pachyramphus rufus,Cinereous Becard,
cinbit1,Ixobrychus cinnamomeus,,
cinbul1,Hemixos cinereus,Cinereous Bulbul,
cinbun1,Emberiza cineracea,Cinereous Bunting,
cincon1,Conirostrum cinereum,Cinereous Conebill,
cinfin1,Piezorina cinerea,Cinereous Finch,
cinfly2,Pyrrhomyias cinnamomeus,Cinnamon Flycatcher,
cingrt1,Muscisaxicola cinereus,Cinereous Ground Tyrant,
cinhao1,Ninox ios,Cinnabar Boobook,
cinhar1,Circus cinereus,Cinereous Harrier,
cinhum1,Amazilia rutila,Cinnamon Hummingbird,
cinmat1,Neopipo cinnamomea,Cinnamon Neopipo,
cinmou1,Laniocera hypopyrra,Cinereous Mourner,
cinsco1,Megascops petersoni,Cinnamon Screech Owl,
cintan1,Schistochlamys ruficapillus,Cinnamon Tanager,
cintea,Spatula cyanoptera,Cinnamon Teal,CITE
cintin1,Crypturellus cinereus,Cinereous Tinamou,
cintyr1,Knipolegus striaticeps,Cinereous Tyrant,
cinvul1,Aegypius monachus,Cinereous Vulture,
cinwax1,Glaucestrilda thomensis,Cinderella Waxbill,
cinwea1,Ploceus badius,Cinnamon Weaver,
cinwhe1,Hypocryptadius cinnamomeus,Cinnamon Ibon,
cinwoo1,Celeus loricatus,Cinnamon Woodpecker,
cipcan1,Asthenes luizae,Cipo Canastero,
ciqthr1,Cinclosoma cinnamomeum,Cinnamon Quail-thrush,
cirbun1,Emberiza cirlus,Cirl Bunting,
cirtro1,Harpactes orrhophaeus,Cinnamon-rumped Trogon,
cirwar2,Acrocephalus kerearako,Cook Reed Warbler,
citcaf1,Culicicapa helianthea,Citrine Canary-flycatcher,
citfan1,Rhipidura fuscorufa,Cinnamon-tailed Fantail,
citfin1,Carduelis citrinella,Citril Finch,
cither1,Phaethornis nattereri,Cinnamon-throated Hermit,
citspa1,Peucaea sumichrasti,Cinnamon-tailed Sparrow,
cittro1,Trogon citreolus,Citreoline Trogon,
citwag,Motacilla citreola,Citrine Wagtail,
citwar1,Myiothlypis luteoviridis,Citrine Warbler,
citwoo1,Dendrexetastes rufigula,Cinnamon-throated Woodcreeper,
civpih1,Lipaugus lanioides,Cinnamon-vented Piha,
ciweye1,Zosterops semperi,Citrine White-eye,
ciweye2,Zosterops natalis,Christmas White-eye,
ciwfin1,Microspingus cinereus,Cinereous Warbling Finch,
ciwfin2,Poospiza ornata,Cinnamon Warbling Finch,
clafra1,Pternistis clappertoni,Clapperton's Spurfowl,
clagre,Aechmophorus clarkii,Clark's Grebe,CLGR
clalew1,Phylloscopus claudiae,Claudia's Leaf Warbler,
clanut,Nucifraga columbiana,Clark's Nutcracker,CLNU
clarai11,Rallus crepitans,Clapper Rail,CLRA
clawea1,Ploceus golandi,Kilifi Weaver,
clawre1,Troglodytes tanneri,Clarion Wren,
clcrob,Turdus grayi,Clay-colored Thrush,CCTH
clcspa,Spizella pallida,Clay-colored Sparrow,CCSP
clfdov1,Drepanoptila holosericea,,
clfsco1,Megascops marshalli,Cloud-forest Screech Owl,
clifly1,Hirundinea ferruginea,Cliff Flycatcher,
clishb1,Pteruthius intermedius,Clicking Shrike-babbler,
cliswa,Petrochelidon pyrrhonota,American Cliff Swallow,CLSW
clocis1,Cisticola textrix,Cloud Cisticola,
clopyo1,Glaucidium nubicola,Cloud-forest Pygmy Owl,
clrwar1,Acrocephalus stentoreus,Clamorous Reed Warbler,
clscis1,Cisticola dambo,Dambo Cisticola,
clwman1,Machaeropterus deliciosus,Club-winged Manakin,
coamin1,Geositta peruviana,Coastal Miner,
coatit2,Periparus ater,Coal Tit,
cobowl1,Phodilus prigoginei,,
cobpig1,Alectroenas sganzini,Comoro Blue Pigeon,
cobpuf1,Eriocnemis cupreoventris,Coppery-bellied Puffleg,
cobrob1,Tarsiger johnstoniae,Collared Bush Robin,
cobtan1,Chlorospingus flavopectus,Common Chlorospingus,
cobtan2,Conothraupis mesoleuca,Cone-billed Tanager,
cocant1,Thamnophilus praecox,Cocha Antshrike,
coccuc1,Coccyzus ferrugineus,Cocos Cuckoo,
cocfin1,Pinaroloxias inornata,Cocos Finch,
cocfin2,Charitospiza eucosma,Coal-crested Finch,
cocfin3,Geospiza scandens,Common Cactus Finch,
cocfly1,Nesotriccus ridgwayi,Cocos Tyrannulet,
cocher1,Ardea cocoi,Cocoi Heron,
cocjac1,Irediparra gallinacea,Comb-crested Jacana,
cocjac2,Galbula pastazae,Coppery-chested Jacamar,
cockat,Nymphicus hollandicus,Cockatiel,
cocthr1,Turdus fumigatus,Cocoa Thrush,
cocwoo1,Xiphorhynchus susurrans,Cocoa Woodcreeper,
codfin1,Diuca diuca,Diuca Finch,
codpet1,Pelecanoides urinatrix,Common Diving Petrel,
cofdov1,Ptilinopus coronulatus,Coroneted Fruit Dove,
coffal1,Micrastur semitorquatus,Collared Forest Falcon,
cogdov,Columbina passerina,Common Ground Dove,COGD
cogwar1,Locustella naevia,Common Grasshopper Warbler,
cohcuc1,Hierococcyx varius,Common Hawk-Cuckoo,
coheme1,Microchera cupreiceps,Coppery-headed Emerald,
cohmar1,Delichon urbicum,Western House Martin,
coipig1,Ducula mullerii,Collared Imperial Pigeon,
colant1,Thamnophilus bernardi,Collared Antshrike,
colara1,Pteroglossus torquatus,Collared Aracari,
colara4,,,
colara5,,,
colbab1,Gampsorhynchus torquatus,Collared Babbler,
colcha1,Ortalis columbiana,Colombian Chachalaca,
colcra2,Mustelirallus colombianus,Colombian Crake,
colcre1,Melanopareia torquata,Collared Crescentchest,
colcre2,,,
colcro1,Corvus pectoralis,,
coleto1,Sarcops calvus,Coleto,
colfal1,Microhierax caerulescens,Collared Falconet,
colfin1,Spizixos semitorques,Collared Finchbill,
colfly1,Ficedula albicollis,Collared Flycatcher,
colgna1,Microbates collaris,Collared Gnatwren,
colgre1,Podiceps andinus,Colombian Grebe,
colgro1,Mycerobas affinis,Collared Grosbeak,
colinc1,Coeligena torquata,Collared Inca,
colkin1,Todiramphus chloris,Collared Kingfisher,COLK
colkin17,Todiramphus colonus,Islet Kingfisher,
colkin2,Todiramphus albicilla,Mariana Kingfisher,
colkin9,Todiramphus sordidus,Torresian Kingfisher,
collar1,Mirafra collaris,,
collau1,Trochalopteron yersini,Collared Laughingthrush,
collor1,Vini solitarius,,
colmyn1,Acridotheres albocinctus,Collared Myna,
colnig1,Gactornis enarratus,Collared Nightjar,
colowl1,Taenioptynx brodiei,Collared Owlet,
colowl3,Taenioptynx sylvaticus,Sunda Owlet,
colpet1,Pterodroma brevipes,Collared Petrel,
colplo1,Charadrius collaris,,
colpra,Glareola pratincola,Collared Pratincole,
colpuf1,Bucco capensis,Collared Puffbird,
colpuf2,Eriocnemis mirabilis,Colorful Puffleg,
colred1,Myioborus torquatus,Collared Whitestart,
colspa1,Accipiter cirrocephalus,,
colsun2,Hedydipna collaris,Collared Sunbird,
coltow1,Pipilo ocai,Collared Towhee,
coltre1,Dendrocitta frontalis,Collared Treepie,
coltro1,Trogon collaris,Collared Trogon,
colwar,Leiothlypis crissalis,Colima Warbler,COLW
combab1,Argya huttoni,Afghan Babbler,
combab3,Argya caudata,Common Babbler,
comblh1,Buteogallus anthracinus,Common Black Hawk,CBHA
combri2,Bleda syndactylus,Red-tailed Bristlebill,
combro1,Phaps chalcoptera,Common Bronzewing,
combul1,Hypsipetes parvirostris,Grande Comore Bulbul,
combul2,Pycnonotus barbatus,Common Bulbul,
combul4,,,
combul5,,,
combul6,,,
combuz1,Buteo buteo,Common Buzzard,
combuz4,Buteo bannermani,,
combuz6,Buteo japonicus,Eastern Buzzard,
combuz9,Buteo refectus,Himalayan Buzzard,
comcan,Serinus canaria,Atlantic Canary,COCA
comcha,Fringilla coelebs,Eurasian Chaffinch,COCH
comchi1,Phylloscopus collybita,Common Chiffchaff,
comcra,Grus grus,Common Crane,
comcuc,Cuculus canorus,Common Cuckoo,
comdro1,Dicrurus fuscipennis,Grande Comore Drongo,
comduc2,Sarkidiornis melanotos,Knob-billed Duck,
comduc3,Sarkidiornis sylvicola,Comb Duck,
comeid,Somateria mollissima,Common Eider,COEI
comfin1,Poospiza garleppi,Cochabamba Mountain Finch,
comfla1,Dinopium javanense,Common Flameback,
comgal1,Gallinula galeata,Common Gallinule,COGA
comgol,Bucephala clangula,Common Goldeneye,COGO
comgon1,Laniarius barbarus,Yellow-crowned Gonolek,
comgra,Quiscalus quiscula,Common Grackle,COGR
comgre,Tringa nebularia,Common Greenshank,CGRE
comior1,Aegithina tiphia,Common Iora,
comjer1,Neomixis tenella,Common Jery,
comkin1,Alcedo atthis,Common Kingfisher,
comloo,Gavia immer,Common Loon,COLO
commer,Mergus merganser,Common Merganser,COME
commin1,Geositta cunicularia,Common Miner,
commoo3,Gallinula chloropus,Common Moorhen,
commur,Uria aalge,Common Murre,COMU
commyn,Acridotheres tristis,Common Myna,COMY
comnew1,Newtonia brunneicauda,Common Newtonia,
comnig,Chordeiles minor,Common Nighthawk,CONI
comnig1,Luscinia megarhynchos,Common Nightingale,
compau,Nyctidromus albicollis,Pauraque,COPA
compea,Pavo cristatus,Indian Peafowl,
compig1,Columba pollenii,Comoro Olive Pigeon,
compoc,Aythya ferina,Common Pochard,CPOC
compoo,Phalaenoptilus nuttallii,Common Poorwill,COPO
compot1,Nyctibius griseus,Common Potoo,
comqua1,Coturnix coturnix,Common Quail,
comrav,Corvus corax,Northern Raven,CORA
comred,Acanthis flammea,Redpoll,CORE
comred1,Tringa totanus,Common Redshank,
comred2,Phoenicurus phoenicurus,Common Redstart,
comros,Carpodacus erythrinus,Common Rosefinch,CORO
comsan,Actitis hypoleucos,Common Sandpiper,COSA
comshe,Tadorna tadorna,Common Shelduck,
comsni,Gallinago gallinago,Common Snipe,COSN
comswi,Apus apus,Common Swift,
comtai1,Orthotomus sutorius,Common Tailorbird,
comter,Sterna hirundo,Common Tern,COTE
comthr1,Turdus bewsheri,Comoro Thrush,
comwax,Estrilda astrild,Common Waxbill,COMW
comwea1,Pachyphantes superciliosus,Compact Weaver,
comwoo1,Tephrodornis pondicerianus,Common Woodshrike,
comyel,Geothlypis trichas,Common Yellowthroat,COYE
conmar1,Riparia congica,Congo Martin,
conmoo1,Myrmecocichla tholloni,Congo Moor Chat,
conpea1,Afropavo congensis,Congo Peafowl,
consun2,Cinnyris congensis,Congo Sunbird,
conwar,Oporornis agilis,Connecticut Warbler,CONW
cooela1,Elaenia brachyptera,Coopmans's Elaenia,
coohaw,Accipiter cooperii,,COHA
coopet,Pterodroma cookii,Cook's Petrel,COPE
cooswi1,Apus cooki,,
copbar1,Psilopogon haemacephalus,Coppersmith Barbet,
copeme1,Chlorostilbon russatus,Coppery Emerald,
copgoo1,Nettapus coromandelianus,Cotton Pygmy Goose,
copkin1,Tanysiptera galatea,Common Paradise Kingfisher,
copmet1,Metallura theresiae,Coppery Metaltail,
copowl1,Glaucidium palmarum,Colima Pygmy Owl,
copphe1,Syrmaticus soemmerringii,Copper Pheasant,
copqut1,Cinclosoma clarum,Copperback Quail-thrush,
copsun2,Cinnyris cupreus,Copper Sunbird,
coptho2,Discosura letitiae,Letitia's Thorntail,
copthr1,Cichladusa arquata,Collared Palm Thrush,
coqcou1,Coua coquereli,Coquerel's Coua,
coqfra2,Campocolinus coqui,Coqui Francolin,
corbun1,Emberiza calandra,Corn Bunting,
corcan1,Asthenes modesta,Cordilleran Canastero,
corcin1,Cinclodes comechingonus,Cordoba Cinclodes,
corcra,Crex crex,Corn Crake,
corfin1,Carduelis corsicana,Corsican Finch,
corfly,Empidonax occidentalis,,
corhum1,Saucerottia tobaci,Copper-rumped Hummingbird,
cornut1,Sitta whiteheadi,Corsican Nuthatch,
corpip1,Anthus correndera,Correndera Pipit,
corplo,Charadrius hiaticula,Common Ringed Plover,CRPL
corshe1,,,
corswi,Chaetura fumosa,Costa Rican Swift,
corwre1,Pheugopedius coraya,Coraya Wren,
cosbil1,Rhinopomastus cyanomelas,Common Scimitarbill,
coseag1,Dryotriorchis spectabilis,,
coshum,Calypte costae,Costa's Hummingbird,COHU
cosowl1,Otus lettia,Collared Scops Owl,
cosowl3,Otus pauliani,Karthala Scops Owl,
cosswa1,Coscoroba coscoroba,Coscoroba Swan,
cotcou1,Centropus cupreicaudus,Coppery-tailed Coucal,
cotfly1,Todirostrum cinereum,Common Tody-Flycatcher,
cotsun2,Leptocoma calcostetha,Copper-throated Sunbird,
cottyr1,Alectrurus tricolor,Cock-tailed Tyrant,
coukin,Tyrannus couchii,Couch's Kingbird,COKI
coweye1,Zosterops mouroniensis,Karthala White-eye,
cowfin1,Poospiza hispaniolensis,Collared Warbling Finch,
cowpar1,Brotogeris cyanoptera,Cobalt-winged Parakeet,
cowpig1,Columba palumbus,Common Wood Pigeon,
cowscj1,Aphelocoma californica,California Scrub Jay,CASJ
cozeme1,Cynanthus forficatus,Cozumel Emerald,
cozthr1,Toxostoma guttatum,Cozumel Thrasher,
cozvir1,Vireo bairdi,Cozumel Vireo,
cqrpig1,Petrophassa rufipennis,Chestnut-quilled Rock Pigeon,
crachi1,Ochetorhynchus melanurus,Crag Chilia,
crahaw,Geranospiza caerulescens,Crane Hawk,
cramur,Synthliboramphus craveri,Craveri's Murrelet,CRMU
craplo1,Dromas ardeola,Crab-plover,
cratan1,Habia cristata,,
crbant1,Herpsilochmus motacilloides,Creamy-bellied Antwren,
crbcan1,Asthenes dorbignyi,Rusty-vented Canastero,
crbcan3,,,
crbcan4,,,
crbdro1,Dicrurus annectens,Crow-billed Drongo,
crbfin1,Rhodospingus cruentus,Crimson-breasted Finch,
crbfin3,Carpodacus subhimachalus,Crimson-browed Finch,
crbfla1,Chrysocolaptes stricklandi,Crimson-backed Flameback,
crbflo1,Prionochilus percussus,Crimson-breasted Flowerpecker,
crbfrd1,Ptilinopus merrilli,,
crbgna1,Polioptila lactea,Creamy-bellied Gnatcatcher,
crbgon1,Laniarius atrococcineus,Crimson-breasted Shrike,
crbpar1,Pyrrhura perlata,Crimson-bellied Parakeet,
crbsun2,Leptocoma minima,Crimson-backed Sunbird,
crbtan1,Ramphocelus dimidiatus,Crimson-backed Tanager,
crbthr1,Turdus amaurochalinus,Creamy-bellied Thrush,
crbtyr1,Knipolegus lophotes,Crested Black Tyrant,
crbwoo1,Campephilus haematogaster,Crimson-bellied Woodpecker,
crbwoo2,Campephilus leucopogon,Cream-backed Woodpecker,
crbwoo3,Dryobates cathpharius,Crimson-naped Woodpecker,
crcbab1,Cyanoderma melanothorax,Crescent-chested Babbler,
crccou1,Cursorius cursor,Cream-colored Courser,
crcdov1,Reinwardtoena crassirostris,Crested Cuckoo-Dove,
crcflo1,Dicaeum nehrkorni,Crimson-crowned Flowerpecker,
crcgro,Rhodothraupis celaeno,,
crcman2,Manucodia chalybatus,Crinkle-collared Manucode,
crcpuf1,Malacoptila striata,Crescent-chested Puffbird,
crcspi1,Cranioleuca albicapilla,Creamy-crested Spinetail,
crctan1,Ramphocelus sanguinolentus,Crimson-collared Tanager,
crcwar,Oreothlypis superciliosa,Crescent-chested Warbler,CCWA
crcwoo1,Campephilus melanoleucos,Crimson-crested Woodpecker,
crcwoo2,Celeus flavus,Cream-colored Woodpecker,
crearg1,Rheinardia ocellata,Vietnamese Crested Argus,
creauk,Aethia cristatella,Crested Auklet,CRAU
crebab1,Turdoides leucocephala,White-headed Babbler,
crebar1,Trachyphonus vaillantii,Crested Barbet,
crebec1,Pachyramphus validus,Crested Becard,
crebel1,Oreoica gutturalis,Crested Bellbird,
creber1,Paramythia montium,Eastern Crested Berrypecker,
crebob1,Colinus cristatus,Crested Bobwhite,
crebob2,,,
crebul1,Pycnonotus pseudosimplex,Cream-eyed Bulbul,
crebun1,Emberiza lathami,Crested Bunting,
crebun2,Emberiza caesia,Cretzschmar's Bunting,
crecar1,,,
crecou1,Coua cristata,Crested Coua,
crecur2,Mitu tomentosum,Crestless Curassow,
credor1,Pseudocolopteryx sclateri,Crested Doradito,
credro1,Dicrurus forficatus,Crested Drongo,
creduc1,Lophonetta specularioides,Crested Duck,
creeag1,Morphnus guianensis,Crested Eagle,
crefin1,Spizixos canifrons,Crested Finchbill,
crefir1,Lophura ignita,Bornean Crested Fireback,
crefir2,Lophura erythrophthalma,Malayan Crestless Fireback,
crefra2,Ortygornis sephaena,Crested Francolin,
cregal1,Rhinocrypta lanceolata,Crested Gallito,
cregos1,Accipiter trivirgatus,,
cregua1,Penelope purpurascens,Crested Guan,
cregui1,Guttera pucherani,Eastern Crested Guineafowl,
crehae1,,,
crehon,Palmeria dolei,Akohekohe,AKOH
crehon2,Phylidonyris pyrrhopterus,Crescent Honeyeater,
crehor1,Furnarius cristatus,Crested Hornero,
creibi1,Nipponia nippon,Crested Ibis,
crejay1,Platylophus galericulatus,Crested Jayshrike,
crekin1,Megaceryle lugubris,Crested Kingfisher,
crelar2,Galerida cristata,Crested Lark,
crelar3,Galerida macrorhyncha,,
cremal1,Malimbus malimbicus,Crested Malimbe,
cremyn,Acridotheres cristatellus,Crested Myna,CRMY
creoro1,Psarocolius decumanus,Crested Oropendola,
creowl1,Lophostrix cristata,Crested Owl,
crepar1,Rollulus rouloul,Crested Partridge,
crepig1,Ocyphaps lophotes,Crested Pigeon,
crepit1,Ornorectes cristatus,Piping Bellbird,
creque1,Pharomachrus antisianus,Crested Quetzal,
cresat1,Cnemophilus macgregorii,Crested Satinbird,
creshe1,Tadorna cristata,Crested Shelduck,
crespi1,Cranioleuca subcristata,Crested Spinetail,
cretit2,Lophophanes cristatus,Crested Tit,
cretre1,Hemiprocne coronata,Crested Treeswift,
crfant1,Grallaricula lineifrons,Crescent-faced Antpitta,
crfbar1,Psilopogon malabaricus,Malabar Barbet,
crfbar3,Psilopogon rubricapillus,Crimson-fronted Barbet,
crfcar1,Paroaria baeri,Crimson-fronted Cardinal,
crfgle1,Philydor pyrrhodes,Cinnamon-rumped Foliage-gleaner,
crfpar,Psittacara finschi,Finsch's Parakeet,
crgdov1,Columbina cruziana,Croaking Ground Dove,
crgthr1,Geokichla crossleyi,Crossley's Ground Thrush,
crheag1,Stephanoaetus coronatus,Crowned Eagle,
crhman1,Pipra aureola,Crimson-hooded Manakin,
crhmyz1,Myzomela kuehni,Wetar Myzomela,
crhpar1,Haematortyx sanguiniceps,Crimson-headed Partridge,
cricha1,Epthianura tricolor,Crimson Chat,
crifin1,Neochmia phaeton,Crimson Finch,
crifru1,Haematoderus militaris,Crimson Fruitcrow,
crilon1,Spiloptila clamans,Cricket Warbler,
criros2,Platycercus elegans,Crimson Rosella,
crisee1,Pyrenestes sanguineus,Crimson Seedcracker,
crithr,Toxostoma crissale,Crissal Thrasher,CRTH
critop1,Topaza pella,Crimson Topaz,
crmwoo2,Colaptes rivolii,Crimson-mantled Woodpecker,
crobab1,Mystacornis crossleyi,Crossley's Vanga,
crocht1,Ochthoeca frontalis,,
crocht3,,,
crocis1,Cisticola natalensis,Croaking Cisticola,
crocor1,Microcarbo coronatus,Crowned Cormorant,
croeag1,Buteogallus coronatus,Chaco Eagle,
crohon1,Gymnomyza aubryana,Crow Honeyeater,
crohor1,Lophoceros alboterminatus,Crowned Hornbill,
crolap1,Vanellus coronatus,Crowned Lapwing,
crosan1,Pterocles coronatus,Crowned Sandgrouse,
crosha1,Leucocarbo melanogenis,,
croslf1,Empidonomus aurantioatrocristatus,Crowned Slaty Flycatcher,
crowoo1,Thalurania colombica,Crowned Woodnymph,
crpowl,Glaucidium costaricanum,Costa Rican Pygmy Owl,
crqdov1,Geotrygon versicolor,Crested Quail-Dove,
crrmin1,Geositta isabellina,Creamy-rumped Miner,
crrtou1,Aulacorhynchus haematopygus,Crimson-rumped Toucanet,
crrwax1,Estrilda rhodopyga,Crimson-rumped Waxbill,
crsbul1,Pycnonotus leucogrammicus,,
crseag1,Spilornis cheela,Crested Serpent Eagle,
crspar1,Prosopeia splendens,Crimson Shining Parrot,
crstit1,Falcunculus frontatus,Eastern Shriketit,
crtwar1,Leptopoecile elegans,Crested Tit-warbler,
crtwhe1,Zosterops atriceps,Cream-throated White-eye,
crtwhe2,,,
crvbul1,Pycnonotus simplex,Cream-vented Bulbul,
crwcin1,Cinclodes albiventris,Cream-winged Cinclodes,
crwfin1,,,
crwfin2,Rhodopechys sanguineus,Crimson-winged Finch,
crwwoo1,Picus puniceus,Crimson-winged Woodpecker,
cryfof1,Micrastur mintoni,Cryptic Forest Falcon,
crytre1,Cichlocolaptes mazarbarnetti,Cryptic Treehunter,
crywar1,Cryptosylvicola randrianasoloi,Cryptic Warbler,
cssvir1,Vireolanius melitophrys,Chestnut-sided Shrike-Vireo,
ctgsta1,Hylopsar cupreocauda,Copper-tailed Starling,
cthhue1,Pteroptochos castaneus,Chestnut-throated Huet-huet,
cubbla,Ptiloxena atroviolacea,Cuban Blackbird,
cubblh1,Buteogallus gundlachii,Cuban Black Hawk,
cubbul1,Melopyrrha nigra,Cuban Bullfinch,
cubcro1,Corvus nasicus,Cuban Crow,
cubeme1,Riccordia ricordii,Cuban Emerald,
cubgna1,Polioptila lembeyei,Cuban Gnatcatcher,
cubgra,Phonipara canora,Cuban Grassquit,CUGR
cubmac1,Ara tricolor,Cuban Macaw,
cubmar,Progne cryptoleuca,Cuban Martin,
cubpar1,Amazona leucocephala,Cuban Amazon,
cubpar2,Psittacara euops,Cuban Parakeet,
cubpew1,Contopus caribaeus,Cuban Pewee,CUPE
cubree1,Limnornis curvirostris,Curve-billed Reedhaunter,
cubscy1,Campylorhamphus procurvoides,Curve-billed Scythebill,
cubsol1,Myadestes elisabeth,Cuban Solitaire,
cubthr,Toxostoma curvirostre,Curve-billed Thrasher,CBTH
cubtin1,Nothoprocta curvirostris,Curve-billed Tinamou,
cubtod1,Todus multicolor,Cuban Tody,
cubtro1,Priotelus temnurus,Cuban Trogon,
cubvir1,Vireo gundlachii,Cuban Vireo,
cucara1,Pteroglossus beauharnaisii,Curl-crested Aracari,
cucjay1,Cyanocorax cristatellus,Curl-crested Jay,
cuckoo1,Leptosomus discolor,Cuckoo-roller,
cucman1,Manucodia comrii,Curl-crested Manucode,
cugwoo1,Xiphidiopicus percussus,Cuban Green Woodpecker,
cunant1,Grallaria kaestneri,Cundinamarca Antpitta,
cupcro1,,,
cupowl1,Glaucidium siju,Cuban Pygmy Owl,
cursan,Calidris ferruginea,Curlew Sandpiper,CUSA
cutia1,Cutia nipalensis,Himalayan Cutia,
cutthr1,Amadina fasciata,Cut-throat Finch,
cuzbrf1,Atlapetes canigenis,Cuzco Brushfinch,
cvswar1,Acrocephalus brevipennis,Cape Verde Warbler,
cwbros1,Carpodacus dubius,Chinese White-browed Rosefinch,
cypwar1,Curruca melanothorax,Cyprus Warbler,
cypwhe1,Oenanthe cypriaca,Cyprus Wheatear,
dabcin1,Cinclodes patagonicus,Dark-bellied Cinclodes,
dabcuc1,Coccyzus melacoryphus,Dark-billed Cuckoo,
dabhon1,Lichmera incana,Grey-eared Honeyeater,
dabros1,Procarduelis nipalensis,Dark-breasted Rosefinch,
dabspi1,Synallaxis albigularis,Dark-breasted Spinetail,
dabwar1,Locustella idonea,Dalat Bush Warbler,
dacgos1,Melierax metabates,Dark Chanting Goshawk,
dacwhe1,Heleia dohertyi,Crested Heleia,
daedov2,Phapitreron brunneiceps,Mindanao Brown Dove,
daedov3,Phapitreron cinereiceps,Tawitawi Brown Dove,
daehon1,Myza celebensis,Dark-eared Myza,
daejun,Junco hyemalis,Dark-eyed Junco,UDEJ
daejun2,Junco insularis,Guadalupe Junco,
dafbab1,Dumetia atriceps,Dark-fronted Babbler,
dafgrt1,Muscisaxicola maclovianus,Dark-faced Ground Tyrant,
dahori1,Oriolus monacha,Ethiopian Oriole,
dalpel1,Pelecanus crispus,Dalmatian Pelican,
dalshb1,Pteruthius annamensis,,
damfly1,Ficedula henrici,Damar Flycatcher,
damroc1,Achaetops pycnopygius,Rockrunner,
damter2,Sternula balaenarum,Damara Tern,
dantai1,Orthotomus atrogularis,Dark-necked Tailorbird,
dapthr1,Arcanator orostruthus,Dapple-throat,
darbar1,Trachyphonus darnaudii,D'Arnaud's Barbet,
darbat1,Batis crypta,Dark Batis,
darnew1,Newtonia amphichroa,Dark Newtonia,
darnot1,Nothura darwinii,Darwin's Nothura,
darpew1,Contopus lugubris,Dark Pewee,
darros1,Carpodacus edwardsii,Dark-rumped Rosefinch,
darswi1,Apus acuticauda,Dark-rumped Swift,
darter2,Anhinga melanogaster,Oriental Darter,
darter3,Anhinga rufa,African Darter,
darter4,Anhinga novaehollandiae,Australasian Darter,
darwar1,Curruca undata,Dartford Warbler,
darwoo1,Dendrocopos darjellensis,Darjeeling Woodpecker,
dasfly,Muscicapa sibirica,Dark-sided Flycatcher,DSFL
dasthr1,Zoothera marginata,Dark-sided Thrush,
datori1,Oriolus xanthonotus,Dark-throated Oriole,
datsee1,Sporophila ruficollis,Dark-throated Seedeater,
datthr1,Turdus atrogularis,Black-throated Thrush,
daujac1,Corvus dauuricus,,
daupar1,Perdix dauurica,Daurian Partridge,
daured1,Phoenicurus auroreus,Daurian Redstart,
dausta1,Agropsar sturninus,Daurian Starling,
davlew1,Phylloscopus intensior,Davison's Leaf Warbler,
dawmin1,Geositta saxicolina,Dark-winged Miner,
dawtru1,Psophia viridis,Dark-winged Trumpeter,
dbipig1,Ducula lacernulata,Dark-backed Imperial Pigeon,
dbptyr1,Lophotriccus vitiosus,Double-banded Pygmy Tyrant,
dbwqua1,Odontophorus melanonotus,Dark-backed Wood Quail,
deasof1,Thripophaga amacurensis,Delta Amacuro Softtail,
debflo1,Diglossa glauca,Golden-eyed Flowerpiercer,
defpar1,Cyclopsitta diophthalma,Double-eyed Fig Parrot,
delpig1,Columba delegorguei,Eastern Bronze-naped Pigeon,
demcra1,Anthropoides virgo,,
demwir1,Sylviorthorhynchus desmursii,,
derpar1,Psittacula derbiana,Lord Derby's Parakeet,
descha1,Ashbyia lovensis,Gibberbird,
descis1,Cisticola aridulus,Desert Cisticola,
desfin2,Rhodospiza obsoleta,Desert Finch,
deslar1,Ammomanes deserti,Desert Lark,
desspa1,Passer moabiticus,Dead Sea Sparrow,
desspa3,Passer simplex,Desert Sparrow,
desspa4,Passer zarudnyi,Zarudny's Sparrow,
deswhe1,Oenanthe deserti,Desert Wheatear,
dhbfin1,Atlapetes fuscoolivaceus,Dusky-headed Brushfinch,
diadov1,Geopelia cuneata,Diamond Dove,
diafir1,Stagonopleura guttata,Diamond Firetail,
dianig1,Eurostopodus diabolicus,Satanic Nightjar,
diaplo1,Phegornis mitchellii,Diademed Sandpiper-Plover,
diatan1,Stephanophorus diadematus,Diademed Tanager,
diatap1,Scytalopus schulenbergi,Diademed Tapaculo,
diatap2,Scytalopus diamantinensis,Diamantina Tapaculo,
diatro1,Harpactes diardii,Diard's Trogon,
dickci,Spiza americana,Dickcissel,DICK
dickes1,Falco dickinsoni,Dickinson's Kestrel,
didcuc1,Chrysococcyx caprius,Diederik Cuckoo,
dierai1,Gallirallus dieffenbachii,Dieffenbach's Rail,
dimfan1,Rhipidura brachyrhyncha,Dimorphic Fantail,
dindor2,Pseudocolopteryx dinelliana,Dinelli's Doradito,
djifra1,Pternistis ochropectus,Djibouti Spurfowl,
dltcuc1,Cercococcyx mechowi,Dusky Long-tailed Cuckoo,
dobant2,Hylophylax punctulatus,Dot-backed Antbird,
dobcou2,Smutsornis africanus,Double-banded Courser,
dobfin1,Stizoptera bichenovii,Double-barred Finch,
dobgra1,Xenerpestes minlosi,Double-banded Greytail,
dobplo1,Charadrius bicinctus,,
dobsan1,Pterocles bicinctus,Double-banded Sandgrouse,
doccor,Nannopterum auritum,Double-crested Cormorant,DCCO
docsee1,Sporophila caerulescens,Double-collared Seedeater,
dodo1,Raphus cucullatus,Dodo,
doecoq1,Lophornis gouldii,Dot-eared Coquette,
dofwoo1,Dryobates frontalis,,
dohbus1,Telophorus dohertyi,Doherty's Bushshrike,
dohthb1,Sylvia dohrni,Dohrn's Warbler,
dolgul2,Leucophaeus scoresbii,Dolphin Gull,DOGU
dollar1,Eurystomus orientalis,Oriental Dollarbird,
dorcht1,Ochthoeca oenanthoides,D'Orbigny's Chat-Tyrant,
dorcis1,Cisticola guinea,Dorst's Cisticola,
dorgos1,Megatriorchis doriae,Doria's Hawk,
dosfra2,Pternistis bicalcaratus,Double-spurred Spurfowl,
dosnig1,Caprimulgus donaldsoni,Donaldson Smith's Nightjar,
dotbar1,Lybius bidentatus,,
dotkit1,Harpagus bidentatus,Double-toothed Kite,
dottan1,Ixothraupis varia,Dotted Tanager,
doveki,Alle alle,Little Auk,DOVE
dovpri1,Pachyptila desolata,Antarctic Prion,DOPR
dowant1,Microrhopias quixensis,Dot-winged Antwren,
dowcra1,Porzana spiloptera,,
dowwoo,Dryobates pubescens,Downy Woodpecker,DOWO
drahem1,Pseudospingus xanthophthalmus,Drab Hemispingus,
drapri1,Prinia hypoxantha,Drakensberg Prinia,
drasee1,Sporophila simplex,Drab Seedeater,
drasis2,Crithagra symonsi,Drakensberg Siskin,
draswi1,Collocalia neglecta,Drab Swiftlet,
drawhi1,Pachycephala griseonota,Drab Whistler,
drawhi3,,,
drbhor1,Tockus damarensis,Damara Red-billed Hornbill,
drbpyt1,Hemitriccus diops,Drab-breasted Bamboo Tyrant,
drwtyr1,Ochthornis littoralis,Drab Water Tyrant,
dsswea1,Plocepasser donaldsoni,Donaldson Smith's Sparrow-Weaver,
dstkne,Burhinus bistriatus,,
dubfly2,Bradornis comitatus,Dusky-blue Flycatcher,
dubfly3,Eumyias sordidus,Dull-blue Flycatcher,
dubjac1,Brachygalba salmoni,Dusky-backed Jacamar,
dubpar1,Forpus modestus,Dusky-billed Parrotlet,
dubsee1,Sporophila ardesiaca,Dubois's Seedeater,
dubtan1,Chlorospingus semifuscus,Dusky Chlorospingus,
ducatt1,Attila bolivianus,White-eyed Attila,
duccoc1,Cacatua ducorpsii,Solomons Corella,
ducdov1,Macropygia macassariensis,Flores Sea Cuckoo-Dove,
ducfly,Myiarchus tuberculifer,Dusky-capped Flycatcher,DCFL
ducfly1,Elminia nigromitrata,Dusky Crested Flycatcher,
ducfly2,Myiozetetes luteiventris,Dusky-chested Flycatcher,
ducfog1,Anabazenops dorsalis,Bamboo Foliage-gleaner,
ducgra2,Asemospiza obscura,Dull-colored Grassquit,
ducgre1,Pachysylvia hypoxantha,Dusky-capped Greenlet,
duclor1,Charmosynoides margarethae,,
ducwin1,Cryptospiza jacksoni,Dusky Crimsonwing,
duegih1,Gymnomyza brunneirostris,Duetting Giant Honeyeater,
dueowl1,Bubo coromandus,,
duftan1,Mitrospingus cassinii,Dusky-faced Tanager,
dugant1,Herpsilochmus dugandi,Dugand's Antwren,
dugfin1,Emberizoides duidae,Duida Grass Finch,
dugoro1,Psarocolius atrovirens,Dusky-green Oropendola,
duhpar,Aratinga weddellii,Dusky-headed Parakeet,
dulfly1,Myiagra hebetior,Mussau Flycatcher,
dulfro1,Batrachostomus harterti,Dulit Frogmouth,
dulgua1,Penelope obscura,Dusky-legged Guan,
dumant1,Sipia laemosticta,Dull-mantled Antbird,
dumant3,Sipia palliata,Magdalena Antbird,
dunlar2,,,
dunlar3,Calendulauda erythrochlamys,Dune Lark,
dunlin,Calidris alpina,Dunlin,DUNL
dunnoc1,Prunella modularis,Dunnock,
duplar1,Chersophilus duponti,Dupont's Lark,
dusant1,Cercomacroides tyrannina,Dusky Antbird,
dusbab2,Turdoides tenebrosa,Dusky Babbler,
dusbro1,Corydon sumatranus,Dusky Broadbill,
duscrm1,Ptyonoprogne concolor,Dusky Crag Martin,
dusfan1,Rhipidura tenebrosa,Makira Fantail,
dusfly,Empidonax oberholseri,American Dusky Flycatcher,DUFL
dusfri1,Philemon fuscicapillus,Morotai Friarbird,
dusful1,Schoeniparus brunneus,Dusky Fulvetta,
dusger1,Gerygone tenebrosa,Dusky Gerygone,
dusgra1,Amytornis purnelli,Dusky Grasswren,
dusgro,Dendragapus obscurus,Dusky Grouse,
dushum1,Phaeoptila sordida,Dusky Hummingbird,
duslar1,Pinarocorys nigricans,Dusky Lark,
duslor1,Pseudeos fuscata,,
dusmoo1,Gallinula tenebrosa,Dusky Moorhen,
dusmun1,Lonchura fuscans,Dusky Munia,
dusmyz1,Myzomela obscura,Dusky Myzomela,
dusnig1,Antrostomus saturatus,Dusky Nightjar,
duspar1,Pionus fuscus,Dusky Parrot,
duspig2,Patagioenas goodsoni,Dusky Pigeon,
duspih1,Lipaugus fuscocinereus,Dusky Piha,
duspur1,Iodopleura fusca,Dusky Purpletuft,
dusrob1,Melanodryas vittata,Dusky Robin,
dusscr2,Megapodius freycinet,Dusky Megapode,
dusscr3,Megapodius geelvinkianus,Biak Scrubfowl,
dusspi1,Synallaxis moesta,Dusky Spinetail,
dussta1,Coeligena orina,Dusky Starfrontlet,
dussun2,Cinnyris fuscus,Dusky Sunbird,
dustap1,Scytalopus fuscus,Dusky Tapaculo,
dustet1,Xanthomixis tenebrosa,,
dusthr1,Turdus naumanni,Naumann's Thrush,
dusthr2,Turdus eunomus,Dusky Thrush,DUTH
dustit2,Melaniparus funereus,Dusky Tit,
dustwi1,Euschistospiza cinereovinacea,Dusky Twinspot,
duswar,Phylloscopus fuscatus,Dusky Warbler,DUWA
duswoo1,Artamus cyanopterus,Dusky Woodswallow,
duswoo3,Scolopax rosenbergii,New Guinea Woodcock,
duswoo4,Scolopax saturata,Javan Woodcock,
dutant1,Drymophila malura,Dusky-tailed Antbird,
dutant2,Thamnomanes ardesiacus,Dusky-throated Antshrike,
dutcan1,Pseudasthenes humicola,Dusky-tailed Canastero,
dutdov1,Streptopelia lugens,Dusky Turtle Dove,
dutfla1,Ramphotrigon fuscicauda,Dusky-tailed Flatbill,
duther1,Phaethornis squalidus,Dusky-throated Hermit,
duweye1,Zosterops finschii,Dusky White-eye,
dwabit1,Ixobrychus sturmii,,
dwacas1,Casuarius bennetti,Dwarf Cassowary,
dwacuc1,Coccycua pumila,Dwarf Cuckoo,
dwafrd1,Ptilinopus nainus,Dwarf Fruit Dove,
dwahon1,Indicator pumilio,Dwarf Honeyguide,
dwahon2,Oedistoma iliolophus,Spectacled Longbill,
dwajay1,Cyanolyca nanus,Dwarf Jay,
dwakin1,Ispidina lecontei,African Dwarf Kingfisher,
dwakoe1,Microdynamis parva,Dwarf Koel,
dwatin1,Taoniscus nanus,Dwarf Tinamou,
dwavir1,Vireo nelsoni,Dwarf Vireo,
dwawhi1,Pachycare flavogriseum,Goldenface,
dwtman1,Tyranneutes stolzmanni,Dwarf Tyrant-Manakin,
dybtwi1,Euschistospiza dybowskii,Dybowski's Twinspot,
eaafie1,Pyriglena leuconota,East Amazonian Fire-eye,
eabwar1,Phylloscopus orientalis,Eastern Bonelli's Warbler,
eacaka1,Sheppardia gunningi,East Coast Akalat,
eacgos1,Melierax poliopterus,Eastern Chanting Goshawk,
eaclar1,Mirafra fasciolata,,
eacsun1,Aethopyga siparaja,Crimson Sunbird,
eactan1,Calyptophilus frugivorus,Eastern Chat-Tanager,
eacwar1,Phylloscopus coronatus,Eastern Crowned Warbler,
eamhar1,,,
eaosun1,Cyanomitra olivacea,Olive Sunbird,
eaowar1,Iduna pallida,Eastern Olivaceous Warbler,
eaowar2,Curruca crassirostris,Eastern Orphean Warbler,
eaptyr1,Myiornis auricularis,Eared Pygmy Tyrant,
eapwhy1,Vidua paradisaea,Long-tailed Paradise Whydah,
eardov1,Zenaida auriculata,Eared Dove,EADO
eargre,Podiceps nigricollis,Black-necked Grebe,EAGR
earpit1,Hydrornis phayrei,Eared Pitta,
earpoo1,Nyctiphrynus mcleodii,Eared Poorwill,
earque,Euptilotis neoxenus,Eared Quetzal,EAQU
easbeg1,Criniger chloronotus,Eastern Bearded Greenbul,
easblu,Sialia sialis,Eastern Bluebird,EABL
easbri1,Dasyornis brachypterus,Eastern Bristlebird,
easkin,Tyrannus tyrannus,Eastern Kingbird,EAKI
easmah2,Circus spilothorax,Papuan Harrier,
easmea,Sturnella magna,Eastern Meadowlark,EAME
easmog1,Arizelocichla nigriceps,Black-headed Mountain Greenbul,
easmog3,Arizelocichla chlorigula,Yellow-throated Mountain Greenbul,
easmog4,Arizelocichla fusciceps,Black-browed Mountain Greenbul,
easmog5,,,
easmog6,Arizelocichla neumanni,Uluguru Mountain Greenbul,
easnic1,Nicator gularis,Eastern Nicator,
easowl1,Megascops asio,Eastern Screech Owl,EASO
easpho,Sayornis phoebe,Eastern Phoebe,EAPH
easple1,Crinifer zonurus,Eastern Plantain-eater,
easros1,Platycercus eximius,Eastern Rosella,
easspi1,Acanthorhynchus tenuirostris,Eastern Spinebill,
eastow,Pipilo erythrophthalmus,Eastern Towhee,EATO
easwah1,Foulehaio carunculatus,Polynesian Wattled Honeyeater,EWHO
easwhi1,Psophodes olivaceus,Eastern Whipbird,
easwpw1,Antrostomus vociferus,Eastern Whip-poor-will,EWPW
eatpin1,Anas eatoni,Eaton's Pintail,
eawpew,Contopus virens,Eastern Wood Pewee,EAWP
eaywag,Motacilla tschutschensis,Eastern Yellow Wagtail,EYWA
eaywag1,Motacilla flava,Western Yellow Wagtail,
ebomyz1,Myzomela pammelaena,Bismarck Black Myzomela,
ebopar1,Paradisaea guilielmi,Emperor Bird-of-paradise,
ecgdov1,Columbina buckleyi,Ecuadorian Ground Dove,
eclpar,Eclectus roratus,Moluccan Eclectus,
ecucac1,Cacicus sclateri,Ecuadorian Cacique,
ecuhil1,Oreotrochilus chimborazo,Ecuadorian Hillstar,
ecupic1,Picumnus sclateri,Ecuadorian Piculet,
ecupie1,Phlogophilus hemileucurus,Ecuadorian Piedtail,
ecutap1,Scytalopus robbinsi,El Oro Tapaculo,
ecuthr1,Turdus maculirostris,Ecuadorian Thrush,
ecutyr1,Phylloscartes gualaquizae,Ecuadorian Tyrannulet,
edcsun1,Cinnyris fuelleborni,Forest Double-collared Sunbird,
edcsun3,Cinnyris mediocris,Eastern Double-collared Sunbird,
edcsun4,Cinnyris usambaricus,Usambara Double-collared Sunbird,
edfpar1,Psittaculirostris edwardsii,,
ednswi1,Aerodramus fuciphagus,Edible-nest Swiftlet,
edwphe1,Lophura edwardsi,Edwards's Pheasant,
egwtea1,,,
egygoo,Alopochen aegyptiaca,Egyptian Goose,
egynig1,Caprimulgus aegyptius,Egyptian Nightjar,
egyplo1,Pluvianus aegyptius,Egyptian Plover,
egyvul1,Neophron percnopterus,Egyptian Vulture,
eiamon1,Pomarea fluxa,Eiao Monarch,
elblar1,Certhilauda semitorquata,Eastern Long-billed Lark,
elctin1,Eudromia elegans,Elegant Crested Tinamou,
elecre1,Melanopareia elegans,Elegant Crescentchest,
eleeup1,Chlorophonia elegantissima,Elegant Euphonia,
elefal1,Falco eleonorae,Eleonora's Falcon,
elepai,Chasiempis sandwichensis,Hawaii Elepaio,HAEL
elepai4,Chasiempis ibidis,Oahu Elepaio,OAEL
elepai5,Chasiempis sclateri,Kauai Elepaio,KAEL
elepar1,Neophema elegans,Elegant Parrot,
elepit7,Pitta elegans,Elegant Pitta,
elequa,Callipepla douglasii,Elegant Quail,
elesun1,Aethopyga duyvenbodei,Elegant Sunbird,
eleter1,Thalasseus elegans,Elegant Tern,ELTE
eletit2,Periparus elegans,Elegant Tit,
eletro,Trogon elegans,Elegant Trogon,ELTR
elewoo1,Xiphorhynchus elegans,Elegant Woodcreeper,
elfowl,Micrathene whitneyi,Elf Owl,ELOW
elipig1,Ducula concinna,Elegant Imperial Pigeon,
elllau1,Trochalopteron elliotii,Elliot's Laughingthrush,
ellphe1,Syrmaticus ellioti,Elliot's Pheasant,
ellwoo1,Chloropicus elliotii,,
elopar1,Pyrrhura orcesi,El Oro Parakeet,
eluant1,Grallaria eludens,Elusive Antpitta,
elwwar1,Setophaga angelae,Elfin Woods Warbler,EWWA
embpuf1,Eriocnemis aline,Emerald-bellied Puffleg,
emchum1,Abeillia abeillei,Emerald-chinned Hummingbird,
emedov2,Chalcophaps indica,Common Emerald Dove,
emedov3,Chalcophaps longirostris,Pacific Emerald Dove,
emesta1,Lamprotornis iris,Emerald Starling,
emetan1,Tangara florida,Emerald Tanager,
emetou3,,,
emetou4,,,
emetou8,,,
emishr1,Lanius gubernator,Emin's Shrike,
emlwar1,Phylloscopus emeiensis,Emei Leaf Warbler,
empbri1,Heliodoxa imperatrix,Empress Brilliant,
empfai1,Malurus cyanocephalus,Emperor Fairywren,
empgoo,Anser canagicus,Emperor Goose,EMGO
emppen1,Aptenodytes forsteri,Emperor Penguin,EMPE
emu1,Dromaius novaehollandiae,Emu,
engcud1,Macropygia cinnamomea,Enggano Cuckoo-Dove,
engmyn1,Gracula enganensis,,
engthr1,Geokichla leucolaema,Enggano Thrush,
ensowl1,Otus enganensis,Enggano Scops Owl,
epaori1,Icterus cayanensis,Epaulet Oriole,
epaori4,Icterus pyrrhopterus,Variable Oriole,
equaka1,Sheppardia aequatorialis,Equatorial Akalat,
equgra1,Xenerpestes singularis,Equatorial Greytail,
ercfra,Pternistis erckelii,Erckel's Spurfowl,
erttyr1,Hemitriccus orbitatus,Eye-ringed Tody-Tyrant,
eskcur,Numenius borealis,Eskimo Curlew,
esmant1,Sipia nigricauda,Esmeraldas Antbird,
esmwoo2,Chaetocercus berlepschi,Esmeraldas Woodstar,
eswdov1,Turtur chalcospilos,Emerald-spotted Wood Dove,
ethswa1,Hirundo aethiopica,Ethiopian Swallow,
ettwoo1,Picoides tridactylus,Eurasian Three-toed Woodpecker,
eubeat1,Merops apiaster,European Bee-eater,
eucdov,Streptopelia decaocto,Eurasian Collared Dove,ECDO
eueowl1,Bubo bubo,Eurasian Eagle-Owl,
eugori2,Oriolus oriolus,Eurasian Golden Oriole,
eugplo,Pluvialis apricaria,European Golden Plover,EUGP
euhbuz1,Pernis apivorus,European Honey Buzzard,
eulfly1,Lathrotriccus euleri,Euler's Flycatcher,
eunhon1,Bolemoreus hindwoodi,Eungella Honeyeater,
eupfly1,Ficedula hypoleuca,European Pied Flycatcher,
eupowl1,Glaucidium passerinum,Eurasian Pygmy Owl,
euptit1,Remiz pendulinus,Eurasian Penduline Tit,
eurbla,Turdus merula,Common Blackbird,
eurbla2,Turdus simillimus,Indian Blackbird,
eurbul,Pyrrhula pyrrhula,Eurasian Bullfinch,EUBU
eurbul1,Pyrrhula murina,Azores Bullfinch,
eurcoo,Fulica atra,Eurasian Coot,
eurcrm1,Ptyonoprogne rupestris,Eurasian Crag Martin,
eurcur,Numenius arquata,Eurasian Curlew,
eurdot,Charadrius morinellus,,
eurgol,Carduelis carduelis,European Goldfinch,EUGO
eurgre1,Chloris chloris,European Greenfinch,
eurgri1,Gyps fulvus,Griffon Vulture,
eurhob,Falco subbuteo,Eurasian Hobby,
eurhoo2,,,
eurjac,Corvus monedula,,
eurjay1,Garrulus glandarius,Eurasian Jay,
eurkes,Falco tinnunculus,Common Kestrel,EUKE
eurkes1,Falco rupicolus,Rock Kestrel,
eurlin1,Linaria cannabina,Common Linnet,
eurmag1,Pica pica,Eurasian Magpie,
eurmag3,Pica mauritanica,Maghreb Magpie,
eurmag5,Pica asirensis,Asir Magpie,
eurmag6,Pica bottanensis,Black-rumped Magpie,
eurnig1,Caprimulgus europaeus,European Nightjar,
eurnut1,Nucifraga caryocatactes,Northern Nutcracker,
eurnut2,Sitta europaea,Eurasian Nuthatch,
eurnut6,,,
euroys1,Haematopus ostralegus,Eurasian Oystercatcher,
eurrob1,Erithacus rubecula,European Robin,
eurrol1,Coracias garrulus,European Roller,
eursco1,Otus scops,Eurasian Scops Owl,
eursco3,Otus cyprius,Cyprus Scops Owl,
eurser1,Serinus serinus,European Serin,
eursha1,Gulosus aristotelis,European Shag,
eursis,Spinus spinus,Eurasian Siskin,
eurspa1,Accipiter nisus,Eurasian Sparrowhawk,
eurspo1,Platalea leucorodia,Eurasian Spoonbill,
eursta,Sturnus vulgaris,Common Starling,EUST
eurtre1,Certhia familiaris,Eurasian Treecreeper,
eurtre3,Certhia hodgsoni,Hodgson's Treecreeper,
eurwar1,Acrocephalus scirpaceus,Common Reed Warbler,
eurwar2,Locustella fluviatilis,River Warbler,
eurwig,Mareca penelope,Eurasian Wigeon,EUWI
eurwoo,Scolopax rusticola,Eurasian Woodcock,EUWO
eurwry,Jynx torquilla,Eurasian Wryneck,
eutdov,Streptopelia turtur,European Turtle Dove,
eutkne1,Burhinus oedicnemus,Eurasian Stone-curlew,
eutspa,Passer montanus,Eurasian Tree Sparrow,ETSP
evegro,Coccothraustes vespertinus,,EVGR
evesco1,Otus everetti,Everett's Scops Owl,
evethr1,Zoothera everetti,Everett's Thrush,
evweye1,Zosterops everetti,Everett's White-eye,
eybhor1,Tockus flavirostris,Eastern Yellow-billed Hornbill,
eyethr,Turdus obscurus,Eyebrowed Thrush,EYTH
eyjfly1,Vauriella gularis,Eyebrowed Jungle Flycatcher,
eyrfla1,Rhynchocyclus brevirostris,Eye-ringed Flatbill,
eyrgra1,Amytornis goyderi,Eyrean Grasswren,
eyrthi1,Asthenes palpebralis,Eye-ringed Thistletail,
eywbab1,Napothera epilepidota,Eyebrowed Wren-Babbler,
fabbow1,Chlamydera cerviniventris,Fawn-breasted Bowerbird,
fabbri1,Heliodoxa rubinoides,Fawn-breasted Brilliant,
fabtan1,Pipraeidea melanonota,Fawn-breasted Tanager,
fabthr1,Zoothera machiki,Fawn-breasted Thrush,
fabwax1,Estrilda paludicola,Fawn-breasted Waxbill,
fabwax3,,,
fabwhi1,Pachycephala orpheus,Fawn-breasted Whistler,
fabwre1,Cantorchilus guarayanus,Fawn-breasted Wren,
faclar2,Calendulauda africanoides,Fawn-colored Lark,
faecur,Numenius madagascariensis,Far Eastern Curlew,
faifly1,Stenostira scita,Fairy Flycatcher,
faiger1,Gerygone palpebrosa,Fairy Gerygone,
failor1,Charmosynopsis pulchella,Fairy Lorikeet,
faimar2,Petrochelidon ariel,Fairy Martin,
faipit1,Pitta nympha,Fairy Pitta,
faipri1,Pachyptila turtur,Fairy Prion,FAPR
faiter2,Sternula nereis,Fairy Tern,
falduc,Mareca falcata,Falcated Duck,FADU
falstd1,Tachyeres brachypterus,Falkland Steamer Duck,
famcha1,Oenanthe familiaris,Familiar Chat,
fansaw1,Psalidoprocne obscura,Fanti Saw-wing,
fasant1,Cymbilaimus lineatus,Fasciated Antshrike,
faseag1,Circaetus fasciolatus,Southern Banded Snake Eagle,
faswre1,Campylorhynchus fasciatus,Fasciated Wren,
fatber1,Melanocharis versteri,Fan-tailed Berrypecker,
fatcuc1,Cacomantis flabelliformis,Fan-tailed Cuckoo,
fatger1,Gerygone flavolateralis,Fan-tailed Gerygone,
fatgra1,Catriscus brevirostris,Fan-tailed Grassbird,
father1,Tigrisoma fasciatum,Fasciated Tiger Heron,
fatmon1,Pomarea whitneyi,Fatu Hiva Monarch,
fatrav1,Corvus rhipidurus,Fan-tailed Raven,
fatwar,Basileuterus lachrymosus,Fan-tailed Warbler,FTWA
fatwid1,Euplectes axillaris,Fan-tailed Widowbird,
fawbab1,Ptilocichla falcata,Falcated Wren-Babbler,
fbfdov1,Ptilinopus marchei,,
fbfeye1,Pyriglena atra,Fringe-backed Fire-eye,
fbtbab1,Macronus ptilosus,Fluffy-backed Tit-Babbler,
feaowl1,Asio solomonensis,Fearful Owl,
feapet1,Pterodroma feae,Cape Verde Petrel,
feapet2,,,
febant1,Myrmoderus ferrugineus,Ferruginous-backed Antbird,
feonig1,Aegotheles insignis,Feline Owlet-nightjar,
fepbat1,Batis poensis,Fernando Po Batis,
fepoli1,Nesocharis shelleyi,Shelley's Oliveback,
fepowl,Glaucidium brasilianum,Ferruginous Pygmy Owl,FEPO
fepspe1,Zosterops brunneus,Fernando Po Speirops,
ferant1,Drymophila ferruginea,Ferruginous Antbird,
ferbab1,Pellorneum bicolor,Ferruginous Babbler,
ferduc,Aythya nyroca,Ferruginous Duck,
ferfli1,Colaptes fernandinae,Fernandina's Flicker,
ferfly1,Muscicapa ferruginea,Ferruginous Flycatcher,
ferhaw,Buteo regalis,Ferruginous Hawk,FEHA
ferlar2,Calendulauda burra,Red Lark,
fernbi1,Poodytes punctatus,New Zealand Fernbird,
fernwr1,Oreoscopus gutturalis,Fernwren,
ferpar2,Caloperdix oculeus,Ferruginous Partridge,
fescoq2,Lophornis verreauxii,Butterfly Coquette,
fescoq3,Lophornis chalybeus,Festive Coquette,
fespar1,Amazona festiva,Festive Amazon,
fhbfin1,Atlapetes fulviceps,Fulvous-headed Brushfinch,
fibara1,Pteroglossus frantzii,Fiery-billed Aracari,
fibbus1,Malaconotus cruentus,Fiery-breasted Bushshrike,
fibflo2,Dicaeum ignipectus,Fire-breasted Flowerpecker,
fibmyn1,Enodes erythrophris,Fiery-browed Starling,
fibmyn2,Scissirostrum dubium,Grosbeak Starling,
fibpic1,Picumnus subtilis,Fine-barred Piculet,
fibwar1,Horornis ruficapilla,Fiji Bush Warbler,
fibwoo1,Chloropicus pyrrhogaster,Fire-bellied Woodpecker,
ficale2,Alethe castanea,Fire-crested Alethe,
ficale3,Alethe diademata,White-tailed Alethe,
ficbar1,Capito quinticolor,Five-colored Barbet,
ficman1,Machaeropterus pyrocephalus,Fiery-capped Manakin,
ficmun1,Lonchura quinticolor,Five-colored Munia,
fictit1,Cephalopyrus flammiceps,Fire-capped Tit,
fiediu1,Pyrope pyrope,Fire-eyed Diucon,
fieldf,Turdus pilaris,Fieldfare,FIEL
fiemin1,Pericrocotus igneus,Fiery Minivet,
fiespa,Spizella pusilla,Field Sparrow,FISP
fietop1,Topaza pyra,Fiery Topaz,
fifbis1,Euplectes diadematus,Fire-fronted Bishop,
fifser1,Serinus pusillus,Red-fronted Serin,
fifthr1,Neocossyphus finschi,,
fiipig1,Ducula finschii,Finsch's Imperial Pigeon,
fijgos1,Accipiter rufitorques,,
fijpar1,Erythrura pealii,Fiji Parrotfinch,
fijpet1,Pseudobulweria macgillivrayi,Fiji Petrel,
fijshr1,Clytorhynchus vitiensis,Fiji Shrikebill,FISH
fijwhi2,Pachycephala vitiensis,White-throated Fiji Whistler,
fijwoo1,Artamus mentalis,Fiji Woodswallow,
fimbow1,Sericulus bakeri,Fire-maned Bowerbird,
finbul1,Alophoixus finschii,,
fineup1,Euphonia finschi,Finsch's Euphonia,
finfra2,Scleroptila finschi,Finsch's Francolin,
finnig1,Caprimulgus pectoralis,Fiery-necked Nightjar,
finwhe1,Oenanthe finschii,Finsch's Wheatear,
fiopen1,Eudyptes pachyrhynchus,Fiordland Penguin,VIPE
fippar1,Micropsitta finschii,Finsch's Pygmy Parrot,
firecr1,Regulus ignicapilla,Common Firecrest,
firecr3,Regulus madeirensis,Madeira Firecrest,
fireth1,Calliope pectardens,Firethroat,
firgat1,Anumbius annumbi,Firewood-gatherer,
fiscro,Corvus ossifragus,Fish Crow,FICR
fisfly1,Melaenornis silens,,
fisgre1,Phyllastrephus fischeri,Fischer's Greenbul,
fislar1,Eremopterix leucopareia,Fischer's Sparrow-Lark,
fislov1,Agapornis fischeri,Fischer's Lovebird,
fispar1,Pyrrhura egregia,Fiery-shouldered Parakeet,
fisspa,Amphispizopsis quinquestriata,Five-striped Sparrow,FSSP
fissta1,Lamprotornis fischeri,Fischer's Starling,
fistur1,Tauraco fischeri,Fischer's Turaco,
fiswoo1,Campethera punctuligera,Fine-spotted Woodpecker,
fitawl1,Avocettula recurvirostris,Fiery-tailed Awlbill,
fitbar1,Psilopogon pyrolophus,Fire-tufted Barbet,
fitfru1,Pipreola chlorolepidota,Fiery-throated Fruiteater,
fithum1,Panterpe insignis,Fiery-throated Hummingbird,
fitmet1,Metallura eupogon,Fiery-throated Metaltail,
fitmyz1,Myzornis pyrrhoura,Fire-tailed Myzornis,
fitsun1,Aethopyga ignicauda,Fire-tailed Sunbird,
flabow2,Sericulus ardens,Flame Bowerbird,
flabow3,Sericulus aureus,Masked Bowerbird,
flabul1,Pycnonotus flavescens,Flavescent Bulbul,
flafly1,Ramphotrigon flammulatum,Flammulated Flycatcher,
flafly2,Myiophobus flavicans,Flavescent Flycatcher,
flalar1,Mirafra rufocinnamomea,,
flamec1,Regulus goodfellowi,Flamecrest,
flaowl,Psiloscops flammeolus,Flammulated Owl,FLOW
flapyt1,Hemitriccus flammulatus,Flammulated Bamboo Tyrant,
flarob1,Petroica phoenicea,Flame Robin,
flasun1,Aethopyga flagrans,Flaming Sunbird,
flatre1,Thripadectes flammulatus,Flammulated Treehunter,
flawar1,Myiothlypis flaveola,Flavescent Warbler,
flbflo2,Dicaeum erythrothorax,Buru Flowerpecker,
flbflo3,Dicaeum schistaceiceps,Halmahera Flowerpecker,
flbkin1,Todiramphus recurvirostris,Flat-billed Kingfisher,
flbsun2,Cinnyris solaris,Flame-breasted Sunbird,
flbvir1,Vireo nanus,Flat-billed Vireo,
flcflo1,Dicaeum anthonyi,Yellow-crowned Flowerpecker,
flcman2,Heterocercus linteatus,Flame-crested Manakin,
flctan,Piranga bidentata,Flame-colored Tanager,FCTA
flctan1,Loriotus cristatus,Flame-crested Tanager,
flfbar1,Psilopogon armillaris,Flame-fronted Barbet,
flfshe,Ardenna carneipes,Flesh-footed Shearwater,FFSH
flftan1,Tangara parzudakii,Flame-faced Tanager,
flgpig1,Treron floris,Flores Green Pigeon,
flicor1,Nannopterum harrisi,Flightless Cormorant,
flistd1,Tachyeres pteneres,Fuegian Steamer Duck,
flobro1,Phaps histrionica,Flock Bronzewing,
flocro1,Corvus florensis,Flores Crow,
flohae1,Nisaetus floris,Flores Hawk-Eagle,
flojuf1,Cyornis oscillans,,
flomin1,Pericrocotus lansbergei,Little Minivet,
flomon1,Symposiachrus sacerdotum,Flores Monarch,
flowhe1,Heleia crassirostris,Thick-billed Heleia,
flrgra1,Poodytes albolimbatus,Fly River Grassbird,
flrtan1,Ramphocelus flammigerus,Flame-rumped Tanager,
flrtan3,,,
flsjay,Aphelocoma coerulescens,Florida Scrub Jay,FLSJ
flsowl1,Otus alfredi,Flores Scops Owl,
fltbab1,Dasycrotapha speciosa,Flame-templed Babbler,
fltwar1,Oreothlypis gutturalis,Flame-throated Warbler,
flushe1,Puffinus gavia,Fluttering Shearwater,
fluwre1,Microcerculus ustulatus,Flutist Wren,
flystd1,Tachyeres patachonicus,Flying Steamer Duck,
fobsan1,Pterocles quadricinctus,Four-banded Sandgrouse,
focbus2,Telophorus viridis,Gorgeous Bushshrike,
fooant1,Epinecrophylla spodionota,Foothill Stipplethroat,
fooela1,Myiopagis olallai,Foothill Elaenia,
foosco1,Megascops roraimae,Foothill Screech Owl,
foptit1,Anthoscopus flavifrons,Forest Penduline Tit,
forbit1,Zonerodius heliosylus,Forest Bittern,
forbla1,Anumara forbesi,Forbes's Blackbird,
forcan1,Crithagra scotops,Forest Canary,
forela1,Myiopagis gaimardii,Forest Elaenia,
forfod1,Foudia omissa,Forest Fody,
forfra2,Peliperdix lathami,Latham's Francolin,
forhon1,Microptilotis montanus,,
forkin1,Todiramphus macleayii,Forest Kingfisher,
formag1,Urocissa caerulea,Taiwan Blue Magpie,
forowl1,Athene blewitti,Forest Owlet,
forplo1,Charadrius forbesi,,
forrai1,Rallina forbesi,,
forrav1,Corvus tasmanicus,Forest Raven,
forrob1,Stiphrornis erythrothorax,Orange-breasted Forest Robin,
forrot2,Monticola sharpei,Forest Rock Thrush,
forswa2,Atronanus fuliginosus,Forest Swallow,
forter,Sterna forsteri,Forster's Tern,FOTE
forthr1,Turdus lherminieri,Forest Thrush,
forwag1,Dendronanthus indicus,Forest Wagtail,
forwea1,Ploceus bicolor,Dark-backed Weaver,
forwoo1,Phoeniculus castaneiceps,,
fospar1,Pardalotus quadragintus,Forty-spotted Pardalote,
fosrob1,Cercotrichas leucosticta,,
fotdro1,,,
fotdro4,Dicrurus divaricatus,,
fotfly,Tyrannus savana,Fork-tailed Flycatcher,FTFL
fotpyt1,Hemitriccus furcatus,Fork-tailed Tody-Tyrant,
fotsun1,Aethopyga christinae,Fork-tailed Sunbird,
fotswi,Apus pacificus,Fork-tailed Swift,
fotwoo1,Thalurania furcata,Fork-tailed Woodnymph,
fowswi1,Apus berliozi,Forbes-Watson's Swift,
fowthr1,Myophonus insularis,Taiwan Whistling Thrush,
foxcis1,Cisticola troglodytes,Foxy Cisticola,
foxkes1,Falco alopex,Fox Kestrel,
foxlar1,Calendulauda alopex,,
foxsp2,,,
foxsp3,,,
foxsp4,,,
foxspa,Passerella iliaca,Fox Sparrow,FOSP
foxwea1,Ploceus spekeoides,Fox's Weaver,
fragos2,Accipiter francesiae,,
fragul,Leucophaeus pipixcan,Franklin's Gull,FRGU
frbtho1,Phacellodomus striaticollis,Freckle-breasted Thornbird,
frbwar1,Locustella accentor,Friendly Bush Warbler,
frbwoo1,Dendrocopos analis,Freckle-breasted Woodpecker,
freduc1,Stictonetta naevosa,Freckled Duck,
frenig1,Caprimulgus tristigma,Freckled Nightjar,
freowl1,Bubo poensis,,
frgdov1,Alopecoenas stairi,,SHGD
fricoq1,Lophornis magnificus,Frilled Coquette,
frifan1,Rhipidura albolimbata,Friendly Fantail,
frilar1,Mirafra pulpa,Friedmann's Lark,
frimon1,Arses telescopthalmus,Frilled Monarch,
frnmon1,Arses lorealis,Frill-necked Monarch,
fruith1,Chlamydochaera jefferyi,Fruithunter,
ftpswi1,Tachornis squamata,Fork-tailed Palm Swift,
ftspet,Hydrobates furcatus,Fork-tailed Storm Petrel,FTSP
fubfla1,Rhynchocyclus fulvipectus,Fulvous-breasted Flatbill,
fubwoo2,Dendrocopos macei,Fulvous-breasted Woodpecker,
fucjuf1,Cyornis olivaceus,Fulvous-chested Jungle Flycatcher,
fucnun1,Nonnula sclateri,Fulvous-chinned Nunlet,
fuctan1,Tachyphonus surinamus,Fulvous-crested Tanager,
fudtre1,Margarornis stellatus,Star-chested Treerunner,
fuebou1,Laniarius fuelleborni,Fülleborn's Boubou,
fuelon2,Macronyx fuelleborni,Fülleborn's Longclaw,
fuesni1,Gallinago stricklandii,Fuegian Snipe,
fuhtan1,Thlypopsis fulviceps,Fulvous-headed Tanager,
fujnil1,Niltava davidi,Fujian Niltava,
fulant1,Frederickena fulva,Fulvous Antshrike,
fulcha1,Argya fulva,Fulvous Babbler,
fulowl1,Strix fulvescens,Fulvous Owl,
fulpar1,Suthora fulvifrons,Fulvous Parrotbill,
fulpri1,Pachyptila crassirostris,Fulmar Prion,
fulwre1,Cinnycerthia fulva,Fulvous Wren,
furfly1,Ficedula disposita,Furtive Flycatcher,
fusfly1,Cnemotriccus fuscatus,Fuscous Flycatcher,
fusfly2,,,
fushon1,Ptilotula fusca,Fuscous Honeyeater,
fustan1,Lanio fulvus,Fulvous Shrike-Tanager,
fuveup1,Euphonia fulvicrissa,Fulvous-vented Euphonia,
fuwduc,Dendrocygna bicolor,Fulvous Whistling Duck,FUWD
gabaka1,Sheppardia gabela,Gabela Akalat,
gabbou1,Laniarius bicolor,Swamp Boubou,
gabbus1,Laniarius amboimensis,Gabela Bushshrike,
gabcou1,Centropus anselli,Gabon Coucal,
gabfru1,Pipreola riefferii,Green-and-black Fruiteater,
gabgos2,Micronisus gabar,Gabar Goshawk,
gabwoo1,Chloropicus gabonensis,,
gabwoo3,Hemicircus concretus,Grey-and-buff Woodpecker,
gadwal,Mareca strepera,Gadwall,GADW
gagcoc1,Callocephalon fimbriatum,Gang-gang Cockatoo,
gagtan1,Poecilostreptus palmeri,Grey-and-gold Tanager,
gagtan2,Tangara schrankii,Green-and-gold Tanager,
gagwar2,Myiothlypis fraseri,Grey-and-gold Warbler,
galah,Eolophus roseicapilla,Galah,
galdov1,Zenaida galapagoensis,Galapagos Dove,
galfly1,Myiarchus magnirostris,Galapagos Flycatcher,
galhaw1,Buteo galapagoensis,Galapagos Hawk,
galmar1,Progne modesta,Galapagos Martin,
galmoc1,Mimus parvulus,Galapagos Mockingbird,
galpen1,Spheniscus mendiculus,Galapagos Penguin,GALP
galpet,Pterodroma phaeopygia,Galapagos Petrel,
galrai1,Laterallus spilonota,Galapagos Crake,
gamfly1,Muscicapa gambagae,Gambaga Flycatcher,
gamqua,Callipepla gambelii,Gambel's Quail,
ganlew1,Phylloscopus kansuensis,Gansu Leaf Warbler,
gareme1,Chlorostilbon assimilis,Garden Emerald,
gargan,Spatula querquedula,Garganey,GARG
garkin1,Chloroceryle inda,Green-and-rufous Kingfisher,
garpit1,Erythropitta granatina,Garnet Pitta,
garrob1,Eugerygone rubra,Garnet Robin,
gartro1,Trogon caligatus,Gartered Trogon,
garwar1,Sylvia borin,Garden Warbler,
gathum1,Lamprolaima rhami,Garnet-throated Hummingbird,
gaweye1,Zosterops splendidus,Ranongga White-eye,
gawhum1,Elliotomyia viridicauda,Green-and-white Hummingbird,
gawtyr2,Pseudelaenia leucospodia,Grey-and-white Tyrannulet,
gbbgul,Larus marinus,Great Black-backed Gull,GBBG
gbesta1,Lamprotornis chalybaeus,Greater Blue-eared Starling,
gbhgul2,Ichthyaetus ichthyaetus,Pallas's Gull,
gbmgem1,Lampornis sybillae,Green-breasted Mountaingem,
gbmtan1,Cnemathraupis aureodorsalis,Golden-backed Mountain Tanager,
gbopar1,Paradisaea decora,Goldie's Bird-of-paradise,
gbopar2,Paradisaea apoda,Greater Bird-of-paradise,
gbsfin1,Sporophila maximiliani,Great-billed Seed Finch,
gbwwre1,Henicorhina leucophrys,Grey-breasted Wood Wren,
gcbwar1,Nesillas brevicaudata,Grande Comore Brush Warbler,
gchwar,Setophaga chrysoparia,Golden-cheeked Warbler,GCWA
gcoroc1,Rupicola rupicola,Guianan Cock-of-the-rock,
gcptan1,Phaenicophilus poliocephalus,Grey-crowned Palm-tanager,
gcrfin,Leucosticte tephrocotis,Grey-crowned Rosy Finch,GCRF
gcrwar,Basileuterus culicivorus,Golden-crowned Warbler,GOLW
gdcsun2,Cinnyris afer,Greater Double-collared Sunbird,
gencaf1,Geospiza propinqua,Genovesa Cactus Finch,
genpen1,Pygoscelis papua,Gentoo Penguin,GEPE
geomal1,Zoothera heinrichi,Geomalia,
geppar1,Micropsitta geelvinkiana,Geelvink Pygmy Parrot,
gepphe1,Polyplectron germaini,Germain's Peacock-Pheasant,
gerswi1,Aerodramus germani,,
gfhpar1,Loriculus tener,Bismarck Hanging Parrot,
gfqdov,Geotrygon caniceps,Grey-fronted Quail-Dove,
ghacus1,Lobotos lobatus,Western Wattled Cuckooshrike,
giaant1,Grallaria gigantea,Giant Antpitta,
giaant2,Batara cinerea,Giant Antshrike,
giabab1,Pterorhinus waddelli,Giant Babax,
giacon1,Conirostrum binghami,Giant Conebill,
giacoo1,Fulica gigantea,Giant Coot,
giacou1,Coua gigas,Giant Coua,
giacow,Molothrus oryzivorus,Giant Cowbird,
giahum1,Patagona gigas,Giant Hummingbird,
giaibi1,Pseudibis gigantea,Giant Ibis,
giakin1,Tyrannus cubensis,Giant Kingbird,
giakin3,Megaceryle maxima,Giant Kingfisher,
gialau1,Ianthocincla maxima,Giant Laughingthrush,
gianut1,Sitta magna,Giant Nuthatch,
giapit1,Hydrornis caeruleus,Giant Pitta,
giasni1,Gallinago undulata,Giant Snipe,
giawea1,Ploceus grandis,Giant Weaver,
giawre1,Campylorhynchus chiapensis,Giant Wren,
gietan1,Tangara cyanoventris,Gilt-edged Tanager,
gilbar1,Capito auratus,Gilded Barbet,
gilfli,Colaptes chrysoides,Gilded Flicker,GIFL
gilhum1,Hylocharis chrysura,Gilded Sapphire,
gillar1,Mirafra gilletti,,
gilwhi1,Pachycephala inornata,Gilbert's Whistler,
gilwoo,Melanerpes uropygialis,Gila Woodpecker,GIWO
giweye1,Megazosterops palauensis,Giant White-eye,
giwrai1,Aramides ypecaha,Giant Wood Rail,
glagul,Larus hyperboreus,Glaucous Gull,GLGU
glamac1,Anodorhynchus glaucus,Glaucous Macaw,
glatan1,Thraupis glaucocolpa,Glaucous Tanager,
glbbec1,Pachyramphus surinamus,Glossy-backed Becard,
glbcoc1,Calyptorhynchus lathami,Glossy Black Cockatoo,
glbeme1,Chlorostilbon lucidus,Glittering-bellied Emerald,
glbgro1,Cyanoloxia glaucocaerulea,Glaucous-blue Grosbeak,
glbthr1,Turdus serranus,Glossy-black Thrush,
glgtan1,Chlorochrysa phoenicotis,Glistening-green Tanager,
glmman2,Manucodia ater,Glossy-mantled Manucode,
gloant1,Sakesphorus luctuosus,Glossy Antshrike,
gloflo1,Diglossa lafresnayii,Glossy Flowerpiercer,
gloibi,Plegadis falcinellus,Glossy Ibis,GLIB
glopuf2,Eriocnemis vestita,Glowing Puffleg,
gloswi1,Collocalia esculenta,Glossy Swiftlet,
glteme1,Chionomesa fimbriata,Glittering-throated Emerald,
glthum1,Selasphorus ardens,Glow-throated Hummingbird,
glwgul,Larus glaucescens,Glaucous-winged Gull,GWGU
gmrtai1,Prioniturus platurus,Golden-mantled Racket-tail,
gnbbec2,,,
gnbcam2,,,
gnbcam3,Camaroptera harterti,Hartert's Camaroptera,
gnbger1,Gerygone chloronota,Green-backed Gerygone,
gnbhel1,Oxypogon guerinii,Green-bearded Helmetcrest,
gnbman,Anthracothorax prevostii,Green-breasted Mango,GREM
gnbtai1,Orthotomus chloronotus,Green-backed Tailorbird,
gnbtro1,Trogon viridis,Green-backed Trogon,
gnbwhe1,Zosterops xanthochroa,Green-backed White-eye,
gncpar,Pyrrhura molinae,Green-cheeked Parakeet,
gnfhum2,,,
gnhsun1,Cyanomitra verticalis,Green-headed Sunbird,
gnlthr,Pterorhinus pectoralis,Greater Necklaced Laughingthrush,
gnspig1,Treron oxyurus,Sumatran Green Pigeon,
gntbri1,Bleda eximius,Green-tailed Bristlebill,
gnteup1,Euphonia chalybea,Green-chinned Euphonia,
gntsun1,Chalcomitra rubescens,Green-throated Sunbird,
gnttan1,Stilpnia argyrofenges,Straw-backed Tanager,
gnttow,Pipilo chlorurus,Green-tailed Towhee,GTTO
gobbis1,Euplectes aureus,Golden-backed Bishop,
gobbun1,Emberiza flaviventris,Golden-breasted Bunting,
gobchl1,Chlorophonia callophrys,Golden-browed Chlorophonia,
gobcht1,Ochthoeca pulchella,,
gobeup1,Euphonia chrysopasta,White-lored Euphonia,
gobfly1,Myiodynastes hemichrysus,Golden-bellied Flycatcher,
gobfly2,Microeca hemixantha,Golden-bellied Flyrobin,
gobfru1,Pipreola aureopectus,Golden-breasted Fruiteater,
gobful1,Lioparus chrysotis,Golden-breasted Fulvetta,
gobger1,Gerygone sulphurea,Golden-bellied Gerygone,
gobgro1,Pheucticus chrysogaster,Golden Grosbeak,
gobmag1,Urocissa flavirostris,Yellow-billed Blue Magpie,
gobpuf1,Eriocnemis mosquera,Golden-breasted Puffleg,
gobrob1,Tarsiger chrysaeus,Golden Bush Robin,
gobsal1,Saltator aurantiirostris,Golden-billed Saltator,
gobsta1,Coeligena bonapartei,Golden-bellied Starfrontlet,
gobsta5,Lamprotornis regius,Golden-breasted Starling,
gobwar1,Basileuterus belli,Golden-browed Warbler,
gobwar2,Myiothlypis chrysogaster,Cuzco Warbler,
gobwar4,,,
gobwea1,Ploceus jacksoni,Golden-backed Weaver,
gobwhi1,Pachycephala aurea,Golden-backed Whistler,
gocbab1,Sterrhoptilus dennistouni,Golden-crowned Babbler,
goceme1,Cynanthus auriceps,Golden-crowned Emerald,
gocfly1,Myiodynastes chrysocephalus,Golden-crowned Flycatcher,
gochon2,Iridophanes pulcherrimus,Golden-collared Honeycreeper,
gockin,Regulus satrapa,Golden-crowned Kinglet,GCKI
gocman1,Manacus vitellinus,Golden-collared Manakin,
gocman2,Lepidothrix vilasboasi,Golden-crowned Manakin,
gocmyn1,Ampeliceps coronatus,Golden-crested Myna,
gocpar2,Aratinga auricapillus,Golden-capped Parakeet,
gocspa,Zonotrichia atricapilla,Golden-crowned Sparrow,GCSP
gocspa1,Platyrinchus coronatus,Golden-crowned Spadebill,
goctan1,Bangsia rothschildi,Golden-chested Tanager,
goctan2,Thraupis ornata,Golden-chevroned Tanager,
goctan3,Iridosornis jelskii,Golden-collared Tanager,
goctan4,Iridosornis rufivertex,Golden-crowned Tanager,
goctou1,Selenidera reinwardtii,Golden-collared Toucanet,
gocwoo1,Melanerpes chrysogenys,Golden-cheeked Woodpecker,
gocwoo2,Dryobates cassini,,
gocwoo3,Chloropicus xantholophus,Yellow-crested Woodpecker,
godbun1,Emberiza godlewskii,Godlewski's Bunting,
goeant1,Akletos goeldii,Goeldi's Antbird,
goetan1,Tangara chrysotis,Golden-eared Tanager,
gofbow1,Amblyornis flavifrons,Golden-fronted Bowerbird,
gofful2,Schoeniparus variegaticeps,Golden-fronted Fulvetta,
gofgre1,Pachysylvia aurantiifrons,Golden-fronted Greenlet,
goflea1,Chloropsis aurifrons,Golden-fronted Leafbird,
gofred1,Myioborus ornatus,Golden-fronted Whitestart,
goftyr1,Zimmerius chrysops,Golden-faced Tyrannulet,
goftyr4,,,
goftyr5,,,
gofwoo,Melanerpes aurifrons,Golden-fronted Woodpecker,GFWO
gofwoo2,,,
gogwoo1,Piculus chrysochloros,Golden-green Woodpecker,
gohcis1,Cisticola exilis,Golden-headed Cisticola,
gohman1,Ceratopipra erythrocephala,Golden-headed Manakin,
gohque1,Pharomachrus auriceps,Golden-headed Quetzal,
gohtan1,Stilpnia larvata,Golden-hooded Tanager,
goifin1,Rowettia goughensis,Gough Finch,
golbab1,Cyanoderma chrysaeum,Golden Babbler,
golbow1,Amblyornis newtoniana,,
golbul3,Alophoixus affinis,,
golbul4,Alophoixus mystacalis,,
golcou1,Centropus goliath,Goliath Coucal,
golcus1,Campochaera sloetii,Golden Cuckooshrike,
goldcr1,Regulus regulus,Goldcrest,
goldov1,Ptilinopus luteovirens,Golden Dove,
goleag,Aquila chrysaetos,Golden Eagle,GOEA
golgre1,Calyptocichla serinus,Golden Greenbul,
golher1,Ardea goliath,Goliath Heron,
gollor1,Glossoptila goldiei,,
golmon1,Carterornis chrysomela,Golden Monarch,
golmyn1,Mino anais,Golden Myna,
golnig1,Caprimulgus eximius,Golden Nightjar,
golpar2,Suthora verreauxi,Golden Parrotbill,
golpar3,Guaruba guarouba,Golden Parakeet,
golphe,Chrysolophus pictus,Golden Pheasant,
golpip1,Tmetothylacus tenellus,Golden Pipit,
golswa1,Tachycineta euchrysea,Golden Swallow,
goltan1,Tangara arthus,Golden Tanager,
golvir1,Vireo hypochryseus,Golden Vireo,
golwhi1,Pachycephala pectoralis,Australian Golden Whistler,
golwhi2,Pachycephala balim,Baliem Whistler,
gonbar1,Psilopogon pulcherrimus,Golden-naped Barbet,
gonfin1,Pyrrhoplectes epauletta,Golden-naped Finch,
gontan1,Chalcothraupis ruficervix,Golden-naped Tanager,
gonwea1,Ploceus aureonucha,Golden-naped Weaver,
gonwoo1,Melanerpes chrysauchen,Golden-naped Woodpecker,
goowoo1,Colaptes rubiginosus,Golden-olive Woodpecker,
goowoo3,,,
goppar1,Leptosittaca branickii,Golden-plumed Parakeet,
gopwea1,Ploceus bojeri,Golden Palm Weaver,
goreup1,Chlorophonia cyanocephala,Golden-rumped Euphonia,
gorflo1,Dicaeum annae,Golden-rumped Flowerpecker,
gorpuf1,Eriocnemis isabellae,Gorgeted Puffleg,
gorsun1,Heliangelus strophianus,Gorgeted Sunangel,
gortan1,Bangsia aureocincta,Gold-ringed Tanager,
gorwoo2,Chaetocercus heliodor,Gorgeted Woodstar,
gosapa1,Apalis goslingi,Gosling's Apalis,
gosbun1,Emberiza goslingi,Gosling's Bunting,
goseup1,Euphonia cayennensis,Golden-sided Euphonia,
gospar1,Psephotus chrysopterygius,,
gospic1,Picumnus exilis,Golden-spangled Piculet,
gospic3,,,
goswar1,Phylloscopus burkii,Green-crowned Warbler,
gotbar2,Psilopogon franklinii,Golden-throated Barbet,
gotbar3,Psilopogon auricularis,Necklaced Barbet,
gotgra1,Macroagelaius imthurni,Golden-tufted Mountain Grackle,
gotpar2,Touit surdus,Golden-tailed Parrotlet,
gotsap1,Chrysuronia oenone,Golden-tailed Sapphire,
gotwoo1,Campethera abingoni,Golden-tailed Woodpecker,
goufin3,Chloebia gouldiae,Gouldian Finch,
goufro1,Batrachostomus stellatus,Gould's Frogmouth,
goujew1,Heliodoxa aurescens,Gould's Jewelfront,
goupet1,Pterodroma leucoptera,Gould's Petrel,
gousho1,Brachypteryx stellata,,
gousun1,Aethopyga gouldiae,Mrs. Gould's Sunbird,
goutou1,Selenidera gouldii,Gould's Toucanet,
gowbar1,,,
gowcac1,Cacicus chrysopterus,Golden-winged Cacique,
goweye1,Cleptornis marchei,Golden White-eye,GOWE
gowgro2,Rhynchostruthus percivali,Arabian Golden-winged Grosbeak,
gowgro3,Rhynchostruthus socotranus,Socotra Golden-winged Grosbeak,
gowlau1,Trochalopteron ngoclinhense,Golden-winged Laughingthrush,
gowman1,Masius chrysopterus,Golden-winged Manakin,
gowpar2,Brotogeris chrysoptera,Golden-winged Parakeet,
gowqua1,Odontophorus strophium,Gorgeted Wood Quail,
gowspa1,Arremon schlegeli,Golden-winged Sparrow,
gowsun2,Drepanorhynchus reichenowi,Golden-winged Sunbird,
gowtof1,Poecilotriccus calopterus,Golden-winged Tody-Flycatcher,
gowwar,Vermivora chrysoptera,Golden-winged Warbler,GWWA
grablu1,Spermophaga poliogenys,Grant's Bluebill,
grabro1,Pseudocalyptomena graueri,Grauer's Broadbill,
grabul1,Melopyrrha violacea,Greater Antillean Bullfinch,GABU
grabuz1,Butastur rufipennis,Grasshopper Buzzard,
gracus1,Coracina graueri,,
graeao1,Bubo cinerascens,Greyish Eagle-Owl,
graela1,Elaenia fallax,Blue Mountain Elaenia,GAEL
graela2,Myiopagis caniceps,Grey-headed Elaenia,
gragoo,Anser anser,Greylag Goose,
gragra1,Quiscalus niger,Greater Antillean Grackle,GAGR
graher1,Ardea cinerea,Grey Heron,
grahon2,Microptilotis gracilis,,
grahon3,Microptilotis cinereifrons,,
grahon5,Microptilotis imitatrix,,
gralar2,Ammomanopsis grayi,Gray's Lark,
gramal1,Malimbus nitens,Blue-billed Malimbe,
gramin1,Geositta maritima,Greyish Miner,
gramou1,Rhytipterna simplex,Greyish Mourner,
gramun1,Lonchura grandis,Great-billed Mannikin,
granda1,Grandala coelicolor,Grandala,
granig1,Antrostomus cubanensis,Cuban Nightjar,
granig3,,,
graori1,Icterus dominicensis,Hispaniolan Oriole,HIOR
graori2,Icterus melanopsis,Cuban Oriole,CUOR
graori3,Icterus northropi,Bahama Oriole,BAHO
graori4,Icterus portoricensis,Puerto Rican Oriole,PROR
grapet,Procellaria cinerea,Grey Petrel,
grapic1,Picumnus granadensis,Greyish Piculet,
grapri1,Prinia gracilis,Graceful Prinia,
grasal3,Saltator coerulescens,Bluish-grey Saltator,
graspa,Ammodramus savannarum,Grasshopper Sparrow,GRSP
graspa1,Ammodramus humeralis,Grassland Sparrow,
grathr1,Toxostoma cinereum,Grey Thrasher,
gratre1,Cinclocerthia gutturalis,Grey Trembler,
grawar,Setophaga graciae,Grace's Warbler,GRWA
grawar1,Graueria vittata,Grauer's Warbler,
grbani,Crotophaga sulcirostris,Groove-billed Ani,GBAN
grbbec1,Pachyramphus viridis,Green-backed Becard,
grbbus1,Malaconotus gladiator,Green-breasted Bushshrike,
grbcam1,Camaroptera brachyura,Bleating Camaroptera,
grbcou1,Centropus menbeki,Ivory-billed Coucal,
grbcou2,Centropus chlororhynchos,Green-billed Coucal,
grbcra1,Laterallus exilis,Grey-breasted Crake,
grbeat1,Merops orientalis,Asian Green Bee-eater,
grbere1,Eremomela canescens,Green-backed Eremomela,
grbfir1,Sephanoides sephaniodes,Green-backed Firecrown,
grbhaw1,Buteogallus urubitinga,Great Black Hawk,
grbher1,Phaethornis malaris,Great-billed Hermit,
grbher2,Ardea sumatrana,Great-billed Heron,
grbher3,Ardea herodias,Great Blue Heron,GBHE
grbhon1,Glycichaera fallax,Green-backed Honeyeater,
grbhon2,Prodotiscus zambesiae,Green-backed Honeybird,
grbhum1,Saucerottia viridigaster,Green-bellied Hummingbird,
grbkin1,Actenoides monachus,Green-backed Kingfisher,
grbmal1,Phaenicophaeus tristis,Green-billed Malkoha,
grbpar1,Tanygnathus megalorynchos,Great-billed Parrot,
grbpit1,Pitta reichenowi,Green-breasted Pitta,
grbrob1,Pachycephalopsis hattamensis,Green-backed Robin,
grbspa1,Arremonops chloronotus,Green-backed Sparrow,
grbtit1,Parus monticolus,Green-backed Tit,
grbtou1,Aulacorhynchus sulcatus,Groove-billed Toucanet,
grbtur1,Corythaeola cristata,Great Blue Turaco,
grbtwi1,Mandingoa nitidula,Green Twinspot,
grbwhi1,Pachycephala albiventris,Green-backed Whistler,
grbwoo1,Melanerpes hypopolius,Grey-breasted Woodpecker,
grbwoo2,Campethera cailliautii,,
grbwoo3,Colaptes melanochloros,Green-barred Woodpecker,
grbwre1,Campylorhynchus megalopterus,Grey-barred Wren,
grcbec1,Pachyramphus major,Grey-collared Becard,
grcbri1,Heliodoxa jacula,Green-crowned Brilliant,
grccra1,Balearica regulorum,Grey Crowned Crane,
grcdov1,Leptotila cassinii,Grey-chested Dove,
grcdov2,Reinwardtoena reinwardti,Great Cuckoo-Dove,
grcfly,Myiarchus crinitus,Great Crested Flycatcher,GCFL
grcfly1,Myiozetetes granadensis,Grey-capped Flycatcher,
grcfly3,Humblotia flavirostris,Humblot's Flycatcher,
grcgre1,Podiceps cristatus,Great Crested Grebe,
grctan1,Stilpnia meyerdeschauenseei,Green-capped Tanager,
grcter1,Thalasseus bergii,Greater Crested Tern,GCTE
grcthr1,Turdus ravidus,Grand Cayman Thrush,
grcwoo1,Colaptes auricularis,Grey-crowned Woodpecker,
grdswi1,Cypseloides senex,Great Dusky Swift,
greadj1,Leptoptilos dubius,Greater Adjutant,
greaki2,Akialoa ellisiana,Oahu Akialoa,OAAK
greaki3,Akialoa lanaiensis,Maui-nui Akialoa,
greaki4,Akialoa stejnegeri,Kauai Akialoa,
greama,Viridonia sagittirostris,Greater Amakihi,
greani1,Crotophaga major,Greater Ani,
greant1,Taraba major,Great Antshrike,
greant2,Grallaria excelsa,Great Antpitta,
greara1,Pteroglossus viridis,Green Aracari,
grearg1,Argusianus argus,Great Argus,
greauk,Pinguinus impennis,Great Auk,
grebar1,Psilopogon virens,Great Barbet,
grebar2,Stactolaema olivacea,,
grebar3,Psilopogon faiostrictus,Green-eared Barbet,
grebit1,Botaurus stellaris,Eurasian Bittern,
grebow1,Chlamydera nuchalis,Great Bowerbird,
grebro1,Calyptomena viridis,Green Broadbill,
grebus1,Otis tarda,Great Bustard,
grecat1,Ailuroedus crassirostris,Green Catbird,
grecoc1,Cochoa viridis,Green Cochoa,
grecor,Phalacrocorax carbo,Great Cormorant,GRCO
grecor4,,,
grecou1,Centropus sinensis,Greater Coucal,
grecro1,Sylvietta virens,Green Crombec,
grecur1,Crax rubra,Great Curassow,
gredov1,Leptotila wellsi,Grenada Dove,
greegr,Ardea alba,Great Egret,GREG
greela,Myiopagis viridicata,Greenish Elaenia,GREL
greela1,Elaenia dayi,Great Elaenia,
greere1,Eremomela scotops,Green-capped Eremomela,
grefla1,Chrysocolaptes guttacristatus,Greater Flameback,
grefla2,Phoenicopterus ruber,American Flamingo,AMFL
grefla3,Phoenicopterus roseus,Greater Flamingo,
greflo1,Diglossa major,Greater Flowerpiercer,
grefly1,Myiarchus nugator,Grenada Flycatcher,
grefri,Fregata minor,Great Frigatebird,GRFR
gregre1,Podiceps major,Great Grebe,
greher1,Phaethornis guy,Green Hermit,
grehon1,Chlorophanes spiza,Green Honeycreeper,
grehon2,Indicator indicator,Greater Honeyguide,
grehor1,Buceros bicornis,Great Hornbill,
grehyl1,Hylia prasina,Green Hylia,
greibi1,Mesembrinibis cayennensis,Green Ibis,
greind1,Vidua codringtoni,Zambezi Indigobird,
greior1,Aegithina lafresnayei,Great Iora,
greior2,Aegithina viridissima,Green Iora,
grejac2,Jacamerops aureus,Great Jacamar,
grejer1,Neomixis viridis,Green Jery,
grejun1,Gallus varius,Green Junglefowl,
grejun2,Gallus sonneratii,Grey Junglefowl,
grekes1,Falco rupicoloides,Greater Kestrel,
grekis,Pitangus sulphuratus,Great Kiskadee,GKIS
grekno,Calidris tenuirostris,Great Knot,
grelic1,Coccyzus merlini,Great Lizard Cuckoo,
gremag1,Cissa chinensis,Common Green Magpie,
greman1,Anthracothorax viridis,Green Mango,GRMA
greman2,Cryptopipo holochlora,Green Manakin,
gremel1,Melampitta gigantea,,
grenig1,Lyncornis macrotis,Great Eared Nightjar,
greori1,Oriolus flavocinctus,Green Oriole,
greoro1,Psarocolius viridis,Green Oropendola,
grepar,Psittacus erithacus,Grey Parrot,
grepar1,Conostoma aemodium,,
grepea1,Pavo muticus,Green Peafowl,
grepew,Contopus pertinax,Greater Pewee,GRPE
grepot1,Nyctibius grandis,Great Potoo,
grepuf1,Haplophaedia aureliae,Greenish Puffleg,
grerhe1,Rhea americana,Greater Rhea,
greroa,Geococcyx californianus,Greater Roadrunner,GRRO
greros1,Carpodacus rubicilla,Great Rosefinch,
greros2,Platycercus caledonicus,Green Rosella,
gresap1,Pterophanes cyanopterus,Great Sapphirewing,
gresca,Aythya marila,Greater Scaup,GRSC
gresch2,Schiffornis virescens,Greenish Schiffornis,
grescy1,Drymotoxeres pucheranii,Greater Scythebill,
greshe,Ardenna gravis,Great Shearwater,GRSH
gresho1,Heinrichia calligyna,Great Shortwing,
gresht1,Agriornis lividus,Great Shrike-Tyrant,
gresku1,Stercorarius skua,Great Skua,GRSK
gresni1,Gallinago media,Great Snipe,
grespi2,Synallaxis hypochondriaca,Great Spinetail,
grests1,Cecropis cucullata,Greater Striped Swallow,
gresun1,Anthreptes rectirostris,Yellow-chinned Sunbird,
gretea1,Anas gracilis,Grey Teal,
gretho1,Discosura conversii,Green Thorntail,
gretho2,Phacellodomus ruber,Greater Thornbird,
grethr1,Turdus fuscater,Great Thrush,
gretin1,Tinamus major,Great Tinamou,
gretin2,Pogoniulus simplex,Green Tinkerbird,
gretit1,Parus major,Great Tit,
gretit2,Parus cinereus,Cinereous Tit,
gretit4,Parus minor,,
gretyr1,Phyllomyias virescens,Greenish Tyrannulet,
grewar2,Phylloscopus plumbeitarsus,Two-barred Warbler,
grewar3,Phylloscopus trochiloides,Greenish Warbler,
grewhi1,Curruca communis,Common Whitethroat,
grewoo1,Artamus maximus,Great Woodswallow,
grewoo2,Phoeniculus purpureus,Green Wood Hoopoe,
grexen1,Megaxenops parnaguae,Great Xenops,
greyel,Tringa melanoleuca,Greater Yellowlegs,GRYE
greyel1,Chrysophlegma flavinucha,Greater Yellownape,
grfdov1,Leptotila rufaxilla,Grey-fronted Dove,
grfhaw1,Accipiter soloensis,,
grfhum1,Leucolia viridifrons,,
grflan1,Doryfera ludovicae,Green-fronted Lancebill,
grfpar1,Erythrura viridifacies,Green-faced Parrotfinch,
grglea1,Chloropsis sonnerati,Greater Green Leafbird,
grgmac,Ara ambiguus,Great Green Macaw,
grgowl,Strix nebulosa,Great Grey Owl,GGOW
grgrob1,Amalocichla sclateriana,Greater Ground Robin,
grgtan1,Chlorornis riefferii,Grass-green Tanager,
grgwar1,Helopsaltes fasciolatus,Gray's Grasshopper Warbler,
grhcha1,Ortalis cinereiceps,Grey-headed Chachalaca,
grhgul,Chroicocephalus cirrocephalus,Grey-headed Gull,
grhkit1,Leptodon cayanensis,Grey-headed Kite,
grhlar1,Alaemon alaudipes,Greater Hoopoe-Lark,
grhori1,Oriolus chlorocephalus,Green-headed Oriole,
grhowl,Bubo virginianus,Great Horned Owl,GHOW
grhowl2,,,
grhpip1,Piprites griseiceps,Grey-headed Piprites,
grhtan1,Eucometis penicillata,Grey-headed Tanager,
grhtan2,Tangara seledon,Green-headed Tanager,
grifin1,Incaspiza pulchra,Great Inca Finch,
grilon1,Macronyx grimwoodi,Grimwood's Longclaw,
gripig1,Ducula aenea,Green Imperial Pigeon,
grkfin,Rhodacanthis palmeri,Greater Koa Finch,
grkwhe1,Zosterops grayi,Kai Besar White-eye,
grnava1,Amandava formosa,Green Avadavat,
grnfig1,Sphecotheres viridis,Green Figbird,
grnher,Butorides virescens,Green Heron,GRHE
grnimp2,Ducula nicobarica,Nicobar Imperial Pigeon,
grnjay1,,,
grnjay2,,,
grnkin,Chloroceryle americana,Green Kingfisher,GKIN
grnlon1,Urolais epichlorus,Green Longtail,
grnpar,Psittacara holochlorus,Green Parakeet,GREP
grnpar2,Psittacara brevipes,Socorro Parakeet,
grnpar3,,,
grnpyg1,Nettapus pulchellus,Green Pygmy Goose,
grnsan,Tringa ochropus,Green Sandpiper,
grntan1,Tangara fucosa,Green-naped Tanager,
grnvie1,Colibri thalassinus,Mexican Violetear,MEVI
grnwar1,Phylloscopus nitidus,Green Warbler,
grnwoo1,,,
grnwoo3,Picus sharpei,Iberian Green Woodpecker,
grocus1,Coracina maxima,Ground Cuckooshrike,
gropar1,Pezoporus wallicus,Ground Parrot,
gropar2,,,
grothr1,Psophocichla litsitsirupa,,
grotit1,Pseudopodoces humilis,Ground Tit,
growea1,Amblyospiza albifrons,Thick-billed Weaver,
growoo1,Geocolaptes olivaceus,Ground Woodpecker,
grpchi,Tympanuchus cupido,Greater Prairie Chicken,
grpeag1,Pithecophaga jefferyi,Philippine Eagle,
grpfin1,Embernagra platensis,Pampa Finch,
grpsni1,Rostratula benghalensis,Greater Painted-snipe,
grrpar1,Forpus passerinus,Green-rumped Parrotlet,
grrspa1,Passer motitensis,Great Sparrow,
grrswi1,Chaetura cinereiventris,Grey-rumped Swift,
grrtai1,Prioniturus luconensis,Green Racket-tail,
grrwar1,Acrocephalus arundinaceus,Great Reed Warbler,
grrwoo1,Xiphocolaptes major,Great Rufous Woodcreeper,
grsbab1,Pteruthius xanthochlorus,Green Shrike-babbler,
grsbop1,Lophorina superba,Vogelkop Lophorina,
grscuc1,Clamator glandarius,Great Spotted Cuckoo,
grseag1,Clanga clanga,Greater Spotted Eagle,
grsfly1,Ptiliogonys cinereus,Grey Silky-flycatcher,
grshon1,Myza sarasinorum,White-eared Myza,
grskiw1,Apteryx haastii,,
grsplo,Charadrius leschenaultii,,
grsvir1,Vireolanius pulchellus,Green Shrike-Vireo,
grswar1,Bradypterus graueri,Grauer's Swamp Warbler,
grswar2,Acrocephalus rufescens,Greater Swamp Warbler,
grswoo,Dendrocopos major,Great Spotted Woodpecker,
grswoo1,Mulleripicus pulverulentus,Great Slaty Woodpecker,
grtcar1,Eulampis holosericeus,Green-throated Carib,GTCA
grtcha1,Granatellus sallaei,Grey-throated Chat,
grtdro1,Dicrurus paradiseus,Greater Racket-tailed Drongo,
grteme1,Chlorostilbon alice,Green-tailed Emerald,
grtgol1,Polytmus theresiae,Green-tailed Goldenthroat,
grtgra,Quiscalus mexicanus,Great-tailed Grackle,GTGR
grtjac1,Galbula galbula,Green-tailed Jacamar,
grtkne1,Esacus recurvirostris,Great Stone-curlew,
grtlea1,Sclerurus albigularis,Grey-throated Leaftosser,
grtman1,Anthracothorax viridigula,Green-throated Mango,
grtsun1,Aethopyga nipalensis,Green-tailed Sunbird,
grttra1,Lesbia nuna,Green-tailed Trainbearer,
grtwar1,Microligea palustris,Green-tailed Warbler,
grwpel1,Pelecanus onocrotalus,Great White Pelican,
grwpet2,Pterodroma gouldi,Grey-faced Petrel,
grwpet3,Pterodroma macroptera,Great-winged Petrel,
grwpyt1,Pytilia melba,Green-winged Pytilia,
grwsal1,Saltator similis,Green-winged Saltator,
grwtyr1,Stigmatura budytoides,Greater Wagtail-Tyrant,
gryant1,Myrmotherula menetriesii,Grey Antwren,
gryant2,Cercomacra cinerascens,Grey Antbird,
gryapa1,Apalis cinerea,Grey Apalis,
grybun,Emberiza variabilis,Grey Bunting,GRBU
grybus1,Saxicola ferreus,Grey Bush Chat,
grybut1,Cracticus torquatus,Grey Butcherbird,
grycat,Dumetella carolinensis,Grey Catbird,GRCA
grycis1,Cisticola rufilatus,Tinkling Cisticola,
grycro1,Corvus tristis,Grey Crow,
grycur1,Strepera versicolor,Grey Currawong,
grycus1,Coracina caesia,,
gryemt1,Bradypterus seebohmi,Grey Emutail,
gryfal1,Falco hypoleucos,Grey Falcon,
gryfan1,Rhipidura albiscapa,Grey Fantail,
gryfin1,Sicalis luteola,Grassland Yellow Finch,
gryfin2,Sicalis auriventris,Greater Yellow Finch,
gryfin3,Sicalis olivascens,Greenish Yellow Finch,
gryfly,Empidonax wrightii,American Grey Flycatcher,GRFL
gryfra,Ortygornis pondicerianus,Grey Francolin,
gryfri1,Philemon kisserensis,Grey Friarbird,
grygab1,Corythaixoides concolor,,
gryger1,Gerygone igata,Grey Gerygone,
grygos1,Accipiter novaehollandiae,,
grygra1,Amytornis barbatus,Grey Grasswren,
grygre1,Eurillas gracilis,Little Grey Greenbul,
grygrt1,Geokichla princei,Grey Ground Thrush,
grygul,Leucophaeus modestus,Grey Gull,
gryhaw2,Buteo plagiatus,Grey Hawk,GRHA
gryhaw3,Buteo nitidus,Grey-lined Hawk,
gryhon1,Conopophila whitei,Grey Honeyeater,
gryimp1,Ducula pickeringii,Grey Imperial Pigeon,
gryjay,Perisoreus canadensis,Canada Jay,CAJA
grykes1,Falco ardosiaceus,Grey Kestrel,
grykin,Tyrannus dominicensis,Grey Kingbird,GRAK
grylau1,Garrulax maesi,Grey Laughingthrush,
grylon1,Macrosphenus concolor,Grey Longbill,
grymon1,Nengetus cinereus,Grey Monjita,
grynig1,Caprimulgus jotaka,Grey Nightjar,
grynig2,Caprimulgus indicus,Jungle Nightjar,
grynod1,Anous albivitta,Grey Noddy,
grypar,Perdix perdix,Grey Partridge,
grypar1,,,
grypep2,Polyplectron bicalcaratum,Grey Peacock-Pheasant,
grypep3,Polyplectron katsumatae,Hainan Peacock-Pheasant,
grypra1,Glareola cinerea,Grey Pratincole,
grysee1,Sporophila intermedia,Grey Seedeater,
grysht1,Colluricincla harmonica,Grey Shrikethrush,
grysib1,Heterophasia gracilis,Grey Sibia,
grytif1,Fraseria plumbea,Grey Tit-Flycatcher,
grytin1,Tinamus tao,Grey Tinamou,
grytit1,Melaniparus afer,Grey Tit,
grytre1,Dendrocitta formosae,Grey Treepie,
gryvir,Vireo vicinior,Grey Vireo,GRVI
grywaf1,Certhidea fusca,Grey Warbler-Finch,
grywag,Motacilla cinerea,Grey Wagtail,GRAW
grywhi2,Pachycephala simplex,Grey Whistler,
grywoo1,Chloropicus goertae,,
grywre1,Cantorchilus griseus,Grey Wren,
grywrw1,Calamonastes simplex,Grey Wren-Warbler,
gsbfin1,Arremon virenticeps,Green-striped Brushfinch,
gsgdov1,Metriopelia aymara,Golden-spotted Ground Dove,
gstlar1,Calandrella brachydactyla,Greater Short-toed Lark,
gstswi1,Panyptila sanctihieronymi,Great Swallow-tailed Swift,
gtmgem1,Lampornis viridipallens,Green-throated Mountaingem,
guacar2,Caracara lutosa,Guadalupe Caracara,
guacor1,Leucocarbo bougainvillii,,GUCO
guacro1,Corvus woodfordi,White-billed Crow,
guafly1,Myiagra freycineti,Guam Flycatcher,
guahon1,Guadalcanaria inexpectata,Guadalcanal Honeyeater,
guaiab1,Bolbopsittacus lunulatus,Guaiabero,
guarai1,Gallirallus owstoni,Guam Rail,GURA
guathi1,Cincloramphus whitneyi,Santo Thicketbird,
guawoo1,Melanerpes herminieri,Guadeloupe Woodpecker,
guawoo2,Campephilus gayaquilensis,Guayaquil Woodpecker,
gubter1,Gelochelidon nilotica,Gull-billed Tern,GBTE
gubter3,,,
gufgle1,Syndactyla guttulata,Guttulate Foliage-gleaner,
guhwhi1,Pachycephala implicata,Hooded Whistler,
guicuc1,Guira guira,Guira Cuckoo,
guigna2,Polioptila facilis,,
guigna3,Polioptila guianensis,Guianan Gnatcatcher,
guigna4,Polioptila paraensis,Para Gnatcatcher,
guipuf1,Notharchus macrorhynchos,Guianan Puffbird,
guista1,Myrmotherula surinamensis,Guianan Streaked Antwren,
guitan1,Hemithraupis guira,Guira Tanager,
guitou1,Selenidera piperivora,Guianan Toucanet,
guitur1,Tauraco persa,Guinea Turaco,
guityr1,Zimmerius acer,Guianan Tyrannulet,
guiwaa1,Hypocnemis cantator,Guianan Warbling Antbird,
gunhaw1,Accipiter gundlachi,,
gurcot1,Phoenicircus carnifex,Guianan Red Cotinga,
gureag1,Aquila gurneyi,Gurney's Eagle,
gurpit1,Hydrornis gurneyi,Gurney's Pitta,
gursug1,Promerops gurneyi,Gurney's Sugarbird,
gusgro,Centrocercus minimus,Gunnison Grouse,
guspet,Hydrobates macrodactyla,,
gwfgoo,Anser albifrons,Greater White-fronted Goose,GWFG
gybant1,Ammonastes pelzelni,Grey-bellied Antbird,
gybbab1,Malacopteron albogulare,Grey-breasted Babbler,
gybbab2,Robsonius sorsogonensis,Bicol Ground Warbler,
gybbul1,Rubigula cyaniventris,Grey-bellied Bulbul,
gybcom1,Taphrolesbia griseiventris,Grey-bellied Comet,
gybfis1,Lanius excubitoroides,Grey-backed Fiscal,
gybflo1,Diglossa carbonaria,Grey-bellied Flowerpiercer,
gybfly1,Lathrotriccus griseipectus,Grey-breasted Flycatcher,
gybfra1,Pternistis rufopictus,Grey-breasted Spurfowl,
gybhaw1,Accipiter poliogaster,Grey-bellied Hawk,
gybhaw2,Pseudastur occidentalis,Grey-backed Hawk,
gybmar,Progne chalybea,Grey-breasted Martin,GBMA
gybmot1,Andigena hypoglauca,Grey-breasted Mountain Toucan,
gybmun1,Lonchura vana,Grey-banded Mannikin,
gybpar1,Pyrrhura griseipectus,Grey-breasted Parakeet,
gybpar3,Arborophila campbelli,Malayan Partridge,
gybpar4,Arborophila orientalis,Grey-breasted Partridge,
gybpar5,Arborophila rolli,Roll's Partridge,
gybpar6,Arborophila sumatrana,Sumatran Partridge,
gybpri1,Prinia hodgsonii,Grey-breasted Prinia,
gybrob1,Eopsaltria griseogularis,Western Yellow Robin,
gybsab1,Campylopterus largipennis,Grey-breasted Sabrewing,
gybsab4,Campylopterus calcirupicola,Outcrop Sabrewing,
gybsee1,Thinocorus orbignyianus,Grey-breasted Seedsnipe,
gybshr1,Lanius tephronotus,Grey-backed Shrike,
gybsht1,Agriornis micropterus,Grey-bellied Shrike-Tyrant,
gybspi1,Synallaxis cinerascens,Grey-bellied Spinetail,
gybspi2,Arachnothera modesta,Grey-breasted Spiderhunter,
gybspl1,Eremopterix verticalis,Grey-backed Sparrow-Lark,
gybstp1,Garrodia nereis,Grey-backed Storm Petrel,GBSP
gybtac1,Polystictus superciliaris,Grey-backed Tachuri,
gybtai1,Orthotomus derbianus,Grey-backed Tailorbird,
gybter1,Onychoprion lunatus,Spectacled Tern,GRAT
gybtes1,Tesia cyaniventer,Grey-bellied Tesia,
gybthr1,Turdus hortulorum,Grey-backed Thrush,
gybwow3,Henicorhina anachoreta,Hermit Wood Wren,
gybwrb1,Spelaeornis reptatus,Grey-bellied Wren-Babbler,
gycbab1,Pomatostomus temporalis,Grey-crowned Babbler,
gycbul3,Alophoixus bres,Brown-cheeked Bulbul,
gyccro1,Laniellus langbianis,Grey-crowned Crocias,
gyccuc,Coccyzus lansbergi,Grey-capped Cuckoo,
gycfin1,Lophospingus griseocristatus,Grey-crested Finch,
gycfly1,Tolmomyias poliocephalus,Grey-crowned Flatbill,
gycful1,Alcippe morrisonia,Grey-cheeked Fulvetta,
gycful3,Alcippe davidi,David's Fulvetta,
gycful4,Alcippe fratercula,Yunnan Fulvetta,
gycful5,Alcippe hueti,Huet's Fulvetta,
gycgre1,Hylophilus semicinereus,Grey-chested Greenlet,
gychel1,Prionops poliolophus,Grey-crested Helmetshrike,
gychem1,Kleinothraupis reyi,Grey-capped Hemispingus,
gycher1,Phaethornis griseogularis,Grey-chinned Hermit,
gycill1,Kakamega poliothorax,Grey-chested Babbler,
gycjuf1,Cyornis umbratilis,Grey-chested Jungle Flycatcher,
gycmin1,Pericrocotus solaris,Grey-chinned Minivet,
gycmun1,Lonchura nevermanni,Grey-crowned Mannikin,
gycnun1,Nonnula frontalis,Grey-cheeked Nunlet,
gycpar1,Brotogeris pyrrhoptera,Grey-cheeked Parakeet,
gycpig1,Treron griseicauda,Grey-cheeked Green Pigeon,
gycpri1,Prinia cinereocapilla,Grey-crowned Prinia,
gycshr1,Lanius validirostris,Mountain Shrike,
gyctet1,Xanthomixis cinereiceps,Grey-crowned Tetraka,
gycthr,Catharus minimus,Grey-cheeked Thrush,GCTH
gyctib1,Mixornis flavicollis,Grey-cheeked Tit-Babbler,
gyctit1,Lophophanes dichrous,Grey-crested Tit,
gyctyr1,Phyllomyias griseocapilla,Grey-capped Tyrannulet,
gyctyr2,Serpophaga griseicapilla,Straneck's Tyrannulet,
gycwar1,Phylloscopus tephrocephalus,Grey-crowned Warbler,
gycwar2,Phylloscopus poliogenys,Grey-cheeked Warbler,
gycwar3,Eminia lepida,Grey-capped Warbler,
gycwoo1,Yungipicus canicapillus,Grey-capped Pygmy Woodpecker,
gycwor1,Aramides cajaneus,Grey-cowled Wood Rail,
gycyel,Geothlypis poliocephala,Grey-crowned Yellowthroat,GCYE
gyebul1,Iole propinqua,Grey-eyed Bulbul,
gyegre1,Hylophilus amaurocephalus,Grey-eyed Greenlet,
gyfbuz1,Butastur indicus,Grey-faced Buzzard,
gyfcin1,Cinclodes oustaleti,Grey-flanked Cinclodes,
gyfhon1,Ptilotula plumula,Grey-fronted Honeyeater,
gyflio1,Liocichla omeiensis,Emei Shan Liocichla,
gyftib1,Mixornis kelleyi,Grey-faced Tit-Babbler,
gyfwoo1,Picus canus,Grey-headed Woodpecker,
gygbus1,Telophorus bocagei,,
gygfrd1,Ptilinopus purpuratus,Grey-green Fruit Dove,
gygscr1,Sericornis arfakianus,,
gyhalb,Thalassarche chrysostoma,Grey-headed Albatross,GHAL
gyhant1,Ampelornis griseiceps,Grey-headed Antbird,
gyhatt1,Attila rufus,Grey-hooded Attila,
gyhbab1,Stachyris poliocephala,Grey-headed Babbler,
gyhbat1,Batis orientalis,Grey-headed Batis,
gyhbri1,Bleda canicapillus,Grey-headed Bristlebill,
gyhbro1,Smithornis sharpei,Grey-headed Broadbill,
gyhbul1,Brachypodius priocephalus,,
gyhbul2,Pyrrhula erythaca,Grey-headed Bullfinch,
gyhbun1,Emberiza buchanani,Grey-necked Bunting,
gyhbus1,Malaconotus blanchoti,Grey-headed Bushshrike,
gyhbut1,Cnemoscopus rubrirostris,Grey-hooded Bush Tanager,
gyhcaf1,Culicicapa ceylonensis,Grey-headed Canary-flycatcher,
gyhchi,Poecile cinctus,Grey-headed Chickadee,GHCH
gyhcus1,Edolisoma schisticeps,Grey-headed Cuckooshrike,
gyhdov1,Leptotila plumbeiceps,Grey-headed Dove,
gyhdov3,,,
gyhfie1,Haliaeetus ichthyaetus,,
gyhfly1,Mionectes rufiventris,Grey-hooded Flycatcher,
gyhfrd1,Ptilinopus hyogastrus,Grey-headed Fruit Dove,
gyhgos1,Accipiter poliocephalus,,
gyhgre1,Phyllastrephus poliocephalus,Grey-headed Greenbul,
gyhhon1,Ptilotula keartlandi,Grey-headed Honeyeater,
gyhimp1,Ducula radiata,Grey-headed Imperial Pigeon,
gyhkin1,Halcyon leucocephala,Grey-headed Kingfisher,
gyhlap1,Vanellus cinereus,Grey-headed Lapwing,
gyhlov1,Agapornis canus,Grey-headed Lovebird,
gyhmun1,Lonchura caniceps,Grey-headed Mannikin,
gyhneg1,Nigrita canicapillus,Grey-headed Nigrita,
gyholi1,Delacourella capistrata,Grey-headed Oliveback,
gyhpar1,Psilopsiagon aymara,Grey-hooded Parakeet,
gyhpar2,Psittacula finschii,Grey-headed Parakeet,
gyhpar3,Psittiparus gularis,,
gyhpar4,Sinosuthora zappeyi,,
gyhrob1,Heteromyias albispecularis,Ashy Robin,
gyhrob2,Heteromyias cinereifrons,Grey-headed Robin,
gyhsif1,Phrygilus gayi,Grey-hooded Sierra Finch,
gyhsil1,Spermestes griseicapilla,Grey-headed Silverbill,
gyhsow1,Pseudonigrita arnaudi,Grey-capped Social Weaver,
gyhspa1,Passer griseus,Northern Grey-headed Sparrow,
gyhspi1,Cranioleuca semicinerea,Grey-headed Spinetail,
gyhsun1,Deleornis axillaris,Grey-headed Sunbird,
gyhsun2,Aethopyga primigenia,Grey-hooded Sunbird,
gyhtof1,Todirostrum poliocephalum,Yellow-lored Tody-Flycatcher,
gyhvul1,Cathartes melambrotus,Greater Yellow-headed Vulture,
gyhwar1,Basileuterus griseiceps,,
gyhwar2,Phylloscopus xanthoschistos,Grey-hooded Warbler,
gyhwhe1,Heleia pinaiae,Grey-hooded Heleia,
gyhwoo1,Chloropicus spodocephalus,,
gyltin1,Crypturellus duidae,Grey-legged Tinamou,
gymwre1,Odontorchilus branickii,Grey-mantled Wren,
gynant1,Grallaria griseonucha,Grey-naped Antpitta,
gynroc1,Picathartes oreas,Grey-necked Rockfowl,
gyogre1,Phyllastrephus cerviniventris,Grey-olive Greenbul,
gyrfal,Falco rusticolus,Gyrfalcon,GYRF
gyrswa1,Pseudhirundo griseopyga,Grey-rumped Swallow,
gyrswi5,Collocalia marginata,Grey-rumped Swiftlet,
gyrtre1,Hemiprocne longipennis,Grey-rumped Treeswift,
gysbuw1,Cettia brunnifrons,Grey-sided Bush Warbler,
gysflo1,Dicaeum celebicum,Grey-sided Flowerpecker,
gysfly1,Muscicapa griseisticta,Grey-streaked Flycatcher,GSFL
gysfra1,Pternistis griseostriatus,Grey-striped Spurfowl,
gyslau,Pterorhinus caerulatus,Grey-sided Laughingthrush,
gysscb1,Erythrogenys swinhoei,Grey-sided Scimitar Babbler,
gysthr1,Turdus feae,Grey-sided Thrush,
gytbab1,Stachyris nigriceps,Grey-throated Babbler,
gytbar1,Gymnobucco bonapartei,Grey-throated Barbet,
gytbul1,Alophoixus frater,Palawan Bulbul,
gytmar1,Riparia chinensis,Grey-throated Martin,
gytpih1,Snowornis subalaris,Grey-tailed Piha,
gytrai1,Canirallus oculeus,Grey-throated Rail,
gyttat1,Tringa brevipes,Grey-tailed Tattler,GTTA
gyttif1,Fraseria griseigularis,Grey-throated Tit-Flycatcher,
gytwaf1,Microspingus cabanisi,Grey-throated Warbling Finch,
gytwar1,Myiothlypis cinereicollis,Grey-throated Warbler,
gytwhe1,Zosterops rendovae,Makira White-eye,
gywbla1,Turdus boulboul,Grey-winged Blackbird,
gywcot1,Lipaugus conditus,Grey-winged Cotinga,
gywfra1,Scleroptila afra,Grey-winged Francolin,
gywinf1,Incaspiza ortizi,Grey-winged Inca Finch,
gywroc1,Cossypha polioptera,,
gywtru1,Psophia crepitans,Grey-winged Trumpeter,
habbar1,Tricholaema hirsuta,Hairy-breasted Barbet,
habbul1,Tricholestes criniger,Hairy-backed Bulbul,
habfly1,Cyornis hainanus,Hainan Blue Flycatcher,
hacant1,Rhegmatorhina melanosticta,Hairy-crested Antbird,
hacdro1,Dicrurus hottentottus,Hair-crested Drongo,
hackin1,Alcedo semitorquata,Half-collared Kingfisher,
hacspa1,Arremon semitorquatus,Half-collared Sparrow,
hadibi1,Bostrychia hagedash,Hadada Ibis,
haipar1,Arborophila ardens,Hainan Partridge,
haiwoo,Dryobates villosus,,HAWO
halbab1,Pomatostomus halli,Hall's Babbler,
halcus1,Celebesia parvula,,
halori1,Oriolus phaeochromus,Dusky-brown Oriole,
halwar1,Phylloscopus hainanus,Hainan Leaf Warbler,
hamerk1,Scopus umbretta,Hamerkop,
hamfly,Empidonax hammondii,Hammond's Flycatcher,HAFL
hanboo1,Ninox hantu,Buru Boobook,
hanboo2,Ninox squamipila,Seram Boobook,
hanfly1,Nephelomyias pulcher,Handsome Flycatcher,
hanfra2,Pternistis nobilis,Handsome Spurfowl,
hanfru1,Pipreola formosa,Handsome Fruiteater,
hansun1,Aethopyga bella,Handsome Sunbird,
hapwre1,Pheugopedius felix,Happy Wren,
harant1,Rhegmatorhina berlepschi,Harlequin Antbird,
harbab1,Turdoides hartlaubii,Hartlaub's Babbler,
harbus2,Lissotis hartlaubii,Hartlaub's Bustard,
harduc,Histrionicus histrionicus,Harlequin Duck,HARD
harduc1,Pteronetta hartlaubii,Hartlaub's Duck,
hareag1,Harpia harpyja,Harpy Eagle,
harfra3,Pternistis hartlaubi,Hartlaub's Spurfowl,
harfra4,Pternistis harwoodi,Harwood's Spurfowl,
hargul1,Chroicocephalus hartlaubii,Hartlaub's Gull,
harlew1,Phylloscopus goodsoni,Hartert's Leaf Warbler,
harqua1,Coturnix delegorguei,Harlequin Quail,
harspa,Zonotrichia querula,Harris's Sparrow,HASP
hartur1,Tauraco hartlaubi,Hartlaub's Turaco,
hattyr1,Hemitriccus nidipendulus,Hangnest Tody-Tyrant,
hauthr1,Turdus hauxwelli,Hauxwell's Thrush,
hauthr3,Turdus sanchezorum,Varzea Thrush,
hawama,Chlorodrepanis virens,Hawaii Amakihi,HAAM
hawcoo,Fulica alai,Hawaiian Coot,HACO
hawcre,Loxops mana,Hawaii Creeper,HCRE
hawcro,Corvus hawaiiensis,Hawaiian Crow,HCRO
hawduc,Anas wyvilliana,Hawaiian Duck,HAWD
hawfin,Coccothraustes coccothraustes,Hawfinch,HAWF
hawgoo,Branta sandvicensis,Nene,HAGO
hawhaw,Buteo solitarius,Hawaiian Hawk,HWHA
hawmam1,Drepanis pacifica,Hawaii Mamo,
hawoo,Moho nobilis,Hawaii Oo,
hawpet1,Pterodroma sandwichensis,Hawaiian Petrel,HAPE
hawrai,Zapornia sandwichensis,Hawaiian Rail,
hawrai1,Diaphorapteryx hawkinsi,Hawkins's Rail,
hazgro1,Tetrastes bonasia,Hazel Grouse,
heegul,Larus heermanni,Heermann's Gull,HEEG
heicra1,Zapornia atra,Henderson Crake,
heisha1,Leucocarbo nivalis,,
heishe1,Puffinus heinrothi,Heinroth's Shearwater,
helcur1,Pauxi pauxi,Helmeted Curassow,
helfri1,Philemon buceroides,Helmeted Friarbird,
helfri3,,,
helfri4,,,
helgui,Numida meleagris,Helmeted Guineafowl,
helhor1,Buceros vigil,,
helman1,Antilophia galeata,,
helmyn1,Basilornis galeatus,Helmeted Myna,
helpip1,Anthus hellmayri,Hellmayr's Pipit,
helvan1,Euryceros prevostii,Helmet Vanga,
helwoo1,Celeus galeatus,Helmeted Woodpecker,
hemhor1,Lophoceros hemprichii,Hemprich's Hornbill,
hemwea1,Ploceus heuglini,Heuglin's Masked Weaver,
hengos1,Accipiter henstii,,
henpet1,Pterodroma atrata,Henderson Petrel,
henspa,Centronyx henslowii,Henslow's Sparrow,HESP
heptan1,,,
heptan2,,,
heptan3,,,
heptyr1,Lophotriccus galeatus,Helmeted Pygmy Tyrant,
hercha1,Melaenornis herero,,
hergul,Larus argentatus,European Herring Gull,HERG
herpet2,Pterodroma heraldica,Herald Petrel,
herthr,Catharus guttatus,Hermit Thrush,HETH
herwar,Setophaga occidentalis,Hermit Warbler,HEWA
heswoo1,Hemicircus canente,Heart-spotted Woodpecker,
heubus1,Neotis heuglinii,Heuglin's Bustard,
heufra1,Pternistis icterorhynchus,Heuglin's Spurfowl,
heuwhe1,Oenanthe heuglini,,
heuwhe2,Zosterops poliogastrus,Ethiopian White-eye,
hfptyr1,Pseudotriccus simplex,Hazel-fronted Pygmy Tyrant,
hhfgle1,Clibanornis erythrocephalus,Henna-hooded Foliage-gleaner,
hibfly1,Cyornis whitei,Hill Blue Flycatcher,
hibfly3,Cyornis banyumas,Javan Blue Flycatcher,
hifdov1,Ptilinopus insularis,Henderson Fruit Dove,
higela2,Elaenia obscura,Highland Elaenia,
higela3,Elaenia sordida,Small-headed Elaenia,
higgua1,Penelopina nigra,Highland Guan,
higmot1,Momotus aequatorialis,Andean Motmot,
higtin1,Nothocercus bonapartei,Highland Tinamou,
hilfra2,Pternistis hildebrandti,Hildebrandt's Spurfowl,
hilmyn,Gracula religiosa,Common Hill Myna,HIMY
hilpar1,Arborophila torqueola,Hill Partridge,
hilpig1,Columba rupestris,Hill Pigeon,
hilpri1,Prinia atrogularis,Black-throated Prinia,
hilpri2,Prinia superciliaris,Hill Prinia,
hilsta1,Lamprotornis hildebrandti,Hildebrandt's Starling,
himacc1,Prunella himalayana,Altai Accentor,
himblu1,Tarsiger rufilatus,Himalayan Bluetail,
himcuc1,Cuculus saturatus,Himalayan Cuckoo,
himfla1,Dinopium shorii,Himalayan Flameback,
himgri1,Gyps himalayensis,Himalayan Vulture,
himmon1,Lophophorus impejanus,Himalayan Monal,
himowl1,Strix nivicolum,Himalayan Owl,
himqua1,Ophrysia superciliosa,Himalayan Quail,
himrub1,Calliope pectoralis,Himalayan Rubythroat,
himshb1,Pteruthius ripleyi,,
himsno,Tetraogallus himalayensis,Himalayan Snowcock,
himswi2,Aerodramus brevirostris,Himalayan Swiftlet,
himthr1,Zoothera salimalii,Himalayan Thrush,
himwoo1,Dendrocopos himalayensis,Himalayan Woodpecker,
hipbab1,Turdoides hindei,Hinde's Babbler,
hirwar1,Acrocephalus taiti,Henderson Reed Warbler,
hirwar2,Bradypterus centralis,Highland Rush Warbler,
hiscro,Loxia megaplaga,Hispaniolan Crossbill,
hiseme1,Riccordia swainsonii,Hispaniolan Emerald,
hislic1,Coccyzus longirostris,Hispaniolan Lizard Cuckoo,
hispar,Psittacara chloropterus,Hispaniolan Parakeet,HPKT
hispar1,Amazona ventralis,Hispaniolan Amazon,HPRT
hispew1,Contopus hispaniolensis,Hispaniolan Pewee,HIPE
hisspi,Spindalis dominicensis,Hispaniolan Spindalis,HISP
histro1,Priotelus roseigaster,Hispaniolan Trogon,
hiswoo1,Melanerpes striatus,Hispaniolan Woodpecker,
hoapuf1,Haplophaedia lugens,Hoary Puffleg,
hoared,Acanthis hornemanni,,HORE
hoatzi1,Opisthocomus hoazin,Hoatzin,
hobbul1,Setornis criniger,Hook-billed Bulbul,
hobcuc1,Chrysococcyx basalis,,
hobher2,Glaucis dohrnii,Hook-billed Hermit,
hobkin1,Melidora macrorrhina,Hook-billed Kingfisher,
hobkit,Chondrohierax uncinatus,Hook-billed Kite,HBKI
hobkit2,,,
hobvan1,Vanga curvirostris,Hook-billed Vanga,
hodfro1,Batrachostomus hodgsoni,Hodgson's Frogmouth,
hodhac1,Hierococcyx nisicolor,Hodgson's Hawk-Cuckoo,
hodred1,Phoenicurus hodgsoni,Hodgson's Redstart,
hofwoo1,Melanerpes hoffmannii,Hoffmann's Woodpecker,
hofwoo2,Dendrocolaptes hoffmannsi,Hoffmanns's Woodcreeper,
hogwea1,Ploceus xanthops,Holub's Golden Weaver,
hohgre1,Poliocephalus poliocephalus,Hoary-headed Grebe,
homtan1,Buthraupis montana,Hooded Mountain Tanager,
homtou1,Andigena cucullata,Hooded Mountain Toucan,
honeme1,Amazilia luciae,Honduran Emerald,
hongre1,Baeopogon indicator,Honeyguide Greenbul,
hooant1,Grallaricula cucullata,Hooded Antpitta,
hoober2,Carpornis cucullata,Hooded Berryeater,
hoobut1,Cracticus cassicus,Hooded Butcherbird,
hoocra1,Grus monacha,Hooded Crane,
hoocro1,Corvus cornix,,
hoocus1,Coracina longicauda,Hooded Cuckooshrike,
hoogna1,Conopophaga roberti,Hooded Gnateater,
hoogre1,Podiceps gallardoi,Hooded Grebe,
hoogro1,Coccothraustes abeillei,,
hoomer,Lophodytes cucullatus,Hooded Merganser,HOME
hoomoc1,Mimus macdonaldi,Espanola Mockingbird,
hoomon1,Symposiachrus manadensis,Hooded Monarch,
hoomun1,Lonchura spectabilis,Hooded Mannikin,
hooori,Icterus cucullatus,Hooded Oriole,HOOR
hoopar1,Psephotus dissimilis,,
hoopit1,Pitohui dichrous,Hooded Pitohui,
hoopit2,Pitta sordida,Western Hooded Pitta,
hooplo2,Thinornis cucullatus,Hooded Plover,
hoopoe,Upupa epops,Common Hoopoe,
hoorob1,Melanodryas cucullata,Hooded Robin,
hoosis1,Spinus magellanicus,Hooded Siskin,
hootan1,Nemosia pileata,Hooded Tanager,
hootin1,Nothocercus nigrocapillus,Hooded Tinamou,
hootre1,Crypsirina cucullata,Hooded Treepie,
hoovis2,Augastes lumachella,Hooded Visorbearer,
hoovul1,Necrosyrtes monachus,Hooded Vulture,
hoowar,Setophaga citrina,Hooded Warbler,HOWA
hoowhe1,Oenanthe monacha,Hooded Wheatear,
hooyel1,Geothlypis nelsoni,Hooded Yellowthroat,
horbab2,Malacocincla sepiaria,Horsfield's Babbler,
horcoo1,Fulica cornuta,Horned Coot,
horcur2,Pauxi koepckeae,Sira Curassow,
horcur3,Pauxi unicornis,Horned Curassow,
horgre,Podiceps auritus,Horned Grebe,HOGR
horgua1,Oreophasis derbianus,Horned Guan,
horlar,Eremophila alpestris,Horned Lark,HOLA
horpar2,Eunymphicus cornutus,Horned Parakeet,
horpar3,Eunymphicus uvaeensis,Ouvea Parakeet,
horpuf,Fratercula corniculata,Horned Puffin,HOPU
horscr1,Anhima cornuta,Horned Screamer,
horsun2,Heliactin bilophus,Horned Sungem,
horswi1,Apus horus,Horus Swift,
hosbro1,Calyptomena hosii,Hose's Broadbill,
hotbar1,Actinodura nipalensis,Hoary-throated Barwing,
hotbut1,Turnix hottentottus,Fynbos Buttonquail,
hotbut3,Turnix nanus,Black-rumped Buttonquail,
hotspi1,Synallaxis kollari,Hoary-throated Spinetail,
hottea1,Spatula hottentota,Blue-billed Teal,
houbun2,Emberiza striolata,Striolated Bunting,
houbun3,Emberiza sahari,House Bunting,
houbus1,Chlamydotis undulata,African Houbara,
houcro1,Corvus splendens,House Crow,
houfin,Haemorhous mexicanus,House Finch,HOFI
houspa,Passer domesticus,House Sparrow,HOSP
houswi1,Apus nipalensis,House Swift,
houwre,Troglodytes aedon,Northern House Wren,NHWR
houwre5,Troglodytes cobbi,Cobb's Wren,
hrshaw,Parabuteo unicinctus,Harris's Hawk,HRSH
huatin1,Rhynchotus maculicollis,Huayco Tinamou,
hubtyr1,Knipolegus hudsoni,Hudson's Black Tyrant,
hudcan1,Asthenes hudsoni,Hudson's Canastero,
hudgod,Limosa haemastica,Hudsonian Godwit,HUGO
huia1,Heteralocha acutirostris,Huia,
humant1,Myrmelastes humaythae,Humaita Antbird,
humher1,Ardea humbloti,Humblot's Heron,
humlar1,Calandrella acutirostris,Hume's Short-toed Lark,
humowl1,Strix hadorami,Desert Owl,
humpen1,Spheniscus humboldti,Humboldt Penguin,HUPE
humphe1,Syrmaticus humiae,Mrs. Hume's Pheasant,
humsap2,Chrysuronia humboldtii,Humboldt's Sapphire,
humsun2,Cinnyris humbloti,Humblot's Sunbird,
humwar1,Phylloscopus humei,Hume's Leaf Warbler,
humwhe1,Zosterops auriventer,Hume's White-eye,
humwhe2,Oenanthe albonigra,Hume's Wheatear,
humwhi1,,,
huncis1,Cisticola hunteri,Hunter's Cisticola,
hunsun2,Chalcomitra hunteri,Hunter's Sunbird,
huoast1,Astrapia rothschildi,Huon Astrapia,
huocat1,Ailuroedus astigmaticus,,
huomel1,Melidectes foersteri,Huon Melidectes,
hutshe1,Puffinus huttoni,Hutton's Shearwater,
hutvir,Vireo huttoni,Hutton's Vireo,HUVI
hyamac1,Anodorhynchus hyacinthinus,Hyacinth Macaw,
hyavis1,Augastes scutatus,Hyacinth Visorbearer,
hypoco1,Hypocolius ampelinus,Grey Hypocolius,
ibamal1,Malimbus ibadanensis,Ibadan Malimbe,
ibechi2,Phylloscopus ibericus,Iberian Chiffchaff,
ibesee1,,,
ibgshr1,Lanius meridionalis,Iberian Grey Shrike,
ibisbi1,Ibidorhyncha struthersii,Ibisbill,
ictgre1,Phyllastrephus icterinus,Icterine Greenbul,
ictwar1,Hippolais icterina,Icterine Warbler,
iheant1,Myrmotherula iheringi,Ihering's Antwren,
iiwi,Drepanis coccinea,Iiwi,IIWI
ijlwar1,Phylloscopus ijimae,Ijima's Leaf Warbler,
imewaa1,Hypocnemis flavescens,Imeri Warbling Antbird,
imispa1,Accipiter imitator,,
immant1,Hafferia immaculata,Blue-lored Antbird,
immwrb1,Pnoepyga immaculata,Nepal Cupwing,
impcor1,Leucocarbo atriceps,Imperial Shag,BECO
impeag1,Aquila heliaca,Eastern Imperial Eagle,
imppar1,Amazona imperialis,Imperial Amazon,
impsni1,Gallinago imperialis,Imperial Snipe,
impwoo1,Campephilus imperialis,Imperial Woodpecker,
inagna1,Polioptila attenboroughi,,
inawoo1,Lepidocolaptes fatimalimae,Inambari Woodcreeper,
inawoo2,Nesophlox lyrura,Inagua Woodstar,
inbkin2,Ceyx cyanopectus,Indigo-banded Kingfisher,
inbrob1,Larvivora brunnea,Indian Blue Robin,
incdov,Columbina inca,Inca Dove,INDO
incfly1,Leptopogon taczanowskii,Inca Flycatcher,
inchum1,Saucerottia cyanifrons,Indigo-capped Hummingbird,
incter1,Larosterna inca,Inca Tern,
incwre1,Pheugopedius eisenmanni,Inca Wren,
indbar1,Psilopogon annamensis,Indochinese Barbet,
indbun,Passerina cyanea,Indigo Bunting,INBU
indbus1,Ardeotis nigriceps,Great Indian Bustard,
indbus2,Mirafra erythroptera,,
indbus3,Mirafra erythrocephala,,
indcha1,Oenanthe fusca,Brown Rock Chat,
indcor1,Phalacrocorax fuscicollis,Indian Cormorant,
indcou1,Cursorius coromandelicus,Indian Courser,
indcuc1,Cuculus micropterus,Indian Cuckoo,
indcus1,Lalage polioptera,Indochinese Cuckooshrike,
indflo1,Diglossa indigotica,Indigo Flowerpiercer,
indfly1,Eumyias indigo,Indigo Flycatcher,
indful1,Fulvetta danisi,Indochinese Fulvetta,
indhon1,Lichmera limbata,,
indmac1,Anodorhynchus leari,Lear's Macaw,
indnig1,Caprimulgus asiaticus,Indian Nightjar,
indpit1,Pitta brachyura,Indian Pitta,
indrob1,Copsychus fulicatus,Indian Robin,
indrol1,,,
indrol3,Coracias affinis,Indochinese Roller,
indsil,Euodice malabarica,Indian Silverbill,
indski1,Rynchops albicollis,Indian Skimmer,
indswi1,Aerodramus unicolor,Indian Swiftlet,
indthk1,Burhinus indicus,Indian Stone-curlew,
indtit1,Machlolophus aplonotus,Indian Black-lored Tit,
indvul1,Gyps indicus,Indian Vulture,
indwhe1,Zosterops palpebrosus,Indian White-eye,
indyuh1,Staphida torqueola,Indochinese Yuhina,
inghor2,Ocyceros birostris,Indian Grey Hornbill,
ingori1,Oriolus kundoo,Indian Golden Oriole,
inirai1,Atlantisia rogersi,,
inldot2,Peltohyas australis,Inland Dotterel,
inltho1,Acanthiza apicalis,Inland Thornbill,
inpher1,Ardeola grayii,Indian Pond Heron,
insbab1,Pomatorhinus horsfieldii,Indian Scimitar Babbler,
inseag1,Clanga hastata,Indian Spotted Eagle,
insowl1,Otus bakkamoena,Indian Scops Owl,
intant1,,,
integr,Ardea intermedia,Medium Egret,
invrai1,Gallirallus wallacii,Invisible Rail,
inwpar1,Hapalopsittaca fuertesi,Fuertes's Parrot,
iphmon2,Pomarea iphis,Iphis Monarch,
iqugna1,Polioptila clementsi,Iquitos Gnatcatcher,
irabab1,Argya altirostris,Iraq Babbler,
irgjay1,Podoces pleskei,Iranian Ground Jay,
iriaka1,Sheppardia lowei,Iringa Akalat,
irilor1,Saudareos iris,,
isabuh1,Amaurornis isabellina,Isabelline Bush-hen,
isaori1,Oriolus isabellae,Isabela Oriole,
isashr1,Lanius isabellinus,Isabelline Shrike,
isawhe1,Oenanthe isabellina,Isabelline Wheatear,
isbduc1,Anas poecilorhyncha,Indian Spot-billed Duck,
iscdov1,Streptopelia bitorquata,Sunda Collared Dove,PHTD
isipig1,Ducula pistrinaria,Island Imperial Pigeon,
islfly1,Eumyias panayensis,Turquoise Flycatcher,
isllew10,Phylloscopus misoriensis,Biak Leaf Warbler,
isllew9,Phylloscopus maforensis,Numfor Leaf Warbler,
islmon1,Monarcha cinerascens,Island Monarch,
islthr1,Turdus poliocephalus,Tasman Sea Island Thrush,
islwar1,Phylloscopus poliocephalus,Island Leaf Warbler,
islwhi2,Pachycephala phaionota,Island Whistler,
issjay,Aphelocoma insularis,Island Scrub Jay,ISSJ
istwre1,Cantorchilus elutus,Isthmian Wren,
itaspa1,Passer italiae,Italian Sparrow,
itaspi1,Asthenes moreirae,Itatiaia Spinetail,
itonig1,Caprimulgus prigoginei,Prigogine's Nightjar,
itubat1,Batis ituriensis,Ituri Batis,
ivbara1,Pteroglossus azara,Ivory-billed Aracari,
ivbara3,,,
ivbpit1,Pitta maxima,Ivory-breasted Pitta,
ivbwoo,Campephilus principalis,Ivory-billed Woodpecker,IBWO
ivbwoo1,Xiphorhynchus flavigaster,Ivory-billed Woodcreeper,
ivogul,Pagophila eburnea,Ivory Gull,IVGU
izuthr1,Turdus celaenops,Izu Thrush,
jabiru,Jabiru mycteria,Jabiru,
jabwar,Horornis diphone,Japanese Bush Warbler,JABW
jabwar1,Locustella montis,Javan Bush Warbler,
jacbuz1,Buteo rufofuscus,Jackal Buzzard,
jacfra2,Pternistis jacksoni,Jackson's Spurfowl,
jachor1,Tockus jacksoni,Jackson's Hornbill,
jacpen1,Spheniscus demersus,African Penguin,AFPE
jacsni,Lymnocryptes minimus,Jack Snipe,
jacwid1,Euplectes jacksoni,Jackson's Widowbird,
jacwin1,Microeca fascinans,Jacky Winter,
jafdov1,Ptilinopus jambu,,
jamant1,Parmoptila jamesoni,Jameson's Antpecker,
jambec1,Pachyramphus niger,Jamaican Becard,
jambla1,Nesopsar nigerrimus,Jamaican Blackbird,
jamcro1,Corvus jamaicensis,Jamaican Crow,JACR
jamela1,Myiopagis cotta,Jamaican Elaenia,JAEL
jameup1,Euphonia jamaica,Jamaican Euphonia,JAEU
jamfir1,Lagonosticta rhodopareia,Jameson's Firefinch,
jamfla1,Phoenicoparrus jamesi,James's Flamingo,
jamind1,Vidua raricola,Jambandu Indigobird,
jamlic1,Coccyzus vetula,Jamaican Lizard Cuckoo,
jamman1,Anthracothorax mango,Jamaican Mango,JAMA
jamori1,Icterus leucopteryx,Jamaican Oriole,JAOR
jamowl1,Asio grammicus,Jamaican Owl,
jampau,Siphonorhis americana,Jamaican Poorwill,
jampew1,Contopus pallidus,Jamaican Pewee,JAPE
jamspi,Spindalis nigricephala,Jamaican Spindalis,JAMS
jamtod1,Todus todus,Jamaican Tody,JATO
jamvir1,Vireo modestus,Jamaican Vireo,JAVI
jamwoo1,Melanerpes radiolatus,Jamaican Woodpecker,
janher1,Gorsachius goisagi,Japanese Night Heron,
janpar1,Aratinga jandaya,Jandaya Parakeet,
japacc1,Prunella rubida,Japanese Accentor,
japcor1,Phalacrocorax capillatus,Japanese Cormorant,
japfly1,Terpsiphone atrocaudata,Black Paradise Flycatcher,
japgro1,Eophona personata,Japanese Grosbeak,
japher1,Ardeola speciosa,Javan Pond Heron,
japmur1,Synthliboramphus wumizusume,Japanese Murrelet,
japqua,Coturnix japonica,Japanese Quail,
japrob1,Larvivora akahige,Japanese Robin,
japspa1,Accipiter gularis,,
japthr1,Turdus cardis,Japanese Thrush,
japwag1,Motacilla grandis,Japanese Wagtail,
japwax1,Bombycilla japonica,Japanese Waxwing,
japwoo1,Picus awokera,Japanese Green Woodpecker,
jasowl1,Otus semitorques,Japanese Scops Owl,
jasowl2,Otus angelinae,Javan Scops Owl,
javcoc1,Cochoa azurea,Javan Cochoa,
javcus1,Coracina javensis,Oriental Cuckooshrike,
javfla1,Chrysocolaptes strictus,Javan Flameback,
javfro2,Batrachostomus affinis,Blyth's Frogmouth,
javfro3,Batrachostomus javensis,Javan Frogmouth,
javful1,Alcippe pyrrhoptera,Javan Fulvetta,
javhae1,Nisaetus bartelsi,Javan Hawk-Eagle,
javkin1,Halcyon cyanoventris,Javan Kingfisher,
javmun1,Lonchura leucogastroides,Javan Munia,
javowl1,Glaucidium castanopterum,Javan Owlet,
javplo1,Charadrius javanicus,,
javspa,Padda oryzivora,Java Sparrow,JAVS
javtes1,Tesia superciliaris,Javan Tesia,
javtro1,Harpactes reinwardtii,,
javwht1,Myophonus glaucinus,Javan Whistling Thrush,
jaweye1,Platysteira jamesoni,Jameson's Wattle-eye,
jaweye2,Zosterops flavus,Javan White-eye,
jawpig1,Columba janthina,Black Wood Pigeon,
jelcht1,Ochthoeca jelskii,,
jerbab1,Chrysomma altirostre,Jerdon's Babbler,
jerbaz1,Aviceda jerdoni,Jerdon's Baza,
jerbus1,Saxicola jerdoni,Jerdon's Bush Chat,
jerbus2,Mirafra affinis,,
jercou1,Rhinoptilus bitorquatus,Jerdon's Courser,
jerlea1,Chloropsis jerdoni,Jerdon's Leafbird,
jernig1,Caprimulgus atripennis,Jerdon's Nightjar,
jetant1,Cercomacra nigricans,Jet Antbird,
jetman2,Chloropipo unicolor,Jet Manakin,
jfttyr1,Anairetes fernandezianus,Juan Fernandez Tit-Tyrant,
jgtwhe1,Heleia javanica,Javan Heleia,
jobman1,Manucodia jobiensis,Jobi Manucode,
jocant1,Grallaria ridgelyi,Jocotoco Antpitta,
johsun2,Cinnyris johannae,Johanna's Sunbird,
johtot1,Poecilotriccus luluae,Lulu's Tody-Flycatcher,
jopind1,Vidua maryae,Jos Plateau Indigobird,
joslor1,Charmosyna josefinae,Josephine's Lorikeet,
jottyr1,Hemitriccus iohannis,Johannes's Tody-Tyrant,
joupet,Bulweria fallax,Jouanin's Petrel,
joygre1,Chlorocichla laetissima,Joyful Greenbul,
jrswar1,Bradypterus grandis,Dja River Scrub Warbler,
jubqua1,Perdicula asiatica,Jungle Bush Quail,
juffir1,Sephanoides fernandensis,Juan Fernandez Firecrown,
jufpet,Pterodroma externa,Juan Fernandez Petrel,JFPE
junbab2,Argya striata,Jungle Babbler,
juncan1,Asthenes virgata,Junin Canastero,
jungre1,Podiceps taczanowskii,Junin Grebe,
junhao1,Ninox theomacha,Papuan Boobook,
junmyn1,Acridotheres fuscus,Jungle Myna,JUMY
junowl1,Glaucidium radiatum,Jungle Owlet,
junpri1,Prinia sylvatica,Jungle Prinia,
juntap1,Scytalopus gettyae,Junin Tapaculo,
juntit1,Baeolophus ridgwayi,Juniper Titmouse,JUTI
kagu1,Rhynochetos jubatus,Kagu,
kaicus1,Edolisoma dispar,Kai Cicadabird,
kakapo2,Strigops habroptila,,
kakawa,Paroreomyza flammea,Kakawahie,KAKA
kalgra1,Amytornis ballarae,Kalkadoon Grasswren,
kalphe,Lophura leucomelanos,Kalij Pheasant,
kamao,Myadestes myadestinus,Kamao,KAMA
kamwea1,Ploceus katangae,Katanga Masked Weaver,
kanfan1,Rhipidura personata,Kadavu Fantail,
kanhon1,Meliphacator provocator,Kadavu Honeyeater,
kanwax1,Estrilda kandti,Kandt's Waxbill,
karapa1,Apalis karamojae,Karamoja Apalis,
karbus1,Eupodotis vigorsii,,
karcha1,Emarginata schlegelii,Karoo Chat,
karlar2,Calendulauda albescens,Karoo Lark,
karpri1,Prinia maculosa,Karoo Prinia,
karthr1,Turdus smithi,Karoo Thrush,
kasfly1,Ficedula subrubra,Kashmir Flycatcher,
kasnut1,Sitta cashmirensis,Kashmir Nuthatch,
kasrob1,Cercotrichas paena,Kalahari Scrub Robin,
kasrob2,Cercotrichas coryphoeus,,
kattyr1,Hemitriccus kaempferi,Kaempfer's Tody-Tyrant,
kauama,Chlorodrepanis stejnegeri,Kauai Amakihi,KAAM
kauoo,Moho braccatus,Kauai Oo,KAOO
kawpar1,Amazona kawalli,Kawall's Amazon,
kbfdov1,Ptilinopus insolitus,Knob-billed Fruit Dove,
kbopar1,Cicinnurus regius,King Bird-of-paradise,
kea1,Nestor notabilis,Kea,
kebmot1,Electron carinatum,Keel-billed Motmot,
kebtou1,Ramphastos sulfuratus,Keel-billed Toucan,
kelgoo1,Chloephaga hybrida,Kelp Goose,
kelgul,Larus dominicanus,Kelp Gull,KEGU
kemlon1,Macrosphenus kempi,Kemp's Longbill,
kenplo1,Charadrius alexandrinus,,
kensta1,Poeoptera kenricki,Kenrick's Starling,
kenwar,Geothlypis formosa,Kentucky Warbler,KEWA
kerlau2,Montecincla fairbanki,Palani Laughingthrush,
kerlau3,Montecincla meridionalis,Ashambu Laughingthrush,
kerpet,Pterodroma neglecta,Kermadec Petrel,
kerpet2,Aphrodroma brevirostris,Kerguelen Petrel,KEPE
kersha1,Leucocarbo verrucosus,,
kerspa2,Passer rufocinctus,Kenya Sparrow,
kerter1,Sterna virgata,Kerguelen Tern,KETE
kilcis1,Cisticola bakerorum,Kilombero Cisticola,
killde,Charadrius vociferus,Killdeer,KILL
kilwea1,Ploceus burnieri,Kilombero Weaver,
kimhon1,Territornis fordiana,,
kincal1,Calyptura cristata,Kinglet Calyptura,
kineid,Somateria spectabilis,King Eider,KIEI
kinpen1,Aptenodytes patagonicus,King Penguin,KIPE
kinrai2,Rallus tenuirostris,Aztec Rail,
kinrai4,Rallus elegans,King Rail,KIRA
kinvul1,Sarcoramphus papa,King Vulture,
kioea,Chaetoptila angustipluma,Kioea,
kirsan1,Prosobonia cancellata,Kiritimati Sandpiper,
kirwar,Setophaga kirtlandii,Kirtland's Warbler,KIWA
kirwhe1,Zosterops kirki,Kirk's White-eye,
kitmur,Brachyramphus brevirostris,Kittlitz's Murrelet,KIMU
kitplo1,Charadrius pecuarius,,
klaant1,Myrmotherula klagesi,Klages's Antwren,
klaant2,Drymophila klagesi,Klages's Antbird,
klacuc1,Chrysococcyx klaas,Klaas's Cuckoo,
klblar1,Certhilauda subcoronata,Karoo Long-billed Lark,
klolew1,Phylloscopus ogilviegranti,Kloss's Leaf Warbler,
knohor1,Rhyticeros cassidix,Knobbed Hornbill,
knswar1,Bradypterus sylvaticus,Knysna Warbler,
knytur1,Tauraco corythaix,Knysna Turaco,
knywoo1,Campethera notata,Knysna Woodpecker,
koeher1,Phaethornis koepckeae,Koepcke's Hermit,
koesco1,Megascops koepckeae,Koepcke's Screech Owl,
kokako3,Callaeas wilsoni,North Island Kokako,
kokako4,Callaeas cinereus,South Island Kokako,
kokphe1,Pucrasia macrolopha,Koklass Pheasant,
kongro,Chloridops kona,Kona Grosbeak,
kopkin1,Tanysiptera ellioti,Kofiau Paradise Kingfisher,
kopwar1,Euryptila subcinnamomea,Cinnamon-breasted Warbler,
korbus1,Ardeotis kori,Kori Bustard,
korfly1,Ficedula zanthopygia,Yellow-rumped Flycatcher,
korlar1,Mirafra cordofanica,Kordofan Lark,
korspa1,Passer cordofanicus,Kordofan Sparrow,
koscra1,Zapornia monasa,Kosrae Crake,
kosfrd1,Ptilinopus hernsheimi,Kosrae Fruit Dove,
kospar1,Pteridophora alberti,King of Saxony Bird-of-paradise,
kossta1,Aplonis corvina,Kosrae Starling,
koswhe1,Zosterops cinereus,Kosrae White-eye,
krelon1,Macrosphenus kretschmeri,Kretschmer's Longbill,
krunut1,Sitta krueperi,Krüper's Nuthatch,
kuhlor1,Vini kuhlii,Kuhl's Lorikeet,
kullew1,Phylloscopus amoenus,Kolombangara Leaf Warbler,
kulmon1,Symposiachrus browni,Kolombangara Monarch,
kulwhe1,Zosterops murphyi,Kolombangara White-eye,
kunapa1,Apalis argentea,Kungwe Apalis,
kurthr1,Turdus libonyana,Kurrichane Thrush,
kvbsun1,Anthreptes orientalis,Eastern Violet-backed Sunbird,
kwqdov,Geotrygon chrysia,Key West Quail-Dove,KWQD
laaphe1,Chrysolophus amherstiae,Lady Amherst's Pheasant,
labant1,Herpsilochmus longirostris,Large-billed Antwren,
labcro1,Corvus macrorhynchos,Large-billed Crow,
labcro3,,,
labcro4,,,
labduc,Camptorhynchus labradorius,Labrador Duck,
labger1,Gerygone magnirostris,Large-billed Gerygone,
lablar1,Galerida magnirostris,Large-billed Lark,
labpuf1,Dryoscopus sabini,Sabine's Puffback,
labrew1,Acrocephalus orinus,Large-billed Reed Warbler,
labscr2,Sericornis magnirostra,Large-billed Scrubwren,
labter1,Phaetusa simplex,Large-billed Tern,
labwoo,Dryobates scalaris,Ladder-backed Woodpecker,LBWO
lacwoo1,Picus vittatus,Laced Woodpecker,
laffin1,Pezopetes capitalis,Large-footed Finch,
lafpar1,Psittaculirostris desmarestii,,
lafpic1,Picumnus lafresnayi,Lafresnaye's Piculet,
laftap1,Scytalopus macropus,Large-footed Tapaculo,
lafvan1,Xenopirostris xenopirostris,Lafresnaye's Vanga,
lafvul1,Torgos tracheliotos,Lappet-faced Vulture,
lagbab2,Argya malcolmi,Large Grey Babbler,
lagbus1,Malaconotus lagdeni,Lagden's Bushshrike,
lagfal1,Falco jugger,Laggar Falcon,
lagfin1,Geospiza magnirostris,Large Ground Finch,
lagpig1,Treron capellei,Large Green Pigeon,
lahfla2,Ramphotrigon megacephalum,Large-headed Flatbill,
lakduc1,Oxyura vittata,Lake Duck,
lalbru1,Coryphistera alaudina,Lark-like Brushrunner,
lalbun1,Emberiza impetuani,Lark-like Bunting,
lalmaw1,Ploceus ruweti,Lufira Masked Weaver,
lammer1,Gypaetus barbatus,Bearded Vulture,
lamtan1,Anisognathus lacrymosus,Lacrimose Mountain Tanager,
lanfal1,Falco biarmicus,Lanner Falcon,
lanhoo,Dysmorodrepanis munroi,Lanai Hookbill,
lanmon1,Micromonacha lanceolata,Lanceolated Monklet,
lanwar,Locustella lanceolata,Lanceolated Warbler,LANW
laplon,Calcarius lapponicus,Lapland Longspur,LALO
larblf1,Cyornis magnirostris,Large Blue Flycatcher,
larbun,Calamospiza melanocorys,Lark Bunting,LARB
larcaf2,Geospiza conirostris,Espanola Cactus Finch,
larcus1,Coracina macei,Indian Cuckooshrike,
larela1,Elaenia spectabilis,Large Elaenia,
larfro1,Batrachostomus auritus,Large Frogmouth,
larhac1,Hierococcyx bocki,Dark Hawk-Cuckoo,
larhac2,Hierococcyx sparverioides,Large Hawk-Cuckoo,
larnil1,Niltava grandis,Large Niltava,
larscr1,Sericornis nouhuysi,Large Scrubwren,
larspa,Chondestes grammacus,Lark Sparrow,LASP
larwoo1,Tephrodornis virgatus,Large Woodshrike,
lasbab1,Erythrogenys hypoleucos,Large Scimitar Babbler,
lasfly,Myiarchus sagrae,La Sagra's Flycatcher,LSFL
lasthr1,Turdus swalesi,La Selle Thrush,
latant1,Mackenziaena leachii,Large-tailed Antshrike,
latdov1,Leptotila megalura,Yungas Dove,
latfin1,Camarhynchus psittacula,Large Tree Finch,
latlar1,Mirafra cheniana,Melodious Lark,
latman1,Chiroxiphia lanceolata,Lance-tailed Manakin,
latnig1,Hydropsalis climacocerca,Ladder-tailed Nightjar,
latnig2,Caprimulgus macrurus,Large-tailed Nightjar,
latsni1,Gallinago hardwickii,Latham's Snipe,
lattro1,Trogon clathratus,Lattice-tailed Trogon,
laudov1,Streptopelia senegalensis,,
laufal1,Herpetotheres cachinnans,Laughing Falcon,
laugul,Leucophaeus atricilla,Laughing Gull,LAGU
laukoo1,Dacelo novaeguineae,Laughing Kookaburra,
lauowl1,Sceloglaux albifacies,,
laupig1,Columba junoniae,Laurel Pigeon,
lauwow1,Phylloscopus laurae,Laura's Woodland Warbler,
lavgul1,Leucophaeus fuliginosus,Lava Gull,
lavwax,Glaucestrilda caerulescens,Lavender Waxbill,
lawbab1,Turdinus macrodactylus,Large Wren-Babbler,
laweye1,Zosterops explorator,Fiji White-eye,
lawgol,Spinus lawrencei,Lawrence's Goldfinch,LAGO
lawpar1,Parotia lawesii,Lawes's Parotia,
lawpar2,,,
lawthr1,Turdus lawrencii,Lawrence's Thrush,
layalb,Phoebastria immutabilis,Laysan Albatross,LAAL
layduc,Anas laysanensis,Laysan Duck,LADU
layfin,Telespiza cantans,Laysan Finch,LAFI
laypar1,Psittacula calthrapae,Layard's Parakeet,
layrai,Zapornia palmeri,Laysan Rail,
laywar2,Curruca layardi,Layard's Warbler,
lazbun,Passerina amoena,Lazuli Bunting,LAZB
lazkin1,Todiramphus lazuli,Lazuli Kingfisher,
lazsab1,Campylopterus falcatus,Lazuline Sabrewing,
lbbgul,Larus fuscus,Lesser Black-backed Gull,LBBG
lbbwar1,Locustella major,Long-billed Bush Warbler,
lbegls2,,,
lbesta1,Lamprotornis chloropterus,Lesser Blue-eared Starling,
lblwar1,Phylloscopus magnirostris,Large-billed Leaf Warbler,
lbopar1,Paradisaea minor,Lesser Bird-of-paradise,
lbsfin1,Sporophila crassirostris,Large-billed Seed Finch,
lbwbab1,Napothera malacoptila,Long-billed Wren-Babbler,
lbweye2,Rukia longirostra,Long-billed White-eye,
lcptyr1,Lophotriccus eulophotes,Long-crested Pygmy Tyrant,
lcspet,Hydrobates leucorhous,Leach's Storm Petrel,LHSP
leaant1,Myrmotherula assimilis,Leaden Antwren,
leaauk,Aethia pusilla,Least Auklet,LEAU
leabit,Ixobrychus exilis,,
leabul1,Loxigilla noctis,Lesser Antillean Bullfinch,LESB
leaflo1,Phyllastrephus scandens,Leaf-love,
leafly,Empidonax minimus,Least Flycatcher,LEFL
leafly1,Myiarchus oberi,Lesser Antillean Flycatcher,LESF
leafly2,Myiagra rubecula,Leaden Flycatcher,
leagre,Tachybaptus dominicus,Least Grebe,LEGR
leahon1,Ptiloprora plumbea,Leaden Honeyeater,
leahon2,Indicator exilis,Least Honeyguide,
leanig1,Chordeiles pusillus,Least Nighthawk,
leapau1,Siphonorhis brewsteri,Least Poorwill,
leapew1,Contopus latirostris,Lesser Antillean Pewee,LAPE
leapyo1,Glaucidium minutissimum,East Brazilian Pygmy Owl,
leasal1,Saltator albicollis,Lesser Antillean Saltator,
leasan,Calidris minutilla,Least Sandpiper,LESA
leasee1,Thinocorus rumicivorus,Least Seedsnipe,
leastp2,Hydrobates cheimomnestes,Ainley's Storm Petrel,
leastp5,Hydrobates socorroensis,Townsend's Storm Petrel,
leaswi1,Chaetura martinica,Lesser Antillean Swift,
leatan1,Stilpnia cucullata,Lesser Antillean Tanager,
leater1,Sternula antillarum,Least Tern,LETE
lebber1,Melanocharis longicauda,Mid-mountain Berrypecker,
lebcou1,Centropus bernsteini,Black-billed Coucal,
lebcro1,Sylvietta denti,Lemon-bellied Crombec,
lebfly2,Conopias cinchoneti,Lemon-browed Flycatcher,
lebfly3,Microeca flavigaster,Lemon-bellied Flyrobin,
lebsee1,Crithagra citrinipectus,Lemon-breasted Canary,
lebwhe2,Zosterops flavissimus,Wakatobi White-eye,
lecgre2,Hylophilus thoracicus,Lemon-chested Greenlet,
lecspa,Ammospiza leconteii,LeConte's Sparrow,LCSP
lecter2,Thalasseus bengalensis,Lesser Crested Tern,
lecthr,Toxostoma lecontei,LeConte's Thrasher,LCTH
lefeag1,Haliaeetus humilis,,
legcuc1,Morococcyx erythropygus,Lesser Ground Cuckoo,
leglea1,Chloropsis cyanopogon,Lesser Green Leafbird,
legrob1,Amalocichla incerta,Lesser Ground Robin,
legshr2,Lanius minor,Lesser Grey Shrike,
lehlar1,Alaemon hamertoni,Lesser Hoopoe-Lark,
lekfin,Rhodacanthis flaviceps,Lesser Koa Finch,
lemdov2,Columba larvata,,
lemowl1,Tyto sororcula,,
lenlau1,Garrulax monileger,Lesser Necklaced Laughingthrush,
lepchi,Tympanuchus pallidicinctus,Lesser Prairie Chicken,
lesadj1,Leptoptilos javanicus,Lesser Adjutant,
lesaki,Akialoa obscura,Lesser Akialoa,
lesbop1,Lophorina minor,Lesser Lophorina,
lesbri2,Bleda notatus,Yellow-lored Bristlebill,
lescou1,Centropus bengalensis,Lesser Coucal,
lescuc1,Cuculus poliocephalus,Lesser Cuckoo,
lescus1,Lalage fimbriata,Lesser Cuckooshrike,
leseag1,Clanga pomarina,Lesser Spotted Eagle,
lesela1,Elaenia chiriquensis,Lesser Elaenia,
lesfla1,Phoeniconaias minor,Lesser Flamingo,
lesflo2,Sypheotides indicus,Lesser Florican,
lesfri,Fregata ariel,Lesser Frigatebird,LEFR
lesgol,Spinus psaltria,Lesser Goldfinch,LEGO
lesgre1,Pachysylvia decurtata,Lesser Greenlet,
lesgrf1,Emberizoides ypiranganus,Lesser Grass Finch,
leshon1,Indicator minor,Lesser Honeyguide,
leshor1,Furnarius minor,Lesser Hornero,
lesjac1,Microparra capensis,Lesser Jacana,
leskes1,Falco naumanni,Lesser Kestrel,
leskis1,Pitangus lictor,,
lesmaw1,Ploceus intermedius,Lesser Masked Weaver,
lesmel1,Melampitta lugubris,Lesser Melampitta,
lesmoo1,Paragallinula angulata,Lesser Moorhen,
lesnig,Chordeiles acutipennis,Lesser Nighthawk,LENI
lesnod1,Anous tenuirostris,Lesser Noddy,
lesnot1,Nothura minor,Lesser Nothura,
lesowl1,,,
lesplo,Charadrius mongolus,,
lesred1,Acanthis cabaret,,
lesrhe2,Rhea pennata,Lesser Rhea,
lesroa1,Geococcyx velox,Lesser Roadrunner,
lessca,Aythya affinis,Lesser Scaup,LESC
lessee1,Pyrenestes minor,Lesser Seedcracker,
lessee2,Sporophila bouvronides,Lesson's Seedeater,
lessho1,Brachypteryx leucophris,Lesser Shortwing,
lessht1,Agriornis murinus,Lesser Shrike-Tyrant,
lessts1,Cecropis abyssinica,Lesser Striped Swallow,
lestan,Chlorothraupis olivacea,Lemon-spectacled Tanager,
lesvio1,Colibri cyanotus,Lesser Violetear,
leswar1,Acrocephalus gracilirostris,Lesser Swamp Warbler,
leswhi1,,,
leswoo1,Dryobates minor,Lesser Spotted Woodpecker,
leswoo2,Xiphorhynchus fuscus,Lesser Woodcreeper,
leswoo4,Xiphorhynchus atlanticus,Ceara Woodcreeper,
lesyel,Tringa flavipes,Lesser Yellowlegs,LEYE
lesyel1,Picus chlorolophus,Lesser Yellownape,
letara1,Pteroglossus inscriptus,Lettered Aracari,
letbar1,Eubucco richardsoni,Lemon-throated Barbet,
letwar1,Phylloscopus cebuensis,Lemon-throated Leaf Warbler,
levcuc1,Clamator levaillantii,Levaillant's Cuckoo,
levshe1,Puffinus yelkouan,Mediterranean Shearwater,
levspa1,Accipiter brevipes,,
levwoo1,Picus vaillantii,Levaillant's Woodpecker,
lewduc1,Dendrocygna javanica,Lesser Whistling Duck,
lewhon1,Meliphaga lewinii,Lewin's Honeyeater,
lewkit1,Elanus scriptus,Letter-winged Kite,
lewrai1,Lewinia pectoralis,Lewin's Rail,
lewtyr1,Stigmatura napensis,Lesser Wagtail-Tyrant,
lewwoo,Melanerpes lewis,Lewis's Woodpecker,LEWO
libbus1,Eupodotis humilis,,
libcor1,Phalacrocorax sulcirostris,Little Black Cormorant,
libcuc1,Chrysococcyx minutillus,,
libeat1,Merops pusillus,Little Bee-eater,
libher,Egretta caerulea,Little Blue Heron,LBHE
liblar1,Heteromirafra archeri,Archer's Lark,
librol2,Coracias caudatus,Lilac-breasted Roller,
licdov1,Macropygia ruficeps,Little Cuckoo-Dove,
licpar,Amazona finschi,Lilac-crowned Amazon,
licsan1,Pterocles lichtensteinii,Lichtenstein's Sandgrouse,
licspi1,Cranioleuca albiceps,Light-crowned Spinetail,
licspi2,,,
lidjay1,Garrulus lidthi,Lidth's Jay,
lifcan1,Asthenes urubambensis,Line-fronted Canastero,
liffal1,Micrastur gilvicollis,Lined Forest Falcon,
lifgle1,Syndactyla subalaris,Lineated Foliage-gleaner,
ligfly2,Muscicapa epulata,Little Grey Flycatcher,
ligpig1,Treron olax,Little Green Pigeon,
ligsun2,Anthreptes seimundi,Little Green Sunbird,
ligtyr1,Syrtidicola fluviatilis,Little Ground Tyrant,
ligwoo1,Campethera maculosa,Green-backed Woodpecker,
ligwoo3,Chloropicus elachus,,
liifin1,Incaspiza watkinsi,Little Inca Finch,
likwhe1,Zosterops uropygialis,Kai Kecil White-eye,
lilkin1,Cittura cyanotis,Sulawesi Lilac Kingfisher,
lillov1,Agapornis lilianae,Lilian's Lovebird,
limalb1,Phoebetria palpebrata,Light-mantled Albatross,LMSA
limlew1,Phylloscopus calciatilis,Limestone Leaf Warbler,
limpki,Aramus guarauna,Limpkin,LIMP
limwrb3,Gypsophila crispifrons,Variable Limestone Babbler,
linant1,Thamnophilus tenuepunctatus,Lined Antshrike,
linbar1,Psilopogon lineatus,Lineated Barbet,
linsee1,Sporophila lineola,Lined Seedeater,
linspa,Melospiza lincolnii,Lincoln's Sparrow,LISP
linsun1,Aethopyga linaraborae,Lina's Sunbird,
linwoo1,Dryocopus lineatus,Lineated Woodpecker,
linwoo3,Lepidocolaptes albolineatus,Guianan Woodcreeper,
linwoo4,Lepidocolaptes duidae,Duida Woodcreeper,
linwoo5,,,
linwoo6,,,
lipcor1,Microcarbo melanoleucos,Little Pied Cormorant,
lipfly1,Ficedula westermanni,Little Pied Flycatcher,
lipkin1,Tanysiptera hydrocharis,Little Paradise Kingfisher,
liqdov1,Zentrygon linearis,Lined Quail-Dove,
lirplo,Charadrius dubius,,
lirthr1,Monticola rufocinereus,Little Rock Thrush,
lisfly1,Ficedula basilanica,Little Slaty Flycatcher,
lishao1,Ninox sumbaensis,Little Sumba Boobook,
liskiw1,Apteryx owenii,Little Spotted Kiwi,
litbar1,Psilopogon australis,Yellow-eared Barbet,
litbit1,Ixobrychus minutus,,
litbun,Emberiza pusilla,Little Bunting,LIBU
litbus1,Tetrax tetrax,Little Bustard,
litbut1,Turnix velox,Little Buttonquail,
litcor1,Microcarbo niger,Little Cormorant,
litcor2,Cacatua sanguinea,Little Corella,
litcra1,Zapornia parva,Little Crake,
litcro1,Corvus bennetti,Little Crow,
litcuc2,Coccycua minuta,Little Cuckoo,
litcur,Numenius minutus,Little Curlew,
liteag1,Hieraaetus morphnoides,Little Eagle,
liteag3,Hieraaetus weiskei,Pygmy Eagle,
litegr,Egretta garzetta,Little Egret,
litegr2,,,
litfor1,Enicurus scouleri,Little Forktail,
litfri1,Philemon citreogularis,Little Friarbird,
litgra1,Poodytes gramineus,Little Grassbird,
litgre1,Tachybaptus ruficollis,Little Grebe,
litgre2,Eurillas virens,Little Greenbul,
litgre4,,,
litgul,Hydrocoloeus minutus,Little Gull,LIGU
lither2,Phaethornis longuemareus,Little Hermit,
lither3,Phaethornis aethopygus,Tapajos Hermit,
litkin1,Ceyx pusillus,Little Kingfisher,
litlor1,Parvipsitta pusilla,Little Lorikeet,
litnig1,Setopagis parvula,Little Nightjar,
litowl1,Athene noctua,Little Owl,
litpar2,Touit batavicus,Lilac-tailed Parrotlet,
litpen1,Eudyptula minor,Little Penguin,FAPE
litrav1,Corvus mellori,Little Raven,
litrot1,Monticola imerina,Littoral Rock Thrush,
litshe,,,
litshe1,Puffinus baroli,Barolo Shearwater,
litshe2,Puffinus boydi,Boyd's Shearwater,
litshe4,Puffinus elegans,Subantarctic Shearwater,
litshr1,Colluricincla obscura,,
litshr2,Colluricincla rufogaster,,
litshr3,Colluricincla tappenbecki,,
litshr4,Colluricincla discolor,,
litshr5,Colluricincla fortis,,
litshr6,Colluricincla affinis,,
litspa1,Accipiter minullus,,
litspi1,Arachnothera longirostra,Little Spiderhunter,
litsti,Calidris minuta,Little Stint,LIST
litsun1,Heliangelus micraster,Flame-throated Sunangel,
litswi1,Apus affinis,Little Swift,
litter1,Sternula albifrons,Little Tern,LITE
littho1,Phacellodomus sibilatrix,Little Thornbird,
littin1,Crypturellus soui,Little Tinamou,
litwat1,Anthochaera lunulata,Western Wattlebird,
litwea1,Ploceus luteolus,Little Weaver,
litwoo1,Piculus litae,Lita Woodpecker,
litwoo2,Dryobates passerinus,,
litwoo4,Artamus minor,Little Woodswallow,
litwoo5,Chaetocercus bombus,Little Woodstar,
livbul1,Pycnonotus sinensis,Light-vented Bulbul,
livfly1,Erythrocercus livingstonei,Livingstone's Flycatcher,
livtur1,Tauraco livingstonii,Livingstone's Turaco,
liwrai1,Aramides mangle,Little Wood Rail,
lizbuz1,Kaupifalco monogrammicus,Lizard Buzzard,
llweye1,Zosterops inornatus,Large Lifou White-eye,
loawea1,Ploceus subpersonatus,Loango Weaver,
lobber1,Bernieria madagascariensis,Long-billed Bernieria,
lobblf1,Cyornis caerulatus,Sunda Blue Flycatcher,
lobcor1,Cacatua tenuirostris,Long-billed Corella,
lobcro1,Corvus validus,Long-billed Crow,
lobcuc1,Chrysococcyx megarhynchus,,
lobcur,Numenius americanus,Long-billed Curlew,LBCU
lobdow,Limnodromus scolopaceus,Long-billed Dowitcher,LBDO
lobgna4,Ramphocaenus sticturus,Chattering Gnatwren,
lobgna5,Ramphocaenus melanurus,Trilling Gnatwren,
lobher,Phaethornis longirostris,Long-billed Hermit,
lobhon2,Melilestes megarhynchus,Long-billed Honeyeater,
lobmel1,Melidectes princeps,,
lobmur,Brachyramphus perdix,Long-billed Murrelet,LBMU
lobpar2,Rhizothera dulitensis,Dulit Partridge,
lobpar3,Rhizothera longirostris,Long-billed Partridge,
lobpip1,Anthus similis,Long-billed Pipit,
lobpip7,Anthus nicholsoni,Nicholson's Pipit,
lobplo1,Charadrius placidus,,
lobrha1,Rhabdornis grandis,Grand Rhabdornis,
lobspi1,Arachnothera robusta,Long-billed Spiderhunter,
lobsta1,Heliomaster longirostris,Long-billed Starthroat,
lobsun2,Cinnyris lotenius,Loten's Sunbird,
lobtai1,Artisornis moreaui,Long-billed Forest Warbler,
lobthr,Toxostoma longirostre,Long-billed Thrasher,LBTH
lobthr1,Zoothera monticola,Long-billed Thrush,
lobwoo1,Nasica longirostris,Long-billed Woodcreeper,
lobwre1,Cantorchilus longirostris,Long-billed Wren,
loceag1,Lophaetus occipitalis,Long-crested Eagle,
locmyn1,Basilornis corythaix,Long-crested Myna,
locust3,Paludipasser locustella,Locust Finch,
loeowl,Asio otus,Long-eared Owl,LEOW
logkin,Tyrannus caudifasciatus,Loggerhead Kingbird,LOKI
logshr,Lanius ludovicianus,Loggerhead Shrike,LOSH
lohger1,Gerygone insularis,Lord Howe Gerygone,
lohrai1,Gallirallus sylvestris,Lord Howe Woodhen,
lohswa1,Porphyrio albus,White Swamphen,
lolbuz1,Buteo rufinus,Long-legged Buzzard,
lolpip1,Anthus pallidiventris,Long-legged Pipit,
lolwar1,Cincloramphus rufus,Long-legged Thicketbird,
lomfly1,Ficedula bonthaina,Lompobattang Flycatcher,
lorsat1,Cnemophilus loriae,Loria's Satinbird,
lorwhi1,Pachycephala lorentzi,Lorentz's Whistler,
lotant1,Drymophila caudata,East Andean Antbird,
lotbro1,Psarisomus dalhousiae,Long-tailed Broadbill,
lotcin1,Cinclodes pabsti,Long-tailed Cinclodes,
lotcor1,Microcarbo africanus,Reed Cormorant,
lotduc,Clangula hyemalis,Long-tailed Duck,LTDU
lotfan1,Rhipidura opistherythra,Long-tailed Fantail,
lotfin1,Poephila acuticauda,Long-tailed Finch,
lotfis1,Lanius cabanisi,Long-tailed Fiscal,
lothaw1,Urotriorchis macrourus,Long-tailed Hawk,
lother1,Phaethornis superciliosus,Long-tailed Hermit,
lotjae,Stercorarius longicaudus,Long-tailed Jaeger,LTJA
lotkoe1,Urodynamis taitensis,Long-tailed Koel,
lotlap1,Vanellus crassirostris,Long-toed Lapwing,
lotman1,Chiroxiphia linearis,Long-tailed Manakin,
lotmea1,Leistes loyca,Long-tailed Meadowlark,
lotmin1,Pericrocotus ethologus,Long-tailed Minivet,
lotmoc1,Mimus longicaudatus,Long-tailed Mockingbird,
lotmop1,Gymnophaps mada,Buru Mountain Pigeon,
lotmop2,Gymnophaps stalkeri,Seram Mountain Pigeon,
lotmyn1,Mino kreffti,Long-tailed Myna,
lotnig1,Caprimulgus climacurus,Long-tailed Nightjar,
lotnig2,Macropsalis forcipata,,
lotpar1,Paradigalla carunculata,Long-tailed Paradigalla,
lotpar2,Psittacula longicauda,Long-tailed Parakeet,
lotpot1,Nyctibius aethereus,Long-tailed Potoo,
lotros1,Carpodacus sibiricus,Long-tailed Rosefinch,
lotsab1,Pampa excellens,,
lotsco1,Megascops sanctaecatarinae,Long-tufted Screech Owl,
lotshr1,Lanius schach,Long-tailed Shrike,
lotsib1,Heterophasia picaoides,Long-tailed Sibia,
lotsta1,Aplonis magna,Long-tailed Starling,
lotsti,Calidris subminuta,Long-toed Stint,LTST
lotsyl1,Aglaiocercus kingii,Long-tailed Sylph,
lottap1,Scytalopus micropterus,Long-tailed Tapaculo,
lotthr1,Zoothera dixoni,Long-tailed Thrush,
lottit1,Aegithalos caudatus,Long-tailed Tit,
lottit5,Aegithalos glaucogularis,Silver-throated Bushtit,
lottri1,Lalage leucopyga,Long-tailed Triller,
lottyr1,Colonia colonus,Long-tailed Tyrant,
lotwid1,Euplectes progne,Long-tailed Widowbird,
lotwoo1,Deconychura longicauda,Whistling Long-tailed Woodcreeper,
lotwoo2,Thalurania watertonii,Long-tailed Woodnymph,
louflo1,Dicaeum nitidum,Louisiade Flowerpecker,
loupit1,Erythropitta meeki,Louisiade Pitta,
louwat,Parkesia motacilla,Louisiana Waterthrush,LOWA
louwhi1,Pachycephala collaris,Louisiade Whistler,
lovcot1,Cotinga amabilis,Lovely Cotinga,
lovfai1,Malurus amabilis,Lovely Fairywren,
lovsun1,Aethopyga shelleyi,Lovely Sunbird,
lovsun3,Cinnyris loveridgei,Loveridge's Sunbird,
lowaka1,Sheppardia cyornithopsis,Lowland Akalat,
lowant1,Myrmotherula longipennis,Long-winged Antwren,
loweye1,Zosterops griseotinctus,Louisiade White-eye,
loweye2,Zosterops meyeni,Lowland White-eye,
lowhar1,Circus buffoni,Long-winged Harrier,
lowowl1,Xenoglaux loweryi,Long-whiskered Owlet,
lowpel1,Peltops blainvillii,Lowland Peltops,
lowumb1,Cephalopterus penduliger,Long-wattled Umbrellabird,
lrtdro1,Dicrurus remifer,Lesser Racket-tailed Drongo,
lshpet1,Pterodroma rupinarum,St. Helena Petrel,
lsspet,Hydrobates microsoma,Least Storm Petrel,LTSP
lstlar2,Alaudala cheleensis,Asian Short-toed Lark,
lstlar3,,,
lstswi1,Panyptila cayennensis,Lesser Swallow-tailed Swift,
ltbwar1,Locustella caudata,Long-tailed Bush Warbler,
ltgdov1,Uropelia campestris,Long-tailed Ground Dove,
ltgrol1,Uratelornis chimaera,Long-tailed Ground Roller,
ltgsta1,Lamprotornis caudatus,Long-tailed Glossy Starling,
lthbuz1,Henicopernis longicauda,Long-tailed Honey Buzzard,
ltpwhy1,Vidua interjecta,Exclamatory Paradise Whydah,
ltrfin1,Donacospiza albifrons,Long-tailed Reed Finch,
ltsfly1,Ptiliogonys caudatus,Long-tailed Silky-flycatcher,
ltwbab1,Spelaeornis chocolatinus,Naga Wren-Babbler,
ltwpar1,Dendrortyx macroura,Long-tailed Wood Partridge,
lubhea1,Gallicolumba luzonica,Luzon Bleeding-heart,
luchum,Calothorax lucifer,Lucifer Sheartail,LUHU
lucwar,Leiothlypis luciae,Lucy's Warbler,LUWA
ludbus1,Neotis ludwigii,Ludwig's Bustard,
ludful1,Fulvetta ludlowi,Brown-throated Fulvetta,
luebus1,Laniarius luehderi,Lühder's Bushshrike,
lunant2,Oneillornis lunulatus,Lunulated Antbird,
lusbab1,Zosterornis striatus,Luzon Striped Babbler,
lusowl1,Otus longicornis,Luzon Scops Owl,
luzbut1,Turnix worcesteri,Luzon Buttonquail,
luzfla1,Chrysocolaptes haematribon,Luzon Flameback,
luzhor1,Penelopides manillae,Luzon Hornbill,
luzrai1,Lewinia mirifica,Brown-banded Rail,
luzrat1,Prioniturus montanus,Montane Racket-tail,
luzred1,Phoenicurus bicolor,Luzon Water Redstart,
luzwrb1,Robsonius rabori,Cordillera Ground Warbler,
lwfgoo,Anser erythropus,Lesser White-fronted Goose,LWFG
lyhvul1,Cathartes burrovianus,Lesser Yellow-headed Vulture,
lython1,Melichneutes robustus,Lyre-tailed Honeyguide,
lytnig1,Uropsalis lyra,Lyre-tailed Nightjar,
mabacc1,Prunella immaculata,Maroon-backed Accentor,
mabara1,Pteroglossus pluricinctus,Many-banded Aracari,
mabeat1,Merops superciliosus,Olive Bee-eater,
mabfly1,Cyornis turcosus,Malaysian Blue Flycatcher,
mabfly2,Cyornis rufigastra,Mangrove Blue Flycatcher,
mabpar,Pyrrhura frontalis,Maroon-bellied Parakeet,
mabphi2,Philentoma velata,Maroon-breasted Philentoma,
mabpig1,Alectroenas madagascariensis,Madagascar Blue Pigeon,
mabpig2,Alectroenas nitidissimus,Mauritius Blue Pigeon,
mabqua1,Perdicula manipurensis,Manipur Bush Quail,
mabwea1,Ploceus albinucha,Maxwell's Black Weaver,
mabwhi1,Coracornis raveni,Maroon-backed Whistler,
macbow2,Amblyornis macgregoriae,MacGregor's Bowerbird,
macbus1,Chlamydotis macqueenii,Asian Houbara,
macbus2,Telophorus multicolor,,
macdov1,Macropygia mackinlayi,Spot-breasted Cuckoo-Dove,
macduc1,Oxyura maccoa,Maccoa Duck,
macfrd1,Ptilinopus epius,,
macfrd2,Ptilinopus mangoliensis,,
macfrd3,Ptilinopus subgularis,,
machon2,Xanthotis macleayanus,Macleay's Honeyeater,
machon3,Macgregoria pulchra,MacGregor's Honeyeater,
macpen1,Eudyptes chrysolophus,Macaroni Penguin,MACP
macsha1,Leucocarbo purpurascens,,
macshr1,Lanius mackinnoni,Mackinnon's Shrike,
mactan1,Ramphocelus nigrogularis,Masked Crimson Tanager,
macwar,Geothlypis tolmiei,MacGillivray's Warbler,MGWA
madant1,Epinecrophylla amazonica,Rio Madeira Stipplethroat,
madbrw1,Nesillas typica,Malagasy Brush Warbler,
madbul1,Hypsipetes madagascariensis,Malagasy Bulbul,
madbut1,Turnix nigricollis,Madagascar Buttonquail,
madbuz1,Buteo brachypterus,Madagascar Buzzard,
madcis2,Cisticola cherina,Madagascar Cisticola,
madcou1,Centropus toulou,Malagasy Coucal,
madcuc1,Cuculus rochii,Madagascar Cuckoo,
madcuh1,Aviceda madagascariensis,Madagascar Cuckoo-Hawk,
madflu1,Sarothrura insularis,Madagascar Flufftail,
madgre1,Tachybaptus pelzelnii,Madagascar Grebe,
madgrp1,Treron australis,Madagascar Green Pigeon,
madgrp2,Treron griveaudi,Comoro Green Pigeon,
madhoo1,Upupa marginata,Madagascar Hoopoe,
madibi1,Lophotibis cristata,Madagascar Ibis,
madjac1,Actophilornis albinucha,Madagascar Jacana,
madkes1,Falco newtoni,Malagasy Kestrel,
madlar1,Eremopterix hova,Madagascar Lark,
madmun1,Lepidopygia nana,Madagascar Mannikin,
madnig1,Caprimulgus madagascariensis,Madagascar Nightjar,
madpar2,Margaroperdix madagarensis,Madagascar Partridge,
madpet,Pterodroma madeira,Zino's Petrel,
madpet1,Pelecanoides magellani,Magellanic Diving Petrel,
madplo1,Charadrius thoracicus,,
madpoc1,Aythya innotata,Madagascar Pochard,
madpra1,Glareola ocularis,Madagascar Pratincole,
madrai1,Rallus madagascariensis,Madagascar Rail,
madsan1,Pterocles personatus,Madagascar Sandgrouse,
madsni1,Gallinago macrodactyla,Madagascar Snipe,
madspa1,Accipiter madagascariensis,Madagascar Sparrowhawk,
madsta1,Hartlaubius auratus,Madagascar Starling,
madsun1,Cinnyris notatus,Malagasy Green Sunbird,
madswi1,Apus balstoni,Malagasy Black Swift,
madwag1,Motacilla flaviventris,Madagascar Wagtail,
madwhe1,Zosterops maderaspatanus,Malagasy White-eye,
madwor1,Mentocrex kioloides,Madagascar Forest Rail,
mafdov1,Ptilinopus chalcurus,Makatea Fruit Dove,
mafdov2,Ptilinopus roseicapilla,Mariana Fruit Dove,MAFD
mafeag1,Haliaeetus vociferoides,,
mafpar1,Rhynchopsitta terrisi,Maroon-fronted Parrot,
mafpar3,Pyrrhura leucotis,White-eared Parakeet,
magant1,Cercomacra melanaria,Mato Grosso Antbird,
magcor1,Leucocarbo magellanicus,Rock Shag,
magfri,Fregata magnificens,Magnificent Frigatebird,MAFR
maggoo1,Anseranas semipalmata,Magpie Goose,
maghor2,Ocyceros griseus,Malabar Grey Hornbill,
maghum1,Eugenes fulgens,Rivoli's Hummingbird,RIHU
maghum2,Eugenes spectabilis,Talamanca Hummingbird,
maglar1,Grallina cyanoleuca,Magpie-lark,
magman1,Spermestes fringilloides,Magpie Mannikin,
magoys1,Haematopus leucopodus,Magellanic Oystercatcher,
magpar1,Lophopsittacus bensoni,,
magpen1,Spheniscus magellanicus,Magellanic Penguin,MAGP
magpet1,Pterodroma magentae,Magenta Petrel,
magplo1,Pluvianellus socialis,Magellanic Plover,
magrif2,Ptiloris intercedens,Growling Riflebird,
magrif3,Ptiloris magnificus,Magnificent Riflebird,
magrob,Copsychus saularis,Oriental Magpie-Robin,
magshr1,Lanius melanoleucus,,
magsta1,Speculipastor bicolor,Magpie Starling,
magsto1,Ciconia maguari,Maguari Stork,
magsun1,Aethopyga magnifica,Magnificent Sunbird,
magtan2,Cissopis leverianus,Magpie Tanager,
magtap1,Scytalopus magellanicus,Magellanic Tapaculo,
magwar,Setophaga magnolia,Magnolia Warbler,MAWA
magwoo1,Campephilus magellanicus,Magellanic Woodpecker,
mahhaw1,Polyboroides radiatus,Madagascar Harrier-Hawk,
malemu1,Stipiturus mallee,Mallee Emu-wren,
maleo1,Macrocephalon maleo,Maleo,
malfan1,Rhipidura malaitae,Malaita Fantail,
malfir1,Lagonosticta virata,Mali Firefinch,
malhac1,Hierococcyx fugax,Malaysian Hawk-Cuckoo,
malhon1,Indicator archipelagicus,Malaysian Honeyguide,
malia1,Malia grata,Malia,
malkin1,Corythornis cristatus,Malachite Kingfisher,
malkin2,Corythornis vintsioides,Malagasy Kingfisher,
mallar1,Galerida malabarica,Malabar Lark,
mallar3,Anas platyrhynchos,Mallard,MALL
mallau1,Trochalopteron peninsulae,Malayan Laughingthrush,
mallee1,Leipoa ocellata,Malleefowl,
malnig1,Lyncornis temminckii,Malaysian Eared Nightjar,
malpar1,Psittacula columboides,Blue-winged Parakeet,
malpar2,Cyanoramphus malherbi,Malherbe's Parakeet,
malpas1,Cypsiurus gracilis,Malagasy Palm Swift,
malpip1,Anthus melindae,Malindi Pipit,
malplo1,Charadrius peronii,,
malspi1,Zoonavena grandidieri,Madagascar Spinetail,
malsta1,Sturnia blythii,,
malsun1,Nectarinia famosa,Malachite Sunbird,
maltro1,Harpactes fasciatus,Malabar Trogon,
malwoo1,Tephrodornis sylvicola,Malabar Woodshrike,
mamrob1,Copsychus albospecularis,Madagascar Magpie-Robin,
mamtan1,Tephrophilus wetmorei,Masked Mountain Tanager,
manant1,Cercomacra manu,Manu Antbird,
manbuw1,Horornis canturians,Manchurian Bush Warbler,
mancic1,Edolisoma admiralitatis,Admiralty Cicadabird,
mancuc,Coccyzus minor,Mangrove Cuckoo,MACU
manduc,Aix galericulata,Mandarin Duck,
manduc1,Chenonetta jubata,Maned Duck,
manfan1,Rhipidura phasiana,Mangrove Fantail,
manfan2,Rhipidura semirubra,Manus Fantail,
manfin1,Camarhynchus heliobates,Mangrove Finch,
manger1,Gerygone levigaster,Mangrove Gerygone,
manhao1,Ninox meeki,Manus Boobook,
manhaw2,Pseudastur polionotus,Mantled Hawk,
manher1,Gorsachius melanolophus,Malayan Night Heron,
manhon1,Gavicalis fasciogularis,Mangrove Honeyeater,
manhum1,Amazilia boucardi,,
mankin1,Todiramphus ruficollaris,Mewing Kingfisher,
mankin2,Halcyon senegaloides,Mangrove Kingfisher,
mankin3,Todiramphus gambieri,Tuamotu Kingfisher,
manmon1,Symposiachrus infelix,Manus Monarch,
manowl1,Jubula lettii,Maned Owl,
manowl2,Tyto manusi,,
manpit1,Pitta megarhyncha,Mangrove Pitta,
manrai1,Rallus longirostris,Mangrove Rail,
manrew1,Acrocephalus tangorum,Manchurian Reed Warbler,
manrew2,Acrocephalus astrolabii,Mangareva Reed Warbler,
manrob1,Eopsaltria pulverulenta,,
manshe,Puffinus puffinus,Manx Shearwater,MASH
mansun1,Aethopyga guimarasensis,Maroon-naped Sunbird,
manswa1,Tachycineta albilinea,Mangrove Swallow,
mantho1,,,
manvir1,Vireo pallens,Mangrove Vireo,
manwaa1,Hypocnemis rondoni,Manicore Warbling Antbird,
manwhi1,Pachycephala cinerea,Mangrove Whistler,
mao1,Gymnomyza samoensis,Mao,
mapant1,Herpsilochmus praedictus,Predicted Antwren,
mapfly1,Terpsiphone mutata,Malagasy Paradise Flycatcher,
mapfly2,Terpsiphone bourbonnensis,Mascarene Paradise Flycatcher,
mapher1,Ardeola idae,Malagasy Pond Heron,
maphor1,Anthracoceros coronatus,Malabar Pied Hornbill,
mapkin1,Corythornis madagascariensis,Madagascar Pygmy Kingfisher,
mapphe1,Polyplectron malacense,Malayan Peacock-Pheasant,
mappyt1,,,
maqcan1,Asthenes heterura,Maquis Canastero,
marbab1,Eupetes macrocerus,Rail-babbler,
marbab2,Pellorneum palustre,Marsh Babbler,
marcre1,Melanopareia maranonica,Maranon Crescentchest,
marcro1,Corvus kubaryi,Mariana Crow,MARC
mareag1,Polemaetus bellicosus,Martial Eagle,
marfly1,Bradornis mariquensis,Marico Flycatcher,
marfro1,Podargus ocellatus,Marbled Frogmouth,
margod,Limosa fedoa,Marbled Godwit,MAGO
margra1,Helopsaltes pryeri,Marsh Grassbird,
margrd1,Alopecoenas rubescens,,
margua1,Penelope marail,Marail Guan,
marhon1,Pycnopygius cinereus,Marbled Honeyeater,
marimp1,Ducula galeata,Nuku Hiva Imperial Pigeon,
markin2,Todiramphus godeffroyi,Marquesan Kingfisher,
marmon2,Pomarea mendozae,Marquesan Monarch,
marmur,Brachyramphus marmoratus,Marbled Murrelet,MAMU
marori1,Icterus bonana,Martinique Oriole,
marori2,Oriolus traillii,Maroon Oriole,
marowl1,Tyto soumagnei,Red Owl,
marowl2,Asio capensis,Marsh Owl,
marpig1,Columba thomensis,Sao Tome Olive Pigeon,
marrew2,Acrocephalus percernis,Northern Marquesan Reed Warbler,
marsan,Tringa stagnatilis,Marsh Sandpiper,MASA
marsee1,Sporophila palustris,Marsh Seedeater,
marspa1,Loddigesia mirabilis,Marvelous Spatuletail,
marspi2,Cranioleuca marcapatae,Marcapata Spinetail,
marspi3,Synallaxis maranonica,Maranon Spinetail,
marsto1,Leptoptilos crumenifer,Marabou Stork,
marsun2,Cinnyris mariquensis,Marico Sunbird,
marswi,Aerodramus bartschi,Mariana Swiftlet,GUSW
marswi2,Aerodramus ocistus,,
martap1,Scytalopus iraiensis,Marsh Tapaculo,
martch2,Tchagra minutus,,
martea1,Marmaronetta angustirostris,Marbled Duck,
marthr2,Turdus maranonicus,Maranon Thrush,
martit2,Poecile palustris,Marsh Tit,
marwar1,Curruca sarda,Marmora's Warbler,
marwar2,Acrocephalus mendanae,Southern Marquesan Reed Warbler,
marwar3,Acrocephalus palustris,Marsh Warbler,
marwar4,Phylloscopus omeiensis,Martens's Warbler,
marwhe1,Zosterops semiflavus,Marianne White-eye,
marwid1,Euplectes hartlaubi,Marsh Widowbird,
marwoo1,Blythipicus rubiginosus,Maroon Woodpecker,
marwre,Cistothorus palustris,Marsh Wren,MAWR
masant1,Hylopezus auricularis,Masked Antpitta,
masapa1,Apalis binotata,Lowland Masked Apalis,
masboo,Sula dactylatra,Masked Booby,MABO
mascan1,Asthenes flammulata,Many-striped Canastero,
mascoo1,Fulica newtonii,Mascarene Coot,
masduc,Nomonyx dominicus,Masked Duck,MADU
maseag1,Eutriorchis astur,Madagascar Serpent Eagle,
masfin1,Poephila personata,Masked Finch,
masfin3,Heliopais personatus,Masked Finfoot,
masflo1,Diglossa cyanea,Masked Flowerpiercer,
masfru1,Pipreola pulchra,Masked Fruiteater,
masgna1,Polioptila dumicola,Masked Gnatcatcher,
mashum1,Taphrospilus hypostictus,Many-spotted Hummingbird,
maslap1,Vanellus miles,Masked Lapwing,
maslar1,Spizocorys personata,Masked Lark,
maslau1,Pterorhinus perspicillatus,Masked Laughingthrush,
masmar1,Phedina borbonica,Mascarene Martin,
masowl1,Otus rutilus,Madagascar Scops Owl,
masowl2,Otus mantananensis,Mantanani Scops Owl,
maspar1,Mascarinus mascarin,,
maspar2,Prosopeia personata,Masked Shining Parrot,
maspet,Hydrobates markhami,Markham's Storm Petrel,
maspet1,Pseudobulweria aterrima,Mascarene Petrel,
maspet2,Hydrobates matsudairae,Matsudaira's Storm Petrel,
maspet3,Pterodroma defilippiana,Masatierra Petrel,
masray1,Aphrastura masafuerae,Masafuera Rayadito,
massal1,Saltator cinctus,Masked Saltator,
masshr1,Lanius nubicus,Masked Shrike,
masswi1,Aerodramus francicus,Mascarene Swiftlet,
mastan1,Stilpnia nigrocincta,Masked Tanager,
mastit1,Tityra semifasciata,Masked Tityra,
mastro1,Trogon personatus,Masked Trogon,
maswar1,Acrocephalus newtoni,Madagascar Swamp Warbler,
maswhe2,Zosterops borbonicus,Reunion Grey White-eye,
maswhe3,Zosterops mauritianus,Mauritius Grey White-eye,
maswoo1,Artamus personatus,Masked Woodswallow,
masyel1,Geothlypis aequinoctialis,Masked Yellowthroat,
masyel3,,,
masyel4,,,
masyel5,,,
matdov1,Streptopelia picturata,,
matfan1,Rhipidura matthiae,Mussau Fantail,
matfly1,Todirostrum viridanum,Maracaibo Tody-Flycatcher,
matfly2,Cyornis sanfordi,,
matpar1,Psittacella madaraszi,Madarasz's Tiger Parrot,
matpar2,Pyrrhura melanura,Maroon-tailed Parakeet,
mattap1,Scytalopus griseicollis,Pale-bellied Tapaculo,
matwoo1,Philodice bryantae,Magenta-throated Woodstar,
mauala,Paroreomyza montana,Maui Alauahio,MAAL
maubul1,Hypsipetes olivaceus,Mauritius Bulbul,
maucus1,Lalage typica,Mauritius Cuckooshrike,
mauduc1,Anas theodori,Mascarene Teal,
maufod1,Foudia rubra,Mauritius Fody,
maukes1,Falco punctatus,Mauritius Kestrel,
maumon1,Pomarea pomarea,,
maunih1,Nycticorax mauritianus,Mauritius Night Heron,
maupar,Pseudonestor xanthophrys,Maui Parrotbill,MAPA
maupar1,Psittacula eques,Echo Parakeet,
mausco1,Otus sauzieri,Mauritius Scops Owl,
maushe1,Alopochen mauritiana,Mauritius Sheldgoose,
mauwhe1,Zosterops chloronothos,Mauritius Olive White-eye,
mawbab1,Turdinus marmoratus,Marbled Wren-Babbler,
maweye2,Zosterops stresemanni,Malaita White-eye,
mawqua1,Odontophorus gujanensis,Marbled Wood Quail,
mawthr1,Myophonus horsfieldii,Malabar Whistling Thrush,
mawthr2,Myophonus robinsoni,Malayan Whistling Thrush,
mawtyr1,Fluvicola nengeta,Masked Water Tyrant,
maydro1,Dicrurus waldenii,Mayotte Drongo,
mayhon1,Ptiloprora mayri,Mayr's Honeyeater,
mayrai1,Rallina mayri,,
maysco1,Otus mayottensis,Mayotte Scops Owl,
maysun2,Cinnyris coquerellii,Mayotte Sunbird,
mayswi1,Aerodramus orientalis,Mayr's Swiftlet,
maywhe1,Zosterops mayottensis,Mayotte White-eye,
mbopar2,Cicinnurus magnificus,,
mccfin1,Saltatricula multicolor,Many-colored Chaco Finch,
mccfly1,Mionectes macconnelli,McConnell's Flycatcher,
mccfly3,Mionectes roraimae,Sierra de Lema Flycatcher,
mcclon,Rhynchophanes mccownii,Thick-billed Longspur,TBLO
mccspi1,Synallaxis macconnelli,McConnell's Spinetail,
mcfdov1,Ptilinopus perousii,Many-colored Fruit Dove,MCFD
mcgcus1,Malindangia mcgregori,McGregor's Cuckooshrike,
mcgdov1,Paraclaravis mondetoura,Maroon-chested Ground Dove,
mckbun,Plectrophenax hyperboreus,McKay's Bunting,MKBU
mcptit1,Anthoscopus musculus,Mouse-colored Penduline Tit,
mcrtyr1,Tachuris rubrigastra,Many-colored Rush Tyrant,
mdcsun2,,,
mdcsun3,Cinnyris ludovicensis,Ludwig's Double-collared Sunbird,
meabun1,Emberiza cioides,Meadow Bunting,
meapar,Amazona farinosa,Mealy Amazon,
meapar1,,,
meapip1,Anthus pratensis,Meadow Pipit,
medgul1,Ichthyaetus melanocephalus,Mediterranean Gull,
meelor1,Vini meeki,Meek's Lorikeet,
meenig1,Caprimulgus meesi,Mees's Nightjar,
megfin1,Geospiza fortis,Medium Ground Finch,
megsta1,Lamprotornis mevesii,Meves's Starling,
megtan1,Tangara labradorides,Metallic-green Tanager,
mekwag1,Motacilla samveasnae,Mekong Wagtail,
melbla1,Dives dives,Melodious Blackbird,
melcus1,Coracina caledonica,South Melanesian Cuckooshrike,
melcus3,Coracina welchmani,North Melanesian Cuckooshrike,
melduc1,Anas melleri,Meller's Duck,
melfly1,Myiagra caledonica,Melanesian Flycatcher,
melkin1,Todiramphus tristrami,Melanesian Kingfisher,
melscr1,Megapodius eremita,Melanesian Megapode,
melthr,Garrulax canorus,Chinese Hwamei,HWAM
melwar1,Hippolais polyglotta,Melodious Warbler,
melwoo1,Chloropicus lugubris,,
menwar1,Curruca mystacea,Menetries's Warbler,
meppar1,Micropsitta meeki,Meek's Pygmy Parrot,
merflo1,Diglossa gloriosa,Merida Flowerpiercer,
merlin,Falco columbarius,Merlin,MERL
mertap1,Scytalopus meridanus,Merida Tapaculo,
merwre1,Cistothorus meridae,Merida Wren,
mesowl1,Otus mentawi,Mentawai Scops Owl,
metfin1,Camarhynchus pauper,Medium Tree Finch,
metpig1,Columba vitiensis,Metallic Pigeon,
metsta1,Aplonis metallica,Metallic Starling,
metsta3,,,
mewgul,Larus canus,Common Gull,COGU
mewsun2,Aethopyga pulcherrima,Metallic-winged Sunbird,
mexchi,Poecile sclateri,Mexican Chickadee,MECH
mexduc,Anas diazi,Mexican Duck,MEDU
mexher1,Phaethornis mexicanus,Mexican Hermit,
mexjay3,Aphelocoma ultramarina,Transvolcanic Jay,
mexjay4,Aphelocoma wollweberi,Mexican Jay,MEJA
mexpar1,Forpus cyanopygius,Mexican Parrotlet,
mexshe1,Doricha eliza,Mexican Sheartail,
mexwoo1,Eupherusa ridgwayi,Mexican Woodnymph,
meyfri1,Philemon meyeri,Meyer's Friarbird,
meygos1,Accipiter meyerianus,,
meypar1,Poicephalus meyeri,Meyer's Parrot,
mfbtyr1,Phylloscartes ophthalmicus,,
mibhea2,Gallicolumba platenae,Mindoro Bleeding-heart,
mickin1,Todiramphus cinnamominus,Guam Kingfisher,GUKI
mickin4,Todiramphus pelewensis,Rusty-capped Kingfisher,
mickin5,Todiramphus reichenbachii,Pohnpei Kingfisher,POKI
micmyz1,Myzomela rubratra,Micronesian Myzomela,MIMY
micscr1,Megapodius laperouse,Micronesian Megapode,MIME
micsta1,Aplonis opaca,Micronesian Starling,MIST
midflo1,Dicaeum aeneum,Midget Flowerpecker,
migtyr1,Phylloscartes roquettei,Minas Gerais Tyrannulet,
migwar,Helopsaltes ochotensis,Middendorff's Grasshopper Warbler,
miipig1,Ducula oceanica,Micronesian Imperial Pigeon,
miipig2,Ducula mindorensis,Mindoro Imperial Pigeon,
mikphe1,Syrmaticus mikado,Mikado Pheasant,
miller,Acrocephalus familiaris,Millerbird,MILL
milmac,Ara militaris,Military Macaw,
milrai1,Zapornia nigra,Tahiti Crake,
milsto1,Mycteria cinerea,Milky Stork,
miltap1,Scytalopus frankeae,Jalca Tapaculo,
mimhon1,Microptilotis analogus,,
minblh1,Gallicolumba crinigera,Mindanao Bleeding-heart,
minboo1,Ninox spilocephala,Mindanao Boobook,
minboo2,Ninox mindorensis,Mindoro Boobook,
minbul1,Hypsipetes mindorensis,Mindoro Bulbul,
mineao1,Otus gurneyi,Giant Scops Owl,
minher1,Phaethornis idaliae,Minute Hermit,
minhor1,Penelopides affinis,Mindanao Hornbill,
minhor2,Penelopides mindorensis,Mindoro Hornbill,
minjuf1,Vauriella goodfellowi,Slaty-backed Jungle Flycatcher,
minlor1,Saudareos johnstoniae,,
minmib1,Micromacronus sordidus,Mindanao Miniature Babbler,
minowl1,Tyto inexspectata,Minahasa Masked Owl,
minrat1,Prioniturus mindorensis,Mindoro Racket-tail,
minwhe1,Heleia goodfellowi,Mindanao Heleia,
miobar1,Tricholaema frontata,Miombo Pied Barbet,
miosun1,,,
miosun2,Cinnyris gertrudis,Western Miombo Sunbird,
miotit2,Melaniparus griseiventris,Miombo Tit,
miowrw1,,,
miowrw3,Calamonastes stierlingi,Stierling's Wren-Warbler,
mirtai1,Prioniturus waterstradti,Mindanao Racket-tail,
mirthr1,Monticola angolensis,Miombo Rock Thrush,
miskit,Ictinia mississippiensis,Mississippi Kite,MIKI
misowl1,Otus mirus,Mindanao Scops Owl,
misowl2,Otus mindorensis,Mindoro Scops Owl,
misrob1,Cercotrichas barbata,,
misthr1,Turdus viscivorus,Mistle Thrush,
mistle1,Dicaeum hirundinaceum,Mistletoebird,
mistyr1,Zimmerius villarejoi,Mishana Tyrannulet,
miswoo1,Dendrocoptes medius,Middle Spotted Woodpecker,
miswrb1,Spelaeornis badeigularis,Mishmi Wren-Babbler,
mitbab1,Micromacronus leytensis,Visayan Miniature Babbler,
mitpar,Psittacara mitratus,Mitred Parakeet,MIPA
mleowl1,Asio madagascariensis,Madagascar Owl,
moasun1,Aethopyga boltoni,Apo Sunbird,
mobela1,Elaenia gigas,Mottle-backed Elaenia,
mobfin1,Atlapetes albofrenatus,Moustached Brushfinch,
mobpar1,Bambusicola fytchii,Mountain Bamboo Partridge,
mobsun1,Anthreptes gabonicus,Mangrove Sunbird,
mobtan1,Bangsia edwardsi,Moss-backed Tanager,
mocant1,Thamnophilus murinus,Mouse-colored Antshrike,
moccha1,Thamnolaea cinnamomeiventris,Mocking Cliff Chat,
mocsun2,Cyanomitra veroxii,Grey Sunbird,
moctap1,Scytalopus speluncae,Mouse-colored Tapaculo,
mocthi1,Asthenes griseomurina,Mouse-colored Thistletail,
moctyr1,Phaeomyias murina,,
moctyr2,Phylloscartes ventralis,Mottle-cheeked Tyrannulet,
moctyr6,,,
mofgle1,Anabacerthia striaticollis,Montane Foliage-gleaner,
mofsco1,Megascops hoyi,Yungas Screech Owl,
mogjay1,Podoces hendersoni,Mongolian Ground Jay,
mogwar1,Melocichla mentalis,Moustached Grass Warbler,
mohbrw1,Nesillas mariae,Moheli Brush Warbler,
mohbul1,Hypsipetes moheliensis,Moheli Bulbul,
mohcuc1,Hierococcyx vagans,Moustached Hawk-Cuckoo,
mohpar1,Loriculus amabilis,Moluccan Hanging Parrot,
mohsco1,Otus moheliensis,Moheli Scops Owl,
moipig1,Ducula badia,Mountain Imperial Pigeon,
mokpar1,Alisterus amboinensis,Moluccan King Parrot,
molcuc1,Cacomantis aeruginosus,Moluccan Brush Cuckoo,
molcus1,Coracina atriceps,Moluccan Cuckooshrike,
molfly1,Myiagra galeata,Moluccan Flycatcher,
molgos1,Accipiter henicogrammus,,
molhao2,Ninox forbesi,Tanimbar Boobook,
molhao3,Ninox hypogramma,Halmahera Boobook,
molown1,Aegotheles crinifrons,Moluccan Owlet-nightjar,
molpit1,Erythropitta rufiventris,North Moluccan Pitta,
molscr1,Eulipoa wallacei,Moluccan Megapode,
molsta1,Aplonis mysolensis,Moluccan Starling,
molswi1,Aerodramus ceramensis,,
molswi3,Aerodramus infuscatus,Moluccan Swiftlet,
molswi4,Aerodramus sororum,,
molwoo1,Scolopax rochussenii,Moluccan Woodcock,
momwar1,Crateroscelis robusta,,
momwoo1,Campethera mombassica,Mombasa Woodpecker,
monacc1,Prunella koslowi,Kozlov's Accentor,
monbus1,Malaconotus monteiri,Monteiro's Bushshrike,
monfin2,Bucanetes mongolicus,Mongolian Finch,
monhar1,Circus pygargus,Montagu's Harrier,
monhor1,Tockus monteiri,Monteiro's Hornbill,
monlar1,Melanocorypha mongolica,Mongolian Lark,
monlar2,Mirafra passerina,Monotonous Lark,
monori1,Icterus oberi,Montserrat Oriole,
monoro1,Psarocolius montezuma,Montezuma Oropendola,
monpar,Myiopsitta monachus,Monk Parakeet,MOPA
monpar2,,,
monqua,Cyrtonyx montezumae,Montezuma Quail,
monstp1,Hydrobates monteiroi,Monteiro's Storm Petrel,
monswi2,Aerodramus salangana,Mossy-nest Swiftlet,
monwoo1,Lepidocolaptes lacrymiger,Montane Woodcreeper,
monyef1,Sicalis mendozae,Monte Yellow Finch,
moocha1,Pinarochroa sordida,Moorland Chat,
moofra2,Scleroptila psilolaema,Moorland Francolin,
moonig1,Aegotheles albertisi,Mountain Owlet-nightjar,
moorew1,Acrocephalus longirostris,Moorea Reed Warbler,
moosan1,Prosobonia ellisi,Moorea Sandpiper,
mopphe1,Polyplectron inopinatum,Mountain Peacock-Pheasant,
morcha1,Cossypha isabellae,,
mornin1,Pachycephala tenebrosa,Morningbird,
morsun2,Cinnyris moreaui,Moreau's Sunbird,
mosbou1,Laniarius poensis,Mountain Sooty Boubou,
mosbou4,Laniarius holomelas,Albertine Sooty Boubou,
moseag1,Spilornis kinabaluensis,Mountain Serpent Eagle,
mosfin1,Rhopospina fruticeti,Mourning Sierra Finch,
mosowl1,Otus magicus,Moluccan Scops Owl,
mosowl2,Otus spilocephalus,Mountain Scops Owl,
mosswa2,Cecropis senegalensis,Mosque Swallow,
motduc,Anas fulvigula,Mottled Duck,MODU
motflo1,Dicaeum tristrami,Mottled Flowerpecker,
motmun1,Lonchura hunsteini,Mottled Mannikin,
motowl,Ciccaba virgata,,
motpar1,Psittacella modesta,Modest Tiger Parrot,
motpet,Pterodroma inexpectata,Mottled Petrel,MOPE
motpic1,Picumnus nebulosus,Mottled Piculet,
motspi1,Telacanthura ussheri,Mottled Spinetail,
motswi2,Apus aequatorialis,,
motwhi1,Rhagologus leucostigma,Mottled Berryhunter,
mouant,Myrmotherula ignota,Moustached Antwren,
mouant1,Grallaria alleni,Moustached Antpitta,
mouavo1,Opisthoprora euryptera,Mountain Avocetbill,
moubab1,Malacopteron magnirostre,Moustached Babbler,
moubar1,Psilopogon monticola,Mountain Barbet,
moubar2,Psilopogon incognitus,Moustached Barbet,
mouble1,Zosterops emiliae,Mountain Blackeye,
moublu,Sialia currucoides,Mountain Bluebird,MOBL
moubru2,,,
moubul2,Ixos mcclellandii,Mountain Bulbul,
moubuz2,Buteo oreophilus,Mountain Buzzard,
moubuz3,Buteo trizonatus,Forest Buzzard,
moucac1,Cacicus chrysonotus,Mountain Cacique,
moucac2,,,
moucar1,Phalcoboenus megalopterus,,
mouchi,Poecile gambeli,Mountain Chickadee,MOCH
mouchi2,Phylloscopus sindianus,Mountain Chiffchaff,
moudov,Zenaida macroura,Mourning Dove,MODO
mouela1,Elaenia frantzii,Mountain Elaenia,
moufir1,Oreostruthus fuliginosus,Mountain Firetail,
mouflo1,Diglossa mystacalis,Moustached Flowerpiercer,
mouful1,Alcippe peracensis,Mountain Fulvetta,
mouger1,Acanthiza cinerea,Grey Thornbill,
mougra1,Macroagelaius subalaris,Colombian Mountain Grackle,
mouhae1,Nisaetus nipalensis,Mountain Hawk-Eagle,
mouhae2,Nisaetus kelaarti,Legge's Hawk-Eagle,
mouill1,Illadopsis pyrrhoptera,Mountain Illadopsis,
moukin1,Syma megarhyncha,Mountain Kingfisher,
moukin2,Actenoides bougainvillei,Moustached Kingfisher,
moulau1,Ianthocincla cineracea,Moustached Laughingthrush,
moumel1,Microptilotis orientalis,,
moumyz1,Myzomela adolphinae,Mountain Myzomela,
moupar2,Psilopsiagon aurifrons,Mountain Parakeet,
moupel1,Peltops montanus,Mountain Peltops,
moupip1,Anthus hoeschi,Mountain Pipit,
mouplo,Charadrius montanus,,
moupuf1,Malacoptila mystacalis,Moustached Puffbird,
mouqua,Oreortyx pictus,Mountain Quail,
moured1,Phoenicurus moussieri,Moussier's Redstart,
mourob1,Turdus plebejus,Mountain Thrush,
mousaw1,Psalidoprocne fuliginosa,Mountain Saw-wing,
mouser1,Chrysocorythus estherae,Indonesian Serin,
mousta1,Aplonis santovestris,Mountain Starling,
mousun1,Aethopyga jefferyi,,
mouswi2,Aerodramus hirundinaceus,Mountain Swiftlet,
moutai2,Phyllergates cucullatus,Mountain Tailorbird,
moutho1,Acanthiza katherina,Mountain Thornbill,
moutin1,Pogoniulus leucomystax,Moustached Tinkerbird,
moutre1,Hemiprocne mystacea,Moustached Treeswift,
moutro1,Trogon mexicanus,Mountain Trogon,
moutur1,Pteroptochos megapodius,Moustached Turca,
mouvel1,Lafresnaya lafresnayi,Mountain Velvetbreast,
mouwag1,Motacilla clara,Mountain Wagtail,
mouwar,Geothlypis philadelphia,Mourning Warbler,MOWA
mouwar1,Acrocephalus melanopogon,Moustached Warbler,
mouwar2,Phylloscopus trivirgatus,Mountain Leaf Warbler,
mouwar4,,,
mouwhe1,Myrmecocichla monticola,Mountain Chat,
mouwhe2,Oenanthe lugens,Mourning Wheatear,
mouwhe4,Oenanthe lugubris,Abyssinian Wheatear,
mouwhe5,Oenanthe lugentoides,Arabian Wheatear,
mouwoo1,Xiphocolaptes falcirostris,Moustached Woodcreeper,
mouwre1,Troglodytes solstitialis,Mountain Wren,
mouwre2,Pheugopedius genibarbis,Moustached Wren,
mowbab1,Gypsophila crassa,Mountain Wren-Babbler,
mowowl1,Strix ocellata,Mottled Wood Owl,
moywar1,Iduna similis,Mountain Yellow Warbler,
mrmwar1,Scepomycter winifredae,Winifred's Warbler,
mrmwar3,,,
mtkbus1,Telophorus kupeensis,,
mugfly,Ficedula mugimaki,Mugimaki Flycatcher,
mulpar1,Psephotus varius,,
multan1,Chlorochrysa nitidissima,Multicolored Tanager,
munwow1,Henicorhina negreti,Munchique Wood Wren,
murpet,Pterodroma ultima,Murphy's Petrel,MUPE
musduc,Cairina moschata,Muscovy Duck,MUDU
musduc1,Biziura lobata,Musk Duck,
muslor1,Glossopsitta concinna,,
muswre2,Cyphorhinus arada,Musician Wren,
mutswa,Cygnus olor,Mute Swan,MUSW
myssta1,Aplonis mavornata,Mauke Starling,
nabant1,Formicivora iheringi,Narrow-billed Antwren,
nabtod1,Todus angustirostris,Narrow-billed Tody,
nabwoo1,Lepidocolaptes angustirostris,Narrow-billed Woodcreeper,
nacnig1,Chordeiles nacunda,Nacunda Nighthawk,
nafbar1,Gymnobucco calvus,Naked-faced Barbet,
nafspi1,Arachnothera clarae,Naked-faced Spiderhunter,
nahfra2,Ptilopachus nahani,Nahan's Partridge,
namdov1,Oena capensis,Namaqua Dove,
nampri1,Phragmacia substriata,Namaqua Warbler,
namsan1,Pterocles namaqua,Namaqua Sandgrouse,
namscb1,Napothera naungmungensis,Naung Mung Scimitar Babbler,
napsab1,Campylopterus villaviscensio,Napo Sabrewing,
narfly,,,
narfly1,Ficedula elisae,Green-backed Flycatcher,
narhor1,Rhyticeros narcondami,Narcondam Hornbill,
nartap2,Scytalopus vicinior,Narino Tapaculo,
nartro1,Apaloderma narina,Narina Trogon,
narwar1,Acrocephalus rehsei,Nauru Reed Warbler,
naswar,Leiothlypis ruficapilla,Nashville Warbler,NAWA
nateme2,Chlorostilbon stenurus,Narrow-tailed Emerald,
natfra2,Pternistis natalensis,Natal Spurfowl,
natsla1,Thamnophilus stictocephalus,Natterer's Slaty Antshrike,
natsta1,Poeoptera lugubris,Narrow-tailed Starling,
navwre1,Hylorchilus navai,Nava's Wren,
nazboo1,Sula granti,Nazca Booby,NABO
nbtwea1,Ploceus castanops,Northern Brown-throated Weaver,
ncbeat1,Merops nubicus,Northern Carmine Bee-eater,
ncipig1,Ducula goliath,Goliath Imperial Pigeon,
nconig1,Aegotheles savesi,New Caledonian Owlet-nightjar,
ndcsun2,Cinnyris reichenowi,Northern Double-collared Sunbird,
nebbro1,Henicophaps foersteri,New Britain Bronzewing,
nebfri1,Philemon cockerelli,New Britain Friarbird,
nebgos1,Accipiter princeps,,
nebhao1,Ninox odiosa,New Britain Boobook,
nebhea1,Gallicolumba keayi,Negros Bleeding-heart,
nebher1,Phaethornis philippii,Needle-billed Hermit,
nebkin1,Todiramphus albonotatus,White-mantled Kingfisher,
nebmao1,Tyto aurantia,Golden Masked Owl,
nebmet1,Metallura odomae,Neblina Metaltail,
nebrai1,Gallirallus insignis,Pink-legged Rail,
nebspa1,Accipiter brachyurus,,
nebtap1,Scytalopus altirostris,Neblina Tapaculo,
nebthr1,Zoothera talaseae,New Britain Thrush,
neccro1,Corvus moneduloides,New Caledonian Crow,
neccus1,Analisoma analis,,
necfri1,Philemon diemenensis,New Caledonian Friarbird,
necgos1,Accipiter haplochrous,,
necgra1,Cincloramphus mariei,,
neclor1,Vini diadema,New Caledonian Lorikeet,
necmyz1,Myzomela caledonica,New Caledonian Myzomela,
necnig1,Caprimulgus solala,Nechisar Nightjar,
necnig2,Eurostopodus exul,New Caledonian Nightjar,
necpar1,Cyanoramphus saisseti,New Caledonian Parakeet,
necrai1,Gallirallus lafresnayanus,New Caledonian Rail,
necspi1,Synallaxis stictothorax,Necklaced Spinetail,
necwhi2,Pachycephala chlorura,Melanesian Whistler,
necwhi3,Pachycephala caledonica,New Caledonian Whistler,
neesun2,Cinnyris neergaardi,Neergaard's Sunbird,
nefdov1,Ptilinopus arcanus,Negros Fruit Dove,
negbab1,Pomatostomus isidorei,,
negbro1,Henicophaps albifrons,New Guinea Bronzewing,
negcus1,Edolisoma melas,Black Cicadabird,
negeag1,Harpyopsis novaeguineae,Papuan Eagle,
negjuf1,Vauriella albigularis,White-throated Jungle Flycatcher,
negsco1,Otus nigrorum,Negros Scops Owl,
negscr1,Megapodius decollatus,New Guinea Scrubfowl,
nehhon1,Gliciphila notabilis,White-bellied Honeyeater,
nehhon2,Phylidonyris novaehollandiae,New Holland Honeyeater,
neifri1,Philemon eichhorni,New Ireland Friarbird,
neimun1,Lonchura forbesi,Forbes's Mannikin,
neimyz1,Myzomela pulchella,New Ireland Myzomela,
neipit1,Erythropitta novaehibernicae,Bismarck Pitta,
nelwea1,Ploceus nelicourvi,Nelicourvi Weaver,
neocor,Nannopterum brasilianum,Neotropic Cormorant,NECO
nepful1,Alcippe nipalensis,Nepal Fulvetta,
nephom1,Delichon nipalense,Nepal House Martin,
nesbab1,Zosterornis nigrorum,Negros Striped Babbler,
neusta1,Onychognathus neumanni,Neumann's Starling,
neuwar1,Urosphena neumanni,,
newfis1,Lanius newtoni,Sao Tome Fiscal,
newpar2,Psittacula exsul,Newton's Parakeet,
newsun2,Anabathmis newtonii,Newton's Sunbird,
nezbel1,Anthornis melanura,New Zealand Bellbird,
nezbit1,Ixobrychus novaezelandiae,,
nezfal1,Falco novaeseelandiae,New Zealand Falcon,
nezfan1,Rhipidura fuliginosa,New Zealand Fantail,
nezgre1,Poliocephalus rufopectus,New Zealand Grebe,
nezkak1,Nestor meridionalis,New Zealand Kaka,
nezpig2,Hemiphaga novaeseelandiae,New Zealand Pigeon,
nezpig3,Hemiphaga chathamensis,Chatham Islands Pigeon,
nezqua1,Coturnix novaezelandiae,New Zealand Quail,
nezrob2,Petroica longipes,North Island Robin,
nezrob3,Petroica australis,South Island Robin,
nezsca1,Aythya novaeseelandiae,New Zealand Scaup,
nezstp1,Fregetta maoriana,New Zealand Storm Petrel,
ngfrai1,Megacrex inepta,New Guinea Flightless Rail,
ngweye1,Zosterops novaeguineae,Papuan White-eye,
niakin1,Todiramphus gertrudae,,
niamyn1,Gracula robusta,,
nibkiw1,Apteryx mantelli,North Island Brown Kiwi,
nicbul2,Hypsipetes nicobariensis,Nicobar Bulbul,
nicgra1,Quiscalus nicaraguensis,Nicaraguan Grackle,
nicjuf1,Cyornis nicobaricus,Nicobar Jungle Flycatcher,
nicpar1,Psittacula caniceps,Nicobar Parakeet,
nicpig1,Caloenas nicobarica,Nicobar Pigeon,
nicsco1,Otus alius,Nicobar Scops Owl,
nicscr1,Megapodius nicobariensis,Nicobar Megapode,
nicsee1,Spilornis klossi,Great Nicobar Serpent Eagle,
nicspa1,Accipiter butleri,,
nicwre1,Thryophilus nicefori,Niceforo's Wren,
nigfin1,Nesospiza acunhae,Inaccessible Island Finch,
nigfin3,Nesospiza questi,Nightingale Island Finch,
nigpar2,Pezoporus occidentalis,Night Parrot,
nigrew1,Acrocephalus luscinius,Nightingale Reed Warbler,NIRW
nigwre1,Microcerculus philomela,Northern Nightingale-Wren,
nihfin,Telespiza ultima,Nihoa Finch,NIFI
nilfly2,Eumyias albicaudatus,Nilgiri Flycatcher,
nilpip1,Anthus nilghiriensis,Nilgiri Pipit,
nimfly1,Melaenornis annamarulae,Nimba Flycatcher,
ninpar1,Poicephalus crassus,Niam-niam Parrot,
nisfin1,Sporophila nuttingi,Nicaraguan Seed Finch,
niuscr1,Megapodius pritchardii,Tongan Megapode,
nivsun2,Hedydipna metallica,Nile Valley Sunbird,
niwpig1,Columba elphinstonii,Nilgiri Wood Pigeon,
nkurai1,Himantornis haematopus,Nkulengu Rail,
noacha1,Myrmecocichla aethiops,Anteater Chat,
nobfly1,Melaenornis edolioides,Northern Black Flycatcher,
nobsni1,Gallinago nobilis,Noble Snipe,
nobtyr,Camptostoma imberbe,Northern Beardless Tyrannulet,NBTY
nobwoo1,Dendrocolaptes sanctithomae,Northern Barred Woodcreeper,
noccur1,Nothocrax urumutum,Nocturnal Curassow,
noghor1,Bucorvus abyssinicus,Abyssinian Ground Hornbill,
nohcuc1,Hierococcyx hyperythrus,Northern Hawk-Cuckoo,
nohowl,Surnia ulula,Northern Hawk-Owl,NHOW
noifri1,Philemon corniculatus,Noisy Friarbird,
noiger1,Gerygone modesta,Norfolk Gerygone,
noikak1,Nestor productus,Norfolk Kaka,
noimin1,Manorina melanocephala,Noisy Miner,
noipar1,Cyanoramphus cookii,Norfolk Parakeet,
noipio1,Turnagra tanagra,North Island Piopio,
noipit1,Pitta versicolor,Noisy Pitta,
noisni1,Coenocorypha barrierensis,North Island Snipe,
nomwea1,Ploceus taeniopterus,Northern Masked Weaver,
nonbab1,Stachyris nonggangensis,Nonggang Babbler,
nopowl,Glaucidium gnoma,Northern Pygmy Owl,NOPO
nopwhy1,Vidua orientalis,Sahel Paradise Whydah,
norben1,Oncostoma cinereigulare,Northern Bentbill,
norbob,Colinus virginianus,Northern Bobwhite,
norboo1,Ninox japonica,Northern Boobook,
norbro1,Phyllastrephus strepitans,Northern Brownbul,
norcar,Cardinalis cardinalis,Northern Cardinal,NOCA
norcas1,Casuarius unappendiculatus,Northern Cassowary,
norcat1,Ailuroedus jobiensis,,
norcro1,Sylvietta brachyura,Northern Crombec,
norela1,Elaenia ridleyana,Noronha Elaenia,
noremt1,Aulacorhynchus prasinus,Northern Emerald Toucanet,
norfan1,Rhipidura rufiventris,Northern Fantail,
norfis1,Lanius humeralis,Northern Fiscal,
norfli,Colaptes auratus,Northern Flicker,FLIN
norful,Fulmarus glacialis,Northern Fulmar,NOFU
norgan,Morus bassanus,Northern Gannet,NOGA
norgip1,Macronectes halli,Northern Giant Petrel,NGPE
norgos,Accipiter gentilis,,
norgrc1,Crithagra donaldsoni,Northern Grosbeak-Canary,
norgrd1,Alopecoenas norfolkensis,,
norgre1,Tringa guttifer,Nordmann's Greenshank,
norhar1,Circus cyaneus,Hen Harrier,
norhar2,Circus hudsonius,Northern Harrier,NOHA
norjac,Jacana spinosa,Northern Jacana,NOJA
norlap,Vanellus vanellus,Northern Lapwing,NOLA
norlog1,Orthonyx novaeguineae,Papuan Logrunner,
normoc,Mimus polyglottos,Northern Mockingbird,NOMO
norpar,Setophaga americana,Northern Parula,NOPA
norpib1,Turdoides hypoleuca,Northern Pied Babbler,
norpin,Anas acuta,Northern Pintail,NOPI
norpot1,Nyctibius jamaicensis,Northern Potoo,
norpuf1,Dryoscopus gambensis,Northern Puffback,
norpyo1,,,
norpyo3,,,
norpyo4,,,
norros1,Platycercus venustus,Northern Rosella,
norscr1,Chauna chavaria,Northern Screamer,
norsho,Spatula clypeata,Northern Shoveler,NSHO
norshr1,Lanius excubitor,Great Grey Shrike,
norshr4,Lanius borealis,Northern Shrike,NSHR
norsik1,Ceyx flumenicola,Northern Silvery Kingfisher,
norsla1,Thamnophilus punctatus,Northern Slaty Antshrike,
norsta1,Aplonis fusca,Tasman Starling,
norvir1,Vireo gracilirostris,Noronha Vireo,
norwah1,Foulehaio taviunensis,Fiji Wattled Honeyeater,
norwat,Parkesia noveboracensis,Northern Waterthrush,NOWA
norwhe,Oenanthe oenanthe,Northern Wheatear,NOWH
nosbir1,Atrichornis clamosus,Noisy Scrubbird,
nosfly1,Sublegatus arenarum,Northern Scrub Flycatcher,
nosrob1,Drymodes superciliaris,Northern Scrub Robin,
nrwswa,Stelgidopteryx serripennis,Northern Rough-winged Swallow,NRWS
nstspa,Ammospiza nelsoni,Nelson's Sparrow,NESP
nswowl,Aegolius acadicus,Northern Saw-whet Owl,NSWO
nubbus1,Neotis nuba,Nubian Bustard,
nubnig1,Caprimulgus nubicus,Nubian Nightjar,
nubwoo1,Campethera nubica,Nubian Woodpecker,
nuhmon1,Pomarea nukuhivae,Nuku Hiva Monarch,
nukupu1,Hemignathus affinis,Maui Nukupuu,
nukupu2,Hemignathus hanapepe,Kauai Nukupuu,
nukupu3,Hemignathus lucidus,Oahu Nukupuu,NUKU
nulqut1,Cinclosoma alisteri,Nullarbor Quail-thrush,
nupkin1,Tanysiptera carolinae,Numfor Paradise Kingfisher,
nutfly,Myiarchus nuttingi,Nutting's Flycatcher,NUFL
nuthat2,Hypositta corallirostris,Nuthatch Vanga,
nutman,Lonchura punctulata,Scaly-breasted Munia,SBMU
nutwoo,Dryobates nuttallii,Nuttall's Woodpecker,NUWO
nwfowl1,Ptilopsis leucotis,Northern White-faced Owl,
nyaswi1,Apus niansae,Nyanza Swift,
oahala,Paroreomyza maculata,Oahu Alauahio,OAAL
oahama,Chlorodrepanis flava,Oahu Amakihi,OAAM
oahoo,Moho apicalis,Oahu Oo,
oaktit,Baeolophus inornatus,Oak Titmouse,OATI
oashum1,Rhodopis vesper,Oasis Hummingbird,
oaxspa1,Aimophila notosticta,Oaxaca Sparrow,
obbfin1,Atlapetes semirufus,Ochre-breasted Brushfinch,
obblar1,Spizocorys obbiensis,Obbia Lark,
obfdov1,Ptilinopus iozonus,Orange-bellied Fruit Dove,
obfgle2,Anabacerthia lichtensteini,Ochre-breasted Foliage-gleaner,
obfgle3,Automolus infuscatus,Olive-backed Foliage-gleaner,
obfpar1,Cyclopsitta gulielmitertii,,
obgthr1,Geokichla oberlaenderi,Oberländer's Ground Thrush,
obnthr1,Catharus aurantiirostris,Orange-billed Nightingale-Thrush,OBNT
obqdov1,Leptotrygon veraguensis,Olive-backed Quail-Dove,
obsber1,Melanocharis arfakiana,Obscure Berrypecker,
obshon1,Caligavis obscura,Obscure Honeyeater,
ocbant1,Grallaricula flavirostris,Ochre-breasted Antpitta,
ocbcat1,Ailuroedus stonii,Ochre-breasted Catbird,
ocbdov1,Leptotila ochraceiventris,Ochre-bellied Dove,
ocbfly1,Mionectes oleagineus,Ochre-bellied Flycatcher,
ocbfly2,Nephelomyias ochraceiventris,Ochraceous-breasted Flycatcher,
ocbhao1,Ninox ochracea,Ochre-bellied Boobook,
ocbpip1,Anthus nattereri,Ochre-breasted Pipit,
ocbtan1,Chlorothraupis stolzmanni,Ochre-breasted Tanager,
ocbthi1,Asthenes coryi,Ochre-browed Thistletail,
occpic1,Picumnus temminckii,Ochre-collared Piculet,
occspi1,Synallaxis scutata,Ochre-cheeked Spinetail,
oceant1,Phaenostictus mcleannani,Ocellated Antbird,
ocecra1,Micropygia schomburgkii,,
ocefly1,Myiagra oceanica,Chuuk Flycatcher,
ocepic2,Picumnus dorbignyanus,Ocellated Piculet,
ocepoo1,Nyctiphrynus ocellatus,Ocellated Poorwill,
ocequa1,Cyrtonyx ocellatus,Ocellated Quail,
ocetap1,Acropternis orthonyx,Ocellated Tapaculo,
ocethr1,Toxostoma ocellatum,Ocellated Thrasher,
ocetur1,Meleagris ocellata,Ocellated Turkey,
ocewoo1,Xiphorhynchus ocellatus,Ocellated Woodcreeper,
ocewoo2,,,
ocfant1,Grallaricula ochraceifrons,Ochre-fronted Antpitta,
ocftap1,Eugralla paradoxa,Ochre-flanked Tapaculo,
ocftof1,Poecilotriccus plumbeiceps,Ochre-faced Tody-Flycatcher,
ochatt1,Attila torridus,Ochraceous Attila,
ochbul2,Alophoixus ochraceus,Ochraceous Bulbul,
ochfly1,Myiagra cervinicauda,Makira Flycatcher,
ochpew1,Contopus ochraceus,Ochraceous Pewee,
ochpic1,Picumnus limae,Ochraceous Piculet,
ochwre1,Troglodytes ochraceus,Ochraceous Wren,
ocrant1,Drymophila ochropyga,Ochre-rumped Antbird,
ocrbun1,Emberiza yessoensis,Ochre-rumped Bunting,
ocsant1,Grallaria dignissima,Ochre-striped Antpitta,
odedi1,Horornis haddeni,Bougainville Bush Warbler,
offdov1,Ptilinopus aurantiifrons,Orange-fronted Fruit Dove,
ofrcha1,Cossypha anomala,,
ofyfin1,Sicalis columbiana,Orange-fronted Yellow Finch,
ogemon1,Mayrornis versicolor,Ogea Monarch,
oilbir1,Steatornis caripensis,Oilbird,
okbkiw1,Apteryx rowi,Okarito Kiwi,
okirai1,Gallirallus okinawae,Okinawa Rail,
okiwoo1,Dendrocopos noguchii,Okinawa Woodpecker,
olbeup1,Euphonia gouldi,Olive-backed Euphonia,
olbflo1,Prionochilus olivaceus,,
olbori1,Oriolus sagittatus,Olive-backed Oriole,
olbpip,Anthus hodgsoni,Olive-backed Pipit,OBPI
olbsun3,Cinnyris chloropygius,Olive-bellied Sunbird,
olbsun4,Cinnyris jugularis,Garden Sunbird,
olbtai1,Orthotomus sepium,Olive-backed Tailorbird,
olbtan1,Mitrospingus oleagineus,Olive-backed Tanager,
olbwoo1,Xiphorhynchus triangularis,Olive-backed Woodcreeper,
olbwoo2,Dinopium rafflesii,,
olccre1,Melanopareia maximiliani,Olive-crowned Crescentchest,
olcflo1,Dicaeum nigrilore,Olive-capped Flowerpecker,
olcflo2,Dicaeum pectorale,Olive-crowned Flowerpecker,
olcfly1,Myiophobus cryptoxanthus,Olive-chested Flycatcher,
olcwar1,Setophaga pityophila,Olive-capped Warbler,OLIW
olcyel1,Geothlypis semiflava,Olive-crowned Yellowthroat,
olehem1,Sphenopsis frontalis,Oleaginous Hemispingus,
olfwhi1,Hylocitrea bonensis,Hylocitrea,
olgcam1,Camaroptera chloronota,Olive-green Camaroptera,
olgtan1,Orthogonys chloricterus,Olive-green Tanager,
olgtyr1,Phylloscartes virescens,Olive-green Tyrannulet,
olhlor1,Trichoglossus euteles,Olive-headed Lorikeet,
olhwea1,Ploceus olivaceiceps,Olive-headed Weaver,
olibul1,Iole viridescens,Olive Bulbul,
olibus1,Telophorus olivaceus,,
oliela1,Elaenia mesoleuca,Olivaceous Elaenia,
olifin1,Arremon castaneiceps,Olive Finch,
olifla1,Rhynchocyclus olivaceus,Eastern Olivaceous Flatbill,
olifly1,Fraseria olivascens,Olivaceous Flycatcher,
olifly2,Mitrephanes olivaceus,Olive Tufted Flycatcher,
olifly3,Microeca flavovirescens,,
oligre1,Hylophilus olivaceus,Olivaceous Greenlet,
olihon1,Lichmera argentauris,Olive Honeyeater,
oliibi2,Bostrychia olivacea,Olive Ibis,
oliibi3,Bostrychia bocagei,Sao Tome Ibis,
oliman2,Xenopipo uniformis,Olive Manakin,
olioro1,Psarocolius bifasciatus,Olive Oropendola,
olipic1,Picumnus olivaceus,Olivaceous Piculet,
olipih2,Snowornis cryptolophus,Olivaceous Piha,
olisis1,Spinus olivaceus,Olivaceous Siskin,
olispa,Arremonops rufivirgatus,Olive Sparrow,OLSP
olispi1,Cranioleuca obsoleta,Olive Spinetail,
olistr1,Timeliopsis fulvigula,Olive Straightbill,
olitan1,Chlorothraupis carmioli,Carmiol's Tanager,
olitho1,Chalcostigma olivaceum,Olivaceous Thornbill,
olithr2,Turdus olivaceus,Olive Thrush,
oliwar,Peucedramus taeniatus,Olive Warbler,OLWA
oliwhi1,Pachycephala olivacea,Olive Whistler,
oliwoo1,Sittasomus griseicapillus,Olivaceous Woodcreeper,
oliwoo2,Chloropicus griseocephalus,,
olomao,Myadestes lanaiensis,Olomao,OLOM
olrcin1,Cinclodes olrogi,Olrog's Cinclodes,
olrgul1,Larus atlanticus,Olrog's Gull,
olrser1,Crithagra rothschildi,Arabian Serin,
olsfly,Contopus cooperi,Olive-sided Flycatcher,OSFL
olsfly1,Mionectes olivaceus,Olive-striped Flycatcher,
olshon1,Ptiloprora meekiana,Yellowish-streaked Honeyeater,
olshum1,Talaphorus chlorocercus,Olive-spotted Hummingbird,
olspar1,Aprosmictus jonquillaceus,Jonquil Parrot,
oltcuc1,Cercococcyx olivinus,Olive Long-tailed Cuckoo,
oltpar1,Eupsittula nana,Olive-throated Parakeet,
oltthr1,Zoothera lunulata,Bassian Thrush,
oltwar1,Hippolais olivetorum,Olive-tree Warbler,
olwbul1,Pycnonotus plumosus,Olive-winged Bulbul,
olyrob1,Poecilodryas placens,,
omao,Myadestes obscurus,Omao,OMAO
omaowl1,Strix butleri,Omani Owl,
oncbec1,Pachyramphus homochrous,One-colored Becard,
ongtyr1,Muscisaxicola flavinucha,Ochre-naped Ground Tyrant,
opcman1,Lepidothrix iris,Opal-crowned Manakin,
opctan1,Tangara callophrys,Opal-crowned Tanager,
oprtan1,Tangara velia,Opal-rumped Tanager,
orabis1,Euplectes franciscanus,Northern Red Bishop,NRBI
orabul1,Pyrrhula aurantiaca,Orange Bullfinch,
oracha1,Epthianura aurifrons,Orange Chat,
oradov1,Ptilinopus victor,Orange Dove,
orange1,Euneornis campestris,Orangequit,ORAN
oraori1,Icterus auratus,Orange Oriole,
orawea1,Ploceus aurantius,Orange Weaver,
orbant1,Terenura sicki,Orange-bellied Antwren,
orbbab1,Argya rufescens,Orange-billed Babbler,
orbbun1,Passerina leclancherii,Orange-breasted Bunting,
orbeup1,Euphonia xanthogaster,Orange-bellied Euphonia,
orbfal1,Falco deiroleucus,Orange-breasted Falcon,
orbflo1,Dicaeum trigonostigma,Orange-bellied Flowerpecker,
orbfly1,Nephelomyias lintoni,Orange-banded Flycatcher,
orbfru1,Pipreola jucunda,Orange-breasted Fruiteater,
orbhem1,Kleinothraupis calophrys,Orange-browed Hemispingus,
orblau1,Garrulax annamensis,Orange-breasted Laughingthrush,
orblea1,Chloropsis hardwickii,Orange-bellied Leafbird,
orblor1,Neopsittacus pullicauda,Orange-billed Lorikeet,
orbman1,Lepidothrix suavissima,Orange-bellied Manakin,
orbmyz1,Myzomela jugularis,Sulphur-breasted Myzomela,
orbowl1,Phodilus badius,Oriental Bay Owl,
orbpar1,Neophema chrysogaster,Orange-bellied Parrot,
orbpig1,Treron bicinctus,Orange-breasted Green Pigeon,
orbroc1,Chaetops aurantius,Drakensberg Rockjumper,
orbspa1,Arremon aurantiirostris,Orange-billed Sparrow,
orbsun2,Anthobaphes violacea,Orange-breasted Sunbird,
orbtho1,Phacellodomus ferrugineigula,Orange-breasted Thornbird,
orbthr1,Geokichla peronii,Orange-sided Thrush,
orbtro2,Harpactes oreskios,Orange-breasted Trogon,
orbtro3,Icterus croconotus,Orange-backed Troupial,
orbwoo1,Reinwardtipicus validus,,
orceup1,Euphonia saturata,Orange-crowned Euphonia,
orcfai1,Clytomyias insignis,Orange-crowned Fairywren,
orcfly1,Myiophobus phoenicomitra,Orange-crested Flycatcher,
orchon1,Oreornis chrysogenys,,
orcman1,Manacus aurantiacus,Orange-collared Manakin,
orcman3,Heterocercus aurantiivertex,Orange-crested Manakin,
orcori,Icterus spurius,Orchard Oriole,OROR
orcori1,Icterus auricapillus,Orange-crowned Oriole,
orcori3,,,
orcpar,Brotogeris jugularis,Orange-chinned Parakeet,
orcpar2,Pyrilia barrabandi,Orange-cheeked Parrot,
orcwar,Leiothlypis celata,Orange-crowned Warbler,OCWA
orcwax,Estrilda melpoda,Orange-cheeked Waxbill,ORAW
orefly1,Tolmomyias traylori,Orange-eyed Flatbill,
oretan1,Chlorochrysa calliparaea,Orange-eared Tanager,
oretho1,Phacellodomus erythrophthalmus,Orange-eyed Thornbird,
orfbar1,Capito squamatus,Orange-fronted Barbet,
orfdov1,Ptilinopus ornatus,Ornate Fruit Dove,
orfpar,Eupsittula canicularis,Orange-fronted Parakeet,OFPA
orfplu2,Metopothrix aurantiaca,Orange-fronted Plushcrown,
orfscr1,Megapodius reinwardt,Orange-footed Scrubfowl,
orgthr1,Geokichla gurneyi,Orange Ground Thrush,
orheag1,Spizaetus ornatus,Ornate Hawk-Eagle,
orhtan1,Thlypopsis sordida,Orange-headed Tanager,
orhthr1,Geokichla citrina,Orange-headed Thrush,
oribla1,Gymnomystax mexicanus,Oriole Blackbird,
oricuc2,Cuculus optatus,Oriental Cuckoo,
oricus1,Lobotos oriolinus,Eastern Wattled Cuckooshrike,
orifin1,Linurgus olivaceus,Oriole Finch,
origoo1,Oressochen jubatus,,
origre,Chloris sinica,Oriental Greenfinch,ORGR
orihob1,Falco severus,Oriental Hobby,
orihob2,Pernis ptilorhynchus,Crested Honey Buzzard,
orimag1,Pica serica,Oriental Magpie,
oripic1,Picumnus pumilus,Orinoco Piculet,
oripip1,Anthus rufulus,Paddyfield Pipit,
oriplo1,Charadrius veredus,,
oripra,Glareola maldivarum,Oriental Pratincole,
orisal1,Saltator orenocensis,Orinoco Saltator,
orisky1,Alauda gulgula,Oriental Skylark,
orisof1,Thripophaga cherriei,Orinoco Softtail,
oristo1,Ciconia boyciana,Oriental Stork,
oriwar1,Teretistris fornsi,Oriente Warbler,
oriwar2,Hypergerus atriceps,Oriole Warbler,
oriwhi1,Pachycephala orioloides,Oriole Whistler,
ornant1,Epinecrophylla ornata,Ornate Stipplethroat,
ornfly1,Myiotriccus ornatus,Ornate Flycatcher,
ornlor1,Saudareos ornatus,,
ornmel1,Melidectes torquatus,Ornate Melidectes,
ornpar1,Arborophila davidi,Orange-necked Partridge,
orntin1,Nothoprocta ornata,Ornate Tinamou,
orphor1,Anthracoceros albirostris,Oriental Pied Hornbill,
orrfra2,Scleroptila gutturalis,Orange River Francolin,
orrwar1,Acrocephalus orientalis,Oriental Reed Warbler,
orsbul1,,,
orsbul2,Pycnonotus snouckaerti,Aceh Bulbul,
orsowl,Otus sunia,Oriental Scops Owl,
ortbun1,Emberiza hortulana,Ortolan Bunting,
ortdov,Streptopelia orientalis,Oriental Turtle Dove,
ortlon1,Macronyx capensis,Cape Longclaw,
ortspi1,Arachnothera flammifera,Orange-tufted Spiderhunter,
ortsun1,Heliangelus mavors,Orange-throated Sunangel,
ortsun3,Cinnyris bouvieri,Orange-tufted Sunbird,
orttan1,Wetmorethraupis sterrhopteron,Orange-throated Tanager,
orwpar,Amazona amazonica,Orange-winged Amazon,OWAM
orwpyt1,Pytilia afra,Orange-winged Pytilia,
osprey,Pandion haliaetus,Osprey,OSPR
osprey4,,,
ostric2,Struthio camelus,Common Ostrich,
ostric3,Struthio molybdophanes,Somali Ostrich,
ou,Psittirostra psittacea,Ou,OU
oussun2,Cinnyris oustaleti,Oustalet's Sunbird,
oustyr1,Phylloscartes oustaleti,Oustalet's Tyrannulet,
ovaspa2,Accipiter ovampensis,Ovambo Sparrowhawk,
ovenbi1,Seiurus aurocapilla,Ovenbird,OVEN
pabant1,Grallaria carrikeri,Pale-billed Antpitta,
pabcra,Mustelirallus erythrops,Paint-billed Crake,
pabduc1,Anas superciliosa,Pacific Black Duck,PBDU
pabfir1,Lagonosticta landanae,,
pabflo1,Dicaeum erythrorhynchos,Pale-billed Flowerpecker,
pabfly1,Cyornis lemprieri,Palawan Blue Flycatcher,
pabfly2,Cyornis unicolor,Pale Blue Flycatcher,
pabher1,Phaethornis anthophilus,Pale-bellied Hermit,
pabhor1,Lophoceros pallidirostris,Pale-billed Hornbill,
pabhor2,Furnarius torridus,Bay Hornero,
pabill1,Illadopsis rufipennis,Pale-breasted Illadopsis,
pabmon1,Hypothymis puella,Pale-blue Monarch,
pabmou1,Rhytipterna immunda,Pale-bellied Mourner,
pabmyn1,Acridotheres cinereus,Pale-bellied Myna,
pabpig1,Columba eversmanni,Yellow-eyed Pigeon,
pabqua1,Perdicula erythrorhyncha,Painted Bush Quail,
pabscr1,Sericornis spilodera,,
pabsee1,Sporophila peruviana,Parrot-billed Seedeater,
pabsic1,Drepanornis bruijnii,Pale-billed Sicklebill,
pabspa1,Passer gongonensis,Parrot-billed Sparrow,
pabspi1,Synallaxis albescens,Pale-breasted Spinetail,
pabthr1,Turdus leucomelas,Pale-breasted Thrush,
pabtin1,Crypturellus transfasciatus,Pale-browed Tinamou,
pabtre1,Cichlocolaptes leucophrus,Pale-browed Treehunter,
pabwar1,Horornis annae,Palau Bush Warbler,
pabwoo1,Campephilus guatemalensis,Pale-billed Woodpecker,
pacant,Myrmotherula pacifica,Pacific Antwren,
pacbaz1,Aviceda subcristata,Pacific Baza,
pacblf1,Cyornis poliogenys,Pale-chinned Flycatcher,
paccis1,Cisticola cinnamomeus,Pale-crowned Cisticola,
pacela1,Myiopagis subplacens,Pacific Elaenia,
pacfla1,Rhynchocyclus pacificus,Pacific Flatbill,
pacgos1,Melierax canorus,Pale Chanting Goshawk,
pacgul1,Larus pacificus,Pacific Gull,
pacher1,Ardea pacifica,White-necked Heron,
packin1,Todiramphus sacer,Pacific Kingfisher,
pacloo,Gavia pacifica,Pacific Loon,PALO
pacpar1,Psittacara strenuus,Pacific Parakeet,
pacpar2,Forpus coelestis,Pacific Parrotlet,
pacpig1,Columba punicea,Pale-capped Pigeon,
pacreh1,Egretta sacra,Pacific Reef Heron,PRHE
pacrob1,Petroica pusilla,Pacific Robin,
pacrob2,Petroica multicolor,Norfolk Robin,
pacswa1,Hirundo tahitica,Tahiti Swallow,
pacswa3,Hirundo domicola,Hill Swallow,
pacwoo1,Celeus lugubris,Pale-crested Woodpecker,
pacwre1,Troglodytes pacificus,Pacific Wren,PAWR
padwar1,Acrocephalus agricola,Paddyfield Warbler,
paebla2,Agelasticus xanthophthalmus,Pale-eyed Blackbird,
paefly1,Myiarchus cephalotes,Pale-edged Flycatcher,
paethr1,Turdus leucops,Pale-eyed Thrush,
pafant1,Phlegopsis borbae,Pale-faced Bare-eye,
pafdov1,Ptilinopus pelewensis,Palau Fruit Dove,
pafeag1,Haliaeetus leucoryphus,Pallas's Fish Eagle,
pafear1,Upucerthia saturatior,Patagonian Forest Earthcreeper,
pafneg1,Nigrita luteifrons,Pale-fronted Nigrita,
pafswa1,Orochelidon flavipes,Pale-footed Swallow,
pagcus1,Edolisoma ceramense,Pale Cicadabird,
pagdov1,Alopecoenas canifrons,,
pagplo,Pluvialis fulva,Pacific Golden Plover,PAGP
pagrew1,Acrocephalus yamashinae,Pagan Reed Warbler,
pagwar1,Helopsaltes certhiola,Pallas's Grasshopper Warbler,
pahjac1,Brachygalba goeringi,Pale-headed Jacamar,
pahmun1,Lonchura pallida,Pale-headed Munia,
pahros1,Platycercus adscitus,Pale-headed Rosella,
pahwoo1,Gecinulus grantia,Pale-headed Woodpecker,
paibun,Passerina ciris,Painted Bunting,PABU
paibut,Turnix varius,Painted Buttonquail,
paifir1,Emblema pictum,Painted Finch,
paifra1,Francolinus pictus,Painted Francolin,
paihon1,Grantiella picta,Painted Honeyeater,
paiman1,Machaeropterus eckelberryi,Painted Manakin,
paipar1,Pyrrhura picta,Painted Parakeet,
paipar6,,,
paipig1,Ducula pacifica,Pacific Imperial Pigeon,PAPI
paired,Myioborus pictus,Painted Whitestart,PARE
paisan1,Pterocles indicus,Painted Sandgrouse,
paispu1,Galloperdix lunulata,Painted Spurfowl,
paisto1,Mycteria leucocephala,Painted Stork,
pakpar1,Alisterus chloropterus,Papuan King Parrot,
palbab1,Malacopteron palawanense,Melodious Babbler,
palbat1,Batis soror,Pale Batis,
palbun,Emberiza pallasi,Pallas's Reed Bunting,PALB
palcoc1,Probosciger aterrimus,Palm Cockatoo,
palcor1,Urile perspicillatus,Spectacled Cormorant,
palcro2,Corvus palmarum,Hispaniolan Palm Crow,
palcuc1,Cacomantis pallidus,,
paldov1,Leptotila pallida,Pallid Dove,
palfan1,Rhipidura lepida,Palau Fantail,
palflo1,Prionochilus plateni,Palawan Flowerpecker,
palfly1,Ficedula platenae,Palawan Flycatcher,
palfly2,Agricola pallidus,Pale Flycatcher,
palfly3,Myiagra erythrops,Palau Flycatcher,
palfro1,Batrachostomus chaseni,Palawan Frogmouth,
palhar1,Circus macrourus,Pallid Harrier,
palhon1,Indicator meliphilus,Pallid Honeyguide,
palhor1,Anthracoceros marchei,Palawan Hornbill,
palhor2,Furnarius leucopus,Pale-legged Hornero,
palhor4,,,
palhor5,,,
palila,Loxioides bailleui,Palila,PALI
pallor1,Vini palmarum,Palm Lorikeet,
palmch1,Dulus dominicus,Palmchat,
palnig1,Caprimulgus phalaena,Palau Nightjar,
palowl2,Pyrroglaux podargina,,
palpep1,Polyplectron napoleonis,Palawan Peacock-Pheasant,
palpri1,Prinia somalica,Pale Prinia,
palroc1,Carpospiza brachydactyla,Pale Rockfinch,
palros2,Carpodacus roseus,Pallas's Rosefinch,
palros3,Carpodacus stoliczkae,Pale Rosefinch,
palsan1,Syrrhaptes paradoxus,Pallas's Sandgrouse,
palspi1,Cranioleuca pallida,Pallid Spinetail,
palspi2,Arachnothera dilutior,Pale Spiderhunter,
palsun2,Cinnyris osea,Palestine Sunbird,
palswi1,Aerodramus pelewensis,Palau Swiftlet,
palswi2,Aerodramus amelis,Ameline Swiftlet,
palswi3,Apus pallidus,Pallid Swift,
paltan1,Thraupis palmarum,Palm Tanager,
palthr1,Turdus pallidus,Pale Thrush,
paltit2,Periparus amabilis,Palawan Tit,
paltyr2,Zimmerius vilissimus,Guatemalan Tyrannulet,
paltyr3,Zimmerius parvus,Mistletoe Tyrannulet,
paltyr4,Zimmerius improbus,Spectacled Tyrannulet,
paltyr5,Zimmerius petersi,Venezuelan Tyrannulet,
palwar,Setophaga palmarum,Palm Warbler,UPWA
palwar1,Myiothlypis signata,Pale-legged Warbler,
palwar5,Phylloscopus proregulus,Pallas's Leaf Warbler,
pammea1,Leistes defilippii,Pampas Meadowlark,
pampig1,Gymnophaps solomonensis,Pale Mountain Pigeon,
pampig2,Gymnophaps albertisii,Papuan Mountain Pigeon,
panfly1,Myiarchus panamensis,Panama Flycatcher,
panlon1,Macronyx aurantiigula,Pangani Longclaw,
panvul1,Gypohierax angolensis,Palm-nut Vulture,
paogre1,Phyllastrephus fulviventris,Pale-olive Greenbul,
papcan1,Crithagra koliensis,Papyrus Canary,
papcus1,Edolisoma incertum,Black-shouldered Cicadabird,
papdro1,Chaetorhynchus papuensis,Drongo Fantail,
papfly1,Myiagra nana,Paperbark Flycatcher,
papfro1,Podargus papuensis,Papuan Frogmouth,
papgon1,Laniarius mufumbiri,Papyrus Gonolek,
paphao1,Uroglaux dimorpha,Papuan Hawk-Owl,
paphap1,Loriculus aurantiifrons,Orange-fronted Hanging Parrot,
paplor1,Charmosyna papou,West Papuan Lorikeet,
papnee1,Mearnsia novaeguineae,Papuan Spinetail,
papnig1,Eurostopodus papuensis,Papuan Nightjar,
pappar1,Erythrura papuana,Papuan Parrotfinch,
pappit1,Erythropitta macklotii,Papuan Pitta,
papscr1,Sericornis papuensis,,
papscr2,Drymodes beccarii,Papuan Scrub Robin,
papswi1,Aerodramus papuensis,Three-toed Swiftlet,
paptho1,Acanthiza murina,New Guinea Thornbill,
paptre1,Cormobates placens,Papuan Treecreeper,
papwhi1,Androphobus viridis,Papuan Whipbird,
paqthr1,Cinclosoma ajax,Painted Quail-thrush,
parant1,Formicivora acutirostris,Marsh Antwren,
parant2,Cercomacroides parkeri,Parker's Antbird,
parauk,Aethia psittacula,Parakeet Auklet,PAAU
parcro1,Lycocorax pyrrhopterus,Halmahera Paradise-crow,
parcro2,Loxia pytyopsittacus,Parrot Crossbill,
pardus2,Nephelornis oneilli,Pardusco,
parfog1,Automolus paraensis,Para Foliage-gleaner,
parhem1,Kleinothraupis parodii,Parodi's Hemispingus,
parjac1,Galbula dea,Paradise Jacamar,
parjae,Stercorarius parasiticus,Parasitic Jaeger,PAJA
parpar2,Psephotus pulcherrimus,,
parpet1,Procellaria parkinsoni,Black Petrel,
parpig1,Geophaps smithii,Partridge Pigeon,
parpip1,Anthus bogotensis,Paramo Pipit,
parred1,Myioborus pariae,Paria Whitestart,
parrif1,Ptiloris paradiseus,Paradise Riflebird,
parsee1,Catamenia homochroa,Paramo Seedeater,
parshe1,Tadorna variegata,Paradise Shelduck,
parspi1,Cranioleuca vulpecula,Parker's Spinetail,
parswi1,Chaetura egregia,Pale-rumped Swift,
partan1,Tangara chilensis,Paradise Tanager,
partap1,Scytalopus canus,Paramillo Tapaculo,
partap2,Scytalopus opacus,Paramo Tapaculo,
parwar1,Phylloscopus chloronotus,Lemon-rumped Warbler,
parwea1,Anomalospiza imberbis,Cuckoo-finch,
pasbab1,Zosterornis hypogrammicus,Palawan Striped Babbler,
pasbab2,Zosterornis latistriatus,Panay Striped Babbler,
pasfin1,Phrygilus patagonicus,Patagonian Sierra Finch,
pasfly,Empidonax difficilis,Western Flycatcher,WEFL
pasmar1,Riparia diluta,Pale Martin,
pasowl2,Otus fuliginosus,Palawan Scops Owl,
pasowl3,Otus brucei,Pallid Scops Owl,
pasowl4,Megascops cooperi,Pacific Screech Owl,
paspig,Ectopistes migratorius,Passenger Pigeon,
patbar1,Threnetes leucurus,Pale-tailed Barbthroat,
patcan2,Pseudasthenes patagonica,Patagonian Canastero,
patfly1,Todirostrum pictum,Painted Tody-Flycatcher,
patmoc1,Mimus patagonicus,Patagonian Mockingbird,
patpar1,Psittacella picta,Painted Tiger Parrot,
pattin1,Tinamotis ingoufi,Patagonian Tinamou,
pattyr2,Colorhamphus parvirostris,Patagonian Tyrant,
pattyr3,Inezia caudata,Pale-tipped Inezia,
patwrb1,Spelaeornis kinneari,Pale-throated Wren-Babbler,
pavcuc1,Dromococcyx pavoninus,Pavonine Cuckoo,
pavpig2,Patagioenas cayennensis,Pale-vented Pigeon,
pavque1,Pharomachrus pavoninus,Pavonine Quetzal,
pavthr1,Turdus obsoletus,Pale-vented Thrush,
pawind1,Vidua wilsoni,Wilson's Indigobird,
pawsta1,Onychognathus nabouroup,Pale-winged Starling,
pawtru2,Psophia leucoptera,Pale-winged Trumpeter,
payfin1,Sicalis lebruni,Patagonian Yellow Finch,
payrob1,Tregellasia capito,,
paywar1,Calamonastides gracilirostris,Papyrus Yellow Warbler,
pbbeat1,Meropogon forsteni,Purple-bearded Bee-eater,
pbgdov1,Columbina minuta,Plain-breasted Ground Dove,
pbipig1,Ducula poliocephala,Pink-bellied Imperial Pigeon,
pbmtou1,Andigena laminirostris,Plate-billed Mountain Toucan,
pbqdov1,Zentrygon lawrencii,Purplish-backed Quail-Dove,
pbtman1,Neopelma pallescens,Pale-bellied Tyrant-Manakin,
pcttyr1,Anairetes reguloides,Pied-crested Tit-Tyrant,
peaant1,Megastictus margaritatus,Pearly Antshrike,
peacoq1,Lophornis pavoninus,Peacock Coquette,
peadov1,Geopelia placida,Peaceful Dove,
peakit1,Gampsonyx swainsonii,Pearl Kite,
peapar1,Pyrrhura lepida,Pearly Parakeet,
peatre1,Margarornis squamiger,Pearled Treerunner,
pebcon1,Conirostrum margaritae,Pearly-breasted Conebill,
pebcuc1,Coccyzus euleri,Pearly-breasted Cuckoo,
pebfin1,Acanthidops bairdi,Peg-billed Finch,
pebsee1,Sporophila pileata,Pearly-bellied Seedeater,
pebswa1,Hirundo dimidiata,Pearl-breasted Swallow,
pecant1,Herpsilochmus pectoralis,Pectoral Antwren,
pecpip,Anthus gustavi,Pechora Pipit,PEPI
pecsan,Calidris melanotos,Pectoral Sandpiper,PESA
pecspa1,Arremon taciturnus,Pectoral Sparrow,
pedlau1,Pterorhinus davidi,Plain Laughingthrush,
pedowl1,Strix davidi,,
pedpet1,Pelecanoides garnotii,Peruvian Diving Petrel,
pedsno1,Montifringilla davidiana,,
pedtit1,Poecile davidi,Pere David's Tit,
peethr1,Margarops fuscatus,Pearly-eyed Thrasher,PETH
peflov,Agapornis roseicollis,Rosy-faced Lovebird,RFLO
pefowl1,Scotopelia peli,Pel's Fishing Owl,
pefpar1,Eupsittula aurea,Peach-fronted Parakeet,
pegpig1,Treron pembaensis,Pemba Green Pigeon,
peipig1,Ducula latrans,Barking Imperial Pigeon,
pelcor,Urile pelagicus,Pelagic Cormorant,PECO
pemsun2,Cinnyris pembae,Pemba Sunbird,
pepcis1,Cisticola brunnescens,Pectoral-patch Cisticola,
pepowl1,Glaucidium peruanum,Pacific Pygmy Owl,
peptyr1,Atalotriccus pilaris,Pale-eyed Pygmy Tyrant,
perant1,Grallaricula peruviana,Peruvian Antpitta,
perboo1,Sula variegata,Peruvian Booby,
perfal,Falco peregrinus,Peregrine Falcon,PEFA
perfog1,Automolus lammi,Pernambuco Foliage-gleaner,
permar1,Progne murphyi,Peruvian Martin,
permea1,Leistes bellicosus,Peruvian Meadowlark,
permet1,Metallura iracunda,Perija Metaltail,
pernut1,Sitta tephronota,Eastern Rock Nuthatch,
perpel1,Pelecanus thagus,Peruvian Pelican,
perpie1,Phlogophilus harterti,Peruvian Piedtail,
perpig2,Patagioenas oenops,Maranon Pigeon,
perpla1,Phytotoma raimondii,Peruvian Plantcutter,
perpyo1,Glaucidium mooreorum,Pernambuco Pygmy Owl,
perrec1,Syndactyla ucayalae,Peruvian Recurvebill,
persco1,Megascops roboratus,West Peruvian Screech Owl,
perscr1,Sericornis virgatus,,
pershe1,Puffinus persicus,Persian Shearwater,
pershe2,Thaumastura cora,Peruvian Sheartail,
pertap1,Scytalopus perijanus,Perija Tapaculo,
perter2,Sternula lorata,Peruvian Tern,
perthi1,Asthenes perijana,Perija Thistletail,
pertyr1,Zimmerius viridiflavus,Peruvian Tyrannulet,
perwaa1,Hypocnemis peruviana,Peruvian Warbling Antbird,
perwre1,Cinnycerthia peruana,Peruvian Wren,
pesfin1,Phrygilus punensis,Peruvian Sierra Finch,
pesowl1,Glaucidium perlatum,Pearl-spotted Owlet,
pesowl2,Otus pembaensis,Pemba Scops Owl,
pespar1,Psittrichas fulgidus,Pesquet's Parrot,
petcus1,Campephaga petiti,Petit's Cuckooshrike,
petkne1,Burhinus superciliaris,,
pettwi1,Hypargos niveoguttatus,Red-throated Twinspot,
pettyr1,Hemitriccus inornatus,Pelzeln's Tody-Tyrant,
peweye1,Zosterops vaughani,Pemba White-eye,
pewnig1,Caprimulgus vexillarius,Pennant-winged Nightjar,
pfbwar1,Urosphena pallidipes,,
pfrpar1,Pyrrhura pfrimeri,Pfrimer's Parakeet,
phaino,Phainopepla nitens,Phainopepla,PHAI
phbfin1,Atlapetes pallidiceps,Pale-headed Brushfinch,
phbwar1,Horornis seebohmi,Philippine Bush Warbler,
phcdov1,Macropygia tenuirostris,Philippine Cuckoo-Dove,
phecou2,Centropus phasianinus,Pheasant Coucal,
phecuc1,Dromococcyx phasianellus,Pheasant Cuckoo,
pheowl1,Bubo ascalaphus,Pharaoh Eagle-Owl,
pheowl2,Bubo philippensis,,
phepig1,Otidiphaps nobilis,Pheasant Pigeon,
phfdov1,Ptilinopus porphyreus,Pink-headed Fruit Dove,
phgsta1,Hylopsar purpureiceps,Purple-headed Starling,
phhcuc1,Hierococcyx pectoralis,Philippine Hawk-Cuckoo,
phibul1,Hypsipetes philippinus,Philippine Bulbul,
phicoc1,Cacatua haematuropygia,Red-vented Cockatoo,
phicou1,Centropus viridis,Philippine Coucal,
phidrc1,Surniculus velutinus,Philippine Drongo-Cuckoo,
phiduc1,Anas luzonica,Philippine Duck,
phifab1,Irena cyanogastra,Philippine Fairy-bluebird,
phifal1,Microhierax erythrogenys,Philippine Falconet,
phifro1,Batrachostomus septimus,Philippine Frogmouth,
phihae1,Nisaetus philippensis,Philippine Hawk-Eagle,
phihao1,Ninox philippensis,Luzon Boobook,
phihap1,Loriculus philippensis,Philippine Hanging Parrot,
phikin1,Ceyx melanurus,Philippine Dwarf Kingfisher,
philea1,Chloropsis flavipennis,Philippine Leafbird,
phimar1,Copsychus mindanensis,Philippine Magpie-Robin,
phinee1,Mearnsia picina,Philippine Spinetail,
phinig1,Caprimulgus manillensis,Philippine Nightjar,
phiori1,Oriolus steerii,Philippine Oriole,
phipar1,Alectoris philbyi,Philby's Partridge,
phipif1,Rhipidura nigritorquis,Philippine Pied Fantail,
phipig1,Ducula rosacea,Pink-headed Imperial Pigeon,
phiswi1,Aerodramus mearnsi,Philippine Swiftlet,
phitai1,Orthotomus castaneiceps,Visayan Tailorbird,
phitro1,Harpactes ardens,Philippine Trogon,
phivir,Vireo philadelphicus,Philadelphia Vireo,PHVI
phiwoo1,Yungipicus maculatus,Philippine Pygmy Woodpecker,
phiwoo3,Yungipicus ramsayi,Sulu Pygmy Woodpecker,
phlwar1,Phylloscopus olivaceus,Philippine Leaf Warbler,
phopet1,Pterodroma alba,Phoenix Petrel,PHPE
phseag1,Spilornis holospilus,Philippine Serpent Eagle,
phsowl1,Otus megalotis,Philippine Scops Owl,
phtjac1,Hydrophasianus chirurgus,Pheasant-tailed Jacana,
piapia1,Ptilostomus afer,Piapiac,
pibgre,Podilymbus podiceps,Pied-billed Grebe,PBGR
piblar1,Spizocorys conirostris,Pink-billed Lark,
piblar3,Calendulauda poecilosterna,Pink-breasted Lark,
pibpar1,Erythrura kleinschmidti,Pink-billed Parrotfinch,
pibpel1,Pelecanus rufescens,Pink-backed Pelican,
pibros2,Carpodacus rodochroa,Pink-browed Rosefinch,
pibtan1,Chlorospingus inornatus,Pirre Chlorospingus,
picdov1,Reinwardtoena browni,Pied Cuckoo-Dove,
picmun1,Heteromunia pectoralis,Pictorella Mannikin,
picpig2,Patagioenas picazuro,Picazuro Pigeon,
pictyr1,Ochthoeca piurae,Piura Chat-Tyrant,
pieavo1,Recurvirostra avosetta,Pied Avocet,
piebar1,Tricholaema leucomelas,Acacia Pied Barbet,
piebus1,Saxicola caprata,Pied Bush Chat,
piebut1,Cracticus nigrogularis,Pied Butcherbird,
piecor1,Phalacrocorax varius,Australian Pied Cormorant,
piecou1,Centropus ateralbus,White-necked Coucal,
piecro1,Corvus albus,Pied Crow,
piecuc1,Clamator jacobinus,Jacobin Cuckoo,
piecur1,Strepera graculina,Pied Currawong,
piecus1,Coracina bicolor,Pied Cuckooshrike,
pieduc1,Malacorhynchus membranaceus,Pink-eared Duck,
piefal2,Microhierax melanoleucos,Pied Falconet,
piefan1,Rhipidura javanica,Sunda Pied Fantail,
piegos1,Accipiter albogularis,,
piehar1,Circus melanoleucos,Pied Harrier,
pieher2,Egretta picata,Pied Heron,
piehon1,Certhionyx variegatus,Pied Honeyeater,
piekin1,Ceryle rudis,Pied Kingfisher,
pielap1,Vanellus cayanus,,
piemon1,Arses kaupi,Pied Monarch,
pieoys1,Haematopus longirostris,Pied Oystercatcher,
piepuf1,Notharchus tectus,Pied Puffbird,
piesti1,Himantopus leucocephalus,Pied Stilt,
piethr1,Geokichla wardii,Pied Thrush,
pietri1,Lalage nigra,Pied Triller,
piewhe1,Oenanthe pleschanka,Pied Wheatear,
pifgoo,Anser brachyrhynchus,Pink-footed Goose,PFGO
pifpuf1,Dryoscopus angolensis,Pink-footed Puffback,
pifshe,Ardenna creatopus,Pink-footed Shearwater,PFSH
pigdov1,Columbina picui,Picui Ground Dove,
piggui,Cepphus columba,Pigeon Guillemot,PIGU
pihduc1,Rhodonessa caryophyllacea,Pink-headed Duck,
pihwar1,Cardellina versicolor,Pink-headed Warbler,
piipig1,Ducula bicolor,Pied Imperial Pigeon,
piipig2,Ducula pinon,Pinon's Imperial Pigeon,
piisha1,Phalacrocorax featherstoni,Pitt Shag,
pilfin1,Coryphospingus pileatus,Grey Pileated Finch,
pilfly1,Xenotriccus mexicanus,Pileated Flycatcher,
pilgra1,Acrobatornis fonsecai,Pink-legged Graveteiro,
pilotb1,Pycnoptilus floccosus,Pilotbird,
pilwoo,Dryocopus pileatus,Pileated Woodpecker,PIWO
pinbit1,Botaurus pinnatus,Pinnated Bittern,
pinbun,Emberiza leucocephalos,Pine Bunting,
pincoc1,Lophochroa leadbeateri,,
pinfly1,Empidonax affinis,Pine Flycatcher,
pingro,Pinicola enucleator,Pine Grosbeak,PIGR
pinhae1,Nisaetus pinskeri,Pinsker's Hawk-Eagle,
pinjay,Gymnorhinus cyanocephalus,Pinyon Jay,PIJA
pinpig2,Nesoenas mayeri,Pink Pigeon,
pinpig3,Treron vernans,Pink-necked Green Pigeon,
pinrob1,Petroica rodinogaster,Pink Robin,
pinsis,Spinus pinus,Pine Siskin,PISI
pinspi1,Synallaxis infuscata,Pinto's Spinetail,
pinwar,Setophaga pinus,Pine Warbler,PIWA
pipcis2,Cisticola fulvicapilla,Neddicky,
pipcro1,Corvus typicus,Piping Crow,
piphor1,Bycanistes fistulator,Piping Hornbill,
pipipi1,Mohoua novaeseelandiae,Pipipi,
pipplo,Charadrius melodus,Piping Plover,PIPL
pirfly1,Legatus leucophaius,Piratic Flycatcher,
pirros1,Carpodacus waltoni,Pink-rumped Rosefinch,
pirwar1,Basileuterus ignotus,Pirre Warbler,
pirwar2,Acrocephalus vaughani,Pitcairn Reed Warbler,
pitbec1,Pachyramphus minor,Pink-throated Becard,
pitbri1,Heliodoxa gularis,Pink-throated Brilliant,
pitman1,Ilicura militaris,Pin-tailed Manakin,
pitpar1,Erythrura prasina,Pin-tailed Parrotfinch,
pitpig1,Treron apicauda,Pin-tailed Green Pigeon,
pitsan1,Pterocles alchata,Pin-tailed Sandgrouse,
pitsni,Gallinago stenura,Pin-tailed Snipe,PTSN
pittwi1,Hypargos margaritatus,Pink-throated Twinspot,
pitwhy,Vidua macroura,Pin-tailed Whydah,PTWH
piwswa1,Hirundo leucosoma,Pied-winged Swallow,
piwtyr1,Fluvicola pica,Pied Water Tyrant,
plaant1,Dysithamnus mentalis,Plain Antvireo,
plabuh1,Amaurornis olivacea,Plain Bush-hen,
placha,Ortalis vetula,Plain Chachalaca,
placuc1,Cacomantis merulinus,Plaintive Cuckoo,
placuc3,Cacomantis passerinus,Grey-bellied Cuckoo,
plaflo1,Dicaeum concolor,Nilgiri Flowerpecker,
plaflo2,Dicaeum minullum,Plain Flowerpecker,
plager1,Gerygone inornata,Plain Gerygone,
plagre2,Eurillas curvirostris,Plain Greenbul,
plaher1,Phaethornis pretrei,Planalto Hermit,
plahon1,Pycnopygius ixoides,Plain Honeyeater,
plamar1,Riparia paludicola,Brown-throated Martin,
planig1,Caprimulgus inornatus,Plain Nightjar,
plapar1,Brotogeris tirica,Plain Parakeet,
plapig,Patagioenas inornata,Plain Pigeon,PLPI
plapri1,Prinia inornata,Plain Prinia,
plarai1,Aramidopsis plateni,Snoring Rail,
plasla1,Thamnophilus pelzelni,Planalto Slaty Antshrike,
plasof1,Thripophaga fusciceps,Plain Softtail,
plasun1,Anthreptes simplex,Plain Sunbird,
plaswi1,Apus unicolor,Plain Swift,
platap1,Scytalopus pachecoi,Planalto Tapaculo,
platyr1,Inezia inornata,Plain Inezia,
platyr2,Phyllomyias fasciatus,Planalto Tyrannulet,
plawan1,Pedionomus torquatus,Plains-wanderer,
plawoo1,Dendrocolaptes platyrostris,Planalto Woodcreeper,
plawre1,Cantorchilus modestus,Cabanis's Wren,
plawre3,Cantorchilus zeledoni,Canebrake Wren,
plaxen1,Xenops minutus,Atlantic Plain Xenops,
plbant1,Grallaria haplonota,Plain-backed Antpitta,
plbeme1,Chrysuronia leucogaster,Plain-bellied Emerald,
plbpic1,Picumnus castelnau,Plain-breasted Piculet,
plbpip1,Anthus leucophrys,Plain-backed Pipit,
plbspa1,Passer flaveolus,Plain-backed Sparrow,
plbsun1,Anthreptes reichenowi,Plain-backed Sunbird,
plbthr2,Turdus reevei,Plumbeous-backed Thrush,
plbwoo1,Dendrocincla fuliginosa,Plain-brown Woodcreeper,
plcela1,Elaenia cristata,Plain-crested Elaenia,
plcgrt1,Muscisaxicola alpinus,Paramo Ground Tyrant,
plcjay1,Cyanocorax chrysops,Plush-crested Jay,
plcsee1,Catamenia inornata,Plain-colored Seedeater,
plcspi1,Synallaxis gujanensis,Plain-crowned Spinetail,
plcsta,Heliomaster constantii,Plain-capped Starthroat,PCST
plctan1,Tangara inornata,Plain-colored Tanager,
plctyr1,Phyllomyias plumbeiceps,Plumbeous-crowned Tyrannulet,
plewar1,Helopsaltes pleskei,Styan's Grasshopper Warbler,
plffal1,Micrastur plumbeus,Plumbeous Forest Falcon,
plflor1,Oreopsittacus arfaki,Plum-faced Lorikeet,
plfrai1,Rallus wetmorei,Plain-flanked Rail,
plgrol1,Atelornis pittoides,Pitta-like Ground Roller,
plhfin1,Aidemosyne modesta,,
plhpar1,Psittacula cyanocephala,Plum-headed Parakeet,
pllwar1,Phylloscopus tenellipes,Pale-legged Leaf Warbler,
pllwar2,Phylloscopus neglectus,Plain Leaf Warbler,
plmfin1,Leucosticte nemoricola,Plain Mountain Finch,
plover3,Stephanoxis lalandi,Green-crowned Plovercrest,
plover4,Stephanoxis loddigesii,Purple-crowned Plovercrest,
plphor1,Rhyticeros subruficollis,Plain-pouched Hornbill,
plsfin1,Geospizopsis unicolor,Plumbeous Sierra Finch,
plsvir,Vireo plumbeus,Plumbeous Vireo,PLVI
pltant1,Isleria hauxwelli,Plain-throated Antwren,
pltcot1,Cotinga maynana,Plum-throated Cotinga,
pltsun1,,,
pltsun3,Anthreptes griseigularis,Grey-throated Sunbird,
pltswi1,Collocalia affinis,Plume-toed Swiftlet,
pltwar1,Phylloscopus soror,Alström's Warbler,
pltwre1,Pheugopedius euophrys,Plain-tailed Wren,
pluant1,Myrmelastes hyperythrus,Plumbeous Antbird,
pluant3,Dysithamnus plumbeus,Plumbeous Antvireo,
plueup1,Euphonia plumbea,Plumbeous Euphonia,
plugui1,Guttera plumifera,Plumed Guineafowl,
pluhaw,Cryptoleucopteryx plumbea,Plumbeous Hawk,
pluibi1,Theristicus caerulescens,Plumbeous Ibis,
plukit1,Ictinia plumbea,Plumbeous Kite,
plupig2,Patagioenas plumbea,Plumbeous Pigeon,
plurai1,Pardirallus sanguinolentus,Plumbeous Rail,
plured1,Phoenicurus fuliginosus,Plumbeous Water Redstart,
plusee1,Sporophila plumbea,Plumbeous Seedeater,
plushc1,Catamblyrhynchus diadema,Plushcap,
pluwar1,Setophaga plumbea,Plumbeous Warbler,
plwant1,Thamnophilus schistaceus,Plain-winged Antshrike,
plwant2,Myrmotherula behni,Plain-winged Antwren,
plwduc1,Dendrocygna eytoni,Plumed Whistling Duck,
plweye1,Zosterops hypolais,Plain White-eye,
plwwoo1,Dendrocincla turdina,Plain-winged Woodcreeper,
pmtspi1,Leptasthenura aegithaloides,Plain-mantled Tit-Spinetail,
pnbfin1,Atlapetes pallidinucha,Pale-naped Brushfinch,
pogdov1,Alopecoenas erythropterus,,
pogpig1,Treron pompadora,Sri Lanka Green Pigeon,
pohfan1,Rhipidura kubaryi,Pohnpei Fantail,
pohfly1,Myiagra pluto,Pohnpei Flycatcher,
pohlor1,Trichoglossus rubiginosus,Pohnpei Lorikeet,
pohsta1,Aplonis pelzelni,Pohnpei Starling,
pohwhe1,Zosterops ponapensis,Grey-brown White-eye,
poipig1,Ducula aurorae,Polynesian Imperial Pigeon,
polpar1,Barnardius zonarius,Australian Ringneck,
polsta1,Aplonis tabuensis,Polynesian Starling,POST
polswi1,Aerodramus leucophaeus,Polynesian Swiftlet,
poltri1,Lalage maculosa,Polynesian Triller,
polvan1,Xenopirostris polleni,Pollen's Vanga,
pomcot1,Xipholena punicea,Pompadour Cotinga,
pomgrp1,Treron axillaris,Philippine Green Pigeon,
pomgrp2,Treron affinis,Grey-fronted Green Pigeon,
pomgrp3,Treron aromaticus,Buru Green Pigeon,
pomgrp4,Treron chloropterus,Andaman Green Pigeon,
pomgrp5,Treron phayrei,Ashy-headed Green Pigeon,
pomjae,Stercorarius pomarinus,Pomarine Jaeger,POJA
poouli,Melamprosops phaeosoma,Poo-uli,POUL
pospet1,Nesofregetta fuliginosa,Polynesian Storm Petrel,WHSP
potpal1,Berlepschia rikeri,Point-tailed Palmcreeper,
powowl1,Ninox strenua,Powerful Owl,
powwoo1,Campephilus pollens,Powerful Woodpecker,
prafal,Falco mexicanus,Prairie Falcon,PRFA
prawar,Setophaga discolor,Prairie Warbler,PRAW
prbbar1,Semnornis frantzii,Prong-billed Barbet,
pregrs1,Melozone biarcuata,Prevost's Ground Sparrow,
pregrs2,Melozone cabanisi,Cabanis's Ground Sparrow,
preswa2,Petrochelidon preussi,Preuss's Cliff Swallow,
prewea1,Ploceus preussi,Preuss's Weaver,
prgsta1,Lamprotornis ornatus,Principe Starling,
prgwea1,Ploceus princeps,Principe Weaver,
prhlau1,Trochalopteron henrici,Brown-cheeked Laughingthrush,
pribat1,Batis pririt,Pririt Batis,
prigre1,Chlorocichla prigoginei,Prigogine's Greenbul,
pripuf1,Dryoscopus pringlii,Pringle's Puffback,
prisee1,Crithagra rufobrunnea,Principe Seedeater,
prispe1,Zosterops leucophaeus,Principe Speirops,
prisun2,Anabathmis hartlaubii,Principe Sunbird,
prisun3,Cinnyris prigoginei,Prigogine's Double-collared Sunbird,
prithr1,Turdus xanthorhynchus,Principe Thrush,
procan1,Crithagra leucoptera,Protea Canary,
prowar,Protonotaria citrea,Prothonotary Warbler,PROW
prrtur1,Tauraco ruspolii,,
prsast1,Astrapia stephaniae,Princess Stephanie's Astrapia,
prsowl,Gymnasio nudipes,Puerto Rican Owl,PURO
prznut1,Sitta przewalskii,Przevalski's Nuthatch,
przpar1,Alectoris magna,Przevalski's Partridge,
przros1,Urocynchramus pylzowi,Przevalski's Finch,
psfdov1,Ptilinopus perlatus,Pink-spotted Fruit Dove,
ptipig1,Ducula rufigaster,Purple-tailed Imperial Pigeon,
ptmgem,Lampornis calolaemus,Purple-throated Mountaingem,
ptpfin1,Embernagra longicauda,Serra Finch,
ptwfin1,Microspingus alticola,Plain-tailed Warbling Finch,
puaioh,Myadestes palmeri,Puaiohi,PUAI
pubbul1,Brachypodius eutilotus,,
pubcot1,Cotinga cotinga,Purple-breasted Cotinga,
pubhon1,Meliphaga aruensis,Puff-backed Honeyeater,
pubjay1,Cyanocorax beecheii,Purplish-backed Jay,
publor1,Lorius hypoinochrous,Purple-bellied Lory,
pubsun1,Aglaeactis aliciae,Purple-backed Sunbeam,
pubsun3,Nectarinia purpureiventris,Purple-breasted Sunbird,
pubsun4,Cinnyris bifasciatus,Purple-banded Sunbird,
pubtho1,Ramphomicron microrhynchum,Purple-backed Thornbill,
pubwhi1,Urosticte benjamini,Purple-bibbed Whitetip,
pucfai1,Heliothryx barroti,Purple-crowned Fairy,
pucfai2,Malurus coronatus,Purple-crowned Fairywren,
pucfrd1,Ptilinopus ponapensis,Purple-capped Fruit Dove,
puchum1,Polyerata rosenbergi,Purple-chested Hummingbird,
puclor1,Parvipsitta porphyrocephala,Purple-crowned Lorikeet,
puctur2,Tauraco porphyreolophus,,
pucwoo1,Myrtis fanny,Purple-collared Woodstar,
pughon1,Lichenostomus cratitius,Purple-gaped Honeyeater,
pugsta1,Lamprotornis purpureus,Purple Starling,
pugtyr1,Muscisaxicola juninensis,Puna Ground Tyrant,
pullon1,Macrosphenus pulitzeri,Pulitzer's Longbill,
pumstp1,Oceanites pincoyae,Pincoya Storm Petrel,
pumtan2,Iridosornis porphyrocephalus,Purplish-mantled Tanager,
puncan1,Asthenes sclateri,,
punibi1,Plegadis ridgwayi,Puna Ibis,
punlor1,Lorius domicella,Purple-naped Lory,
punmin1,Geositta punensis,Puna Miner,
punplo1,Charadrius alticola,,
punsni1,Gallinago andina,Puna Snipe,
punsun1,Kurochkinegramma hypogrammicum,Purple-naped Spiderhunter,
puntap1,Scytalopus simonsi,Puna Tapaculo,
puntea1,Spatula puna,Puna Teal,
punthi1,Asthenes helleri,Puna Thistletail,
puntin1,Tinamotis pentlandii,Puna Tinamou,
purbul1,Melopyrrha portoricensis,Puerto Rican Bullfinch,PUEB
purcoc1,Cochoa purpurea,Purple Cochoa,
pureme1,Riccordia maugaeus,Puerto Rican Emerald,
purfin,Haemorhous purpureus,Purple Finch,PUFI
purfly1,Myiarchus antillarum,Puerto Rican Flycatcher,PRFL
purgal2,Porphyrio martinica,Purple Gallinule,
purgre2,Granatina ianthinogaster,Purple Grenadier,
purher1,Ardea purpurea,Purple Heron,
purhon1,Cyanerpes caeruleus,Purple Honeycreeper,
purind1,Vidua purpurascens,Purple Indigobird,
purjac1,Galbula chalcothorax,Purplish Jacamar,
purjac2,Galbalcyrhynchus purusianus,Purus Jacamar,
purjay1,Cyanocorax cyanomelas,Purplish Jay,
purlic1,Coccyzus vieilloti,Puerto Rican Lizard Cuckoo,PRLC
purmar,Progne subis,Purple Martin,PUMA
purnee1,Hirundapus celebensis,Purple Needletail,
purnig1,Antrostomus noctitherus,Puerto Rican Nightjar,PRNI
purpar1,Amazona vittata,Puerto Rican Amazon,PRPA
purpar2,Psittacara maugei,Puerto Rican Parakeet,
purrol1,Eurystomus azureus,Azure Dollarbird,
pursan,Calidris maritima,Purple Sandpiper,PUSA
purspi,Spindalis portoricensis,Puerto Rican Spindalis,PRSP
pursun3,Leptocoma zeylonica,Purple-rumped Sunbird,
pursun4,Cinnyris asiaticus,Purple Sunbird,
purswa1,Porphyrio porphyrio,Purple Swamphen,PUSW
purswa2,Porphyrio madagascariensis,,
purswa3,Porphyrio poliocephalus,,
purswa4,Porphyrio indicus,,
purswa5,Porphyrio pulverulentus,,
purswa6,Porphyrio melanotus,,
purtan1,Nesospingus speculiferus,Puerto Rican Tanager,PRTA
purtod1,Todus mexicanus,Puerto Rican Tody,PRTO
purvir1,Vireo latimeri,Puerto Rican Vireo,PRVI
purwoo1,Melanerpes portoricensis,Puerto Rican Woodpecker,PRWO
putbab1,Pellorneum ruficeps,Puff-throated Babbler,
putbul1,Alophoixus pallidus,Puff-throated Bulbul,
putcar1,Eulampis jugularis,Purple-throated Carib,
putcot1,Porphyrolaema porphyrolaema,Purple-throated Cotinga,
putcus1,Campephaga quiscalina,Purple-throated Cuckooshrike,
puteup1,Euphonia chlorotica,Purple-throated Euphonia,
putfru1,Querula purpurata,Purple-throated Fruitcrow,
putsun1,Heliangelus viola,Purple-throated Sunangel,
putsun3,Leptocoma sperata,Purple-throated Sunbird,
putwoo1,Philodice mitchellii,Purple-throated Woodstar,
puvill1,Illadopsis puveli,Puvel's Illadopsis,
puwrol1,Coracias temminckii,Purple-winged Roller,
puyfin1,Sicalis lutea,Puna Yellow Finch,
pvttyr1,Hemitriccus margaritaceiventer,Pearly-vented Tody-Tyrant,
pwgdov1,Paraclaravis geoffroyi,Purple-winged Ground Dove,
pybfly1,Ficedula hodgsoni,Pygmy Flycatcher,
pycpet1,Pterodroma pycrofti,Pycroft's Petrel,
pygant1,Myrmotherula brachyura,Pygmy Antwren,
pygbab1,Dasycrotapha plateni,Mindanao Pygmy Babbler,
pygbat1,Batis perkeo,Pygmy Batis,
pygcor2,Microcarbo pygmaeus,Pygmy Cormorant,
pygcus1,Celebesia abbotti,,
pygfal1,Polihierax semitorquatus,Pygmy Falcon,
pygflo1,Dicaeum pygmaeum,Pygmy Flowerpecker,
pyghap1,Loriculus exilis,Pygmy Hanging Parrot,
pyghon1,Oedistoma pygmaeum,Pygmy Longbill,
pyglor1,Charminetta wilhelminae,Pygmy Lorikeet,
pygnig1,Nyctipolus hirundinaceus,Pygmy Nightjar,
pygnut,Sitta pygmaea,Pygmy Nuthatch,PYNU
pygsun2,Hedydipna platura,Pygmy Sunbird,
pygswi1,Tachornis furcata,Pygmy Palm Swift,
pygswi2,Collocalia troglodytes,Pygmy Swiftlet,
pygtit1,Psaltria exilis,,
pygwoo1,Yungipicus kizuki,Japanese Pygmy Woodpecker,
pyrrhu,Cardinalis sinuatus,Pyrrhuloxia,PYRR
pywbab1,Pnoepyga pusilla,Pygmy Cupwing,
pyweye1,Heleia squamifrons,Pygmy Heleia,
quailp1,Ortyxelos meiffrenii,Quail-plover,
quaind1,Vidua nigeriae,Quailfinch Indigobird,
quctin1,Eudromia formosa,Quebracho Crested Tinamou,
rabcur2,Mitu tuberosum,Razor-billed Curassow,
rabeat1,Merops ornatus,Rainbow Bee-eater,
rabgro1,Periporphyrus erythromelas,Red-and-black Grosbeak,
rablor1,Eos histrio,,
rabtho1,Chalcostigma herrani,Rainbow-bearded Thornbill,
rabthr1,Geokichla mendeni,Red-and-black Thrush,
racmal1,Malimbus racheliae,Rachel's Malimbe,
radacc1,Prunella ocularis,Radde's Accentor,
radshe1,Radjah radjah,Radjah Shelduck,
radwar1,Phylloscopus schwarzi,Radde's Warbler,
rafdov1,Ptilinopus huttoni,Rapa Fruit Dove,
rafmal1,Rhinortha chlorophaea,Raffles's Malkoha,
ragmac1,Ara chloropterus,Red-and-green Macaw,
railor1,,,
railor2,Trichoglossus capistratus,Marigold Lorikeet,
railor3,Trichoglossus forsteni,Sunset Lorikeet,
railor5,Trichoglossus moluccanus,Rainbow Lorikeet,
railor6,,,
railor7,Trichoglossus rubritorquis,Red-collared Lorikeet,
railor8,Trichoglossus weberi,Leaf Lorikeet,
raipar1,Cyanoramphus ulietanus,Raiatea Parakeet,
raipit1,Pitta iris,Rainbow Pitta,
raiqua1,Coturnix coromandelica,Rain Quail,
raista1,Coeligena iris,Rainbow Starfrontlet,
rampig1,Columba arquatrix,African Olive Pigeon,
ranwar1,Randia pseudozosterops,Rand's Warbler,
rarmon1,Pomarea dimidiata,Rarotonga Monarch,
rarsta1,Aplonis cinerascens,Rarotonga Starling,
rasowl1,Otus brookii,Rajah Scops Owl,
ratcis1,Cisticola chiniana,Rattling Cisticola,
ratcoq2,Discosura longicaudus,Racket-tipped Thorntail,
ratrol2,Coracias spatulatus,Racket-tailed Roller,
rattre1,Crypsirina temia,Racket-tailed Treepie,
rattre2,Temnurus temnurus,Ratchet-tailed Treepie,
rawant1,Grallaria erythroleuca,Red-and-white Antpitta,
rawcra1,Laterallus leucopyrrhus,,
rawspi2,Certhiaxis mustelinus,Red-and-white Spinetail,
rawwre1,Thryophilus rufalbus,Rufous-and-white Wren,
raybar1,Trachyphonus erythrocephalus,Red-and-yellow Barbet,
rayfin1,Sicalis raimondii,Raimondi's Yellow Finch,
raytan1,Thlypopsis ruficeps,Rust-and-yellow Tanager,
razorb,Alca torda,Razorbill,RAZO
razsky1,Alauda razae,Raso Lark,
rbbeat1,Nyctyornis amictus,Red-bearded Bee-eater,
rbbfin1,Atlapetes nationi,Rusty-bellied Brushfinch,
rbbmag,Urocissa erythroryncha,Red-billed Blue Magpie,
rbbrob1,Tarsiger hyperythrus,Rufous-breasted Bush Robin,
rbbtyr1,Myiotheretes fuscorufus,Rufous-bellied Bush Tyrant,
rbbwea1,Bubalornis niger,Red-billed Buffalo Weaver,
rbctyr1,Ochthoeca rufipectoralis,Rufous-breasted Chat-Tyrant,
rbdhor1,Lophoceros camurus,Red-billed Dwarf Hornbill,
rbfdov1,Ptilinopus greyi,Red-bellied Fruit Dove,
rbgcuc1,Neomorphus pucheranii,Red-billed Ground Cuckoo,
rbifin1,Incaspiza personata,Rufous-backed Inca Finch,
rbopar1,Paradisaea raggiana,Raggiana Bird-of-paradise,
rbopar2,Paradisaea rubra,Red Bird-of-paradise,
rbpkin1,Tanysiptera nympha,Red-breasted Paradise Kingfisher,
rbppar1,Micropsitta bruijnii,Red-breasted Pygmy Parrot,
rbptan1,Lamprospiza melanoleuca,Red-billed Pied Tanager,
rbsbab1,Pomatorhinus ochraceiceps,Red-billed Scimitar Babbler,
rbsfin1,Idiopsar dorsalis,Red-backed Sierra Finch,
rbsrob1,Cercotrichas leucophrys,White-browed Scrub Robin,
rbwbab1,Gypsophila rufipectus,Rusty-breasted Wren-Babbler,
rbwfin1,Poospiza rubecula,Rufous-breasted Warbling Finch,
rbwfin2,Microspingus erythrophrys,Rusty-browed Warbling Finch,
rbwqua1,Odontophorus speciosus,Rufous-breasted Wood Quail,
rcatan1,Habia rubica,Red-crowned Ant Tanager,
rcbfin1,Atlapetes pileatus,Rufous-capped Brushfinch,
rcfdov1,Ptilinopus regina,Rose-crowned Fruit Dove,
rcgspa1,Melozone kieneri,Rusty-crowned Ground Sparrow,
rcmbab1,Turdoides rufocinctus,Red-collared Babbler,
rcnthr1,Catharus frantzii,Ruddy-capped Nightingale-Thrush,
rcqdov1,Zentrygon goldmani,Russet-crowned Quail-Dove,
rcrcha1,Cossypha natalensis,Red-capped Robin-Chat,
rcsbab1,Erythrogenys erythrogenys,Rusty-cheeked Scimitar Babbler,
rctspi1,Leptasthenura pileata,Rusty-crowned Tit-Spinetail,
rcttyr1,Poecilotriccus ruficeps,Rufous-crowned Tody-Flycatcher,
rcweye1,Platysteira blissetti,Red-cheeked Wattle-eye,
rdjant1,Cercomacra brasiliana,Rio de Janeiro Antbird,
rdjant2,Myrmotherula fluminensis,Rio de Janeiro Antwren,
rebbla1,Leistes militaris,Red-breasted Meadowlark,
rebbrt1,Talegalla cuvieri,Red-billed Brushturkey,
rebbus1,Clytoctantes alixii,Recurve-billed Bushbird,
rebbut2,Turnix maculosus,Red-backed Buttonquail,
rebcha1,Granatellus venustus,Red-breasted Chat,
rebcho1,Pyrrhocorax pyrrhocorax,Red-billed Chough,
rebcou1,Coua serriana,Red-breasted Coua,
rebcur1,Crax blumenbachii,Red-billed Curassow,
rebdot1,Charadrius obscurus,,
rebduc1,Anas erythrorhyncha,Red-billed Teal,
rebeme1,Chlorostilbon gibsoni,Red-billed Emerald,
rebfai1,Malurus melanocephalus,Red-backed Fairywren,
rebfin1,Atlapetes rufigenis,Rufous-eared Brushfinch,
rebfir1,Neochmia temporalis,Red-browed Finch,
rebfir2,Lagonosticta senegala,Red-billed Firefinch,
rebflo1,Dicaeum eximium,Red-banded Flowerpecker,
rebfly,Ficedula parva,Red-breasted Flycatcher,
rebfra1,Pternistis adspersus,Red-billed Spurfowl,
rebfru1,Pipreola whitelyi,Red-banded Fruiteater,
rebgoo1,Branta ruficollis,Red-breasted Goose,
rebgra1,Hypopyrrhus pyrohypogaster,Red-bellied Grackle,
rebhaw2,Geranoaetus polyosoma,Variable Hawk,
rebhor1,Tockus erythrorhynchus,Northern Red-billed Hornbill,
rebkin2,Todiramphus pyrrhopygius,Red-backed Kingfisher,
reblei,Leiothrix lutea,Red-billed Leiothrix,RBLE
rebmac2,Orthopsittaca manilatus,Red-bellied Macaw,
rebmal1,Malimbus erythrogaster,Red-bellied Malimbe,
rebmal2,Zanclostomus javanicus,Red-billed Malkoha,
rebmer,Mergus serrator,Red-breasted Merganser,RBME
rebmou1,Colius castanotus,Red-backed Mousebird,
rebmyz1,Myzomela malaitae,Red-vested Myzomela,
rebnut,Sitta canadensis,Red-breasted Nuthatch,RBNU
reboxp1,Buphagus erythrorynchus,,
rebpar1,Poicephalus rufiventris,Red-bellied Parrot,
rebpar2,Pionus sordidus,Red-billed Parrot,
rebpar3,Arborophila rubrirostris,Red-billed Partridge,
rebpar4,Psittacula alexandri,Red-breasted Parakeet,
rebpar5,Arborophila hyperythra,Red-breasted Partridge,
rebpar6,Pardalotus rubricatus,Red-browed Pardalote,
rebpar7,Amazona rhodocorytha,Red-browed Amazon,
rebpig1,Patagioenas flavirostris,Red-billed Pigeon,RBPI
rebpit1,Erythropitta erythrogaster,Philippine Pitta,
rebpyt1,Pytilia lineata,Red-billed Pytilia,
rebque1,Quelea quelea,Red-billed Quelea,
rebsap,Sphyrapicus ruber,Red-breasted Sapsucker,RBSA
rebscy1,Campylorhamphus trochilirostris,Red-billed Scythebill,
rebshr1,Lanius collurio,Red-backed Shrike,
rebsta1,Spodiopsar sericeus,Red-billed Starling,
rebtou2,Ramphastos dicolorus,Red-breasted Toucan,
rebtre1,Climacteris erythrops,Red-browed Treecreeper,
rebtro,Phaethon aethereus,Red-billed Tropicbird,RBTR
rebtyr2,Zimmerius cinereicapilla,Red-billed Tyrannulet,
rebwhe1,Oenanthe bottae,Buff-breasted Wheatear,
rebwoo,Melanerpes carolinus,Red-bellied Woodpecker,RBWO
rebwoo1,Hylexetastes perrotii,Red-billed Woodcreeper,
rebwoo4,,,
recbar1,Psilopogon rafflesii,Red-crowned Barbet,
recbus1,Eupodotis ruficrista,,
recbut1,Turnix pyrrhothorax,Red-chested Buttonquail,
reccar,Paroaria coronata,Red-crested Cardinal,RCCA
reccar2,Paroaria dominicana,Red-cowled Cardinal,
reccar3,Paroaria nigrogenis,Masked Cardinal,
reccar4,Paroaria gularis,Red-capped Cardinal,
reccor,Uraeginthus bengalus,Red-cheeked Cordon-bleu,RCCO
reccot1,Ampelion rubrocristatus,Red-crested Cotinga,
reccou1,Coua ruficeps,Red-capped Coua,
reccra1,Grus japonensis,Red-crowned Crane,
reccro1,Sylvietta ruficapilla,Red-capped Crombec,
reccuc1,Cuculus solitarius,Red-chested Cuckoo,
recdov1,Streptopelia tranquebarica,Red Collared Dove,
recfin1,Coryphospingus cucullatus,Red Pileated Finch,
recflo1,Dicaeum geelvinkianum,Red-capped Flowerpecker,
recflo2,Dicaeum maugei,Red-chested Flowerpecker,
recflu1,Sarothrura rufa,Red-chested Flufftail,
recgos1,Accipiter toussenelii,,
reclar1,Calandrella cinerea,Red-capped Lark,
reclor1,Vini rubrigularis,Red-chinned Lorikeet,
recmal1,Dasylophus superciliosus,Rough-crested Malkoha,
recmal2,Malimbus coronatus,Red-crowned Malimbe,
recman1,Ceratopipra mentalis,Red-capped Manakin,
recmyz1,Myzomela rosenbergii,Red-collared Myzomela,
recowl1,Glaucidium tephronotum,Red-chested Owlet,
recpar,Amazona viridigenalis,Red-crowned Amazon,RCPA
recpar1,Purpureicephalus spurius,Red-capped Parrot,
recpar2,Geoffroyus geoffroyi,Red-cheeked Parrot,
recpar3,Pionopsitta pileata,Pileated Parrot,
recplo1,Charadrius ruficapillus,,
recpoc,Netta rufina,Red-crested Pochard,
recrob1,Petroica goodenovii,Red-capped Robin,
recsun2,Cinnyris erythrocercus,Red-chested Sunbird,
recswa1,Hirundo lucida,Red-chested Swallow,
rectur1,Tauraco erythrolophus,Red-crested Turaco,
recwid1,Euplectes ardens,Red-collared Widowbird,
recwoo,Dryobates borealis,,RCWO
recwoo1,Melanerpes rubricapillus,Red-crowned Woodpecker,
recwoo2,Picus rabieri,Red-collared Woodpecker,
redava,Amandava amandava,Red Avadavat,REAV
redbis,Euplectes orix,Southern Red Bishop,
redcro,Loxia curvirostra,Red Crossbill,RECR
redcro9,Loxia sinesciuris,Cassia Crossbill,CACR
redegr,Egretta rufescens,Reddish Egret,REEG
redfod1,Foudia madagascariensis,Red Fody,
redgos1,Erythrotriorchis radiatus,Red Goshawk,
redhea,Aythya americana,Redhead,REDH
redher1,Phaethornis ruber,Reddish Hermit,
redjun,Gallus gallus,Red Junglefowl,
redkit1,Milvus milvus,Red Kite,
redkno,Calidris canutus,Red Knot,REKN
redlor1,Eos bornea,,
redmyz1,Myzomela cruentata,Red Myzomela,
redpha1,Phalaropus fulicarius,Red Phalarope,REPH
redrai1,Aphanapteryx bonasia,Red Rail,
redsho1,Spatula platalea,Red Shoveler,
redsis1,Spinus cucullatus,Red Siskin,RESI
redspu1,Galloperdix spadicea,Red Spurfowl,
redthr1,Pyrrholaemus brunneus,Redthroat,
redwar1,Cardellina rubra,Red Warbler,
redwat1,Anthochaera carunculata,Red Wattlebird,
redwin,Turdus iliacus,Redwing,REDW
reebul1,Pycnonotus brunneus,Asian Red-eyed Bulbul,
reebun,Emberiza schoeniclus,Common Reed Bunting,REBU
reedov1,Streptopelia semitorquata,Red-eyed Dove,
reefir1,Stagonopleura oculata,Red-eared Firetail,
reepar1,Pyrrhura hoematotis,Blood-eared Parakeet,
reepar2,Erythrura coloria,Red-eared Parrotfinch,
reepar3,Calamornis heudei,,
reephe1,Syrmaticus reevesii,Reeves's Pheasant,
reepuf1,Dryoscopus senegalensis,Red-eyed Puffback,
reevir,,,
refant1,Parmoptila rubrifrons,Red-fronted Antpecker,
refbar1,Lybius rubrifacies,Red-faced Barbet,
refbar2,Tricholaema diademata,Red-fronted Barbet,
refblu,Tarsiger cyanurus,Red-flanked Bluetail,RFBL
refboo,Sula sula,Red-footed Booby,RFBO
refcis1,Cisticola erythrops,Red-faced Cisticola,
refcoo1,Fulica rufifrons,Red-fronted Coot,
refcor,Urile urile,Red-faced Cormorant,RFCO
refcou1,Coua reynaudii,Red-fronted Coua,
refcro1,Sylvietta whytii,Red-faced Crombec,
refdov1,Ptilinopus fischeri,,
reffal1,Falco vespertinus,Red-footed Falcon,
refgua1,Penelope dabbenei,Red-faced Guan,
reflio2,Liocichla phoenicea,Red-faced Liocichla,
reflio3,Liocichla ripponi,Scarlet-faced Liocichla,
reflor1,Hypocharmosyna placentis,Red-flanked Lorikeet,
reflor2,Hypocharmosyna rubronotata,Red-fronted Lorikeet,
refmac1,Ara rubrogenys,Red-fronted Macaw,
refmal1,Phaenicophaeus pyrrhocephalus,Red-faced Malkoha,
refmou1,Urocolius indicus,Red-faced Mousebird,
refpar1,Touit costaricensis,Red-fronted Parrotlet,
refpar2,Hapalopsittaca pyrrhops,Red-faced Parrot,
refpar3,Deroptyus accipitrinus,Red-fan Parrot,
refpar4,Cyanoramphus novaezelandiae,Red-crowned Parakeet,
refpar5,Poicephalus gulielmi,Red-fronted Parrot,
refpyt1,Pytilia hypogrammica,Yellow-winged Pytilia,
refros1,Carpodacus puniceus,Red-fronted Rosefinch,
refspi1,Cranioleuca erythrops,Red-faced Spinetail,
reftin1,Pogoniulus pusillus,Southern Red-fronted Tinkerbird,
refwar,Cardellina rubrifrons,Red-faced Warbler,RFWA
refwar2,Prinia rufifrons,Red-fronted Prinia,
regbow1,Sericulus chrysocephalus,Regent Bowerbird,
regcoo1,Fulica armillata,Red-gartered Coot,
reghon1,Anthochaera phrygia,Regent Honeyeater,
regpar1,Polytelis anthopeplus,Regent Parrot,
regsun2,Cinnyris regius,Regal Sunbird,
regwhi1,Pachycephala schlegelii,Regent Whistler,
rehbar1,Eubucco bourcierii,Red-headed Barbet,
rehblu1,Spermophaga ruficapilla,Red-headed Bluebill,
rehbul1,Pyrrhula erythrocephala,Red-headed Bullfinch,
rehbun1,Emberiza bruniceps,Red-headed Bunting,
rehcis2,Cisticola subruficapilla,Grey-backed Cisticola,
rehfin1,Amadina erythrocephala,Red-headed Finch,
rehfla1,Chrysocolaptes erythrocephalus,Red-headed Flameback,
rehfod1,Foudia eminentissima,Comoro Fody,
rehfod3,Foudia aldabrana,Aldabra Fody,
rehlov1,Agapornis pullarius,Red-headed Lovebird,
rehmal1,Malimbus rubricollis,Red-headed Malimbe,
rehman1,Ceratopipra rubrocapilla,Red-headed Manakin,
rehmyz1,Myzomela erythrocephala,Red-headed Myzomela,
rehpar1,Erythrura cyaneovirens,Royal Parrotfinch,
rehque1,Quelea erythrops,Red-headed Quelea,
rehtan1,Piranga erythrocephala,Red-headed Tanager,
rehtan2,Piranga rubriceps,Red-hooded Tanager,
rehtro1,Harpactes erythrocephalus,Red-headed Trogon,
rehvul1,Sarcogyps calvus,Red-headed Vulture,
rehwea1,Anaplectes rubriceps,Red-headed Weaver,
rehwoo,Melanerpes erythrocephalus,Red-headed Woodpecker,RHWO
reifir1,Lagonosticta umbrinodorsalis,Chad Firefinch,
reipar1,Cyanoramphus hochstetteri,,
reisee1,Crithagra reichardi,Reichard's Seedeater,
reisee2,Crithagra reichenowi,Reichenow's Seedeater,
reisun2,Anabathmis reichenbachii,Reichenbach's Sunbird,
reityr1,Phyllomyias reiseri,Reiser's Tyrannulet,
reiwoo1,Campethera scriptoricauda,Speckle-throated Woodpecker,
rekcoo1,Fulica cristata,Red-knobbed Coot,
rekdot1,Erythrogonys cinctus,Red-kneed Dotterel,
rekflo1,Dicaeum haematostictum,Black-belted Flowerpecker,
relcor1,Poikilocarbo gaimardi,Red-legged Cormorant,
relcra1,Rallina fasciata,Red-legged Crake,
relgul2,Ichthyaetus relictus,Relict Gull,
relhon1,Cyanerpes cyaneus,Red-legged Honeycreeper,
relkit,Rissa brevirostris,Red-legged Kittiwake,RLKI
relpar,Amazona autumnalis,Red-lored Amazon,
relpar1,Alectoris rufa,Red-legged Partridge,
relpar4,,,
relser1,Cariama cristata,Red-legged Seriema,
relthr1,Turdus plumbeus,Western Red-legged Thrush,RLTH
reltin1,Crypturellus erythropus,Red-legged Tinamou,
relwhi1,Pachycephala rufogularis,Red-lored Whistler,
rempar,Psittacara erythrogenys,Red-masked Parakeet,RMPA
remros1,Carpodacus rhodochlamys,Red-mantled Rosefinch,
renara1,Pteroglossus bitorquatus,Red-necked Aracari,
renavo1,Recurvirostra novaehollandiae,Red-necked Avocet,
renbus1,Laniarius ruficeps,Red-naped Bushshrike,
renbuz1,Buteo auguralis,Red-necked Buzzard,
rencra1,Rallina tricolor,Red-necked Crake,
renfal1,Falco chicquera,Red-necked Falcon,
renfan1,Rhipidura rennelliana,Rennell Fantail,
renfra1,Pternistis afer,Red-necked Spurfowl,
rengre,Podiceps grisegena,Red-necked Grebe,RNGR
renibi1,Pseudibis papillosa,Red-naped Ibis,
rennig1,Caprimulgus ruficollis,Red-necked Nightjar,
renpar1,Amazona arausiaca,Red-necked Amazon,
renpha,Phalaropus lobatus,Red-necked Phalarope,RNPH
rensap,Sphyrapicus nuchalis,Red-naped Sapsucker,RNSA
renshr1,Clytorhynchus hamlini,Rennell Shrikebill,
rensta1,Aplonis insularis,Rennell Starling,
rensti,Calidris ruficollis,Red-necked Stint,RNST
rentan1,Tangara cyanocephala,Red-necked Tanager,
rentro1,Harpactes kasumba,Red-naped Trogon,
renwhi1,Pachycephala feminina,Rennell Whistler,
renwoo1,Campephilus rubricollis,Red-necked Woodpecker,
repcis1,Cisticola ruficeps,Red-pate Cisticola,
rercac1,Cacicus haemorrhous,Red-rumped Cacique,
rerfru1,Pyroderus scutatus,Red-ruffed Fruitcrow,
rerpar1,Psephotus haematonotus,Red-rumped Parrot,
rerswa1,Cecropis daurica,Eastern Red-rumped Swallow,
rerswa3,,,
rertin1,Pogoniulus atroflavus,Red-rumped Tinkerbird,
rerwax1,Brunhilda charmosyna,Black-cheeked Waxbill,
rerwhe1,Oenanthe moesta,Red-rumped Wheatear,
rerwoo1,Dryobates kirkii,,
resbla1,Agelaius assimilis,Red-shouldered Blackbird,
rescus1,Campephaga phoenicea,Red-shouldered Cuckooshrike,
resflo1,Dicaeum australe,Red-keeled Flowerpecker,
resfly1,Myiagra inquieta,Restless Flycatcher,
reshaw,Buteo lineatus,Red-shouldered Hawk,RSHA
resmac2,Diopsittaca nobilis,Red-shouldered Macaw,
resowl1,Otus rufescens,Reddish Scops Owl,
respar1,Prosopeia tabuensis,Maroon Shining Parrot,
respar2,Amazona pretrei,Red-spectacled Amazon,
resque1,Pharomachrus mocinno,Resplendent Quetzal,
resspi2,Synallaxis hellmayri,Red-shouldered Spinetail,
resswa2,Petrochelidon perdita,Red Sea Cliff Swallow,
restan1,Tachyphonus phoenicius,Red-shouldered Tanager,
restyr1,Phylloscartes kronei,Restinga Tyrannulet,
resvan1,Calicalicus rufocarpalis,Red-shouldered Vanga,
reswar1,Curruca leucomelaena,Arabian Warbler,
reswoo1,Dryobates affinis,,
retale1,Chamaetylas poliophrys,Red-throated Alethe,
retbar1,Psilopogon mystacophanos,Red-throated Barbet,
retcar2,Ibycter americanus,Red-throated Caracara,
retcom1,Sappho sparganurus,Red-tailed Comet,
retgre1,Criniger calurus,Red-tailed Greenbul,
rethaw,Buteo jamaicensis,Red-tailed Hawk,RTHA
rethel1,Prionops retzii,Retz's Helmetshrike,
retlau1,Trochalopteron milnei,Red-tailed Laughingthrush,
retloo,Gavia stellata,Red-throated Loon,RTLO
retlor1,Vini amabilis,Red-throated Lorikeet,
retmin1,Minla ignotincta,Red-tailed Minla,
retmyz1,Myzomela eques,Ruby-throated Myzomela,
retnew1,Newtonia fanovanae,Red-tailed Newtonia,
retpar1,Amazona brasiliensis,Red-tailed Amazon,
retpar3,Erythrura psittacea,Red-throated Parrotfinch,
retpip,Anthus cervinus,Red-throated Pipit,RTPI
retspa1,Accipiter erythropus,,
retsun2,Nectarinia johnstoni,Scarlet-tufted Sunbird,
retsun3,Anthreptes rhodolaemus,Red-throated Sunbird,
retswa2,Petrochelidon rufigula,Red-throated Cliff Swallow,
retthr1,Turdus ruficollis,Red-throated Thrush,
rettit2,Melaniparus fringillinus,Red-throated Tit,
rettro,Phaethon rubricauda,Red-tailed Tropicbird,RTTR
retvan1,Calicalicus madagascariensis,Red-tailed Vanga,
retwhe1,,,
retwhe2,Oenanthe chrysopygia,Red-tailed Wheatear,
reubul1,Hypsipetes borbonicus,Reunion Bulbul,
reucus1,Lalage newtoni,Reunion Cuckooshrike,
reuhar2,Circus maillardi,Reunion Harrier,
reuhar3,Circus macrosceles,Malagasy Harrier,
reukes1,Falco duboisi,Reunion Kestrel,
reunih1,Nycticorax duboisi,Reunion Night Heron,
reurai1,Dryolimnas augusti,Reunion Rail,
reusco1,Otus grucheti,Reunion Scops Owl,
reushe1,Alopochen kervazoi,Reunion Sheldgoose,
reusol1,Threskiornis solitarius,Reunion Ibis,
reusta1,Fregilupus varius,Hoopoe Starling,
reusto1,Saxicola tectes,Reunion Stonechat,
reuwhe1,Zosterops olivaceus,Reunion Olive White-eye,
revbar1,Psilopogon lagrandieri,Red-vented Barbet,
revbul,Pycnonotus cafer,Red-vented Bulbul,RVBU
revmal1,Malimbus scutatus,Red-vented Malimbe,
rewbla,Agelaius phoeniceus,Red-winged Blackbird,RWBL
rewbul,Pycnonotus jocosus,Red-whiskered Bulbul,RWBU
reweye1,Zosterops rennellianus,Rennell White-eye,
rewfai1,Malurus elegans,Red-winged Fairywren,
rewfra2,Scleroptila levaillantii,Red-winged Francolin,
rewlap1,Vanellus indicus,Red-wattled Lapwing,
rewlar1,Mirafra hypermetra,,
rewlau1,Trochalopteron formosum,Red-winged Laughingthrush,
rewpar1,Aprosmictus erythropterus,Red-winged Parrot,
rewpri1,Prinia erythroptera,Red-winged Prinia,
rewpyt1,Pytilia phoenicoptera,Red-winged Pytilia,
rewsta1,Onychognathus morio,Red-winged Starling,
rewtin1,Rhynchotus rufescens,Red-winged Tinamou,
rfcwin1,Cryptospiza reichenovii,Red-faced Crimsonwing,
rfwqua1,Odontophorus erythrops,Rufous-fronted Wood Quail,
rfwwar1,Phylloscopus laetus,Red-faced Woodland Warbler,
rhgrol1,Atelornis crossleyi,Rufous-headed Ground Roller,
rhiauk,Cerorhinca monocerata,Rhinoceros Auklet,RHAU
rhihor1,Buceros rhinoceros,Rhinoceros Hornbill,
rhptyr1,Pseudotriccus ruficeps,Rufous-headed Pygmy Tyrant,
ribant1,Cercomacra carbonaria,Rio Branco Antbird,
ribgul,Larus delawarensis,Ring-billed Gull,RBGU
ricpip1,Anthus richardi,Richard's Pipit,
ridhaw1,Buteo ridgwayi,Ridgway's Hawk,
ridrai1,Rallus obsoletus,Ridgway's Rail,
ridswi1,Collocalia isonota,Ridgetop Swiftlet,
riflem1,Acanthisitta chloris,Rifleman,
rimrew1,Acrocephalus rimitarae,Rimatara Reed Warbler,
rinant2,Corythopis torquatus,Ringed Antpipit,
rindov,Streptopelia capicola,Ring-necked Dove,
rinduc,Aythya collaris,Ring-necked Duck,RNDU
rinfra2,Scleroptila streptophora,Ring-necked Francolin,
rinkin1,Megaceryle torquata,Ringed Kingfisher,RIKI
rinouz1,Turdus torquatus,Ring Ouzel,
rinphe,Phasianus colchicus,Common Pheasant,
rinphe2,,,
rinsco1,Otus jolandae,Rinjani Scops Owl,
rintea1,Callonetta leucophrys,Ringed Teal,
rinwoo1,Celeus torquatus,Ringed Woodpecker,
riospi1,Synallaxis beverlyae,Rio Orinoco Spinetail,
risant1,Myrmotherula sunensis,Rio Suno Antwren,
rispet1,Hydrobates hornbyi,Ringed Storm Petrel,
ritast1,Astrapia mayeri,Ribbon-tailed Astrapia,
ritdro1,Dicrurus megarhynchus,Paradise Drongo,
ritpig,Patagioenas caribaea,Ring-tailed Pigeon,
rivlap1,Vanellus duvaucelii,River Lapwing,
rivpri1,Prinia fluviatilis,River Prinia,
rivter1,Sterna aurantia,River Tern,
rivtyr1,Serpophaga hypoleuca,River Tyrannulet,
rivtyr2,Knipolegus orenocensis,Riverside Tyrant,
rivwar1,Myiothlypis rivularis,Riverbank Warbler,
rivwre1,Cantorchilus semibadius,Riverside Wren,
riwfin1,Microspingus torquatus,Ringed Warbling Finch,
rkipig1,Ducula rubricera,Red-knobbed Imperial Pigeon,
rmfdov1,Ptilinopus mercierii,Red-moustached Fruit Dove,
rnbfin1,Atlapetes rufinucha,Bolivian Brushfinch,
rnfdov1,Ptilinopus dohertyi,Red-naped Fruit Dove,
rnfgle1,Syndactyla ruficollis,Rufous-necked Foliage-gleaner,
rngtyr1,Muscisaxicola rufivertex,Rufous-naped Ground Tyrant,
rnwrai1,Aramides axillaris,Rufous-necked Wood Rail,
roahaw,Rupornis magnirostris,Roadside Hawk,ROHA
robacc1,Prunella rubeculoides,Robin Accentor,
robbun1,Passerina rositae,Rose-bellied Bunting,
robcha1,Granatellus pelzelni,Rose-breasted Chat,
robeat1,Merops malimbicus,Rosy Bee-eater,
robgro,Pheucticus ludovicianus,Rose-breasted Grosbeak,RBGR
robpoc1,Netta peposaca,Rosy-billed Pochard,
robpri1,Oreophilais robertsi,Roberts's Warbler,
robqua1,Perdicula argoondah,Rock Bush Quail,
robwhe1,Zosterops strenuus,Robust White-eye,
robwoo1,Campephilus robustus,Robust Woodpecker,
rocbun1,Emberiza cia,Rock Bunting,
rocear1,Ochetorhynchus andaecola,Rock Earthcreeper,
rocfir1,Lagonosticta sanguinodorsalis,Rock Firefinch,
rocmar1,,,
rocmar2,Ptyonoprogne fuligula,Large Rock Martin,
rocnut1,Sitta neumayer,Western Rock Nuthatch,
rocpar1,Neophema petrophila,Rock Parrot,
rocpar2,Alectoris graeca,Rock Partridge,
rocpen1,Eudyptes chrysocome,Western Rockhopper Penguin,ROCP
rocpen4,Eudyptes moseleyi,Northern Rockhopper Penguin,
rocpet1,Petronia petronia,Rock Sparrow,
rocpig,Columba livia,Rock Dove,
rocpih1,Lipaugus streptophorus,Rose-collared Piha,
rocpip1,Anthus petrosus,European Rock Pipit,
rocpra1,Glareola nuchalis,Rock Pratincole,
rocpta1,Lagopus muta,Rock Ptarmigan,
rocsan,Calidris ptilocnemis,Rock Sandpiper,ROSA
rocsun2,Cinnyris rockefelleri,Rockefeller's Sunbird,
roctap1,Scytalopus petrophilus,Rock Tapaculo,
rocwar1,Origma solitaria,Rockwarbler,
rocwre,Salpinctes obsoletus,Rock Wren,ROWR
rodbrw1,Acrocephalus rodericanus,Rodrigues Warbler,
rodfod1,Foudia flavicans,Rodrigues Fody,
rodnih1,Nycticorax megacephalus,Rodrigues Night Heron,
rodpar1,Necropsittacus rodricanus,Rodrigues Parrot,
rodrai1,Erythromachus leguati,Rodrigues Rail,
rodsco1,Otus murivorus,Rodrigues Scops Owl,
rodsol2,Pezophaps solitaria,Rodrigues Solitaire,
rodsta2,Necropsar rodericanus,Rodrigues Starling,
rodtud1,Nesoenas rodericanus,Rodrigues Pigeon,
roeowl1,Bubo bengalensis,Indian Eagle-Owl,
rofpar2,Pyrilia pulchra,Rose-faced Parrot,
rofpar3,Pyrrhura roseifrons,Rose-fronted Parakeet,
rofsha1,Leucocarbo carunculatus,New Zealand King Shag,
rohpar1,Pyrrhura rhodocephala,Rose-crowned Parakeet,
rolcis1,,,
rolcis3,,,
rolhaw,Buteo lagopus,Rough-legged Buzzard,RLHA
roltyr1,Phyllomyias burmeisteri,,
roltyr2,,,
rolwar1,Phylloscopus rotiensis,Rote Leaf Warbler,
romboo1,Ninox spilonotus,Romblon Boobook,
ronbus1,Clytoctantes atrogularis,Rondonia Bushbird,
ronwaa1,Hypocnemis ochrogyna,Rondonia Warbling Antbird,
rook1,Corvus frugilegus,Rook,
ropbus1,Rhodophoneus cruentus,Rosy-patched Bushshrike,
rorant1,Herpsilochmus roraimae,Roraiman Antwren,
rorant2,Myrmelastes saturatus,Roraiman Antbird,
rorbar1,Roraimia adusta,Roraiman Barbtail,
rorfly1,Myiophobus roraimae,Roraiman Flycatcher,
rornig1,Setopagis whitelyi,,
rorpar,Psittacula krameri,Rose-ringed Parakeet,RRPA
rosgoo,Anser rossii,Ross's Goose,ROGO
rosgul,Rhodostethia rosea,Ross's Gull,ROGU
rosmin1,Pericrocotus roseus,Rosy Minivet,
rospip1,Anthus roseatus,Rosy Pipit,
rosrob1,Petroica rosea,Rose Robin,
rosspo1,Platalea ajaja,Roseate Spoonbill,ROSP
rossta2,Pastor roseus,Rosy Starling,
roster,Sterna dougallii,Roseate Tern,ROST
rostur1,Musophaga rossae,,
rotbec,Pachyramphus aglaiae,Rose-throated Becard,RTBE
rotlon1,Macronyx ameliae,Rosy-throated Longclaw,
rotman1,Ceratopipra chloromeros,Round-tailed Manakin,
rotmyz1,Myzomela chermesina,Rotuma Myzomela,
rotmyz2,Myzomela irianawidodoae,Rote Myzomela,
rotswi1,Cypseloides rothschildi,Rothschild's Swift,
rottan1,Piranga roseogularis,Rose-throated Tanager,
rottan2,Rhodinocichla rosea,Rosy Thrush-tanager,
rotwhe1,Zosterops rotensis,Rota White-eye,ROWE
rourai1,Rougetius rougetii,Rouget's Rail,
rovrai1,Gallirallus rovianae,Roviana Rail,
royalb1,Diomedea epomophora,Southern Royal Albatross,ROAL
royalb3,,,
roycin1,Cinclodes aricomae,Royal Cinclodes,
royfly1,Onychorhynchus coronatus,Tropical Royal Flycatcher,
royfly2,,,
royfly3,,,
royfly5,,,
roypar1,Erythrura regia,,
roypen1,Eudyptes schlegeli,Royal Penguin,ROYP
royspo1,Platalea regia,Royal Spoonbill,
roysun1,Heliangelus regalis,Royal Sunangel,
royter1,Thalasseus maximus,Royal Tern,ROYT
royter2,Thalasseus albididorsalis,West African Crested Tern,
rrbtyr1,Cnemarchus erythropygius,Red-rumped Bush Tyrant,
rrwfin1,Microspingus lateralis,Buff-throated Warbling Finch,
rsptyr1,Euscarthmus rufomarginatus,Rufous-sided Scrub Tyrant,
rswfin1,Poospizopsis hypochondria,,
rtatan1,Habia fuscicauda,,
rtathr1,Neocossyphus rufus,Red-tailed Ant Thrush,
rtbcoc1,Calyptorhynchus banksii,Red-tailed Black Cockatoo,
rtbcuc1,Chrysococcyx ruficollis,,
rtbeat1,Merops bulocki,Red-throated Bee-eater,
rthhum,Archilochus colubris,Ruby-throated Hummingbird,RTHU
rtlhum,Amazilia tzacatl,Rufous-tailed Hummingbird,RUFH
rtpgua1,Pipile cujubi,Red-throated Piping Guan,
rtpthr1,Cichladusa ruficauda,Rufous-tailed Palm Thrush,
rtrthr1,Monticola saxatilis,Common Rock Thrush,
rtsrob1,,,
rtwbab1,Spelaeornis caudatus,Rufous-throated Wren-Babbler,
rtweye1,Madanga ruficollis,,
ruacha1,Myrmecocichla collaris,,
rubacc1,Prunella strophiata,Rufous-breasted Accentor,
rubaka1,Sheppardia aurantiithorax,Rubeho Akalat,
rubant1,Formicarius rufipectus,Rufous-breasted Antthrush,
rubant2,Dysithamnus xanthopterus,Rufous-backed Antvireo,
rubant3,Isleria guttata,Rufous-bellied Antwren,
rubant4,Formicivora rufa,Rusty-backed Antwren,
rubant5,Grallaricula ferrugineipectus,Rusty-breasted Antpitta,
rubant7,Grallaricula leymebambae,Rufous-breasted Antpitta,
rubbun1,Emberiza jankowskii,Jankowski's Bunting,
rubcha1,Ortalis wagleri,Rufous-bellied Chachalaca,
rubcon1,Conirostrum rufum,Rufous-browed Conebill,
rubcra1,Zapornia fusca,Ruddy-breasted Crake,
rubeag2,Lophotriorchis kienerii,Rufous-bellied Eagle,
rubeup1,Euphonia rufiventris,Rufous-bellied Euphonia,
rubfan1,Rhipidura rufidorsa,Rufous-backed Fantail,
rubfan2,Rhipidura teysmanni,Sulawesi Fantail,
rubfan3,Rhipidura sulaensis,Taliabu Fantail,
rubfly1,Cyornis ruckii,Rück's Blue Flycatcher,
rubfly2,Leptopogon rufipectus,Rufous-breasted Flycatcher,
rubfly3,Anthipes solitaris,Rufous-browed Flycatcher,
rubhel1,Prionops rufiventris,Rufous-bellied Helmetshrike,
rubhem1,Poospiza rufosuperciliaris,Rufous-browed Hemispingus,
rubher,Glaucis hirsutus,Rufous-breasted Hermit,
rubher2,Ardeola rufiventris,Rufous-bellied Heron,
rubhon1,Ptiloprora guisei,Rufous-backed Honeyeater,
rubhon2,Conopophila albogularis,Rufous-banded Honeyeater,
rubkoo1,Dacelo gaudichaud,Rufous-bellied Kookaburra,
rublea1,Sclerurus scansor,Rufous-breasted Leaftosser,
rubmin1,Geositta rufipennis,Rufous-banded Miner,
rubmon1,Neoxolmis rubetra,Rusty-backed Monjita,
rubnig1,Lurocalis rufiventris,Rufous-bellied Nighthawk,
rubnil1,Niltava sundara,Rufous-bellied Niltava,
rubnun1,Nonnula rubecula,Rusty-breasted Nunlet,
ruboro1,Psarocolius angustifrons,Russet-backed Oropendola,
rubowl2,Strix hylophila,Rusty-barred Owl,
rubowl3,Ciccaba albitarsis,,
rubpep1,Cyclarhis gujanensis,Rufous-browed Peppershrike,
rubpic1,Picumnus rufiventris,Rufous-breasted Piculet,
rubred2,Phoenicurus erythronotus,Eversmann's Redstart,
rubrob,Turdus rufopalliatus,Rufous-backed Thrush,RBRO
rubsab1,Campylopterus hyperythrus,Rufous-breasted Sabrewing,
rubsal1,Pseudosaltator rufiventris,Rufous-bellied Mountain Tanager,
rubsee1,Sporophila minuta,Ruddy-breasted Seedeater,
rubsee2,Attagis gayi,Rufous-bellied Seedsnipe,
rubsho1,Brachypteryx hyperythra,Rusty-bellied Shortwing,
rubsib1,Leioptila annectens,Rufous-backed Sibia,
rubsol1,Cichlopsis leucogenys,Rufous-brown Solitaire,
rubspi2,Synallaxis erythrothorax,Rufous-breasted Spinetail,
rubspi3,Synallaxis zimmeri,Russet-bellied Spinetail,
rubspi4,Cranioleuca vulpina,Rusty-backed Spinetail,
rubspi5,Cranioleuca dissita,Coiba Spinetail,
rubswa1,Cecropis badia,Rufous-bellied Swallow,
rubtap1,Liosceles thoracicus,Rusty-belted Tapaculo,
rubthr1,Turdus rufiventris,Rufous-bellied Thrush,
rubthr2,Geokichla erythronota,Red-backed Thrush,
rubtit2,,,
rubtit3,Melaniparus rufiventris,Rufous-bellied Tit,
rubtre1,Thripadectes scrutator,Peruvian Treehunter,
rubtri1,Lalage aurea,Rufous-bellied Triller,
rubtyr1,Phylloscartes superciliaris,Rufous-browed Tyrannulet,
rubwar1,Locustella mandelli,Russet Bush Warbler,
rubwhi1,Pachycephala fulvotincta,,
rubwoo1,Dendrocopos hyperythrus,Rufous-bellied Woodpecker,
rubwre1,Pheugopedius rutilus,Rufous-breasted Wren,
rubwre2,Troglodytes rufociliatus,Rufous-browed Wren,
rucant1,Thamnophilus ruficapillus,Rufous-capped Antshrike,
rucant2,Formicarius colma,Rufous-capped Antthrush,
rucant3,Pittasoma rufopileatum,Rufous-crowned Antpitta,
rucbab1,Cyanoderma ruficeps,Rufous-capped Babbler,
rucbab2,Malacopteron magnum,Rufous-crowned Babbler,
rucbab3,Sterrhoptilus capitalis,Rusty-crowned Babbler,
ruccoq1,Lophornis delattrei,Rufous-crested Coquette,
ruccra1,Anurolimnas viridis,,
rucdot1,Charadrius modestus,,
rucdov1,Macropygia emiliana,Ruddy Cuckoo-Dove,
rucela1,Elaenia ruficeps,Rufous-crowned Elaenia,
rucemu1,Stipiturus ruficeps,Rufous-crowned Emu-wren,
rucere1,Eremomela badiceps,Rufous-crowned Eremomela,
rucfly1,Ficedula dumetoria,Rufous-chested Flycatcher,
rucfly3,Ficedula riedeli,Tanimbar Flycatcher,
rucful1,Schoeniparus dubius,Rusty-capped Fulvetta,
rucgre1,Hylophilus poicilotis,Rufous-crowned Greenlet,
ruchaw1,Buteogallus aequinoctialis,Rufous Crab Hawk,
ruchor1,Anorrhinus tickelli,Tickell's Brown Hornbill,
ruchum1,Goldmania bella,Pirre Hummingbird,
ruckin,Corthylio calendula,Ruby-crowned Kinglet,RCKI
ruckin1,Actenoides concretus,Rufous-collared Kingfisher,
ruclau1,Ianthocincla rufogularis,Rufous-chinned Laughingthrush,
ruclau2,Pterorhinus ruficeps,Rufous-crowned Laughingthrush,
ruclau3,Garrulax castanotis,Rufous-cheeked Laughingthrush,
rucmon1,Arses insularis,Ochre-collared Monarch,
rucmot1,Momotus mexicanus,Russet-crowned Motmot,
rucmot2,Baryphthengus ruficapillus,Rufous-capped Motmot,
rucnig1,Caprimulgus rufigena,Rufous-cheeked Nightjar,
rucnun1,Nonnula ruficapilla,Rufous-capped Nunlet,
rucrob1,Turdus rufitorques,Rufous-collared Thrush,
rucrol2,Coracias naevius,Purple Roller,
rucsee1,Sporophila collaris,Rusty-collared Seedeater,
rucspa,Aimophila ruficeps,Rufous-crowned Sparrow,RCSP
rucspa1,Zonotrichia capensis,Rufous-collared Sparrow,RUFS
rucspa2,Accipiter rufiventris,Rufous-breasted Sparrowhawk,
rucspi1,Synallaxis ruficapilla,Rufous-capped Spinetail,
rucsun2,Chalcoparia singalensis,Ruby-cheeked Sunbird,
rucswa2,Cecropis semirufa,Red-breasted Swallow,
ructan1,Tachyphonus coronatus,Ruby-crowned Tanager,
ructan2,Tangara rufigenis,Rufous-cheeked Tanager,
ructan3,Thlypopsis ornata,Rufous-chested Tanager,
ructan4,Creurgops verticalis,Rufous-crested Tanager,
ructes1,Tesia everetti,Russet-capped Tesia,
ructho1,Chalcostigma ruficeps,Rufous-capped Thornbill,
rucwar,Basileuterus rufifrons,Rufous-capped Warbler,RCWA
rucwar1,Myiothlypis coronata,Russet-crowned Warbler,
rudapa1,Apalis ruddi,Rudd's Apalis,
rudcra1,Laterallus ruber,Ruddy Crake,
rudduc,Oxyura jamaicensis,Ruddy Duck,RUDU
rudkin1,Halcyon coromanda,Ruddy Kingfisher,
rudlar1,Heteromirafra ruddi,Rudd's Lark,
rudpig,Patagioenas subvinacea,Ruddy Pigeon,
rudshe,Tadorna ferruginea,Ruddy Shelduck,
rudspi1,Synallaxis rutilans,Ruddy Spinetail,
rudtof1,Poecilotriccus russatus,Ruddy Tody-Flycatcher,
rudtre1,Margarornis rubiginosus,Ruddy Treerunner,
rudtur,Arenaria interpres,Ruddy Turnstone,RUTU
rudwoo1,Dendrocincla homochroa,Ruddy Woodcreeper,
ruebus1,Eupodotis rueppelii,,
ruecha1,Myrmecocichla melaena,Rüppell's Black Chat,
ruegls1,Lamprotornis purpuroptera,Rüppell's Starling,
ruegri1,Gyps rueppelli,Rüppell's Vulture,
ruepar1,Poicephalus rueppellii,Rüppell's Parrot,
ruewar1,Curruca ruppeli,Rüppell's Warbler,
ruewar2,Malcorus pectoralis,Rufous-eared Warbler,
ruewea1,Ploceus galbula,Rüppell's Weaver,
rufant1,,,
rufant12,Thamnistes rufescens,Rufescent Antshrike,
rufant2,Grallaria erythrotis,Rufous-faced Antpitta,
rufant3,Formicarius rufifrons,Rufous-fronted Antthrush,
rufant4,Myrmelastes rufifacies,Rufous-faced Antbird,
rufbab2,Cyanoderma rufifrons,Rufous-fronted Babbler,
rufbab3,Argya subrufa,Rufous Babbler,
rufbar1,Actinodura egertoni,Rusty-fronted Barwing,
rufbri1,Dasyornis broadbenti,Rufous Bristlebird,
rufcac2,Pseudoseisura unirufa,Grey-crested Cacholote,
rufcan1,Asthenes ottonis,Rusty-fronted Canastero,
rufcas2,Casiornis rufus,Rufous Casiornis,
rufcha2,Argya rubiginosa,Rufous Chatterer,
rufcis1,Cisticola rufus,Rufous Cisticola,
rufcou1,Centropus unirufus,Rufous Coucal,
rufcra1,Laterallus xenopterus,,
rufcra2,Laterallus levraudi,Rusty-flanked Crake,
ruff,Calidris pugnax,Ruff,RUFF
ruffan1,Rhipidura rufifrons,Australian Rufous Fantail,
ruffie1,,,
ruffie3,Calamanthus montanellus,Western Fieldwren,
ruffly1,Myiarchus semirufus,Rufous Flycatcher,
rufgle1,Clibanornis rubiginosus,Ruddy Foliage-gleaner,
rufgna2,Conopophaga cearae,Ceara Gnateater,
rufgna3,Conopophaga lineata,Rufous Gnateater,
rufgro,Bonasa umbellus,Ruffed Grouse,
rufhor1,Buceros hydrocorax,Rufous Hornbill,
rufhor2,Furnarius rufus,Rufous Hornero,
rufhum,Selasphorus rufus,Rufous Hummingbird,RUHU
rufimp1,Ducula chalconota,Rufescent Imperial Pigeon,
rufjuf1,Vauriella insignis,White-browed Jungle Flycatcher,
ruflau1,Garrulax rufifrons,Rufous-fronted Laughingthrush,
rufmon1,Symposiachrus rubiensis,Rufous Monarch,
rufmot1,Baryphthengus martii,Rufous Motmot,
rufmou1,Rhytipterna holerythra,Rufous Mourner,
rufnig1,Antrostomus rufus,Rufous Nightjar,
rufowl1,Scotopelia ussheri,Rufous Fishing Owl,
rufowl2,Ninox rufa,Rufous Owl,
rufpar1,Bolborhynchus ferrugineifrons,Rufous-fronted Parakeet,
rufpar2,Hapalopsittaca amazonina,Rusty-faced Parrot,
rufpic1,Sasia abnormis,Rufous Piculet,
rufpih1,Lipaugus unirufus,Rufous Piha,
rufpot1,Nyctibius bracteatus,,
rufpri1,Prinia rufescens,Rufescent Prinia,
rufpri2,Prinia buchanani,Rufous-fronted Prinia,
rufroc1,Chaetops frenatus,Cape Rockjumper,
rufsab1,Pampa rufa,Rufous Sabrewing,
rufsco1,Megascops ingens,Rufescent Screech Owl,
rufsht2,Colluricincla megarhyncha,Little Shrikethrush,
rufsib1,Heterophasia capistrata,Rufous Sibia,
rufson1,Cincloramphus mathewsi,Rufous Songlark,
rufspi1,Synallaxis unirufa,Rufous Spinetail,
ruftai1,Orthotomus frontalis,Rufous-fronted Tailorbird,
ruftho1,Phacellodomus rufifrons,Rufous-fronted Thornbird,
ruftho3,,,
rufthr1,Neocossyphus fraseri,,
ruftof1,Poecilotriccus latirostris,Rusty-fronted Tody-Flycatcher,
ruftre2,Dendrocitta vagabunda,Rufous Treepie,
ruftre3,Climacteris rufus,Rufous Treecreeper,
ruftre4,Certhia nipalensis,Rusty-flanked Treecreeper,
ruftwi1,Cnipodectes superrufus,Rufous Twistwing,
rufvan1,Schetba rufa,Rufous Vanga,
rufwar1,Abroscopus albogularis,Rufous-faced Warbler,
rufwhe1,Tephrozosterops stalkeri,Rufescent Darkeye,
rufwhi1,Pachycephala rufiventris,Rufous Whistler,
rufwoo2,Micropternus brachyurus,Rufous Woodpecker,
rufwre1,Cinnycerthia unirufa,Rufous Wren,
rugdov,Columbina talpacoti,Ruddy Ground Dove,RUGD
rugfly1,Ficedula strophiata,Rufous-gorgeted Flycatcher,
ruhcha1,Ortalis erythroptera,Rufous-headed Chachalaca,
ruhgoo1,Chloephaga rubidiceps,Ruddy-headed Goose,
ruhpar2,Psittiparus bakeri,,
ruhpar3,Psittiparus ruficeps,,
ruhrob1,Larvivora ruficeps,Rufous-headed Robin,
ruhspi1,Synallaxis fuscorufa,Rusty-headed Spinetail,
ruhtai2,Phyllergates heterolaemus,Rufous-headed Tailorbird,
ruhtan1,Hemithraupis ruficapilla,Rufous-headed Tanager,
ruhwoo1,Celeus spectabilis,Rufous-headed Woodpecker,
rulkin1,Todiramphus winchelli,Rufous-lored Kingfisher,
rulowl1,Strix rufipes,Rufous-legged Owl,
rultyr1,Phylloscartes flaviventris,Rufous-lored Tyrannulet,
rumfly1,Myiozetetes cayanensis,Rusty-margined Flycatcher,
rumfog1,Syndactyla dimidiata,Planalto Foliage-gleaner,
rumgua1,Penelope superciliaris,Rusty-margined Guan,
rumsof1,Thripophaga berlepschi,,
rumwar1,Crateroscelis murina,,
runcou1,Coua cursor,Running Coua,
rungre1,Pachysylvia semibrunnea,Rufous-naped Greenlet,
runher1,Nycticorax caledonicus,Nankeen Night Heron,
runhor1,Aceros nipalensis,Rufous-necked Hornbill,
runlar1,Mirafra africana,,
runlau1,Pterorhinus ruficollis,Rufous-necked Laughingthrush,
runpic1,Picumnus fuscus,Rusty-necked Piculet,
runpit1,Hydrornis oatesi,Rusty-naped Pitta,
runpuf1,Malacoptila rufa,Rufous-necked Puffbird,
runsno1,Montifringilla ruficollis,,
runspa1,Accipiter erythrauchen,,
runthr1,Catharus occidentalis,Russet Nightingale-Thrush,
runwhi1,Aleadryas rufinucha,Rufous-naped Bellbird,
runwor1,Aramides albiventris,Russet-naped Wood Rail,
runwre1,Campylorhynchus rufinucha,Veracruz Wren,
runwre3,,,
runwre4,,,
runwry1,Jynx ruficollis,Red-throated Wryneck,
rupfly1,Terpsiphone cinnamomea,Rufous Paradise Flycatcher,
ruqdov,Geotrygon montana,Ruddy Quail-Dove,RUQD
rurant1,Euchrepomis callinota,Rufous-rumped Antwren,
rurcha1,Cossypha semirufa,Rüppell's Robin-Chat,
rurfog1,Philydor erythrocercum,,
rurgra1,Graminicola bengalensis,Indian Grassbird,
rurlar1,Pinarocorys erythropygia,Rufous-rumped Lark,
rursee1,Sporophila hypochroma,Rufous-rumped Seedeater,
rusant1,Thamnistes anabatinus,Russet Antshrike,
rusbir1,Atrichornis rufescens,Rufous Scrubbird,
rusbla,Euphagus carolinus,Rusty Blackbird,RUBL
rusbro1,Smithornis rufolateralis,Rufous-sided Broadbill,
rusbun,Emberiza rustica,Rustic Bunting,RUBU
ruscra1,Laterallus melanophaius,Rufous-sided Crake,
rusflo1,Diglossa sittoides,Rusty Flowerpiercer,
rusger1,Gerygone dorsalis,Rufous-sided Gerygone,
rushon1,Ptiloprora erythropleura,Rufous-sided Honeyeater,
ruslar1,Mirafra rufa,,
ruslau1,Pterorhinus poecilorhynchus,Rusty Laughingthrush,
ruspit1,Pseudorectes ferrugineus,Rusty Pitohui,
russpa1,Aimophila rufescens,Rusty Sparrow,
russpa2,Passer cinnamomeus,Russet Sparrow,
rusthi1,Cincloramphus rubiginosus,Rusty Thicketbird,
rustin1,Crypturellus brevirostris,Rusty Tinamou,
ruswhi1,Pachycephala hyperythra,Rusty Whistler,
ruswoo1,Chaetocercus jourdanii,Rufous-shafted Woodstar,
rutant1,Drymophila genei,Rufous-tailed Antbird,
rutant2,Chamaeza ruficauda,Rufous-tailed Antthrush,
rutant3,Epinecrophylla erythrura,Rufous-tailed Stipplethroat,
rutant4,Gymnopithys rufigula,Rufous-throated Antbird,
rutant5,Grallaria przewalskii,Rusty-tinged Antpitta,
rutatt1,Attila phoenicurus,Rufous-tailed Attila,
rutbab1,Moupinia poecilotis,Rufous-tailed Babbler,
rutbuh1,Amaurornis moluccana,Pale-vented Bush-hen,
rutdip1,Cinclus schulzii,Rufous-throated Dipper,
rutfan1,Rhipidura phoenicura,Rufous-tailed Fantail,
rutfla1,Ramphotrigon ruficauda,Rufous-tailed Flatbill,
rutfly1,Myiarchus validus,Rufous-tailed Flycatcher,
rutfly2,Terenotriccus erythrurus,Ruddy-tailed Flycatcher,
rutfly5,Ficedula rufigula,Rufous-throated Flycatcher,
rutfly6,Ficedula ruficauda,Rusty-tailed Flycatcher,
rutfly7,Ficedula crypta,Cryptic Flycatcher,
rutfog1,Anabacerthia ruficaudata,Rufous-tailed Foliage-gleaner,
rutful1,Schoeniparus rufogularis,Rufous-throated Fulvetta,
ruthaw1,Buteo ventralis,Rufous-tailed Hawk,
ruther1,Tigrisoma lineatum,Rufescent Tiger Heron,
ruthon1,Conopophila rufogularis,Rufous-throated Honeyeater,
ruthum1,Chrysolampis mosquitus,Ruby-topaz Hummingbird,
rutjac1,Galbula ruficauda,Rufous-tailed Jacamar,
rutkit1,Harpagus diodon,Rufous-thighed Kite,
rutlar2,Ammomanes phoenicura,Rufous-tailed Lark,
rutpar1,Arborophila rufogularis,Rufous-throated Partridge,
rutpar2,Sinosuthora przewalskii,,
rutpla1,Phytotoma rara,Rufous-tailed Plantcutter,
rutpuf1,Hypnelus ruficollis,Russet-throated Puffbird,
rutpuf3,,,
rutrob1,Larvivora sibilans,Rufous-tailed Robin,
rutsap1,Hylocharis sapphirina,Rufous-throated Sapphire,
rutsha2,Copsychus pyrropygus,Rufous-tailed Shama,
rutshr2,Lanius phoenicuroides,Red-tailed Shrike,
rutsol1,Myadestes genibarbis,Rufous-throated Solitaire,RTSO
ruttai1,Orthotomus sericeus,Rufous-tailed Tailorbird,
ruttan1,Ixothraupis rufigula,Rufous-throated Tanager,
rutthr1,Zoothera heinei,Russet-tailed Thrush,
ruttyr1,Knipolegus poecilurus,Rufous-tailed Tyrant,
rutwea1,Histurgops ruficauda,Rufous-tailed Weaver,
rutxen1,Microxenops milleri,Rufous-tailed Xenops,
ruvcha1,Ortalis ruficauda,Rufous-vented Chachalaca,
ruvlau1,Pterorhinus gularis,Rufous-vented Laughingthrush,
ruvnil1,Niltava sumatrana,Rufous-vented Niltava,
ruvpri1,Laticilla burnesii,Rufous-vented Grass Babbler,
ruvtap1,Scytalopus femoralis,Rufous-vented Tapaculo,
ruvtit2,Periparus rubidiventris,Rufous-vented Tit,
ruvwar2,Curruca subcoerulea,Chestnut-vented Warbler,
ruvwhi1,Urosticte ruficrissa,Rufous-vented Whitetip,
ruvyuh1,Yuhina occipitalis,Rufous-vented Yuhina,
ruwant2,Thamnophilus torquatus,Rufous-winged Antshrike,
ruwant4,Herpsilochmus rufimarginatus,Rufous-margined Antwren,
ruwapa1,Oreolais ruwenzorii,Rwenzori Apalis,
ruwbar1,Premnornis guttuliger,Rusty-winged Barbtail,
ruwbat1,Batis diops,Rwenzori Batis,
ruwbri1,Heliodoxa branickii,Rufous-webbed Brilliant,
ruwbuz1,Butastur liventer,Rufous-winged Buzzard,
ruwful1,Schoeniparus castaneceps,Rufous-winged Fulvetta,
ruwill1,Illadopsis rufescens,Rufous-winged Illadopsis,
ruwphi2,Philentoma pyrhoptera,Rufous-winged Philentoma,
ruwspa,Peucaea carpalis,Rufous-winged Sparrow,RWSP
ruwspa1,Platyrinchus leucoryphus,Russet-winged Spadebill,
ruwsta1,Aplonis zelandica,Rusty-winged Starling,
ruwsun2,Cinnyris rufipennis,Rufous-winged Sunbird,
ruwtan1,Tangara lavinia,Rufous-winged Tanager,
ruwtur2,Ruwenzorornis johnstoni,,
ruwtyr1,Mecocerculus calopterus,Rufous-winged Tyrannulet,
ruwwoo1,Piculus simplex,Rufous-winged Woodpecker,
rvgcuc1,Neomorphus geoffroyi,Rufous-vented Ground Cuckoo,
rvpfly1,Terpsiphone rufocinerea,Rufous-vented Paradise Flycatcher,
rwbeye1,Phlegopsis erythroptera,Reddish-winged Bare-eye,
rwbtyr1,Cnemarchus rufipennis,Rufous-webbed Bush Tyrant,
rwgcuc1,Neomorphus rufipennis,Rufous-winged Ground Cuckoo,
rwgwar2,Drymocichla incana,Red-winged Grey Warbler,
rwwrai1,Aramides calopterus,Red-winged Wood Rail,
ryumin1,Pericrocotus tegimae,Ryukyu Minivet,
ryupig1,Columba jouyi,Ryukyu Wood Pigeon,
ryurob1,Larvivora komadori,Ryukyu Robin,
ryusco1,Otus elegans,Ryukyu Scops Owl,
saaswi1,Apus salimalii,,
sabgul,Xema sabini,Sabine's Gull,SAGU
sabher1,Ramphodon naevius,Saw-billed Hermit,
sabhum1,Chrysuronia lilliae,Sapphire-bellied Hummingbird,
sabjay,Cyanocorax sanblasianus,San Blas Jay,
sablar2,Calendulauda sabota,Sabota Lark,
sabred1,Myioborus cardonai,Guaiquinima Whitestart,
sabspa1,Arremon flavirostris,Saffron-billed Sparrow,
sabspi1,Rhaphidura sabini,Sabine's Spinetail,
sabsto1,Ephippiorhynchus senegalensis,Saddle-billed Stork,
sacbla2,Xanthopsar flavus,Saffron-cowled Blackbird,
saccoc,Cacatua moluccensis,Salmon-crested Cockatoo,
sacibi1,,,
sacibi3,Threskiornis bernieri,Malagasy Sacred Ibis,
sackin1,Todiramphus sanctus,Sacred Kingfisher,
sacmel1,Meliarchus sclateri,Makira Honeyeater,
sacmoo1,Gallinula silvestris,Makira Woodhen,
sacnig1,Chordeiles rupestris,Sand-colored Nighthawk,
sacsta1,Aplonis dichroa,Makira Starling,
sactan1,Tangara xanthocephala,Saffron-crowned Tanager,
sacthr2,Zoothera margaretae,Makira Thrush,
sacthr3,Zoothera turipavae,Guadalcanal Thrush,
sacwhe1,Zosterops sanctaecrucis,Santa Cruz White-eye,
saddle2,Philesturnus rufusater,North Island Saddleback,
saddle3,Philesturnus carunculatus,South Island Saddleback,
sadfly1,Myiarchus barbirostris,Sad Flycatcher,SAFL
saffin,Sicalis flaveola,Saffron Finch,SAFI
safpar1,Psittaculirostris salvadorii,,
safsis1,Spinus siemiradzkii,Saffron Siskin,
safspa1,Arremon franciscanus,Sao Francisco Sparrow,
saftou2,Pteroglossus bailloni,Saffron Toucanet,
saggro,Centrocercus urophasianus,Sage Grouse,
sagspa1,Artemisiospiza nevadensis,Sagebrush Sparrow,SBSP
sagthr,Oreoscoptes montanus,Sage Thrasher,SATH
sahpar1,Pyrilia pyrilia,Saffron-headed Parrot,
sahpar2,Loriculus catamene,Sangihe Hanging Parrot,
sairew1,Acrocephalus hiwae,Saipan Reed Warbler,
sakfal1,Falco cherrug,Saker Falcon,
sakrai1,Zapornia olivieri,Sakalava Rail,
sakwar1,Helopsaltes amnicola,Sakhalin Grasshopper Warbler,
sakwea1,Ploceus sakalava,Sakalava Weaver,
salalb1,Thalassarche salvini,Salvin's Albatross,
salant1,Myrmotherula minor,Salvadori's Antwren,
salcur1,Mitu salvini,Salvin's Curassow,
salere1,Eremomela salvadorii,,
salmon1,Neoxolmis salinarum,Salinas Monjita,
salnig1,Caprimulgus pulchellus,Salvadori's Nightjar,
salphe1,Lophura inornata,Salvadori's Pheasant,
salpri1,Pachyptila salvini,Salvin's Prion,
salser1,Crithagra xantholaema,Salvadori's Seedeater,
saltea1,Salvadorina waigiuensis,Salvadori's Teal,
salwar1,Phylloscopus borealoides,Sakhalin Leaf Warbler,
salwea1,Ploceus dichrocephalus,Juba Weaver,
samant1,Grallaria bangsi,Santa Marta Antpitta,
samant2,Drymophila hellmayri,Santa Marta Antbird,
samblo1,Anthocephala floriceps,Santa Marta Blossomcrown,
samfan1,Rhipidura nebulosa,Samoan Fantail,
samfly1,Myiagra albiventris,Samoan Flycatcher,
samfog1,Clibanornis rufipectus,Santa Marta Foliage-gleaner,
samhor1,Penelopides samarensis,Samar Hornbill,
sammoo1,Gallinula pacifica,Samoan Woodhen,
samnig1,Setopagis heterura,Todd's Nightjar,
sampar1,Pyrrhura viridicata,Santa Marta Parakeet,
samsab1,Campylopterus phainopeplus,Santa Marta Sabrewing,
samsco1,Megascops gilesi,Santa Marta Screech Owl,
samsta1,Aplonis atrifusca,Samoan Starling,SAST
samtap1,Scytalopus sanctaemartae,Santa Marta Tapaculo,
samtri1,Lalage sharpei,Samoan Triller,
samwar1,Myiothlypis basilica,Santa Marta Warbler,
samwhi1,Pachycephala flavifrons,Samoan Whistler,
samwoo2,Chaetocercus astreans,Santa Marta Woodstar,
samwre1,Troglodytes monticola,Santa Marta Wren,
sancra,Antigone canadensis,Sandhill Crane,SACR
sander,Calidris alba,Sanderling,SAND
sangal1,Teledromas fuscus,Sandy Gallito,
sanlar1,Alaudala raytal,Sand Lark,
sanpar1,Ammoperdix heyi,Sand Partridge,
sanpar2,Pyrrhura amazonum,Santarem Parakeet,
sanpit1,Erythropitta caeruleitorques,,
sansco1,Otus collari,Sangihe Scops Owl,
sansht1,Coracornis sanghirensis,Sangihe Whistler,
sansht2,Colluricincla woodwardi,Sandstone Shrikethrush,
santer1,Thalasseus sandvicensis,Sandwich Tern,SATE
santer2,,,
sanwhe1,Zosterops nehrkorni,Sangihe White-eye,
sanwhe2,Zosterops melanurus,Sangkar White-eye,
sapayo1,Sapayoa aenigma,Sapayoa,
sapfly1,Ficedula sapphira,Sapphire Flycatcher,
sapqud1,Geotrygon purpurata,Purple Quail-Dove,
sapqud2,Geotrygon saphirina,Sapphire Quail-Dove,
saptyr1,Phylloscartes paulista,,
sarcra1,Antigone antigone,Sarus Crane,
sarpar2,Touit purpuratus,Sapphire-rumped Parrotlet,
sarwar1,Curruca melanocephala,Sardinian Warbler,
saseme1,Chionomesa lactea,Sapphire-spangled Emerald,
sasgre1,Phyllastrephus lorenzi,Sassi's Olive Greenbul,
sasowl1,Otus icterorhynchus,Sandy Scops Owl,
satant1,Thamnomanes saturninus,Saturnine Antshrike,
satbow1,Ptilonorhynchus violaceus,Satin Bowerbird,
satfly1,Myiagra cyanoleuca,Satin Flycatcher,
satgro1,Crithagra concolor,Sao Tome Grosbeak,
sathum1,Chrysuronia coeruleogularis,Sapphire-throated Hummingbird,
satori1,Oriolus crassirostris,Sao Tome Oriole,
satpig1,Columba malherbii,Island Bronze-naped Pigeon,
satpri1,Prinia molleri,Sao Tome Prinia,
satspi1,Zoonavena thomensis,Sao Tome Spinetail,
satsun1,Dreptes thomensis,Giant Sunbird,
satswi1,Collocalia uropygialis,Satin Swiftlet,
satthr1,Turdus olivaceofuscus,Sao Tome Thrush,
sattra1,Tragopan satyra,Satyr Tragopan,
satwea1,Ploceus sanctithomae,Sao Tome Weaver,
satwhe1,Zosterops ficedulinus,Principe White-eye,
satwhe2,Zosterops feae,Sao Tome White-eye,
saugul2,Saundersilarus saundersi,Saunders's Gull,
sauter2,Sternula saundersi,Saunders's Tern,
savbus1,Eupodotis savilei,,
savhaw1,Buteogallus meridionalis,Savanna Hawk,
savnig1,Caprimulgus affinis,Savanna Nightjar,
savpuf1,Eriocnemis luciani,Sapphire-vented Puffleg,
savspa,Passerculus sandwichensis,Savannah Sparrow,SAVS
savwar1,Locustella luscinioides,Savi's Warbler,
saweye1,Zosterops samoensis,Samoan White-eye,
saweye2,Zosterops lacertosus,Sanford's White-eye,
sawtan1,Chrysothlypis salmoni,Scarlet-and-white Tanager,
saxspa1,Passer ammodendri,Saxaul Sparrow,
saypho,Sayornis saya,Say's Phoebe,SAPH
saytan1,Thraupis sayaca,Sayaca Tanager,
sbcdov1,Macropygia amboinensis,Amboyna Cuckoo-Dove,
sbctyr1,Ochthoeca cinnamomeiventris,Slaty-backed Chat-Tyrant,
sbeowl1,Bubo nipalensis,,
sbfdov1,Ptilinopus bernsteinii,,
sbffal1,Micrastur mirandollei,Slaty-backed Forest Falcon,
sbgtyr1,Muscisaxicola maculirostris,Spot-billed Ground Tyrant,
sbmtan1,Anisognathus igniventris,Scarlet-bellied Mountain Tanager,
sbnthr1,Catharus fuscater,Slaty-backed Nightingale-Thrush,
sbsbab1,Pomatorhinus superciliaris,Slender-billed Scimitar Babbler,
sbsbab2,Erythrogenys erythrocnemis,Black-necklaced Scimitar Babbler,
sbsbab3,Pomatorhinus ruficollis,Streak-breasted Scimitar Babbler,
sbtman1,Neopelma sulphureiventer,Sulphur-bellied Tyrant-Manakin,
sbtwea1,Ploceus xanthopterus,Southern Brown-throated Weaver,
sbwbab1,Pnoepyga albiventer,Scaly-breasted Cupwing,
sbweye1,Zosterops tenuirostris,Slender-billed White-eye,
sbwrai1,Aramides saracura,Slaty-breasted Wood Rail,
scaant1,Grallaria guatimalensis,Scaled Antpitta,
scaant2,Drymophila squamata,Scaled Antbird,
scaant3,Myrmoderus ruficauda,Scalloped Antbird,
scabab2,Turdoides squamulata,Scaly Babbler,
scacha1,Argya aylmeri,Scaly Chatterer,
scadov1,Columbina squammata,Scaled Dove,
scafin1,Carpodacus sipahi,Scarlet Finch,
scaflo1,Diglossa duidae,Scaled Flowerpiercer,
scafra2,Pternistis squamatus,Scaly Spurfowl,
scafru1,Ampelioides tschudii,Scaled Fruiteater,
scagrr1,Brachypteracias squamiger,,
scaibi,Eudocimus ruber,Scarlet Ibis,SCIB
scakin1,Actenoides princeps,Scaly-breasted Kingfisher,
scalau1,Trochalopteron subunicolor,Scaly Laughingthrush,
scamac1,Ara macao,Scarlet Macaw,
scamet1,Metallura aeneocauda,Scaled Metaltail,
scamin1,Pericrocotus speciosus,,
scamin3,Pericrocotus flammeus,Scarlet Minivet,
scamyz1,Myzomela sanguinolenta,Scarlet Myzomela,
scapic1,Picumnus squamulatus,Scaled Piculet,
scapig2,Patagioenas speciosa,Scaled Pigeon,
scaqua,Callipepla squamata,Scaled Quail,
scarob2,Petroica boodang,Scarlet Robin,
scaspi1,Cranioleuca muelleri,Scaled Spinetail,
scasun1,Aethopyga mystacalis,Javan Sunbird,
scaswi1,Schoutedenapus myoptilus,Scarce Swift,
scatan,Piranga olivacea,Scarlet Tanager,SCTA
scathr2,Zoothera aurea,White's Thrush,
scathr4,Zoothera neilgherriensis,Nilgiri Thrush,
scathr5,Zoothera imbricata,Sri Lanka Thrush,
scathr6,Zoothera major,Amami Thrush,
scathr8,Zoothera dauma,Scaly Thrush,
scawea1,Sporopipes squamifrons,Scaly-feathered Weaver,
scawoo1,Lepidocolaptes squamatus,Scaled Woodcreeper,
scawoo2,Lepidocolaptes falcinellus,Scalloped Woodcreeper,
scbant2,Grallaricula loricata,Scallop-breasted Antpitta,
scbant3,Willisornis poecilinotus,Common Scale-backed Antbird,
scbant8,Willisornis vidua,Xingu Scale-backed Antbird,
scbbar2,Capito wallacei,Scarlet-banded Barbet,
scbbul1,Rubigula squamata,Scaly-breasted Bulbul,
scbdac1,Dacnis berlepschi,Scarlet-breasted Dacnis,
scbeat1,Merops nubicoides,Southern Carmine Bee-eater,
scbflo1,Dicaeum cruentatum,Scarlet-backed Flowerpecker,
scbflo2,Prionochilus thoracicus,Scarlet-breasted Flowerpecker,
scbfru1,Pipreola frontalis,Scarlet-breasted Fruiteater,
scbhum1,Phaeochroa cuvierii,Scaly-breasted Hummingbird,
scbill1,Illadopsis albipectus,Scaly-breasted Illadopsis,
scblor1,Trichoglossus chlorolepidotus,Scaly-breasted Lorikeet,
scbmyz1,Myzomela sclateri,Sclater's Myzomela,
scbpar1,Tropicoperdix chloropus,Green-legged Partridge,
scbtan1,Chlorospingus pileatus,Sooty-capped Chlorospingus,
scbtan2,Heterospingus xanthopygius,Scarlet-browed Tanager,
scbthr,Allenia fusca,Scaly-breasted Thrasher,
scbwoo1,Picus squamatus,Scaly-bellied Woodpecker,
scbwoo3,Dryobates callonotus,,
scbwoo4,Drymornis bridgesii,Scimitar-billed Woodcreeper,
scbwoo5,Celeus grammicus,,
scbwre1,Microcerculus marginatus,Southern Nightingale-Wren,
sccbab1,Malacopteron cinereum,Scaly-crowned Babbler,
sccbar1,Capito aurovirens,Scarlet-crowned Barbet,
sccflo1,Dicaeum retrocinctum,Scarlet-collared Flowerpecker,
sccpar1,Neophema splendida,Scarlet-chested Parrot,
sccsun2,Chalcomitra senegalensis,Scarlet-chested Sunbird,
scfdov1,Ptilinopus richardsii,Silver-capped Fruit Dove,
scfmal1,Dasylophus cumingi,Scale-feathered Malkoha,
scfpar1,Psittacara wagleri,Scarlet-fronted Parakeet,
scfpar3,,,
scgcuc1,Neomorphus squamiger,Scaled Ground Cuckoo,
scgdov1,Alopecoenas sanctaecrucis,,
schant1,Chamaeza turdina,Schwartz's Antthrush,
schasi1,Philepitta schlegeli,Schlegel's Asity,
schbar1,Eubucco tucinkae,Scarlet-hooded Barbet,
schbit1,Ixobrychus eurhythmus,,
schbla1,Amblyramphus holosericeus,Scarlet-headed Blackbird,
schflo1,Dicaeum trochileum,Scarlet-headed Flowerpecker,
schfra2,Campocolinus schlegelii,Schlegel's Francolin,
schman1,Ceratopipra cornuta,Scarlet-horned Manakin,
schpar1,Pionus maximiliani,Scaly-headed Parrot,
schpit1,Hydrornis schneideri,Schneider's Pitta,
schtur1,Tauraco schalowi,Schalow's Turaco,
scihum1,Selasphorus scintilla,Scintillant Hummingbird,
sclant1,Myrmotherula sclateri,Sclater's Antwren,
scllar1,Spizocorys sclateri,Sclater's Lark,
sclmon1,Lophophorus sclateri,Sclater's Monal,
scltyr1,Phyllomyias sclateri,Sclater's Tyrannulet,
sclwar1,Phylloscopus makirensis,Makira Leaf Warbler,
sclwhi1,Pachycephala soror,Sclater's Whistler,
scnmyz1,Myzomela lafargei,Red-capped Myzomela,
scnpar1,Amazona mercenarius,Scaly-naped Amazon,
scnpig1,Patagioenas squamosa,Scaly-naped Pigeon,SNPI
scocro1,Loxia scotica,Scottish Crossbill,
scoori,Icterus parisorum,Scott's Oriole,SCOR
scoshe1,,,
scptyr1,Lophotriccus pileatus,Scale-crested Pygmy Tyrant,
scrbla1,Dives warczewiczi,Scrub Blackbird,
scrcac2,,,
scrcac4,,,
scrcha1,Cossypha niveicapilla,Snowy-crowned Robin-Chat,
scrcow1,Molothrus rufoaxillaris,Screaming Cowbird,
screup1,Euphonia affinis,Scrub Euphonia,
scrgre1,Hylophilus flavipes,Scrub Greenlet,
scrhon1,Microptilotis albonotatus,,
scrnig1,Nyctidromus anthonyi,Anthony's Nightjar,
scrpih1,Lipaugus vociferans,Screaming Piha,
scrtan1,Stilpnia vitriolina,Scrub Tanager,
scrtro1,Harpactes duvaucelii,Scarlet-rumped Trogon,
scrubt2,Acanthornis magna,Scrubtit,
scsmer1,Mergus squamatus,Scaly-sided Merganser,
scspar1,Touit huetii,Scarlet-shouldered Parrotlet,
scsvir1,Vireolanius leucotis,Slaty-capped Shrike-Vireo,
sctcan1,Asthenes maculicauda,Scribble-tailed Canastero,
sctdac1,Dacnis venusta,Scarlet-thighed Dacnis,
sctear1,Upucerthia dumetaria,Scale-throated Earthcreeper,
sctfly,Tyrannus forficatus,Scissor-tailed Flycatcher,STFL
scther1,Phaethornis eurynome,Scale-throated Hermit,
scthon1,Indicator variegatus,Scaly-throated Honeyguide,
scthum1,Hylonympha macrocerca,Scissor-tailed Hummingbird,
sctkit1,Chelictinia riocourii,Scissor-tailed Kite,
sctlea1,Sclerurus guatemalensis,Scaly-throated Leaftosser,
sctman1,Neopelma chrysocephalum,Saffron-crested Tyrant-Manakin,
sctnig2,Hydropsalis torquata,Scissor-tailed Nightjar,
sctsun2,Deleornis fraseri,Fraser's Sunbird,
scttan1,Compsothraupis loricata,Scarlet-throated Tanager,
scwpih1,Lipaugus uropygialis,Scimitar-winged Piha,
sdcsun3,Cinnyris chalybeus,Southern Double-collared Sunbird,
sdmman1,Neopelma chrysolophum,Serra do Mar Tyrant-Manakin,
sdmtyr2,Phylloscartes difficilis,,
seacin1,Cinclodes nigrofumosus,Chilean Seaside Cinclodes,
seaspa,Ammospiza maritima,Seaside Sparrow,SESP
sebpig1,Alectroenas pulcherrimus,Seychelles Blue Pigeon,
sebwar1,Acrocephalus sechellensis,Seychelles Warbler,
secfly1,Leptopogon amaurocephalus,Sepia-capped Flycatcher,
secret2,Sagittarius serpentarius,Secretarybird,
sectan1,Tangara fastuosa,Seven-colored Tanager,
sedwar1,Acrocephalus schoenobaenus,Sedge Warbler,
sedwre,Cistothorus platensis,Grass Wren,
sedwre1,Cistothorus stellaris,Sedge Wren,SEWR
selcac1,Cacicus koepckeae,Selva Cacique,
semfly1,Ficedula semitorquata,Semicollared Flycatcher,
semhaw,Leucopternis semiplumbeus,Semiplumbeous Hawk,
semhaw2,Accipiter collaris,,
semplo,Charadrius semipalmatus,Semipalmated Plover,SEPL
sempuf1,Malacoptila semicincta,Semicollared Puffbird,
semrob1,Copsychus sechellarum,Seychelles Magpie-Robin,
semsan,Calidris pusilla,Semipalmated Sandpiper,SESA
semwar1,Leucopeza semperi,Semper's Warbler,
senbat1,Batis senegalensis,Senegal Batis,
sencou1,Centropus senegalensis,Senegal Coucal,
senere1,Eremomela pusilla,Senegal Eremomela,
senlap1,Vanellus lugubris,Senegal Lapwing,
senpar,Poicephalus senegalus,Senegal Parrot,
sepfly1,Terpsiphone corvina,Seychelles Paradise Flycatcher,
septit1,Anthoscopus punctifrons,Sennar Penduline Tit,
serant1,Formicivora serrana,Serra Antwren,
serfri1,Philemon subcorniculatus,Seram Friarbird,
serhon1,Lichmera monticola,Seram Honeyeater,
sermyz1,Myzomela blasii,Drab Myzomela,
serori1,Oriolus forsteni,Grey-collared Oriole,
sersco1,Otus thilohoffmanni,Serendib Scops Owl,
sertap1,Scytalopus gonzagai,Boa Nova Tapaculo,
serthr1,Monticola explorator,Sentinel Rock Thrush,
serthr2,Geokichla joiceyi,Seram Thrush,
serwhe1,Zosterops stalkeri,Seram White-eye,
sesowl1,Otus insularis,Seychelles Scops Owl,
sespar1,Ammoperdix griseogularis,See-see Partridge,
setkne1,Burhinus senegalensis,Senegal Thick-knee,
sevgro1,Tetrastes sewerzowi,Chinese Grouse,
seybul1,Hypsipetes crassirostris,Seychelles Bulbul,
seyfod1,Foudia sechellarum,Seychelles Fody,
seykes1,Falco araeus,Seychelles Kestrel,
seypar1,Coracopsis barklyi,Seychelles Black Parrot,
seypar2,Psittacula wardi,Seychelles Parakeet,
seysun2,Cinnyris dussumieri,Seychelles Sunbird,
seyswi1,Aerodramus elaphrus,Seychelles Swiftlet,
seywhe1,Zosterops modestus,Seychelles White-eye,
sfwqua1,Odontophorus balliviani,Stripe-faced Wood Quail,
sgdpet1,Pelecanoides georgicus,South Georgia Diving Petrel,
sghspa2,Passer diffusus,Southern Grey-headed Sparrow,
shaaka1,Sheppardia sharpei,Sharpe's Akalat,
shaapa2,Apalis sharpii,Sharpe's Apalis,
shadro1,Dicrurus sharpei,Sharpe's Drongo,
shalon1,Hemimacronyx sharpei,,
sharpb1,Oxyruncus cristatus,Sharpbill,
shasta2,Pholia sharpii,Sharpe's Starling,
shawar1,Horornis parens,Shade Bush Warbler,
shawre1,Cinnycerthia olivascens,Sepia-brown Wren,
shbbut1,Chlorospingus parvirostris,Yellow-whiskered Chlorospingus,
shbcan1,Asthenes baeri,Short-billed Canastero,
shbcan2,Asthenes pyrrholeuca,Sharp-billed Canastero,
shbcro1,Sylvietta philippae,Philippa's Crombec,
shbcuc1,Chrysococcyx lucidus,,
shbdow,Limnodromus griseus,Short-billed Dowitcher,SBDO
shbgrf1,Geospiza septentrionalis,Vampire Ground Finch,
shbgrf2,Geospiza acutirostris,Genovesa Ground Finch,
shbgrf3,Geospiza difficilis,Sharp-beaked Ground Finch,
shbhon2,Cyanerpes nitidus,Short-billed Honeycreeper,
shbkin1,Alcedo quadribrachys,Shining-blue Kingfisher,
shbkoo1,Clytoceyx rex,,
shblea1,Sclerurus rufigularis,Short-billed Leaftosser,
shbmel1,Melidectes nouhuysi,,
shbmin1,Geositta antarctica,Short-billed Miner,
shbmin2,Pericrocotus brevirostris,Short-billed Minivet,
shbpig,Patagioenas nigrirostris,Short-billed Pigeon,
shbpip1,Anthus furcatus,Short-billed Pipit,
shbpip3,,,
shbtre1,Heliobletus contaminatus,Sharp-billed Treehunter,
shccoq,Lophornis brachylophus,Short-crested Coquette,
shcfly1,Myiarchus ferox,Short-crested Flycatcher,
shclar1,Certhilauda chuana,Short-clawed Lark,
shcmon1,Hypothymis helenae,Short-crested Monarch,
shcwin1,Cryptospiza shelleyi,Shelley's Crimsonwing,
shebul1,,,
shefra2,Scleroptila shelleyi,Shelley's Francolin,
shegre1,Arizelocichla masukuensis,Shelley's Greenbul,
sheowl,Asio flammeus,Short-eared Owl,SEOW
sheowl1,Bubo shelleyi,,
shesta1,Lamprotornis shelleyi,Shelley's Starling,
shesun1,,,
shesun2,Cinnyris shelleyi,Shelley's Sunbird,
shghum1,Chrysuronia goudoti,Shining-green Hummingbird,
shicow,Molothrus bonariensis,Shiny Cowbird,SHCO
shidro1,Dicrurus atripennis,Shining Drongo,
shifly1,Myiagra alecto,Shining Flycatcher,
shihon1,Cyanerpes lucidus,Shining Honeycreeper,
shikra1,Accipiter badius,,
shisun1,Aglaeactis cupripennis,Shining Sunbeam,
shisun3,Cinnyris habessinicus,Abyssinian Sunbird,
shlcot1,Laniisoma elegans,Brazilian Laniisoma,
shlcot2,,,
shoebi1,Balaeniceps rex,Shoebill,
shoplo1,Thinornis novaeseelandiae,Shore Plover,
shrspa1,Passer shelleyi,Shelley's Sparrow,
shshaw,Accipiter striatus,Sharp-shinned Hawk,SSHA
shshaw3,,,
shshaw4,,,
shshaw5,,,
shtalb,Phoebastria albatrus,Short-tailed Albatross,STAL
shtant1,Chamaeza campanisona,Short-tailed Antthrush,
shtbab1,Pellorneum malaccense,Short-tailed Babbler,
shtbat1,Batis mixta,Short-tailed Batis,
shtbat3,,,
shtcou1,Centropus rectunguis,Short-toed Coucal,
shteag1,Circaetus gallicus,Short-toed Snake Eagle,
shteme1,Chlorostilbon poortmani,Short-tailed Emerald,
shtfin1,Idiopsar brachyurus,Boulder Finch,
shtfly1,Poecilotriccus sylvia,Slaty-headed Tody-Flycatcher,
shtfro2,Batrachostomus mixtus,Bornean Frogmouth,
shtfro3,Batrachostomus poliolophus,Sumatran Frogmouth,
shtgra1,Amytornis merrotsyi,Short-tailed Grasswren,
shtgro,Tympanuchus phasianellus,Sharp-tailed Grouse,
shtgrt1,Muscipipra vetula,Shear-tailed Grey Tyrant,
shthaw,Buteo brachyurus,Short-tailed Hawk,STHA
shtibi1,Cercibis oxycerca,Sharp-tailed Ibis,
shtlar1,Spizocorys fremantlii,Short-tailed Lark,
shtmag1,Cissa thalassina,Javan Green Magpie,
shtnig1,Lurocalis semitorquatus,Short-tailed Nighthawk,
shtpar1,Paradigalla brevicauda,Short-tailed Paradigalla,
shtpar2,Graydidascalus brachyurus,Short-tailed Parrot,
shtpar3,Neosuthora davidiana,,
shtpip1,Anthus brachyurus,Short-tailed Pipit,
shtsan,Calidris acuminata,Sharp-tailed Sandpiper,SHAS
shtshe,Ardenna tenuirostris,Short-tailed Shearwater,SHOS
shtsta1,Aplonis minor,Short-tailed Starling,
shtstr1,Lochmias nematura,Sharp-tailed Streamcreeper,
shtswi1,Chaetura brachyura,Short-tailed Swift,STSW
shttre1,Certhia brachydactyla,Short-toed Treecreeper,
shttyr1,Culicivora caudacuta,Sharp-tailed Grass Tyrant,
shtwhy1,Vidua regia,Shaft-tailed Whydah,
shtwoo1,Myrmia micrura,Short-tailed Woodstar,
shwthr1,Myophonus melanurus,Shiny Whistling Thrush,
shyalb2,Thalassarche eremita,Chatham Albatross,
shyhea1,Hylacola cauta,Shy Heathwren,
siafir1,Lophura diardi,Siamese Fireback,
siapit1,Erythropitta palliceps,,
sibacc,Prunella montanella,Siberian Accentor,SIAC
sibbro1,Serilophus lunatus,Silver-breasted Broadbill,
sibbut1,Cracticus argenteus,Silver-backed Butcherbird,
sibcra1,Leucogeranus leucogeranus,Siberian Crane,
sibgro2,Falcipennis falcipennis,Siberian Grouse,
sibjay1,Perisoreus infaustus,Siberian Jay,
sibnee1,Hirundapus cochinchinensis,Silver-backed Needletail,
sibrob,Larvivora cyane,Siberian Blue Robin,
sibrub,Calliope calliope,Siberian Rubythroat,SIRU
sibsir1,Sirystes sibilator,Sibilant Sirystes,
sibsto1,Saxicola maurus,Siberian Stonechat,
sibtan2,Ramphocelus carbo,Silver-beaked Tanager,
sibthr1,Geokichla sibirica,Siberian Thrush,
sibvan1,Falculea palliata,Sickle-billed Vanga,
sicant1,Sakesphorus cristatus,,
sicbuw1,Locustella chengi,Sichuan Bush Warbler,
siccha1,Emarginata sinuata,Sickle-winged Chat,
sicfri1,Philemon argenticeps,Silver-crowned Friarbird,
sichor1,Bycanistes brevis,Silvery-cheeked Hornbill,
sicjay1,Perisoreus internigrans,Sichuan Jay,
siclew1,Phylloscopus forresti,Sichuan Leaf Warbler,
sicpar1,Arborophila rufipectus,Sichuan Partridge,
sicswi1,Chaetura meridionalis,Sick's Swift,
sicthr1,Zoothera griseiceps,Sichuan Thrush,
sictit1,Poecile weigoldicus,Sichuan Tit,
sictre1,Certhia tianquanensis,Sichuan Treecreeper,
sieela2,Elaenia olivina,Tepui Elaenia,
sieela3,Elaenia pallatangae,Sierran Elaenia,
siehon1,Lichmera alboauricularis,Silver-eared Honeyeater,
sielau1,Trochalopteron melanostigma,Silver-eared Laughingthrush,
siemes1,Leiothrix argentauris,Silver-eared Mesia,
sifcis1,Cisticola brachypterus,Short-winged Cisticola,
siftap1,Scytalopus argentifrons,Silvery-fronted Tapaculo,
silant1,Sclateria naevia,Silvered Antbird,
silgre1,Podiceps occipitalis,Silvery Grebe,
silgul1,,,
silkin1,Ceyx argentatus,Southern Silvery Kingfisher,
silkta2,Lamprolia victoriae,Taveuni Silktail,
silkta3,Lamprolia klinesmithi,Natewa Silktail,
silori1,Oriolus mellianus,Silver Oriole,
silphe,Lophura nycthemera,Silver Pheasant,
silpri2,Schistolais leontica,Sierra Leone Prinia,
siltan1,Stilpnia viridicollis,Silver-backed Tanager,
siltea1,Spatula versicolor,Silver Teal,
silver1,Melaenornis semipartitus,,
silver3,Zosterops lateralis,Silvereye,
simgre1,Chlorocichla simplex,Simple Greenbul,
simgrw1,Robsonius thompsoni,Sierra Madre Ground Warbler,
simspa1,Xenospiza baileyi,Sierra Madre Sparrow,
sinant1,Formicivora grantsaui,Sincora Antwren,
sinbus1,Mirafra cantillans,,
sincis1,Cisticola cantans,Singing Cisticola,
sincro1,Corvus sinaloae,Sinaloa Crow,
sinhon1,Gavicalis virescens,Singing Honeyeater,
sinmar1,Progne sinaloae,Sinaloa Martin,
sinpar1,Geoffroyus heteroclitus,Song Parrot,
sinqua1,Dactylortyx thoracicus,Singing Quail,
sinros1,Carpodacus synoicus,Sinai Rosefinch,
sinspa1,Passer pyrrhonotus,Sind Sparrow,
sinsta1,Aplonis cantoroides,Singing Starling,
sinwoo1,Dendrocopos assimilis,Sind Woodpecker,
sinwre1,Thryophilus sinaloa,Sinaloa Wren,SIWR
sirbar1,,,
sirmal1,Taccocua leschenaultii,Sirkeer Malkoha,
sirnee1,Rhaphidura leucopygialis,Silver-rumped Spinetail,
sirtan1,Stilpnia phillipsi,Sira Tanager,
siryst3,Sirystes albogriseus,Choco Sirystes,
sisowl1,Otus umbra,Simeulue Scops Owl,
sitjay1,Cyanolyca argentigula,Silvery-throated Jay,
sitnig1,Antrostomus sericocaudatus,Silky-tailed Nightjar,
sitspi1,Synallaxis subpudica,Silvery-throated Spinetail,
sittan1,Tangara icterocephala,Silver-throated Tanager,
siwgua1,Chamaepetes goudotii,Sickle-winged Guan,
siwnig1,Eleothreptus anomalus,Sickle-winged Nightjar,
siwpig1,Columba argentina,Silvery Pigeon,
sjogre1,Baeopogon clamans,Sjöstedt's Greenbul,
sjoowl1,Glaucidium sjostedti,Sjöstedt's Barred Owlet,
skylar,Alauda arvensis,Eurasian Skylark,EUSK
slaant1,Myrmotherula schisticolor,Slaty Antwren,
slabar1,Gymnobucco sladeni,Sladen's Barbet,
slabec1,Pachyramphus spodiurus,Slaty Becard,
slabri1,Merulaxis ater,Slaty Bristlefront,
slabun1,Emberiza siemsseni,Slaty Bunting,
slacud1,Turacoena modesta,Black Cuckoo-Dove,
slacus1,Coracina schistacea,Slaty Cuckooshrike,
slaegr1,Egretta vinaceigula,Slaty Egret,
slaela1,Elaenia strepera,Slaty Elaenia,
slafin1,Spodiornis rusticus,,
slaflo1,Diglossa plumbea,Slaty Flowerpiercer,
slagna1,Conopophaga ardesiaca,Slaty Gnateater,
slamon1,Mayrornis lessoni,Slaty Monarch,
slaspi1,Synallaxis brachyura,Slaty Spinetail,
slatan2,Creurgops dentatus,Slaty Tanager,
slathr2,Turdus nigriceps,Andean Slaty Thrush,
slathr3,Turdus subalaris,Blacksmith Thrush,
slavir1,Vireo brevipennis,Slaty Vireo,
slbbab1,Argya longirostris,Slender-billed Babbler,
slbblc1,Calyptorhynchus latirostris,,
slbcht1,,,
slbcht3,,,
slbcro1,Corvus enca,Sunda Crow,
slbcro3,Corvus violaceus,Violet Crow,
slbcur,Numenius tenuirostris,Slender-billed Curlew,
slbfin1,Melanospiza richardsoni,St. Lucia Black Finch,
slbfin2,Atlapetes schistaceus,Slaty Brushfinch,
slbfin3,Xenospingus concolor,Slender-billed Finch,
slbflu1,Sarothrura watersi,Slender-billed Flufftail,
slbfly1,Ficedula erithacus,Slaty-backed Flycatcher,
slbfly2,Ficedula tricolor,Slaty-blue Flycatcher,
slbfor1,Enicurus schistaceus,Slaty-backed Forktail,
slbgra1,Quiscalus palustris,Slender-billed Grackle,
slbgre1,Stelgidillas gracilirostris,Slender-billed Greenbul,
slbgul,Larus schistisagus,Slaty-backed Gull,SBGU
slbgul1,Chroicocephalus genei,Slender-billed Gull,
slbhem1,Poospiza goeringi,Slaty-backed Hemispingus,
slbkit1,Helicolestes hamatus,Slender-billed Kite,
slblar1,Mirafra somalica,,
slbmin1,Geositta tenuirostris,Slender-billed Miner,
slbori1,Oriolus tenuirostris,Slender-billed Oriole,
slbpar1,Enicognathus leptorhynchus,Slender-billed Parakeet,
slbpri1,Pachyptila belcheri,Slender-billed Prion,TBPR
slbrai1,Lewinia striata,Slaty-breasted Rail,
slbsta1,Onychognathus tenuirostris,Slender-billed Starling,
slbtes1,Tesia olivea,Slaty-bellied Tesia,
slbtho1,Acanthiza robustirostris,Slaty-backed Thornbill,
slbtho2,Acanthiza iredalei,Slender-billed Thornbill,
slbthr1,Geokichla schistacea,Slaty-backed Thrush,
slbtin1,Crypturellus boucardi,Slaty-breasted Tinamou,
slbtyr1,Inezia tenuirostris,Slender-billed Inezia,
slbvul1,Gyps tenuirostris,Slender-billed Vulture,
slbwea1,Ploceus pelzelni,Slender-billed Weaver,
slbxen1,Xenops tenuirostris,Slender-billed Xenops,
slcant2,Grallaricula nana,Slaty-crowned Antpitta,
slcant3,Myrmelastes schistaceus,Slate-colored Antbird,
slcant5,Grallaricula cumanensis,Sucre Antpitta,
slcbou1,Laniarius funebris,Slate-colored Boubou,
slccoo1,Fulica ardesiaca,Andean Coot,
slcfly1,Leptopogon superciliaris,Slaty-capped Flycatcher,
slcgro1,Saltator grossus,Slate-colored Grosbeak,
slchaw2,Buteogallus schistaceus,Slate-colored Hawk,
slclon1,Toxorhamphus poliopterus,Slaty-headed Longbill,
slcsee1,Sporophila schistacea,Slate-colored Seedeater,
slcsol1,Myadestes unicolor,Slate-colored Solitaire,
sleant1,Rhopornis ardesiacus,Slender Antbird,
sleshe1,Doricha enicura,Slender Sheartail,
slftyr1,Zimmerius gracilipes,Slender-footed Tyrannulet,
slgrol1,Brachypteracias leptosomus,Short-legged Ground Roller,
slhpar1,Psittacula himalayana,Slaty-headed Parakeet,
sllcra1,Rallina eurizonoides,Slaty-legged Crake,
slmgos1,Accipiter luteoschistaceus,,
sltcis1,Cisticola melanurus,Black-tailed Cisticola,
sltgna1,Polioptila schistaceigula,Slate-throated Gnatcatcher,
sltnig1,Caprimulgus clarus,Slender-tailed Nightjar,
sltred,Myioborus miniatus,Slate-throated Whitestart,SLAR
slttro1,Trogon massena,Slaty-tailed Trogon,
sltwoo1,Microstilbon burmeisteri,Slender-tailed Woodstar,
slweye1,Zosterops minutus,Small Lifou White-eye,
smabut2,Turnix sylvaticus,Common Buttonquail,
smamin1,Pericrocotus cinnamomeus,Small Minivet,
smanil1,Niltava macgrigoriae,Small Niltava,
smapra1,Glareola lactea,Small Pratincole,
smaspa1,Accipiter nanus,,
smawhi1,,,
smbani,Crotophaga ani,Smooth-billed Ani,SBAN
smbela1,Elaenia parvirostris,Small-billed Elaenia,SBEL
smbfin1,Atlapetes melanocephalus,Santa Marta Brushfinch,
smbkin1,Alcedo coerulescens,Cerulean Kingfisher,
smbtin1,Crypturellus parvirostris,Small-billed Tinamou,
smbtyr1,Myiotheretes pernix,Santa Marta Bush Tyrant,
smbtyr2,Myiotheretes fumigatus,Smoky Bush Tyrant,
smbwoo1,Dryobates fumigatus,,
smcpew1,Contopus fumigatus,Smoke-colored Pewee,
smew,Mergellus albellus,Smew,
smftof1,Poecilotriccus fumifrons,Smoky-fronted Tody-Flycatcher,
smgfin1,Geospiza fuliginosa,Small Ground Finch,
smilon,Calcarius pictus,Smith's Longspur,SMLO
smohon1,Melipotes fumigatus,Common Smoky Honeyeater,
smorob2,Peneothello cryptoleuca,,
smowar1,Phylloscopus fuligiventer,Smoky Warbler,
smtfin1,Camarhynchus parvulus,Small Tree Finch,
snakit,Rostrhamus sociabilis,Snail Kite,SNKI
snapen1,Eudyptes robustus,Snares Penguin,
snbfly1,Ficedula hyperythra,Snowy-browed Flycatcher,
snbhum1,Saucerottia edward,Snowy-bellied Hummingbird,
snbnut1,Sitta villosa,Chinese Nuthatch,
sncman1,Lepidothrix nattereri,Snow-capped Manakin,
snecou1,Coua delalandei,Snail-eating Coua,
snisni1,Coenocorypha huegeli,Snares Snipe,
snmmun1,Lonchura montana,Western Alpine Mannikin,
snmqua2,Synoicus monorthonyx,Snow Mountain Quail,
snmrob1,Petroica archboldi,Snow Mountain Robin,
snobun,Plectrophenax nivalis,Snow Bunting,SNBU
snocot1,Carpodectes nitidus,Snowy Cotinga,
snoegr,Egretta thula,Snowy Egret,SNEG
snogoo,Anser caerulescens,Snow Goose,BLGO
snoowl1,Bubo scandiacus,Snowy Owl,SNOW
snopar1,Lerwa lerwa,Snow Partridge,
snopet1,Pagodroma nivea,Snow Petrel,SNPE
snopig1,Columba leuconota,Snow Pigeon,
snoplo5,Charadrius nivosus,,
snoshe2,Chionis albus,Snowy Sheathbill,SNSH
snowca1,Microchera albocoronata,Snowcap,
sntbab1,Stachyris oglei,Snowy-throated Babbler,
sntkin1,Tyrannus niveigularis,Snowy-throated Kingbird,
snttyr1,Hemitriccus minor,Snethlage's Tody-Tyrant,
snttyr2,Hemitriccus striaticollis,Stripe-necked Tody-Tyrant,
soacha1,Myrmecocichla formicivora,Ant-eating Chat,
soalea1,Sclerurus obscurior,Dusky Leaftosser,
soapas1,Nycticryphes semicollaris,South American Painted-snipe,
soashe1,Tadorna cana,South African Shelduck,
soasni1,,,
soaswa2,Petrochelidon spilodera,South African Cliff Swallow,
soatan1,Habia gutturalis,,
soater1,Sterna hirundinacea,South American Tern,
sobcac1,Cacicus solitarius,Solitary Cacique,
sobeat1,Merops revoilii,Somali Bee-eater,
sobfly1,Melaenornis pammelaina,Southern Black Flycatcher,
sobkiw1,Apteryx australis,Southern Brown Kiwi,
sobtyr1,Camptostoma obsoletum,Southern Beardless Tyrannulet,
sobtyr2,Phylloscartes eximius,,
socbab1,Malacopteron affine,Sooty-capped Babbler,
socbun1,Emberiza socotrana,Socotra Bunting,
socbuz1,Buteo socotraensis,Socotra Buzzard,
soccis1,Cisticola haesitatus,Socotra Cisticola,
soccor1,Phalacrocorax nigrogularis,Socotra Cormorant,
socdov1,Zenaida graysoni,Socorro Dove,
socfly1,Myiozetetes similis,Social Flycatcher,
socfly2,Myiarchus phaeocephalus,Sooty-crowned Flycatcher,
socher1,Phaethornis augusti,Sooty-capped Hermit,
soclap1,Vanellus gregarius,Sociable Lapwing,
socmoc1,Mimus graysoni,Socorro Mockingbird,
socpuf1,Bucco noanamae,Sooty-capped Puffbird,
socspa1,Passer insularis,Socotra Sparrow,
socsta1,Onychognathus frater,Socotra Starling,
socsun2,Chalcomitra balfouri,Socotra Sunbird,
socwar2,Incana incana,Socotra Warbler,
socwea1,Philetairus socius,Sociable Weaver,
socwre2,Troglodytes sissonii,Socorro Wren,
soffin1,Arremon crassirostris,Sooty-faced Finch,
sofspi1,Synallaxis frontalis,Sooty-fronted Spinetail,
soghor1,Bucorvus leadbeateri,Southern Ground Hornbill,
sogpip1,Anthus antarcticus,South Georgia Pipit,
sogsha1,Leucocarbo georgianus,,
sohbul1,Pycnonotus aurigaster,Sooty-headed Bulbul,
sohmyn1,Gracula indica,Southern Hill Myna,
sohtyr1,Phyllomyias griseiceps,Sooty-headed Tyrannulet,
sohwre1,Pheugopedius spadix,Sooty-headed Wren,
soicus1,Edolisoma holopolium,Solomons Cicadabird,
soifro1,Rigidipenna inexpectata,Solomons Frogmouth,
soioys1,Haematopus finschi,South Island Oystercatcher,
soipio1,Turnagra capensis,South Island Piopio,
soirew1,Acrocephalus musae,Garrett's Reed Warbler,
soisni1,Coenocorypha iredalei,South Island Snipe,
soiwhe2,Zosterops kulambangrae,Solomons White-eye,
soiwhe3,Zosterops tetiparius,Dark-eyed White-eye,
soiwre1,Xenicus gilviventris,New Zealand Rockwren,
sokpip1,Anthus sokokensis,Sokoke Pipit,
soleag1,Buteogallus solitarius,Solitary Eagle,
solhao1,Ninox jacquinoti,,
solnig1,Eurostopodus nigripennis,Solomons Nightjar,
solpet1,Pterodroma solandri,Providence Petrel,
solsan,Tringa solitaria,Solitary Sandpiper,SOSA
solsee1,Haliaeetus sanfordi,,
solsni1,Gallinago solitaria,Solitary Snipe,
soltin1,Tinamus solitarius,Solitary Tinamou,
sombou1,Laniarius nigerrimus,Black Boubou,
sombun1,Emberiza poliopleura,Somali Bunting,
somcha1,Oenanthe dubia,Sombre Rock Chat,
somcou1,Cursorius somalensis,Somali Courser,
somcro1,Sylvietta isabellina,Somali Crombec,
somcro2,Corvus edithae,Somali Crow,
somfis1,Lanius somalicus,Somali Fiscal,
somgre1,Andropadus importunus,Sombre Greenbul,
somgro1,Rhynchostruthus louisae,Somali Golden-winged Grosbeak,
somhum1,Eupetomena cirrochloris,Sombre Hummingbird,
somkin1,Todiramphus funebris,Sombre Kingfisher,
somnig1,Caprimulgus fraenatus,Sombre Nightjar,
sompig1,Columba oliviae,Somali Pigeon,
sompig2,Cryptophaps poecilorrhoa,Sombre Pigeon,
sompit1,Erythropitta rubrinucha,South Moluccan Pitta,
somspa1,Passer castanopterus,Somali Sparrow,
somsta1,Onychognathus blythii,Somali Starling,
somthr1,Turdus ludoviciae,Somali Thrush,
somtit3,Poecile lugubris,Sombre Tit,
somtit4,Melaniparus thruppi,Acacia Tit,
somwhe1,Oenanthe phillipsi,Somali Wheatear,
sonspa,Melospiza melodia,Song Sparrow,SOSP
sonthr1,Turdus philomelos,Song Thrush,
sonwre1,Cyphorhinus phaeocephalus,Song Wren,
sooalb1,Phoebetria fusca,Sooty Albatross,SOAL
sooant1,Hafferia fortis,Sooty Antbird,
soobab1,Stachyris herberti,Sooty Babbler,
soobar1,Threnetes niger,Sooty Barbthroat,
soobar2,Caloramphus hayii,Sooty Barbet,
soobou1,Laniarius leucorhynchus,Lowland Sooty Boubou,
soocha1,Myrmecocichla nigra,Sooty Chat,
soofal1,Falco concolor,Sooty Falcon,
soofly1,Bradornis fuliginosus,,
soogra2,Asemospiza fuliginosa,Sooty Grassquit,
soogro1,Dendragapus fuliginosus,Sooty Grouse,
soogul2,Ichthyaetus hemprichii,Sooty Gull,
soomel1,Melidectes fuscus,,
soomyz1,Myzomela tristrami,Sooty Myzomela,
sooowl1,Tyto tenebricosa,Sooty Owl,
soooys1,Haematopus fuliginosus,Sooty Oystercatcher,
soorob1,Turdus nigrescens,Sooty Thrush,
sooshe,Ardenna grisea,Sooty Shearwater,SOSH
soosht1,Colluricincla tenebrosa,Sooty Shrikethrush,
soosla1,Thamnophilus ambiguus,Sooretama Slaty Antshrike,
sooswi1,Cypseloides fumigatus,Sooty Swift,
sooter1,Onychoprion fuscatus,Sooty Tern,SOTE
sootit1,Aegithalos fuliginosus,Sooty Bushtit,
sootyr1,Serpophaga nigricans,Sooty Tyrannulet,
soowoo1,Mulleripicus funebris,Northern Sooty Woodpecker,
sopbab1,Turdoides bicolor,Southern Pied Babbler,
soppet1,Pterodroma mollis,Soft-plumaged Petrel,
sopsku1,Stercorarius maccormicki,South Polar Skua,SPSK
soptit1,Anthoscopus minutus,Cape Penduline Tit,
sora,Porzana carolina,Sora,SORA
sosfly1,Sublegatus modestus,Southern Scrub Flycatcher,
sosowl1,Otus ireneae,Sokoke Scops Owl,
sosrob1,Drymodes brunneopygia,Southern Scrub Robin,
sotfan1,Rhipidura threnothorax,Sooty Thicket Fantail,
souant1,Corythopis delalandi,Southern Antpipit,
souben1,Oncostoma olivaceum,Southern Bentbill,
soublt1,Melaniparus niger,Southern Black Tit,
souboo2,,,
souboo4,Ninox rotiensis,Rote Boobook,
souboo5,Ninox fusca,Timor Boobook,
souboo6,Ninox plesseni,Alor Boobook,
souboo8,Ninox boobook,Australian Boobook,
soubou1,Laniarius ferrugineus,Southern Boubou,
soucar1,,,
soucas1,Casuarius casuarius,Southern Cassowary,
soucit1,Crithagra hyposticta,Southern Citril,
soucrp1,Goura sclaterii,Sclater's Crowned Pigeon,
soucrp2,Goura scheepmakeri,Scheepmaker's Crowned Pigeon,
souemt1,Aulacorhynchus albivitta,Southern Emerald Toucanet,
souemu1,Stipiturus malachurus,Southern Emu-wren,
soufis1,Lanius collaris,Southern Fiscal,
souful1,Fulmarus glacialoides,Southern Fulmar,SOFU
sougrc1,Crithagra buchanani,Southern Grosbeak-Canary,
souhyl1,Hyliota australis,Southern Hyliota,
soulap1,Vanellus chilensis,Southern Lapwing,
soulog1,Orthonyx temminckii,Australian Logrunner,
soumar,Progne elegans,Southern Martin,
soupoc1,Netta erythrophthalma,Southern Pochard,
souscr1,Chauna torquata,Southern Screamer,
soushr2,Clytorhynchus pachycephaloides,Southern Shrikebill,
soushr3,Lanius souzae,Souza's Shrike,
sousun1,,,
sousun2,Cinnyris sovimanga,Souimanga Sunbird,
soutch1,Tchagra tchagra,Southern Tchagra,
souwhi1,Aphelocephala leucopsis,Southern Whiteface,
souwpw1,Antrostomus arizonae,Mexican Whip-poor-will,MWPW
spacoq1,Lophornis stictolophus,Spangled Coquette,
spacot1,Cotinga cayana,Spangled Cotinga,
spadro1,Dicrurus bracteatus,Spangled Drongo,
spaeag1,Aquila adalberti,Spanish Imperial Eagle,
spahon1,Melipotes ater,Spangled Honeyeater,
spakoo1,Dacelo tyro,Spangled Kookaburra,
spaown1,Aegotheles tatei,Starry Owlet-nightjar,
spaspa1,Passer hispaniolensis,Spanish Sparrow,
spbant1,Cryptopezus nattereri,Speckle-breasted Antpitta,
spbant3,Hypoedaleus guttatus,Spot-backed Antshrike,
spbant4,Herpsilochmus dorsimaculatus,Spot-backed Antwren,
spbant5,Dysithamnus stictothorax,Spot-breasted Antvireo,
spbant6,Hylophylax naevius,Spot-backed Antbird,
spbduc,Anas zonorhyncha,Eastern Spot-billed Duck,
spbfan1,Rhipidura albogularis,White-spotted Fantail,
spbibi1,Bostrychia rara,Spot-breasted Ibis,
spblap1,Vanellus melanocephalus,Spot-breasted Lapwing,
spblau1,Garrulax merulinus,Spot-breasted Laughingthrush,
spbmel1,Microptilotis mimikae,,
spbori,Icterus pectoralis,Spot-breasted Oriole,SPOO
spbpar1,Paradoxornis guttaticollis,Spot-breasted Parrotbill,
spbpel1,Pelecanus philippensis,Spot-billed Pelican,
spbpuf1,Nystalus maculatus,Spot-backed Puffbird,
spbpuf3,,,
spbsan1,Calidris pygmaea,Spoon-billed Sandpiper,
spbscb1,Erythrogenys mcclellandi,Spot-breasted Scimitar Babbler,
spbtho1,Phacellodomus maculipectus,Spot-breasted Thornbird,
spbtou1,Selenidera maculirostris,Spot-billed Toucanet,
spbtyr1,Phylloscartes orbitalis,,
spbwoo1,Colaptes punctigula,Spot-breasted Woodpecker,
spbwoo2,Chloropicus poecilolaemus,,
spbwre1,Pheugopedius maculipectus,Spot-breasted Wren,
spbwre2,Pheugopedius sclateri,Speckle-breasted Wren,
spcant1,Dysithamnus puncticeps,Spot-crowned Antvireo,
spcbar1,Capito maculicoronatus,Spot-crowned Barbet,
spceup1,Euphonia imitans,Spot-crowned Euphonia,
spchon1,Acanthagenys rufogularis,Spiny-cheeked Honeyeater,
spcpic1,Picumnus steindachneri,Speckle-chested Piculet,
spctan1,Tangara dowii,Spangle-cheeked Tanager,
spcwoo1,Lepidocolaptes affinis,Spot-crowned Woodcreeper,
spebar1,Actinodura ramsayi,Spectacled Barwing,
spebul1,Rubigula erythropthalmos,Spectacled Bulbul,
specha2,Ortalis araucuan,East Brazilian Chachalaca,
specha3,Ortalis guttata,Speckled Chachalaca,
specha4,Ortalis squamata,Scaled Chachalaca,
speduc2,Speculanas specularis,Bronze-winged Duck,
speeid,Somateria fischeri,Spectacled Eider,SPEI
spefin1,Callacanthis burtoni,Spectacled Finch,
speflo1,Dicaeum dayakorum,Spectacled Flowerpecker,
speful1,Fulvetta ruficapilla,Spectacled Fulvetta,
spegui1,Cepphus carbo,Spectacled Guillemot,
spehao1,Ninox punctulata,Speckled Boobook,
spehum1,Adelomyia melanogenys,Speckled Hummingbird,
spemon1,Symposiachrus trivirgatus,Spectacled Monarch,
spemon3,,,
spemou1,Laniocera rufescens,Speckled Mourner,
spemou2,Colius striatus,Speckled Mousebird,
speowl1,Pulsatrix perspicillata,Spectacled Owl,
speowl2,Bubo milesi,Arabian Eagle-Owl,
spepar1,Forpus conspicillatus,Spectacled Parrotlet,
spepar2,Sinosuthora conspicillata,,
spepet1,Procellaria conspicillata,Spectacled Petrel,
spepic1,Picumnus innominatus,Speckled Piculet,
spepig1,Columba guinea,Speckled Pigeon,
spepri1,Siptornis striaticollis,Spectacled Prickletail,
sperai1,Coturnicops notatus,,
spered1,Myioborus melanocephalus,Spectacled Whitestart,
spespi1,Cranioleuca gutturata,,
spespi2,Arachnothera flavigaster,Spectacled Spiderhunter,
spetan1,Ixothraupis guttata,Speckled Tanager,
spetea3,Anas andium,Andean Teal,
spetet1,Xanthomixis zosterops,Spectacled Tetraka,
spetin1,Pogoniulus scolopaceus,Speckled Tinkerbird,
spetyr1,Hymenops perspicillatus,Spectacled Tyrant,
spewar2,Curruca conspicillata,Spectacled Warbler,
spewar3,Pyrrholaemus sagittatus,Speckled Warbler,
spewea1,Ploceus ocularis,Spectacled Weaver,
spewea2,Ploceus spekei,Speke's Weaver,
spfant1,Xenornis setifrons,Speckled Antshrike,
spfbar1,Tricholaema lacrymosa,Spot-flanked Barbet,
spfgal1,Porphyriops melanops,Spot-flanked Gallinule,
spfpar1,Pionus tumultuosus,Speckle-faced Parrot,
spfpar2,,,
spfswi1,Cypseloides cherriei,Spot-fronted Swift,
spfwea1,Sporopipes frontalis,Speckle-fronted Weaver,
spgpig1,Caloenas maculata,Spotted Green Pigeon,
spgsta1,Lamprotornis splendidus,Splendid Starling,
spgthr1,Geokichla guttata,Spotted Ground Thrush,
sphlar1,Chersomanes albofasciata,Spike-heeled Lark,
spibab1,Turdoides nipalensis,Spiny Babbler,
spibir1,Poodytes carteri,Spinifexbird,
spigua1,Penelope jacquacu,Spix's Guan,
spimac1,Cyanopsitta spixii,Spix's Macaw,
spipig1,Ducula myristicivora,Spice Imperial Pigeon,
spipig2,Geophaps plumifera,Spinifex Pigeon,
spipig3,Ducula carola,Spotted Imperial Pigeon,
spispi1,Synallaxis spixi,Spix's Spinetail,
spitap2,Scytalopus spillmanni,Spillmann's Tapaculo,
spiwaa1,Hypocnemis striata,Spix's Warbling Antbird,
spiwoo1,Xiphorhynchus spixii,Spix's Woodcreeper,
spjbab1,Ptilorrhoa leucosticta,Spotted Jewel-babbler,
splast1,Astrapia splendidissima,Splendid Astrapia,
splfai1,Malurus splendens,Splendid Fairywren,
splsun2,Cinnyris coccinigastrus,Splendid Sunbird,
spmthr1,Cichladusa guttata,Spotted Palm Thrush,
spnbab1,Stachyris strialata,Spot-necked Babbler,
spnbul1,Pycnonotus tympanistrigus,Spot-necked Bulbul,
spnthr1,Catharus dryas,Yellow-throated Nightingale-Thrush,
spoant1,Hylophylax naevioides,Spotted Antbird,
spoant5,Hylopezus paraensis,Snethlage's Antpitta,
spoant6,Hylopezus macularius,Spotted Antpitta,
spobam1,Psilorhamphus guttatus,Spotted Bamboowren,
spobar1,Premnoplex brunnescens,Spotted Barbtail,
spober1,Melanocharis crassirostris,Thick-billed Berrypecker,
spobow1,Chlamydera maculata,Spotted Bowerbird,
spobut2,Turnix ocellatus,Spotted Buttonquail,
spobuw1,Locustella davidi,Baikal Bush Warbler,
spobuw2,Locustella kashmirensis,West Himalayan Bush Warbler,
spobuw3,Locustella thoracica,Spotted Bush Warbler,
spocat1,Ailuroedus melanotis,Black-eared Catbird,
spocat2,Ailuroedus maculosus,Spotted Catbird,
spocra1,Porzana porzana,Spotted Crake,
spocra2,Zapornia tabuensis,Spotless Crake,
spocre2,Salpornis salvadori,African Spotted Creeper,
spocre3,Salpornis spilonota,Indian Spotted Creeper,
spocro1,Laniellus albonotatus,Spotted Crocias,
spodov,Streptopelia chinensis,,SPDO
spofan1,Rhipidura perlata,Spotted Fantail,
spofly1,Muscicapa striata,Spotted Flycatcher,
spofly3,,,
spofor1,Enicurus maculatus,Spotted Forktail,
spogre1,Ixonotus guttatus,Spotted Greenbul,
spohar1,Circus assimilis,Spotted Harrier,
spohon2,Indicator maculatus,Spotted Honeyguide,
spohon3,Xanthotis polygrammus,Spotted Honeyeater,
spokes1,Falco moluccensis,Spotted Kestrel,
spokin1,Actenoides lindsayi,Spotted Wood Kingfisher,
spolau1,Ianthocincla ocellata,Spotted Laughingthrush,
sponig1,Eurostopodus argus,Spotted Nightjar,
sponit2,Catharus maculatus,Speckled Nightingale-Thrush,
sponot1,Nothura maculosa,Spotted Nothura,
sponut1,Nucifraga multipunctata,Kashmir Nutcracker,
spoowl,Strix occidentalis,Spotted Owl,USOW
spoowl1,Athene brama,Spotted Owlet,
spopar1,Pardalotus punctatus,Spotted Pardalote,
spopic1,Picumnus pygmaeus,Spotted Piculet,
spopuf1,Bucco tamatia,Spotted Puffbird,
sporai,Pardirallus maculatus,Spotted Rail,
spored,Tringa erythropus,Spotted Redshank,
sposan,Actitis macularius,Spotted Sandpiper,SPSA
sposan1,Pterocles senegallus,Spotted Sandgrouse,
sposha1,Phalacrocorax punctatus,Spotted Shag,
sposta1,Sturnus unicolor,Spotless Starling,
spotan1,Ixothraupis punctata,Spotted Tanager,
spothr1,Modulatrix stictigula,Spot-throat,
spotow,Pipilo maculatus,Spotted Towhee,SPTO
spowoo1,Xiphorhynchus erythropygius,Spotted Woodcreeper,
spowre1,Campylorhynchus gularis,Spotted Wren,
spqthr1,Cinclosoma punctatum,Spotted Quail-thrush,
sprgro,Canachites canadensis,Spruce Grouse,
sprpip,Anthus spragueii,Sprague's Pipit,SPPI
sptant1,Herpsilochmus sticturus,Spot-tailed Antwren,
sptbab1,Pellorneum albiventre,Spot-throated Babbler,
sptfla1,Dinopium everetti,Spot-throated Flameback,
sptfly1,Todirostrum maculatum,Spotted Tody-Flycatcher,
sptgos1,Accipiter trinotatus,,
spthum1,Tilmatura dupontii,Sparkling-tailed Woodstar,
spthum2,Thaumasius taczanowskii,Spot-throated Hummingbird,
sptkne1,Burhinus capensis,Spotted Thick-knee,
sptnig1,Hydropsalis maculicaudus,,
sptwoo1,Certhiasomus stictolaemus,Spot-throated Woodcreeper,
spvear1,Colibri coruscans,Sparkling Violetear,
spwant2,Pygiptila stellaris,Spot-winged Antshrike,
spwant3,Myrmelastes leucostigma,Spot-winged Antbird,
spwbab1,Elachura formosa,Spotted Elachura,
spwduc1,Dendrocygna guttata,Spotted Whistling Duck,
spweye2,Zosterops luteirostris,Gizo White-eye,
spwfal2,Spiziapteryx circumcincta,Spot-winged Falconet,
spwgoo1,Plectropterus gambensis,Spur-winged Goose,
spwgro1,Mycerobas melanozanthos,Spot-winged Grosbeak,
spwlap1,Vanellus spinosus,Spur-winged Lapwing,
spwmon1,Symposiachrus guttula,Spot-winged Monarch,
spwowl1,Strix seloputo,Spotted Wood Owl,
spwpar2,Touit stictopterus,Spot-winged Parrotlet,
spwpig1,Columba hodgsonii,Speckled Wood Pigeon,
spwpig3,Patagioenas maculosa,Spot-winged Pigeon,
spwqua1,Odontophorus guttatus,Spotted Wood Quail,
spwros2,Carpodacus rodopeplus,Spot-winged Rosefinch,
spwros3,Carpodacus verreauxii,Sharpe's Rosefinch,
spwsta1,Saroglossa spilopterus,Spot-winged Starling,
spwthr1,Geokichla spiloptera,Spot-winged Thrush,
sqtbul1,Hypsipetes ganeesa,Square-tailed Bulbul,
sqtdro1,,,
sqtkit1,Lophoictinia isura,Square-tailed Kite,
sqtnig1,Caprimulgus fossii,Square-tailed Nightjar,
sqtsaw1,Psalidoprocne nitens,Square-tailed Saw-wing,
squant1,Myrmoderus squamosus,Squamate Antbird,
squcuc1,Piaya cayana,Common Squirrel Cuckoo,
squher1,Ardeola ralloides,Squacco Heron,
squpig1,Geophaps scripta,Squatter Pigeon,
srbhor1,Tockus rufirostris,Southern Red-billed Hornbill,
srlbao1,Phodilus assimilis,Sri Lanka Bay Owl,
srldro1,Dicrurus lophorinus,Sri Lanka Drongo,
srlscb1,Pomatorhinus melanurus,Sri Lanka Scimitar Babbler,
srlswa1,Cecropis hyperythra,Sri Lanka Swallow,
srlwoo1,Tephrodornis affinis,Sri Lanka Woodshrike,
srwswa1,Stelgidopteryx ruficollis,Southern Rough-winged Swallow,
sshpet1,Bulweria bifax,Olson's Petrel,
sstlar1,Alaudala somalica,Somali Short-toed Lark,
sstlar3,,,
sstlar4,Calandrella dukhunensis,Mongolian Short-toed Lark,
sstspa,Ammospiza caudacuta,Saltmarsh Sparrow,SALS
stabus1,Neotis denhami,Denham's Bustard,
stafin1,Bathilda ruficauda,,
stalar2,Spizocorys starki,Stark's Lark,
stavir1,Vireo caribaeus,San Andres Vireo,
stbant1,Thamnophilus insignis,Streak-backed Antshrike,
stbant2,Myrmorchilus strigilatus,Stripe-backed Antbird,
stbbit1,Ixobrychus involucris,,
stbbul1,Hypsipetes siquijorensis,Streak-breasted Bulbul,
stbcan1,Asthenes wyatti,Streak-backed Canastero,
stbcin1,Cinclodes excelsior,Stout-billed Cinclodes,
stbcro1,Zavattariornis stresemanni,Ethiopian Bushcrow,
stbcus1,Coracina caeruleogrisea,Stout-billed Cuckooshrike,
stbear2,Ochetorhynchus ruficaudus,Straight-billed Earthcreeper,
stbeat1,Merops hirundineus,Swallow-tailed Bee-eater,
stbfan1,Rhipidura dedemi,Streak-breasted Fantail,
stbflu1,Sarothrura boehmi,Streaky-breasted Flufftail,
stbfly1,Myiagra ferrocyanea,Steel-blue Flycatcher,
stbher1,Phaethornis bourcieri,Straight-billed Hermit,
stbhon2,Melithreptus validirostris,Strong-billed Honeyeater,
stbhon3,Territornis reticulata,,
stbkin1,Pelargopsis capensis,Stork-billed Kingfisher,
stbori,Icterus pustulatus,Streak-backed Oriole,STRO
stbree2,Limnoctites rectirostris,Straight-billed Reedhaunter,
stbrha1,Rhabdornis inornatus,Stripe-breasted Rhabdornis,
stbspi1,Synallaxis cinnamomea,Stripe-breasted Spinetail,
stbspi2,Arachnothera affinis,Streaky-breasted Spiderhunter,
stbsta1,Heliomaster squamosus,Stripe-breasted Starthroat,
stbtit2,Melaniparus fasciiventer,Stripe-breasted Tit,
stbtre1,Thripadectes rufobrunneus,Streak-breasted Treehunter,
stbtyr1,Myiotheretes striaticollis,Streak-throated Bush Tyrant,
stbwhy1,Vidua hypocherina,Steel-blue Whydah,
stbwoo1,Xiphocolaptes promeropirhynchus,Strong-billed Woodcreeper,
stbwoo2,Dendroplex picus,Straight-billed Woodcreeper,
stbwoo3,Picus viridanus,Streak-breasted Woodpecker,
stbwoo4,Dendrocopos atratus,Stripe-breasted Woodpecker,
stbwre1,Cantorchilus thoracicus,Stripe-breasted Wren,
stbwre2,Campylorhynchus nuchalis,Stripe-backed Wren,
stcant1,Dysithamnus striaticeps,Streak-crowned Antvireo,
stcant2,Hylopezus perspicillatus,Streak-chested Antpitta,
stcant3,Terenura maculata,Streak-capped Antwren,
stcant4,Myrmotherula longicauda,Stripe-chested Antwren,
stcgre1,Arizelocichla milanjensis,Stripe-cheeked Greenbul,
stcgre3,,,
stcgre4,,,
stcspa1,,,
stcspi1,Cranioleuca hellmayri,Streak-capped Spinetail,
stcspi2,Cranioleuca pyrrhophia,Stripe-crowned Spinetail,
stctre1,Thripadectes virgaticeps,Streak-capped Treehunter,
stcwoo1,Piculus callopterus,Stripe-cheeked Woodpecker,
stebul2,Pycnonotus conradi,Streak-eared Bulbul,
stecan1,Pseudasthenes steinbachi,Steinbach's Canastero,
stedov1,Chalcophaps stephani,Stephan's Emerald Dove,
steeag1,Aquila nipalensis,Steppe Eagle,
steeid,Polysticta stelleri,Steller's Eider,STEI
stejay,Cyanocitta stelleri,Steller's Jay,STJA
stelio1,Liocichla steerii,Taiwan Liocichla,
stelor1,Vini stepheni,Stephen's Lorikeet,
stepet,Pterodroma longirostris,Stejneger's Petrel,STPE
stfgle1,Anabacerthia variegaticeps,Scaly-throated Foliage-gleaner,
stftho1,Phacellodomus striaticeps,Streak-fronted Thornbird,
stftyr1,Muscigralla brevicauda,Short-tailed Field Tyrant,
stgpig1,Treron sanctithomae,Sao Tome Green Pigeon,
stgsta1,Lamprotornis acuticaudus,Sharp-tailed Starling,
sthant1,Drymophila striaticeps,Streak-headed Antbird,
sthant2,Grallaria andicolus,Stripe-headed Antpitta,
sthbrf1,Arremon atricapillus,Black-headed Brushfinch,
sthbrf2,Arremon torquatus,White-browed Brushfinch,
sthbrf3,Arremon costaricensis,Costa Rican Brushfinch,
sthbrf4,Arremon basilicus,Sierra Nevada Brushfinch,
sthbrf5,Arremon perijanus,Perija Brushfinch,
sthbrf6,Arremon phaeopleurus,Caracas Brushfinch,
sthbrf7,Arremon phygas,Paria Brushfinch,
sthbrf8,Arremon assimilis,Grey-browed Brushfinch,
sthbul1,Pycnonotus zeylanicus,Straw-headed Bulbul,
sthcra1,Atlantisia podarces,,
sthcuc1,Nannococcyx psix,St. Helena Cuckoo,
sthhon1,Pycnopygius stictocephalus,Streak-headed Honeyeater,
sthhoo1,Upupa antaios,St. Helena Hoopoe,
sthmun1,,,
sthmun3,Mayrimunia leucosticta,White-spotted Mannikin,
sthplo1,Charadrius sanctaehelenae,,
sthrai1,Zapornia astrictocarpus,St. Helena Crake,
sthsee2,Crithagra gularis,Streaky-headed Seedeater,
sthsee3,Crithagra canicapilla,West African Seedeater,
sthspa1,Peucaea ruficauda,Stripe-headed Sparrow,
sthwhe1,Heleia squamiceps,Sulawesi Heleia,
sthwoo1,Lepidocolaptes souleyetii,Streak-headed Woodcreeper,
stisan,Calidris himantopus,Stilt Sandpiper,STSA
stisha2,,,
stitap1,Scytalopus stilesi,Stiles's Tapaculo,
stitch1,Notiomystis cincta,Stitchbird,
stiwoo1,Chloropicus stierlingi,,
stiwre1,Traversia lyalli,Lyall's Wren,
stlori1,Icterus laudabilis,St. Lucia Oriole,
stlpar1,Amazona versicolor,St. Lucia Amazon,
stlwar,Setophaga delicata,St. Lucia Warbler,SLWA
stnfly1,Mionectes striaticollis,Streak-necked Flycatcher,
stnibi1,Threskiornis spinicollis,Straw-necked Ibis,
stocis1,Cisticola robustus,Stout Cisticola,
stodov1,Columba oenas,Stock Dove,
stofly1,Myiarchus stolidus,Stolid Flycatcher,STOF
stonec4,Saxicola rubicola,European Stonechat,
stonec6,,,
stonec7,Saxicola stejnegeri,,
stopar1,Ptilopachus petrosus,Stone Partridge,
stosto1,Ciconia stormi,Storm's Stork,
stpfly1,Terpsiphone atrochalybeia,Sao Tome Paradise Flycatcher,
stptyr1,Myiornis ecaudatus,Short-tailed Pygmy Tyrant,
strant2,Drymophila devillei,Striated Antbird,
strant3,Chamaeza nobilis,Striated Antthrush,
strbab1,Argya earlei,Striated Babbler,
strbar1,Actinodura souliei,Streaked Barwing,
strber1,Melanocharis striativentris,Streaked Berrypecker,
strbow1,Amblyornis subalaris,Streaked Bowerbird,
strbri1,Merulaxis stresemanni,Stresemann's Bristlefront,
strbul1,Ixos malaccensis,Streaked Bulbul,
strbul2,Pycnonotus striatus,,
strcar1,Phalcoboenus australis,,
strcra1,Amaurornis marginalis,,
strcuc1,Tapera naevia,Striped Cuckoo,
stream1,Trochilus polytmus,Red-billed Streamertail,STTL
stream3,,,
strear1,Geocerthia serrana,Striated Earthcreeper,
strfan1,Rhipidura verreauxi,New Caledonian Streaked Fantail,
strfie1,Calamanthus fuliginosus,Striated Fieldwren,
strflu1,Sarothrura affinis,Striped Flufftail,
strfly1,Myiodynastes maculatus,Streaked Flycatcher,
strgra1,Megalurus palustris,Striated Grassbird,
strgra2,Amytornis striatus,Striated Grasswren,
strher,Butorides striata,Striated Heron,
strher3,,,
strhon1,Plectorhyncha lanceolata,Striped Honeyeater,
strkin1,Halcyon chelicuti,Striped Kingfisher,
strlau1,Trochalopteron lineatum,Streaked Laughingthrush,
strlau2,Grammatoptila striata,Striated Laughingthrush,
strlau3,Trochalopteron virgatum,Striped Laughingthrush,
strlor1,Synorhacma multistriata,,
strman2,Machaeropterus regulus,Kinglet Manakin,
strman5,Machaeropterus striolatus,Striolated Manakin,
strowl1,Asio clamator,Striped Owl,
strpar1,Pardalotus striatus,Striated Pardalote,
strpip1,Anthus lineiventris,Striped Pipit,
strpri2,Prinia crinigera,Himalayan Prinia,
strpri8,Prinia striata,Striped Prinia,
strpuf1,Nystalus striolatus,Eastern Striolated Puffbird,
strros1,Carpodacus rubicilloides,Streaked Rosefinch,
strsal1,Saltator striatipectus,Streaked Saltator,
strsee1,Crithagra striolata,Streaky Seedeater,
strshe,Calonectris leucomelas,Streaked Shearwater,STRS
strsof1,Thripophaga macroura,Striated Softtail,
strspa1,Oriturus superciliosus,Striped Sparrow,
strspi1,Arachnothera magna,Streaked Spiderhunter,
strsta1,Aplonis striata,Striated Starling,
strswa2,Cecropis striolata,,
strtho1,Acanthiza lineata,Striated Thornbill,
strthr1,Monticola brevipes,Short-toed Rock Thrush,
strtre1,Thripadectes holostictus,Striped Treehunter,
strtuf1,Pseudocolaptes boissonneautii,Streaked Tuftedcheek,
strwar1,Acrocephalus sorghophilus,Speckled Reed Warbler,
strwea1,Ploceus alienus,Strange Weaver,
strwea2,Ploceus manyar,Streaked Weaver,
strwoo,Dryobates stricklandi,,
strwoo1,Automolus subulatus,Eastern Woodhaunter,
strwoo2,Xiphorhynchus obsoletus,Striped Woodcreeper,
strwoo5,,,
strwoo6,Dryobates lignarius,,
strxen1,Xenops rutilans,Streaked Xenops,
stryuh1,Staphida castaniceps,Striated Yuhina,
stsbab1,Napothera danjoui,Short-tailed Scimitar Babbler,
stseag,Haliaeetus pelagicus,Steller's Sea Eagle,
stsnig1,Caprimulgus stellatus,Star-spotted Nightjar,
stsowl1,Otus hartlaubi,Sao Tome Scops Owl,
stsrha2,Rhabdornis mystacalis,Stripe-headed Rhabdornis,
stswar1,Scotocerca inquieta,Streaked Scrub Warbler,
sttant1,Rhopias gularis,Star-throated Antwren,
sttant3,Sipia berlepschi,Stub-tailed Antbird,
sttant5,,,
sttbab1,Mixornis gularis,Pin-striped Tit-Babbler,
sttbar1,Actinodura waldeni,Streak-throated Barwing,
sttbul1,Pycnonotus finlaysoni,Stripe-throated Bulbul,
sttcan1,Asthenes humilis,Streak-throated Canastero,
sttful1,Fulvetta cinereiceps,Grey-hooded Fulvetta,
sttful2,Fulvetta manipurensis,Manipur Fulvetta,
stther1,Phaethornis rupurumii,Streak-throated Hermit,
stther2,Phaethornis striigularis,Stripe-throated Hermit,
stthum1,Eupherusa eximia,Stripe-tailed Hummingbird,
sttjer1,Neomixis striatigula,Stripe-throated Jery,
sttspa1,Platyrinchus cancrominus,Stub-tailed Spadebill,
sttspi1,Leptasthenura striata,Streak-backed Tit-Spinetail,
sttspi2,Leptasthenura striolata,Striolated Tit-Spinetail,
sttswa2,Petrochelidon fluvicola,Streak-throated Swallow,
stttyr1,Alectrurus risora,Strange-tailed Tyrant,
stttyr2,Gubernetes yetapa,Streamer-tailed Tyrant,
sttwhy1,Vidua fischeri,Straw-tailed Whydah,
sttwoo1,Picus xanthopygaeus,Streak-throated Woodpecker,
sttwre1,Cantorchilus leucopogon,Stripe-throated Wren,
sttyuh1,Yuhina gularis,Stripe-throated Yuhina,
stuqua1,Coturnix pectoralis,Stubble Quail,
stusta1,Poeoptera stuhlmanni,Stuhlmann's Starling,
stusun1,Cinnyris stuhlmanni,Rwenzori Double-collared Sunbird,
stvhum2,Saucerottia saucerottei,Steely-vented Hummingbird,
stvpar1,Amazona guildingii,St. Vincent Amazon,
stwbab1,Gypsophila brevicaudata,Streaked Wren-Babbler,
stwbab2,Ptilocichla mindanensis,Striated Wren-Babbler,
stwbab3,Kenopia striata,Striped Wren-Babbler,
stwnig1,Caprimulgus longipennis,Standard-winged Nightjar,
stwqua1,Odontophorus stellatus,Starred Wood Quail,
stybul1,Pycnonotus taivanus,Styan's Bulbul,
styfin1,Sicalis citrina,Stripe-tailed Yellow Finch,
styowl1,Asio stygius,Stygian Owl,
subbrw1,Nesillas lantzii,Subdesert Brush Warbler,
subbul1,Iole palawanensis,Sulphur-bellied Bulbul,
subbus1,Telophorus sulfureopectus,,
subdor1,Pseudocolopteryx acutipennis,Subtropical Doradito,
subfly,Myiodynastes luteiventris,Sulphur-bellied Flycatcher,SBFL
subfly1,Cyornis omissus,Sulawesi Blue Flycatcher,
subfly2,Muscicapa segregata,Sumba Brown Flycatcher,
subfly3,Muscicapa sodhii,Sulawesi Streaked Flycatcher,
subfly4,,,
subhea1,Gallicolumba menagei,Sulu Bleeding-heart,
submes1,Monias benschi,Subdesert Mesite,
subnut1,Sitta oenochlamys,Sulphur-billed Nuthatch,
subpar1,Aratinga maculata,Sulphur-breasted Parakeet,
subsni1,Coenocorypha aucklandica,Subantarctic Snipe,
subtyr1,Mecocerculus minor,Sulphur-bellied Tyrannulet,
subwar1,,,
subwar2,Phylloscopus griseolus,Sulphur-bellied Warbler,
subwar3,Phylloscopus ricketti,Sulphur-breasted Warbler,
subwar4,Horornis vulcanius,,
subwar8,Curruca subalpina,Moltoni's Warbler,
subwhi1,Pachycephala sulfuriventer,Sulphur-vented Whistler,
sucant1,Chamaeza meruloides,Cryptic Antthrush,
succoc,Cacatua galerita,Sulphur-crested Cockatoo,
sufdov1,Ptilinopus superbus,Superb Fruit Dove,
sugcuc1,Carpococcyx viridis,Sumatran Ground Cuckoo,
sugdov1,Gallicolumba tristigmata,Sulawesi Ground Dove,
sugpig2,Treron teysmannii,Sumba Green Pigeon,
sugspa1,Passer luteus,Sudan Golden Sparrow,
suhcuc1,Cuculus crassirostris,Sulawesi Cuckoo,
suhpar1,Loriculus stigmatus,Great Hanging Parrot,
suifly1,Suiriri suiriri,Suiriri Flycatcher,
suklau1,Ianthocincla sukatschewi,Snowy-cheeked Laughingthrush,
sulbab1,Pellorneum celebense,Sulawesi Babbler,
sulboo1,Ninox reyi,Sulu Boobook,
sulcud1,Macropygia doreya,Sultan's Cuckoo-Dove,
sulcud2,Turacoena sulaensis,Sula Cuckoo-Dove,
sulcus1,Edolisoma sula,Sula Cicadabird,
sulcus2,Edolisoma morio,Sulawesi Cicadabird,
suldro1,Dicrurus montanus,Sulawesi Drongo,
sulfly1,Tyrannopsis sulphurea,Sulphury Flycatcher,
sulgob1,Alophoixus longirostris,,
sulgos1,Accipiter griseiceps,,
sulhae1,Nisaetus lanceolatus,Sulawesi Hawk-Eagle,
sulhap1,Loriculus sclateri,Sula Hanging Parrot,
sulhor1,Rhabdotorrhinus exarhatus,Sulawesi Hornbill,
sulhor2,Anthracoceros montani,Sulu Hornbill,
suljuf1,Cyornis colonus,Sula Jungle Flycatcher,
sulkin1,Ceyx fallax,Sulawesi Dwarf Kingfisher,
sulmyn1,Basilornis celebensis,Sulawesi Myna,
sulmyz1,Myzomela chloroptera,Sulawesi Myzomela,
sulnig1,Caprimulgus celebensis,Sulawesi Nightjar,
sulowl1,Tyto rosenbergii,Sulawesi Masked Owl,
sulpit1,Erythropitta dohertyi,Sula Pitta,
sulpit3,Erythropitta celebensis,Sulawesi Pitta,
sulsco2,Otus siaoensis,Siau Scops Owl,
sulsco3,Otus sulaensis,Sula Scops Owl,
sulscr1,Megapodius bernsteinii,Sula Megapode,
sulthr1,Cataponera turdoides,,
sultit1,Melanochlora sultanea,Sultan Tit,
sulwar1,Phylloscopus sarasinorum,Lompobattang Leaf Warbler,
sulwhe1,Zosterops consobrinorum,Pale-bellied White-eye,
sulwoo1,Scolopax celebensis,Sulawesi Woodcock,
sulwoo2,Yungipicus temminckii,Sulawesi Pygmy Woodpecker,
sumbab1,Pellorneum buettikoferi,Sumatran Babbler,
sumboo1,Ninox rudolfi,Great Sumba Boobook,
sumbut1,Turnix everetti,Sumba Buttonquail,
sumcoc1,Cochoa beccarii,Sumatran Cochoa,
sumcus1,Edolisoma dohertyi,Pale-shouldered Cicadabird,
sumdro1,Dicrurus sumatranus,Sumatran Drongo,
sumfly1,Ficedula harterti,Sumba Flycatcher,
sumhor1,Rhyticeros everetti,Sumba Hornbill,
sumlau1,Garrulax bicolor,Sumatran Laughingthrush,
sumlea1,Chloropsis media,Sumatran Leafbird,
summyz1,Myzomela dammermani,Sumba Myzomela,
sumtan,Piranga rubra,Summer Tanager,SUTA
sumtre1,Dendrocitta occipitalis,Sumatran Treepie,
sumtro1,Harpactes mackloti,,
sumwrb1,Napothera albostriata,Sumatran Wren-Babbler,
sumwre1,Hylorchilus sumichrasti,Sumichrast's Wren,
sunasi1,Neodrepanis coruscans,Common Sunbird-Asity,
sunbit1,Eurypyga helias,Sunbittern,
sunbul2,Ixos virescens,Javan Bulbul,
suncou1,Centropus nigrorufus,Sunda Coucal,
suncuc2,Cuculus lepidus,Sunda Cuckoo,
suncus1,Coracina larvata,Sunda Cuckooshrike,
sunfor1,Enicurus velatus,Sunda Forktail,
sunfro1,Batrachostomus cornutus,Sunda Frogmouth,
sungre1,Heliornis fulica,Sungrebe,
sunhon1,Lichmera lombokia,Scaly-crowned Honeyeater,
sunlap1,Vanellus macropterus,Javan Lapwing,
sunlar1,Galerida modesta,Sun Lark,
sunlau1,Garrulax palliatus,Sunda Laughingthrush,
sunmin1,Pericrocotus miniatus,Sunda Minivet,
sunpar1,Aratinga solstitialis,Sun Parakeet,
sunrob1,Myiomela diana,Javan Blue Robin,
suntea1,Anas gibberifrons,Sunda Teal,
sunthr1,Zoothera andromedae,Sunda Thrush,
sunwar1,Phylloscopus grammiceps,Sunda Warbler,
supfai1,Malurus cyaneus,Superb Fairywren,
suphem1,Thlypopsis superciliaris,Superciliaried Hemispingus,
suplyr1,Menura novaehollandiae,Superb Lyrebird,
supowl1,Glaucidium parkeri,Subtropical Pygmy Owl,
suppar1,Polytelis swainsonii,Superb Parrot,
suppit1,Pitta superba,Superb Pitta,
supsta1,Lamprotornis superbus,Superb Starling,
supsun2,Cinnyris superbus,Superb Sunbird,
supwre1,Cantorchilus superciliaris,Superciliated Wren,
surcin1,Cinclodes taczanowskii,Peruvian Seaside Cinclodes,
surfbi,Calidris virgata,Surfbird,SURF
surfly1,Myiobius sulphureipygius,Sulphur-rumped Myiobius,
sursco,Melanitta perspicillata,Surf Scoter,SUSC
surtan1,Heterospingus rubrifrons,Sulphur-rumped Tanager,
surtro1,Trogon surrucura,Surucua Trogon,
suseag1,Spilornis rufipectus,Sulawesi Serpent Eagle,
susowl1,Otus manadensis,Sulawesi Scops Owl,
susowl2,Otus lempiji,Sunda Scops Owl,
sutfin1,Sicalis taczanowskii,Sulphur-throated Finch,
sutspi1,Limnoctites sulphuriferus,Sulphur-bearded Reedhaunter,
suwpar1,Pyrrhura hoffmanni,Sulphur-winged Parakeet,
swafly1,Myiarchus swainsoni,Swainson's Flycatcher,
swafly3,Muscicapa aquatica,Swamp Flycatcher,
swafra1,Ortygornis gularis,Swamp Francolin,
swafra2,Pternistis swainsonii,Swainson's Spurfowl,
swagoo1,Anser cygnoides,Swan Goose,
swagre1,Thescelocichla leucopleura,Swamp Palm Bulbul,
swahar1,Circus approximans,Swamp Harrier,
swahaw,Buteo swainsoni,Swainson's Hawk,SWHA
swanig1,Caprimulgus natalensis,Swamp Nightjar,
swapri1,Laticilla cinerascens,Swamp Grass Babbler,
swaspa,Melospiza georgiana,Swamp Sparrow,SWSP
swaspa1,Passer suahelicus,Swahili Sparrow,
swaspa2,Passer swainsonii,Swainson's Sparrow,
swatan1,Tersina viridis,Swallow Tanager,
swathr,Catharus ustulatus,Swainson's Thrush,SWTH
swawar,Limnothlypis swainsonii,Swainson's Warbler,SWWA
swbhum1,Ensifera ensifera,Sword-billed Hummingbird,
swewax1,Coccopygia bocagei,Angola Waxbill,
swewax3,Coccopygia melanotis,Swee Waxbill,
swfgle,Philydor fuscipenne,,
swfowl1,Ptilopsis granti,Southern White-faced Owl,
swifra2,Pternistis swierstrai,Swierstra's Spurfowl,
swipar1,Lathamus discolor,Swift Parrot,
swiphe1,Lophura swinhoii,Swinhoe's Pheasant,
swirai1,Coturnicops exquisitus,Swinhoe's Rail,
swisni1,Gallinago megala,Swinhoe's Snipe,SWSN
swiwhe1,Zosterops simplex,Swinhoe's White-eye,
swspet,Hydrobates monorhis,Swinhoe's Storm Petrel,
swtcot1,Phibalura flavirostris,Swallow-tailed Cotinga,
swtcot2,,,
swtgul1,Creagrus furcatus,Swallow-tailed Gull,
swthum1,Eupetomena macroura,Swallow-tailed Hummingbird,
swtkit,Elanoides forficatus,Swallow-tailed Kite,STKI
swtman1,Chiroxiphia caudata,Blue Manakin,
swtnig1,Uropsalis segmentata,Swallow-tailed Nightjar,
swwpuf1,Chelidoptera tenebrosa,Swallow-winged Puffbird,
swwqua1,Odontophorus capueira,Spot-winged Wood Quail,
swyrob1,Swynnertonia swynnertoni,Swynnerton's Robin,
sybhor1,Tockus leucomelas,Southern Yellow-billed Hornbill,
syknig1,Caprimulgus mahrattensis,Sykes's Nightjar,
sykwar2,Iduna rama,Sykes's Warbler,
syrser1,Serinus syriacus,Syrian Serin,
syrwoo1,Dendrocopos syriacus,Syrian Woodpecker,
szepar1,Tetraophasis szechenyii,Buff-throated Monal-Partridge,
tabbab1,Dumetia hyperythra,Tawny-bellied Babbler,
tabcis1,Cisticola angusticauda,Long-tailed Cisticola,
tabdro1,Dicrurus menagei,Tablas Drongo,
tabfan1,Rhipidura sauli,Tablas Fantail,
tabfly1,Myiobius villosus,Tawny-breasted Myiobius,
tabher1,Phaethornis syrmatophorus,Tawny-bellied Hermit,
tabhon1,Xanthotis flaviventer,Tawny-breasted Honeyeater,
tabowl1,Pulsatrix koeniswaldiana,Tawny-browed Owl,
tabpar1,Erythrura hyperythra,Tawny-breasted Parrotfinch,
tabsco1,Megascops watsonii,Tawny-bellied Screech Owl,
tabscr1,Megapodius cumingii,Philippine Megapode,
tabsee1,Sporophila hypoxantha,Tawny-bellied Seedeater,
tabtan1,Chlorospingus tacarcunae,Tacarcuna Chlorospingus,
tabtin1,Nothocercus julius,Tawny-breasted Tinamou,
tabwar1,Horornis carolinae,Tanimbar Bush Warbler,
tacant1,Grallaria chthonia,Tachira Antpitta,
taccat1,Ailuroedus geislerorum,Tan-capped Catbird,
taceup1,Euphonia anneae,Tawny-capped Euphonia,
tacfly1,Aphanotriccus capitalis,Tawny-chested Flycatcher,
tacgre1,Tunchiornis ochraceiceps,Ochre-crowned Greenlet,
tacgrt1,Muscisaxicola griseus,Taczanowski's Ground Tyrant,
tachon1,Gliciphila melanops,Tawny-crowned Honeyeater,
tacnig1,Antrostomus salvini,Tawny-collared Nightjar,
tacpyt1,Euscarthmus meloryphus,Fulvous-crowned Scrub Tyrant,
tacsun1,Nectarinia tacazze,Tacazze Sunbird,
tactan1,Tachyphonus delatrii,Tawny-crested Tanager,
tactap1,Scytalopus panamensis,Tacarcuna Tapaculo,
tactin1,Nothoprocta taczanowskii,Taczanowski's Tinamou,
tafdov1,Ptilinopus tannensis,Tanna Fruit Dove,
tafgna1,Microbates cinereiventris,Tawny-faced Gnatwren,
tafowl1,Ketupa flavipes,Tawny Fish Owl,
tafpri1,Prinia subflava,Tawny-flanked Prinia,
tafqua1,Rhynchortyx cinctus,Tawny-faced Quail,
tagbut1,Cracticus louisiadensis,Tagula Butcherbird,
taghon1,Microptilotis vicina,,
tagwea1,Ploceus castaneiceps,Taveta Weaver,
tahkin1,Todiramphus veneratus,Society Kingfisher,
tahmof1,Carpodacus sillemi,Sillem's Rosefinch,
tahmon2,Pomarea nigra,Tahiti Monarch,
tahpet1,Pseudobulweria rostrata,Tahiti Petrel,TAPE
tahrai1,Gallirallus pacificus,Tahiti Rail,
tahrew1,Acrocephalus caffer,Tahiti Reed Warbler,
tahswa2,Alopochelidon fucata,Tawny-headed Swallow,
taibap1,Bambusicola sonorivox,Taiwan Bamboo Partridge,
taibar1,Actinodura morrisoniana,Taiwan Barwing,
taibar2,Psilopogon nuchalis,Taiwan Barbet,
taibeg1,Anser fabalis,Taiga Bean Goose,TABG
taibuw1,Locustella alishanensis,Taiwan Bush Warbler,
taifal1,Falco fasciinucha,Taita Falcon,
taifis1,Lanius dorsalis,Taita Fiscal,
taifly1,Ficedula albicilla,Taiga Flycatcher,TAFL
taiful1,Fulvetta formosana,Taiwan Fulvetta,
taihwa1,Garrulax taewanus,Taiwan Hwamei,
taipar1,Arborophila crudigularis,Taiwan Partridge,
taiscb1,Pomatorhinus musicus,Taiwan Scimitar Babbler,
taithr1,Turdus helleri,Taita Thrush,
taiwrb1,Pnoepyga formosana,Taiwan Cupwing,
taiyuh1,Yuhina brunneiceps,Taiwan Yuhina,
takahe2,Porphyrio mantelli,North Island Takahe,
takahe3,Porphyrio hochstetteri,South Island Takahe,
talbuh1,Amaurornis magnirostris,Talaud Bush-hen,
talkin1,Todiramphus enigma,Talaud Kingfisher,
talowl1,Tyto nigrobrunnea,Taliabu Masked Owl,
talrai1,Gymnocrex talaudensis,Talaud Rail,
tamcon1,Conirostrum tamarugense,Tamarugo Conebill,
tamcro,Corvus imparatus,Tamaulipas Crow,TACR
tamdov1,Turtur tympanistria,Tambourine Dove,
tancoc1,Cacatua goffiniana,Tanimbar Corella,
tancud1,Macropygia timorlaoensis,Tanimbar Cuckoo-Dove,
tanfin1,Oreothraupis arremonops,Tanager Finch,
tangrd1,Alopecoenas ferrugineus,,
tanhen1,Tribonyx mortierii,Tasmanian Nativehen,
tanmaw1,Ploceus reichardi,Tanzanian Masked Weaver,
tanscr1,Megapodius tenimberensis,Tanimbar Megapode,
tansee1,Crithagra melanochroa,Kipengere Seedeater,
tansta1,Aplonis crassa,Tanimbar Starling,
tapowl1,Glaucidium sanchezi,Tamaulipas Pygmy Owl,
tarbab1,Rhopophilus albosuperciliaris,Tarim Babbler,
tarcis1,Cisticola restrictus,Tana River Cisticola,
tarhor1,Penelopides panini,Visayan Hornbill,
tartyr1,Phyllomyias uropygialis,,
tasbla,Agelaius humeralis,Tawny-shouldered Blackbird,TSBL
tasscr1,Sericornis humilis,Tasmanian Scrubwren,
tastho1,Acanthiza ewingii,Tasmanian Thornbill,
tatdot1,Oreopholus ruficollis,Tawny-throated Dotterel,
tatlea1,Sclerurus mexicanus,Tawny-throated Leaftosser,
tatspi1,Sylviorthorhynchus yanacensis,Tawny Tit-Spinetail,
tattin1,Crypturellus tataupa,Tataupa Tinamou,
tattou1,Selenidera nattereri,Tawny-tufted Toucanet,
tawant1,Grallaria quitensis,Tawny Antpitta,
taweag1,Aquila rapax,Tawny Eagle,
tawfro1,Podargus strigoides,Tawny Frogmouth,
tawgra2,Cincloramphus macrurus,Papuan Grassbird,
tawgra3,Cincloramphus timoriensis,Tawny Grassbird,
tawlar1,Galerida deva,Sykes's Lark,
tawowl1,Strix aluco,Tawny Owl,
tawowl3,Strix mauritanica,,
tawpip1,Anthus campestris,Tawny Pipit,
tawqua1,Odontophorus dialeucos,Tacarcuna Wood Quail,
tawstr1,Timeliopsis griseigula,Tawny Straightbill,
tawwoo1,Dendrocincla anabatina,Tawny-winged Woodcreeper,
tbgdov1,Alopecoenas salamonis,,
tbgpig2,Trugon terrestris,Thick-billed Ground Pigeon,
tbsfin1,Sporophila funerea,Thick-billed Seed Finch,
tbwbab1,Spelaeornis longicaudatus,Tawny-breasted Wren-Babbler,
tebfin1,Atlapetes personatus,Tepui Brushfinch,
tembab1,Pellorneum pyrrogenys,Temminck's Babbler,
temcou1,Cursorius temminckii,Temminck's Courser,
temlar1,Eremophila bilopha,Temminck's Lark,
temsee1,Sporophila falcirostris,Temminck's Seedeater,
temsti,Calidris temminckii,Temminck's Stint,
temsun1,Aethopyga temminckii,Temminck's Sunbird,
temtra1,Tragopan temminckii,Temminck's Tragopan,
temwhi1,Pachycephala vanikorensis,Vanikoro Whistler,
tenswi1,Collocalia sumbawae,Tenggara Swiftlet,
tenwar,Leiothlypis peregrina,Tennessee Warbler,TEWA
tepant1,Myrmothera simplex,Tepui Antpitta,
tepgol1,Polytmus milleri,Tepui Goldenthroat,
tepgre1,Vireo sclateri,Tepui Vireo,
teppar1,Nannopsittaca panychlora,Tepui Parrotlet,
tepred1,Myioborus castaneocapilla,Tepui Whitestart,
tepspi1,Cranioleuca demissa,Tepui Spinetail,
tepswi1,Streptoprocne phelpsi,Tepui Swift,
teptin1,Crypturellus ptaritepui,Tepui Tinamou,
tepwre1,Troglodytes rufulus,Tepui Wren,
terbro1,Phyllastrephus terrestris,Terrestrial Brownbul,
tersan,Xenus cinereus,Terek Sandpiper,
tesfly1,Fraseria tessmanni,Tessmann's Flycatcher,
thamno2,Thamnornis chloropetoides,Thamnornis,
thbcou1,Rhinoptilus cinctus,Three-banded Courser,
thbcuc1,Pachycoccyx audeberti,Thick-billed Cuckoo,
thbeup1,Euphonia laniirostris,Thick-billed Euphonia,
thbflo1,Dicaeum agile,,
thbflo3,,,
thbgra1,Amytornis textilis,Western Grasswren,
thbgra4,Amytornis modestus,Thick-billed Grasswren,
thbhon1,Indicator conirostris,,
thbkin,Tyrannus crassirostris,Thick-billed Kingbird,TBKI
thblar1,Ramphocoris clotbey,Thick-billed Lark,
thbmin1,Geositta crassirostris,Thick-billed Miner,
thbmur,Uria lomvia,Thick-billed Murre,TBMU
thbpar,Rhynchopsitta pachyrhyncha,Thick-billed Parrot,TBPA
thbpig1,Treron curvirostra,Thick-billed Green Pigeon,
thbplo1,Charadrius tricollaris,,
thbrav1,Corvus crassirostris,Thick-billed Raven,
thbros1,Carpodacus trifasciatus,Three-banded Rosefinch,
thbsal1,Saltator maxillosus,Thick-billed Saltator,
thbsee1,Crithagra burtoni,Thick-billed Seedeater,
thbsis1,Spinus crassirostris,Thick-billed Siskin,
thbspi1,Arachnothera crassirostris,Thick-billed Spiderhunter,
thbvir,Vireo crassirostris,Thick-billed Vireo,TBVI
thbvir2,,,
thbwar1,Arundinax aedon,Thick-billed Warbler,
thbwar2,Basileuterus trifasciatus,Three-banded Warbler,
thelar1,Galerida theklae,Thekla's Lark,
thiant1,Myrmothera dives,Thicket Antpitta,
thitin1,Crypturellus cinnamomeus,Thicket Tinamou,
thlant2,Myrmothera campanisona,Thrush-like Antpitta,
thlant3,Myrmothera subcanescens,Tapajos Antpitta,
thlsch2,Schiffornis veraepacis,Northern Schiffornis,
thlsch3,Schiffornis turdina,Brown-winged Schiffornis,
thlsch4,Schiffornis stenorhyncha,Russet-winged Schiffornis,
thlsch7,Schiffornis olivacea,Guianan Schiffornis,
thlsch8,Schiffornis aenea,Foothill Schiffornis,
thlwre1,Campylorhynchus turdinus,Thrush-like Wren,
thrbab1,Illadopsis turdina,Spotted Thrush-Babbler,
thrnig1,Luscinia luscinia,Thrush Nightingale,
thsfly2,Conopias trivirgatus,Three-striped Flycatcher,
thshem1,Microspingus trifasciatus,Three-striped Hemispingus,
thstch1,Tchagra jamesi,Three-streaked Tchagra,
thswar1,Basileuterus tristriatus,Three-striped Warbler,
thswar2,,,
thswar5,Basileuterus melanotis,Black-eared Warbler,
thswar9,Basileuterus tacarcunae,Tacarcuna Warbler,
thtjac1,Jacamaralcyon tridactyla,Three-toed Jacamar,
thtpar1,Cholornis paradoxus,,
thtray1,Aphrastura spinicauda,Thorn-tailed Rayadito,
thwbel,Procnias tricarunculatus,Three-wattled Bellbird,
tibbab1,Pterorhinus koslowi,Tibetan Babax,
tibbla1,Turdus maximus,Tibetan Blackbird,
tibbun1,Emberiza koslowi,Tibetan Bunting,
tibfly2,Cyornis hyacinthinus,,
tibfly3,Cyornis tickelliae,Tickell's Blue Flycatcher,
tibfly4,Cyornis sumatrensis,Indochinese Blue Flycatcher,
tiblar1,Melanocorypha maxima,Tibetan Lark,
tibpar1,Perdix hodgsoniae,Tibetan Partridge,
tibros1,Carpodacus roborowskii,Tibetan Rosefinch,
tibsan1,Syrrhaptes tibetanus,Tibetan Sandgrouse,
tibser1,Spinus thibetanus,Tibetan Serin,
tibsno1,Tetraogallus tibetanus,Tibetan Snowcock,
tibsno2,Montifringilla henrici,Tibetan Snowfinch,
ticdor1,Pseudocolopteryx citreola,Ticking Doradito,
ticthr1,Turdus unicolor,Tickell's Thrush,
tigshr1,Lanius tigrinus,Tiger Shrike,
tiipig1,Ducula cineracea,Timor Imperial Pigeon,
tildac1,Xenodacnis parina,Tit-like Dacnis,
tilwar1,Phylloscopus affinis,Tickell's Leaf Warbler,
tilwar2,Phylloscopus presbytes,Timor Leaf Warbler,
timbus1,Saxicola gutturalis,White-bellied Bush Chat,
timcud1,Macropygia magna,Timor Cuckoo-Dove,
timfri1,Philemon inornatus,Timor Friarbird,
timgrp1,Treron psittaceus,Timor Green Pigeon,
timori1,Oriolus melanotis,Timor Oriole,
timspa4,Padda fuscata,Timor Sparrow,
timstu1,Urosphena subulata,Timor Stubtail,
timwhe1,Heleia muelleri,Timor Heleia,
timwre1,Thryorchilus browni,Timberline Wren,
tincis1,Cisticola tinniens,Levaillant's Cisticola,
tincis3,Cisticola nana,Tiny Cisticola,
tingre1,Phyllastrephus debilis,Lowland Tiny Greenbul,
tinhaw1,Accipiter superciliosus,,
tinmon1,Monarcha takatsukasae,Tinian Monarch,TIMO
tinsun2,Cinnyris minullus,Tiny Sunbird,
titber1,Oreocharis arfaki,Tit Berrypecker,
titgre1,Rollandia microptera,Titicaca Grebe,
tithyl1,Pholidornis rushiae,Tit Hylia,
titman1,Tyranneutes virescens,Tiny Tyrant-Manakin,
tobcat2,Scenopoeetes dentirostris,Tooth-billed Bowerbird,
tobhum1,Androdon aequatorialis,Tooth-billed Hummingbird,
tobpig1,Didunculus strigirostris,Tooth-billed Pigeon,
tobwre1,Odontorchilus cinereus,Tooth-billed Wren,
tocspa1,Arremonops tocuyensis,Tocuyo Sparrow,
toctou1,Ramphastos toco,Toco Toucan,
todant1,Herpsilochmus stictocephalus,Todd's Antwren,
todmot1,Hylomanes momotula,Tody Motmot,
todsir1,Sirystes subcanescens,Todd's Sirystes,
toghao1,Ninox burhani,Togian Boobook,
togwhe1,Zosterops somadikartai,Togian White-eye,
tolblo1,Anthocephala berlepschi,Tolima Blossomcrown,
toldov1,Leptotila conoveri,Tolima Dove,
tomtit1,Petroica macrocephala,Tomtit,
tonwhi1,Pachycephala jacquinoti,Tongan Whistler,
toogre1,Phyllastrephus hypochloris,Toro Olive Greenbul,
toppig1,Lopholaimus antarcticus,Topknot Pigeon,
topwhy1,Vidua togoensis,Togo Paradise Whydah,
torcro2,Corvus orru,Torresian Crow,
torcro3,Corvus insularis,Bismarck Crow,
torduc1,Merganetta armata,Torrent Duck,
torfly1,Monachella muelleriana,Torrent Flyrobin,
torimp1,Ducula spilorrhoa,Torresian Imperial Pigeon,
torimp2,Ducula subflavescens,Yellowish Imperial Pigeon,
torlar1,Grallina bruijnii,Torrent-lark,
torsco1,Otus madagascariensis,,
tortyr1,Serpophaga cinerea,Torrent Tyrannulet,
toubar1,Semnornis ramphastinus,Toucan Barbet,
tousun1,Heliangelus exortis,Tourmaline Sunangel,
towshe1,Puffinus auricularis,Townsend's Shearwater,TOSH
towshe2,Puffinus newelli,Newell's Shearwater,NESH
towshe3,Puffinus myrtae,Rapa Shearwater,
towsol,Myadestes townsendi,Townsend's Solitaire,TOSO
towwar,Setophaga townsendi,Townsend's Warbler,TOWA
tracha1,Emarginata tractrac,Tractrac Chat,
trbfin1,Atlapetes tricolor,Tricolored Brushfinch,
trbhor1,Tockus ruahae,Tanzanian Red-billed Hornbill,
tremar2,Petrochelidon nigricans,Tree Martin,
trepip,Anthus trivialis,Tree Pipit,
treswa,Tachycineta bicolor,Tree Swallow,TRES
tribla,Agelaius tricolor,Tricolored Blackbird,TRBL
tribrf1,,,
tribun1,Emberiza tristrami,Tristram's Bunting,
tricis1,Cisticola woosnami,Trilling Cisticola,
trieup1,Euphonia trinitatis,Trinidad Euphonia,
triher,Egretta tricolor,Tricolored Heron,TRHE
trimoo2,Gallinula nesiotis,Tristan Moorhen,
trimoo3,Gallinula comeri,Gough Moorhen,
trimot1,Momotus bahamensis,Trinidad Motmot,
trimun,Lonchura malacca,Tricolored Munia,TRMU
tripar1,Erythrura tricolor,Tricolored Parrotfinch,
tripet1,Pterodroma arminjoniana,Trindade Petrel,TRPE
trista1,Onychognathus tristramii,Tristram's Starling,
tritap1,Scytalopus parvirostris,Trilling Tapaculo,
trithr1,Turdus eremita,Tristan Thrush,
triwar1,Curruca deserticola,Tristram's Warbler,
trobou1,Laniarius major,Tropical Boubou,
trobou2,Laniarius aethiopicus,Ethiopian Boubou,
trogna1,Polioptila plumbea,Tropical Gnatcatcher,
trokin,Tyrannus melancholicus,Tropical Kingbird,TRKI
tromoc,Mimus gilvus,Tropical Mockingbird,TRMO
tropar,Setophaga pitiayumi,Tropical Parula,TRPA
tropew1,Contopus cinereus,Southern Tropical Pewee,
tropew2,,,
tropig1,Columba trocaz,Trocaz Pigeon,
trosee1,Sporophila beltoni,Tropeiro Seedeater,
troshe1,,,
troshe4,Puffinus bannermani,Bannerman's Shearwater,
trpgua1,Pipile pipile,Trinidad Piping Guan,
trsowl,Megascops choliba,Tropical Screech Owl,
trspet,Hydrobates tristrami,Tristram's Storm Petrel,TRSP
trufin2,Bucanetes githagineus,Trumpeter Finch,
truhor1,Bycanistes bucinator,Trumpeter Hornbill,
truman1,Phonygammus keraudrenii,Trumpet Manucode,
trumon1,Metabolus rugensis,Chuuk Monarch,
truswa,Cygnus buccinator,Trumpeter Swan,TRUS
truter,Sterna trudeaui,Snowy-crowned Tern,
trweye1,Rukia ruki,Teardrop White-eye,
tsasun1,Cinnyris tsavoensis,Tsavo Sunbird,
tsctap1,Scytalopus acutirostris,Tschudi's Tapaculo,
tsiwor1,Mentocrex beankaensis,Tsingy Forest Rail,
tuasan1,Prosobonia parvirostris,Tuamotu Sandpiper,
tubmot1,Eumomota superciliosa,Turquoise-browed Motmot,
tucpar1,Amazona tucumana,Tucuman Amazon,
tufant1,Mackenziaena severa,Tufted Antshrike,
tufcoq1,Lophornis ornatus,Tufted Coquette,
tufduc,Aythya fuligula,Tufted Duck,TUDU
tuffly,Mitrephanes phaeocercus,Northern Tufted Flycatcher,
tufjay1,Cyanocorax dickeyi,Tufted Jay,
tufpuf,Fratercula cirrhata,Tufted Puffin,TUPU
tuftit,Baeolophus bicolor,Tufted Titmouse,TUTI
tugjay1,Podoces panderi,Turkestan Ground Jay,
tui1,Prosthemadera novaeseelandiae,Tui,
tuipar1,Brotogeris sanctithomae,Tui Parakeet,
tulwoo1,Campethera tullbergi,Tullberg's Woodpecker,
tumfin1,Poospiza baeri,Tucuman Mountain Finch,
tumhum1,Thaumasius baeri,Tumbes Hummingbird,
tumspa1,Rhynchospiza stolzmanni,Tumbes Sparrow,
tumswa1,Tachycineta stolzmanni,Tumbes Swallow,
tumtyr2,Tumbezia salvini,,
tunbeg1,Anser serrirostris,Tundra Bean Goose,
tunswa,Cygnus columbianus,Tundra Swan,
tuqdov1,Zentrygon carrikeri,Tuxtla Quail-Dove,
turbou1,Laniarius turatii,Turati's Boubou,
turcot1,Cotinga ridgwayi,Turquoise Cotinga,
turdac1,Dacnis hartlaubi,Turquoise Dacnis,
turere1,Eremomela turneri,Turner's Eremomela,
turjay1,Cyanolyca turcosa,Turquoise Jay,
turpar1,Neophema pulchella,Turquoise Parrot,
turtan1,Tangara mexicana,Turquoise Tanager,
turvul,Cathartes aura,Turkey Vulture,TUVU
turwar1,Acrocephalus atyphus,Tuamotu Reed Warbler,
tutbar1,Psilopogon chersonesus,Turquoise-throated Barbet,
tutpuf1,Eriocnemis godini,Turquoise-throated Puffleg,
tutspi1,Leptasthenura platensis,Tufted Tit-Spinetail,
tuttyr1,Anairetes parulus,Tufted Tit-Tyrant,
twbplo1,Charadrius falklandicus,,
twbwar1,Myiothlypis bivittata,Two-banded Warbler,
twbwar2,,,
twite1,Linaria flavirostris,Twite,
twwbop1,Seleucidis melanoleucus,Twelve-wired Bird-of-paradise,
tylvan1,Tylas eduardi,Tylas Vanga,
tylwar1,Phylloscopus tytleri,Tytler's Leaf Warbler,
tyrmet1,Metallura tyrianthina,Tyrian Metaltail,
tyrwoo1,Dendrocincla tyrannina,Tyrannine Woodcreeper,
uapmon1,Pomarea mira,Ua Pou Monarch,
udzpar1,Xenoperdix udzungwensis,Udzungwa Forest Partridge,
udzpar2,,,
ugawow1,Phylloscopus budongoensis,Uganda Woodland Warbler,
ulahaw,Ciridops anna,Ula-ai-hawane,
ultfly1,Ficedula superciliaris,Ultramarine Flycatcher,
ultgro1,Cyanoloxia brissonii,Ultramarine Grosbeak,
ultkin1,Todiramphus leucopygius,Ultramarine Kingfisher,
ultlor1,Vini ultramarina,Ultramarine Lorikeet,
ulubus1,Malaconotus alius,Uluguru Bushshrike,
unafly1,Myiophobus inornatus,Unadorned Flycatcher,
undant1,Grallaria squamigera,Undulated Antpitta,
undant2,Frederickena unduliger,Undulated Antshrike,
undtin1,Crypturellus undulatus,Undulated Tinamou,
uniant1,Myrmotherula unicolor,Unicolored Antwren,
uniant2,Thamnophilus unicolor,Uniform Antshrike,
unibla2,Agelasticus cyanopus,Unicolored Blackbird,
unicra1,Amaurolimnas concolor,Uniform Crake,
unifin1,Haplospiza unicolor,Uniform Finch,
unijay1,Aphelocoma unicolor,Unicolored Jay,
uniswi1,Aerodramus vanikorensis,Uniform Swiftlet,
unitap1,Scytalopus unicolor,Unicolored Tapaculo,
unithr1,Turdus haplochrous,Unicolored Thrush,
unitre1,Thripadectes ignobilis,Uniform Treehunter,
uniwoo1,Hylexetastes uniformis,Uniform Woodcreeper,
unstit1,Uromyias agraphia,Unstreaked Tit-Tyrant,
upcwar1,Hippolais languida,Upcher's Warbler,
uplant1,Thamnophilus aroyae,Upland Antshrike,
uplbuz1,Buteo hemilasius,Upland Buzzard,
uplgoo1,Chloephaga picta,Upland Goose,
uplpip1,Anthus sylvanus,Upland Pipit,
uplsan,Bartramia longicauda,Upland Sandpiper,UPSA
upmtap1,Scytalopus rodriguezi,Magdalena Tapaculo,
uraowl1,Strix uralensis,Ural Owl,
urityr1,Phyllomyias urichi,Urich's Tyrannulet,
urssun2,Cinnyris ursulae,Ursula's Sunbird,
usaaka1,Sheppardia montana,Usambara Akalat,
usabul1,Phyllastrephus albigula,Montane Tiny Greenbul,
usahyl1,Hyliota usambara,Usambara Hyliota,
usathr1,Turdus roehli,Usambara Thrush,
usawea1,Ploceus nicolli,Usambara Weaver,
useowl1,Bubo vosseleri,,
ussfly1,Bradornis ussheri,,
uswowl1,Aegolius ridgwayi,Unspotted Saw-whet Owl,
uvbsun1,Anthreptes neglectus,Uluguru Violet-backed Sunbird,
vabtyr1,Phylloscartes poecilotis,,
vadvan1,Xenopirostris damii,Van Dam's Vanga,
vahsun1,Leptocoma brasiliana,Van Hasselt's Sunbird,
vanfly1,Myiagra vanikorensis,Vanikoro Flycatcher,
vanmon1,Mayrornis schistaceus,Vanikoro Monarch,
vanscr1,Megapodius layardi,Vanuatu Megapode,
vanwhe1,Zosterops gibbsi,Vanikoro White-eye,
varant1,Thamnophilus caerulescens,Variable Antshrike,
varant2,Grallaria varia,Variegated Antpitta,
varbun,Passerina versicolor,Varied Bunting,VABU
varcha1,Ortalis motmot,Little Chachalaca,
varcha3,Ortalis ruficeps,Chestnut-headed Chachalaca,
vardwk1,Ceyx margarethae,Dimorphic Dwarf Kingfisher,
vardwk11,Ceyx collectoris,New Georgia Dwarf Kingfisher,
vardwk12,Ceyx meeki,North Solomons Dwarf Kingfisher,
vardwk13,Ceyx malaitae,,
vardwk14,Ceyx nigromaxilla,Guadalcanal Dwarf Kingfisher,
vardwk15,Ceyx gentianus,Makira Dwarf Kingfisher,
vardwk2,Ceyx wallacii,Sula Dwarf Kingfisher,
vardwk4,Ceyx lepidus,Moluccan Dwarf Kingfisher,
vardwk5,Ceyx cajeli,Buru Dwarf Kingfisher,
vardwk6,Ceyx solitarius,Papuan Dwarf Kingfisher,
vardwk7,Ceyx dispar,Manus Dwarf Kingfisher,
vardwk8,Ceyx mulcatus,New Ireland Dwarf Kingfisher,
vardwk9,Ceyx sacerdotis,New Britain Dwarf Kingfisher,
varfai1,Malurus assimilis,Purple-backed Fairywren,
varfai5,Malurus lamberti,Variegated Fairywren,
varfly,Empidonomus varius,Variegated Flycatcher,
vargos1,Accipiter hiogaster,,
varhon1,Gavicalis versicolor,Varied Honeyeater,
varind1,Vidua funerea,Dusky Indigobird,
varlau1,Trochalopteron variegatum,Variegated Laughingthrush,
varlor1,Psitteuteles versicolor,Varied Lorikeet,
varoys1,Haematopus unicolor,Variable Oystercatcher,
varpic1,Picumnus varzeae,Varzea Piculet,
varpit2,Pitohui kirhocephalus,Northern Variable Pitohui,
varpit3,Pitohui uropygialis,Southern Variable Pitohui,
varpit4,Pitohui cerviniventris,Raja Ampat Pitohui,
varsch1,Schiffornis major,Varzea Schiffornis,
varsee3,Sporophila corvina,Variable Seedeater,
varsit1,Daphoenositta papuensis,Papuan Sittella,
varsit8,Daphoenositta chrysoptera,Varied Sittella,
varsol1,Myadestes coloratus,Varied Solitaire,
varsun2,Cinnyris venustus,Variable Sunbird,
varthr,Ixoreus naevius,Varied Thrush,VATH
vartin1,Crypturellus variegatus,Variegated Tinamou,
vartit1,Sittiparus varius,Varied Tit,VATI
vartit2,Sittiparus olivaceus,Iriomote Tit,
vartit3,Sittiparus castaneoventris,Chestnut-bellied Tit,
vartit4,Sittiparus owstoni,Owston's Tit,
vartri1,Lalage leucomela,Varied Triller,
vartri3,Lalage conjuncta,Mussau Triller,
varwhe1,Oenanthe picata,Variable Wheatear,
vaspar1,Coracopsis vasa,Greater Vasa Parrot,
vauswi,Chaetura vauxi,Vaux's Swift,VASW
vddhor1,Tockus deckeni,Von der Decken's Hornbill,
vebbri1,Heliodoxa xanthogonys,Velvet-browed Brilliant,
vebtyr1,Knipolegus nigerrimus,Velvety Black Tyrant,
vebtyr2,Phylloscartes venezuelanus,,
veeowl1,Bubo lacteus,,
veery,Catharus fuscescens,Veery,VEER
vefeup1,Euphonia concinna,Velvet-fronted Euphonia,
vefgra1,Lampropsar tanagrinus,Velvet-fronted Grackle,
vefnut1,Sitta frontalis,Velvet-fronted Nuthatch,
vefowl1,Scotopelia bouvieri,Vermiculated Fishing Owl,
vegfin2,Platyspiza crassirostris,Vegetarian Finch,
veggul1,,,
vehpar1,Loriculus vernalis,Vernal Hanging Parrot,
velasi1,Philepitta castanea,Velvet Asity,
veldov1,Ptilinopus layardi,Whistling Dove,
vemdro1,,,
vemdro5,Dicrurus atactus,,
venflo1,Diglossa venezuelensis,Venezuelan Flowerpiercer,
venfly1,Myiarchus venezuelensis,Venezuelan Flycatcher,
venpet1,Pterodroma occulta,,
vensyl1,Aglaiocercus berlepschi,Venezuelan Sylph,
ventro1,Icterus icterus,Venezuelan Troupial,VETR
venwoq1,Odontophorus columbianus,Venezuelan Wood Quail,
vepcor1,Boissonneaua jardini,Velvet-purple Coronet,
verbar1,Eubucco versicolor,Versicolored Barbet,
verbat1,Batis minima,Gabon Batis,
vercar1,Cardinalis phoeniceus,Vermilion Cardinal,
vercou1,Coua verreauxi,Verreaux's Coua,
verdin,Auriparus flaviceps,Verdin,VERD
vereag1,Aquila verreauxii,Verreaux's Eagle,
vereme1,Chrysuronia versicolor,Versicolored Emerald,
verfly1,,,
verfly4,Eumyias thalassinus,Verditer Flycatcher,
verfly7,,,
verfly8,,,
verhum1,Mellisuga minima,Vervain Hummingbird,
verman1,Anthracothorax veraguensis,Veraguan Mango,
verpar1,Tetraophasis obscurus,Chestnut-throated Monal-Partridge,
versco2,Megascops centralis,Choco Screech Owl,
versco5,,,
vertan1,Calochaetes coccineus,Vermilion Tanager,
vesowl,Megascops guatemalae,Middle American Screech Owl,
vesspa,Pooecetes gramineus,Vesper Sparrow,VESP
vibhum1,Chlorestes julie,Violet-bellied Hummingbird,
vibhyl1,Hyliota violacea,Violet-backed Hyliota,
vibspa1,Accipiter rhodogaster,,
vibsta2,Cinnyricinclus leucogaster,Violet-backed Starling,
vibsta3,Acridotheres burmannicus,Burmese Myna,
vibsun2,Cinnyris chalcomelas,Violet-breasted Sunbird,
vichum,Leucolia violiceps,,
vichum1,Goldmania violiceps,Violet-capped Hummingbird,
vichum2,Sternoclyta cyanopectus,Violet-chested Hummingbird,
vicpig1,Goura victoria,Victoria Crowned Pigeon,
vicrif1,Ptiloris victoriae,Victoria's Riflebird,
vicwoo2,Thalurania glaucopis,Violet-capped Woodnymph,
viebar1,Lybius vieilloti,Vieillot's Barbet,
viecut1,Cutia legalleni,Vietnamese Cutia,
viegre2,Chloris monguilloti,Vietnamese Greenfinch,
viewax1,Granatina granatina,Violet-eared Waxbill,
viewea1,Ploceus nigerrimus,Vieillot's Black Weaver,
vifbri1,Heliodoxa leadbeateri,Violet-fronted Brilliant,
vigswa,Tachycineta thalassina,Violet-green Swallow,VGSW
vihhum1,Klais guimeti,Violet-headed Hummingbird,
vilbrf1,Atlapetes terborghi,Vilcabamba Brushfinch,
vilind,Vidua chalybeata,Village Indigobird,
viltap1,Scytalopus urubambae,Vilcabamba Tapaculo,
vilthi2,Asthenes vilcabambae,Vilcabamba Thistletail,
vilthi3,Asthenes ayacuchensis,Ayacucho Thistletail,
vilwea1,Ploceus cucullatus,Village Weaver,
vimwea1,Ploceus vitellinus,Vitelline Masked Weaver,
vinbun1,Emberiza vincenti,,
vindov1,Streptopelia vinacea,Vinaceous Dove,
vinlor1,Eos squamata,,
vinpar1,Amazona vinacea,Vinaceous-breasted Amazon,
vinros2,Carpodacus vinaceus,Vinaceous Rosefinch,
vinros3,Carpodacus formosanus,Taiwan Rosefinch,
viocou1,Centropus violaceus,Violaceous Coucal,
viocuc1,Chrysococcyx xanthorhynchus,Violet Cuckoo,
vioeup1,Euphonia violacea,Violaceous Euphonia,
viojay1,Cyanocorax violaceus,Violaceous Jay,
viosab1,Campylopterus hemileucurus,Violet Sabrewing,
viotro2,Trogon violaceus,Guianan Trogon,
viotro3,Trogon ramonianus,Amazonian Trogon,
viotur1,Musophaga violacea,,
viowoo1,Phoeniculus damarensis,Violet Wood Hoopoe,
viowoo3,,,
viqdov1,Geotrygon violacea,Violaceous Quail-Dove,
virdac1,Dacnis viguieri,Viridian Dacnis,
virmet1,Metallura williami,Viridian Metaltail,
virrai,Rallus limicola,Virginia Rail,VIRA
virrai1,,,
virwar,Leiothlypis virginiae,Virginia's Warbler,VIWA
visblf1,Rhipidura samarensis,Visayan Blue Fantail,
visbro1,Sarcophanops samarensis,Visayan Broadbill,
visbul1,Hypsipetes guimarasensis,Visayan Bulbul,
visfan1,Rhipidura albiventris,Visayan Fantail,
vispyb1,Dasycrotapha pygmaea,Visayan Pygmy Babbler,
viswar1,Cryptillas victorini,Victorin's Warbler,
vitmet1,Metallura baroni,Violet-throated Metaltail,
vitpar1,Sinosuthora webbiana,,
vitsta1,Coeligena violifer,Violet-throated Starfrontlet,
vitsun1,Anthreptes aurantius,Violet-tailed Sunbird,
vitsyl1,Aglaiocercus coelestis,Violet-tailed Sylph,
vitwar1,Setophaga vitellina,Vitelline Warbler,
vivnil1,Niltava vivida,Taiwan Vivid Niltava,
vogbow2,Amblyornis inornata,Vogelkop Bowerbird,
vogmel1,Melidectes leucostephes,Vogelkop Melidectes,
vogscr1,Sericornis rufescens,,
vogwhi1,Pachycephala meyeri,Vogelkop Whistler,
volhum1,Selasphorus flammula,Volcano Hummingbird,
voljun1,Junco vulcani,Volcano Junco,
volswi1,Aerodramus vulcanorum,Volcano Swiftlet,
vosbop1,Lophorina niedda,,
vulgui1,Acryllium vulturinum,Vulturine Guineafowl,
vulpar1,Pyrilia vulturina,Vulturine Parrot,
wafdov1,Ptilinopus wallacii,Wallace's Fruit Dove,
waheag3,Hieraaetus wahlbergi,Wahlberg's Eagle,
wahhon1,Prodotiscus regulus,Brown-backed Honeybird,
wahpar1,Parotia wahnesi,Wahnes's Parotia,
wahpar2,Loriculus flosculus,Wallace's Hanging Parrot,
waicis1,Cisticola lais,Wailing Cisticola,
waicis2,,,
wairai1,Gallirallus wakensis,Wake Island Rail,
wakmyz1,Myzomela wakoloensis,Wakolo Myzomela,
walcus1,Coracina personata,Wallacean Cuckooshrike,
waldra1,Geronticus eremita,Northern Bald Ibis,
waldro1,Dicrurus densus,Wallacean Drongo,
walfai1,Sipodotus wallacii,Wallace's Fairywren,
walhae1,Nisaetus nanus,Wallace's Hawk-Eagle,
wallcr1,Tichodroma muraria,Wallcreeper,
walsta1,Onychognathus walleri,Waller's Starling,
walsta2,Semioptera wallacii,Standardwing,
walwhi1,Pachycephala arctitorquis,Wallacean Whistler,
wanalb,Diomedea exulans,Snowy Albatross,WAAL
wanalb2,,,
wanalb3,,,
wanalb5,,,
wantat1,Tringa incana,Wandering Tattler,WATA
waonig1,Aegotheles wallacii,Wallace's Owlet-nightjar,
wardor1,Pseudocolopteryx flaviventris,Warbling Doradito,
warfin1,Certhidea olivacea,Green Warbler-Finch,
warfly1,Pseudobias wardi,Ward's Vanga,
warlin1,Linaria johannis,Warsangli Linnet,
wartro1,Harpactes wardi,Ward's Trogon,
warvir,Vireo gilvus,Warbling Vireo,WAVI
warwhe1,Zosterops japonicus,Warbling White-eye,WAWE
washon1,Melipotes carolae,Wattled Smoky Honeyeater,
wasowl1,Otus silvicola,Wallace's Scops Owl,
watant1,Grallaria watkinsi,Watkins's Antpitta,
watbro1,Sarcophanops steerii,Wattled Broadbill,
watbrt1,Aepypodius arfakianus,Wattled Brushturkey,
watcra2,Bugeranus carunculatus,,
watcur1,Crax globulosa,Wattled Curassow,
waterc1,Gallicrex cinerea,Watercock,
watgua1,Aburria aburri,Wattled Guan,
watibi1,Bostrychia carunculata,Wattled Ibis,
watjac1,Jacana jacana,Wattled Jacana,
watkne1,Burhinus vermiculatus,Water Thick-knee,
watlap1,Vanellus senegallus,African Wattled Lapwing,
watpip1,Anthus spinoletta,Water Pipit,
watplo1,Eulacestoma nigropectus,Wattled Ploughbill,
watrai1,Rallus aquaticus,Water Rail,
watsta1,Creatophora cinerea,Wattled Starling,
watswi1,Hydrochous gigas,Giant Swiftlet,
wavalb,Phoebastria irrorata,Waved Albatross,WAVA
wavwoo1,Celeus undatus,Variable Woodpecker,
wawduc1,Dendrocygna arcuata,Wandering Whistling Duck,
wawwhe1,,,
wbbfly1,Cyornis pallidipes,White-bellied Blue Flycatcher,
wbbrob1,Tarsiger indicus,White-browed Bush Robin,
wbbwea1,Bubalornis albirostris,White-billed Buffalo Weaver,
wbcfly1,Elminia albiventris,White-bellied Crested Flycatcher,
wbctyr1,Ochthoeca leucophrys,White-browed Chat-Tyrant,
wbffly1,Fraseria cinerascens,White-browed Forest Flycatcher,
wbgbir1,Corythaixoides leucogaster,,
wbgdov1,Alopecoenas jobiensis,,
wbgtyr1,Muscisaxicola albilora,White-browed Ground Tyrant,
wbhori1,Oriolus brachyrynchus,Western Oriole,
wbipig1,Ducula forsteni,White-bellied Imperial Pigeon,
wbmgem1,Lampornis hemileucus,White-bellied Mountaingem,
wbnher1,Gorsachius leuconotus,,
wbopar1,Cicinnurus respublica,,
wbptyr1,Myiornis albiventris,White-bellied Pygmy Tyrant,
wbrcha1,Cossyphicula roberti,White-bellied Robin-Chat,
wbrcha2,Cossypha heuglini,White-browed Robin-Chat,
wbsbab1,Pomatorhinus schisticeps,White-browed Scimitar Babbler,
wbsbab2,Pteruthius flaviscapis,Pied Shrike-babbler,
wbseag1,Haliaeetus leucogaster,,
wbspet1,Fregetta grallaria,White-bellied Storm Petrel,
wbswea1,Plocepasser mahali,White-browed Sparrow-Weaver,
wbtfan1,Rhipidura leucothorax,White-bellied Thicket Fantail,
wbtspi1,Leptasthenura xenothorax,White-browed Tit-Spinetail,
wbtwar1,Leptopoecile sophiae,White-browed Tit-warbler,
wbwbab1,Stachyris humei,Sikkim Wedge-billed Babbler,
wbweye1,Zosterops abyssinicus,Abyssinian White-eye,
wbwwre1,Henicorhina leucosticta,White-breasted Wood Wren,
wcfdov1,Ptilinopus dupetithouarsii,White-capped Fruit Dove,
wcfgle1,Anabazenops fuscus,White-collared Foliage-gleaner,
wcptit1,Remiz coronatus,White-crowned Penduline Tit,
wcrcha1,Cossypha albicapillus,White-crowned Robin-Chat,
wcttyr1,Poecilotriccus albifacies,White-cheeked Tody-Flycatcher,
wcweye1,Zosterops albogularis,White-chested White-eye,
weawae1,Platysteira hormophora,,
webcuc1,Chrysococcyx meyerii,,
webhum2,,,
webhum3,Schistes albogularis,White-throated Daggerbill,
webwar1,Phylloscopus bonelli,Western Bonelli's Warbler,
webwoo1,Glyphorynchus spirurus,Wedge-billed Woodcreeper,
weclew1,Phylloscopus occipitalis,Western Crowned Warbler,
wecpig1,Goura cristata,Western Crowned Pigeon,
wecsun1,Aethopyga vigorsii,Vigors's Sunbird,
wectan1,Calyptophilus tertius,Western Chat-Tanager,
weebil1,Smicrornis brevirostris,Weebill,
wefgle1,Automolus leucophthalmus,White-eyed Foliage-gleaner,
wegdov1,Alopecoenas hoedtii,,
wegspa1,Melozone leucotis,White-eared Ground Sparrow,
weiwoo1,Melanerpes superciliaris,West Indian Woodpecker,WIWO
weka1,Gallirallus australis,Weka,
welswa1,Hirundo neoxena,Welcome Swallow,
wemcha1,Ortalis poliocephala,West Mexican Chachalaca,
wemhar1,Circus aeruginosus,Western Marsh Harrier,
wenher1,Gorsachius magnificus,,
weowar1,Iduna opaca,Western Olivaceous Warbler,
weowar2,Curruca hortensis,Western Orphean Warbler,
wepdov1,Zenaida meloda,West Peruvian Dove,
werher,Egretta gularis,Western Reef Heron,
wermar2,Pseudochelidon sirintarae,White-eyed River Martin,
wesant1,Thamnophilus atrinucha,Black-crowned Antshrike,
wesbeg1,Criniger barbatus,Western Bearded Greenbul,
wesblu,Sialia mexicana,Western Bluebird,WEBL
wesblu1,Spermophaga haematina,Western Bluebill,
wesbow1,Chlamydera guttata,Western Bowerbird,
wesbri1,Dasyornis longirostris,Western Bristlebird,
wescap1,Tetrao urogallus,Western Capercaillie,
wescit1,Crithagra frontalis,Western Citril,
wescor1,Cacatua pastinator,Western Corella,
weseme1,Chlorostilbon melanorhynchus,Western Emerald,
wesger1,Gerygone fusca,Western Gerygone,
wesgre,Aechmophorus occidentalis,Western Grebe,WEGR
wesgul,Larus occidentalis,Western Gull,WEGU
weskin,Tyrannus verticalis,Western Kingbird,WEKI
wesmea,Sturnella neglecta,Western Meadowlark,WEME
wesmog1,Arizelocichla tephrolaema,Western Mountain Greenbul,
wesowl1,Megascops kennicottii,Western Screech Owl,WESO
wespar1,Parotia sefilata,Western Parotia,
wespet1,Procellaria westlandica,Westland Petrel,
wesple1,Crinifer piscator,Western Plantain-eater,
wespuf1,Nystalus obamai,Western Striolated Puffbird,
wesros1,Platycercus icterotis,Western Rosella,
wessan,Calidris mauri,Western Sandpiper,WESA
wesspi,Spindalis zena,Western Spindalis,WESP
wesspi1,Acanthorhynchus superciliosus,Western Spinebill,
westan,Piranga ludoviciana,Western Tanager,WETA
westho1,Acanthiza inornata,Western Thornbill,
westin1,Pogoniulus coryphaea,Western Tinkerbird,
westra1,Tragopan melanocephalus,Western Tragopan,
weswah1,Foulehaio procerior,Kikau,
weswhi1,Psophodes nigrogularis,Western Whipbird,
weswhi2,Pachycephala fuliginosa,,
weswhi4,,,
weteag1,Aquila audax,Wedge-tailed Eagle,
wetfig1,Sphecotheres hypoleucus,Wetar Figbird,
wethil1,Oreotrochilus adela,Wedge-tailed Hillstar,
wetjer2,Hartertula flavoviridis,Wedge-tailed Jery,
wetpig1,Treron sphenurus,Wedge-tailed Green Pigeon,
wetsab2,,,
wetsab3,,,
wetshe,Ardenna pacifica,Wedge-tailed Shearwater,WTSH
wettyr1,Hemitriccus zosterops,White-eyed Tody-Tyrant,
wewpew,Contopus sordidulus,Western Wood Pewee,WEWP
weywea1,Ploceus weynsi,Weyns's Weaver,
wfbcha1,Oenanthe albifrons,White-fronted Black Chat,
wfbeat1,Merops bullockoides,White-fronted Bee-eater,
wfcdov1,Turacoena manadensis,White-faced Cuckoo-Dove,
wfgtyr1,Muscisaxicola albifrons,White-fronted Ground Tyrant,
wfqdov,Geotrygon leucometopia,White-fronted Quail-Dove,
wfqdov1,Zentrygon albifacies,White-faced Quail-Dove,
wfsowl2,Otus sagittatus,White-fronted Scops Owl,
wfspet,Pelagodroma marina,White-faced Storm Petrel,WFSP
wfwduc1,Dendrocygna viduata,White-faced Whistling Duck,
wfweye1,Platysteira albifrons,White-fronted Wattle-eye,
whbant1,Myrmeciza longipes,White-bellied Antbird,
whbant2,Biatas nigropectus,White-bearded Antshrike,
whbant3,Grallaria hypoleuca,White-bellied Antpitta,
whbant4,Myrmoderus loricatus,White-bibbed Antbird,
whbant5,Rhegmatorhina hoffmannsi,White-breasted Antbird,
whbant6,Myrmoborus leucophrys,White-browed Antbird,
whbant7,Hylopezus ochroleucus,White-browed Antpitta,
whbbab1,Stachyris thoracica,White-bibbed Babbler,
whbbab2,Stachyris grammiceps,White-breasted Babbler,
whbbab3,Pomatostomus superciliosus,White-browed Babbler,
whbbla2,Leistes superciliaris,White-browed Meadowlark,
whbblt1,Melaniparus leuconotus,White-backed Black Tit,
whbbul2,Pycnonotus luteolus,White-browed Bulbul,
whbbus2,Eupodotis senegalensis,White-bellied Bustard,
whbbus4,Saxicola macrorhynchus,White-browed Bush Chat,
whbcan1,Crithagra dorsostriata,White-bellied Canary,
whbcha1,Ortalis leucogastra,White-bellied Chachalaca,
whbcha2,Myrmecocichla arnotti,Arnot's Chat,
whbcin1,Cinclodes palliatus,White-bellied Cinclodes,
whbcon1,Conirostrum ferrugineiventre,White-browed Conebill,
whbcou1,Centropus superciliosus,White-browed Coucal,
whbcou3,,,
whbcra1,Poliolimnas cinereus,White-browed Crake,
whbcro2,Sylvietta leucophrys,White-browed Crombec,
whbcus1,Coracina papuensis,White-bellied Cuckooshrike,
whbcus2,Coracina pectoralis,,
whbcus4,Coracina ingens,,
whbdac1,Dacnis albiventris,White-bellied Dacnis,
whbdro1,Dicrurus caerulescens,White-bellied Drongo,
whbduc1,Thalassornis leuconotus,White-backed Duck,
whbeme1,Chlorestes candida,White-bellied Emerald,
whbfan1,Rhipidura euryura,White-bellied Fantail,
whbfan2,Rhipidura aureola,White-browed Fantail,
whbfin1,Atlapetes albiceps,White-headed Brushfinch,
whbflo1,Dicaeum hypoleucum,Buzzing Flowerpecker,
whbfly1,Phelpsia inornata,White-bearded Flycatcher,
whbfog1,Anabacerthia amaurotis,White-browed Foliage-gleaner,
whbfrd1,Ptilinopus rivoli,White-bibbed Fruit Dove,
whbful1,Fulvetta vinipectus,White-browed Fulvetta,
whbgre1,Criniger ndussumensis,White-bearded Greenbul,
whbgua1,Penelope jacucaca,White-browed Guan,
whbgui1,Agelastes meleagrides,White-breasted Guineafowl,
whbhaw2,Leucopternis kuhli,White-browed Hawk,
whbhel1,Oxypogon lindenii,White-bearded Helmetcrest,
whbher1,Phaethornis hispidus,White-bearded Hermit,
whbher2,Ardea insignis,White-bellied Heron,
whbher3,Phaethornis stuarti,White-browed Hermit,
whbhum1,Elliotomyia chionogaster,White-bellied Hummingbird,
whbkin1,Corythornis leucogaster,White-bellied Kingfisher,
whblau1,Pterorhinus sannio,White-browed Laughingthrush,
whbman1,Manacus manacus,White-bearded Manakin,
whbman2,Corapipo leucorrhoa,White-bibbed Manakin,
whbmes2,Mesitornis variegatus,White-breasted Mesite,
whbmin2,Pericrocotus albifrons,Jerdon's Minivet,
whbmin3,Pericrocotus erythropygius,White-bellied Minivet,
whbmoc1,Mimus triurus,White-banded Mockingbird,
whbmon1,Symposiachrus menckei,Mussau Monarch,
whbmou1,Colius colius,White-backed Mousebird,
whbmun1,Lonchura leucogastra,White-bellied Munia,
whbneg2,Nigrita fusconotus,White-breasted Nigrita,
whbnot1,Nothura boraquira,White-bellied Nothura,
whbnut,Sitta carolinensis,White-breasted Nuthatch,WBNU
whbnut1,Sitta victoriae,White-browed Nuthatch,
whbowl1,Athene superciliaris,White-browed Owl,
whbpar1,Pionites leucogaster,White-bellied Parrot,
whbpic1,Picumnus cirratus,White-barred Piculet,
whbpic2,Picumnus spilogaster,White-bellied Piculet,
whbpic3,Sasia ochracea,White-browed Piculet,
whbpig1,Treron sieboldii,White-bellied Green Pigeon,
whbpit1,Pseudorectes incertus,White-bellied Pitohui,
whbpur1,Iodopleura isabellae,White-browed Purpletuft,
whbred1,Luscinia phaenicuroides,White-bellied Redstart,
whbrob1,Eopsaltria georgiana,White-breasted Robin,
whbrob2,Poecilodryas superciliosa,White-browed Robin,
whbros1,Carpodacus thura,Himalayan White-browed Rosefinch,
whbscr1,Sericornis frontalis,White-browed Scrubwren,
whbscr3,,,
whbsee1,Sporophila leucoptera,White-bellied Seedeater,
whbsee2,Attagis malouinus,White-bellied Seedsnipe,
whbsha1,Copsychus luzoniensis,White-browed Shama,
whbsho1,Sholicola major,Nilgiri Blue Robin,
whbsho12,Brachypteryx montana,Javan Shortwing,
whbsho3,Sholicola albiventris,White-bellied Blue Robin,
whbsho4,Brachypteryx cruralis,Himalayan Shortwing,
whbsho5,Brachypteryx sinensis,Chinese Shortwing,
whbsho6,Brachypteryx goodfellowi,Taiwan Shortwing,
whbspi1,Mazaria propinqua,White-bellied Spinetail,
whbspi2,Hellmayrea gularis,White-browed Spinetail,
whbsta1,Onychognathus albirostris,White-billed Starling,
whbsun2,Cinnyris talatala,White-bellied Sunbird,
whbswa2,Atticora fasciata,White-banded Swallow,
whbswa3,Cheramoeca leucosterna,White-backed Swallow,
whbtai1,Orthotomus nigriceps,Black-headed Tailorbird,
whbtan1,Neothraupis fasciata,Shrike-like Tanager,
whbtap1,Eleoscytalopus indigoticus,White-breasted Tapaculo,
whbtap2,Scytalopus superciliaris,White-browed Tapaculo,
whbthr1,Ramphocinclus brachyurus,Martinique Thrasher,
whbthr2,Turdus kessleri,White-backed Thrush,
whbtit4,Poecile superciliosus,White-browed Tit,
whbtit5,Melaniparus albiventris,White-bellied Tit,
whbtot1,Hemitriccus griseipectus,White-bellied Tody-Tyrant,
whbtre1,Dendrocitta leucogastra,White-bellied Treepie,
whbtre2,Climacteris affinis,White-browed Treecreeper,
whbtri1,Lalage moesta,White-browed Triller,
whbtyr1,Mecocerculus stictopterus,White-banded Tyrannulet,
whbtyr2,Serpophaga munda,,
whbvul1,Gyps africanus,White-backed Vulture,
whbwag1,Motacilla maderaspatensis,White-browed Wagtail,
whbwar2,Myiothlypis leucoblephara,White-rimmed Warbler,
whbwat1,Amaurornis phoenicurus,White-breasted Waterhen,
whbwea1,Dinemellia dinemelli,White-headed Buffalo Weaver,
whbwhe1,Heleia superciliaris,Eyebrowed Heleia,
whbwhe3,Zosterops flavilateralis,Pale White-eye,
whbwhi1,Pachycephala leucogastra,White-bellied Whistler,
whbwhi2,Pachycephala lanioides,White-breasted Whistler,
whbwoo1,Dendrocopos leucotos,White-backed Woodpecker,
whbwoo2,Dryocopus javensis,White-bellied Woodpecker,
whbwoo4,Artamus leucorynchus,White-breasted Woodswallow,
whbwoo5,Artamus superciliosus,White-browed Woodswallow,
whbwoo6,Chaetocercus mulsant,White-bellied Woodstar,
whbwoo7,Piculus aurulentus,Yellow-browed Woodpecker,
whbwoo8,Artamus monachus,Ivory-backed Woodswallow,
whbwre1,Uropsila leucogastra,White-bellied Wren,
whbyuh1,Erpornis zantholeuca,White-bellied Erpornis,
whcalb1,Thalassarche cauta,Shy Albatross,WCAL
whcale1,Chamaetylas fuelleborni,White-chested Alethe,
whcant1,Gymnopithys leucaspis,White-cheeked Antbird,
whcbab1,Pellorneum rostratum,White-chested Babbler,
whcbar1,Psilopogon viridis,White-cheeked Barbet,
whcbit1,Tigriornis leucolopha,White-crested Tiger Heron,
whcbla1,Turdus albocinctus,White-collared Blackbird,
whcbul1,Pyrrhula leucogenis,White-cheeked Bullfinch,
whcbul2,Pycnonotus leucogenys,Himalayan Bulbul,
whccoq1,Lophornis adorabilis,White-crested Coquette,
whccot1,Zaratornis stresemanni,White-cheeked Cotinga,
whcdip1,Cinclus leucocephalus,White-capped Dipper,
whcela1,Elaenia albiceps,White-crested Elaenia,
whcela4,,,
whceme1,Chrysuronia brevirostris,White-chested Emerald,
whcfor1,Enicurus leschenaulti,White-crowned Forktail,
whcfor3,,,
whcgua1,Penelope pileata,White-crested Guan,
whchon2,Phylidonyris niger,White-cheeked Honeyeater,
whchor2,Berenicornis comatus,White-crowned Hornbill,
whchor3,Horizocerus albocristatus,Western Long-tailed Hornbill,
whcjac1,Galbula tombacea,White-chinned Jacamar,
whcjay2,Cyanolyca viridicyanus,White-collared Jay,
whckit1,Leptodon forbesi,White-collared Kite,
whckoe1,Cacomantis leucolophus,,
whclau1,Pterorhinus vassali,White-cheeked Laughingthrush,
whclau2,Garrulax leucolophus,White-crested Laughingthrush,
whcman1,Manacus candei,White-collared Manakin,
whcman2,Pseudopipra pipra,White-crowned Manakin,
whcmon1,Monarcha richardsii,White-capped Monarch,
whcmon2,Symposiachrus vidua,White-collared Monarch,
whcmun1,Lonchura ferruginosa,White-capped Munia,
whcmyz1,Myzomela albigula,White-chinned Myzomela,
whcnut1,Sitta leucopsis,White-cheeked Nuthatch,
whcoli1,Nesocharis ansorgei,White-collared Oliveback,
whcpar,Pionus senilis,White-crowned Parrot,
whcpar1,Arborophila atrogularis,White-cheeked Partridge,
whcpet1,Procellaria aequinoctialis,White-chinned Petrel,WCPE
whcpig1,Columba albitorques,White-collared Pigeon,
whcpig2,Patagioenas leucocephala,White-crowned Pigeon,WCPI
whcpin,Anas bahamensis,White-cheeked Pintail,WHIP
whcpri2,Schistolais leucopogon,White-chinned Prinia,
whcpuf1,Malacoptila fusca,White-chested Puffbird,
whcred1,Phoenicurus leucocephalus,White-capped Redstart,
whcsap1,Chlorestes cyanus,White-chinned Sapphire,
whcsee,,,
whcsee1,Sporophila morelleti,Morelet's Seedeater,MOSE
whcshr1,Eurocephalus anguitimens,Southern White-crowned Shrike,
whcspa,Zonotrichia leucophrys,White-crowned Sparrow,UWCS
whcspa1,Platyrinchus platyrhynchos,White-crested Spadebill,
whcsta1,Spodiopsar cineraceus,White-cheeked Starling,
whcsta2,Grafisia torquata,White-collared Starling,
whcsta3,Lamprotornis albicapillus,White-crowned Starling,
whcswi,Streptoprocne zonaris,White-collared Swift,
whcswi1,Cypseloides cryptus,White-chinned Swift,
whcswi2,Cypseloides lemosi,White-chested Swift,
whctan1,Sericossypha albocristata,White-capped Tanager,
whctap1,Scytalopus atratus,White-crowned Tapaculo,
whcter1,Sterna repressa,White-cheeked Tern,
whcthi1,Asthenes fuliginosa,White-chinned Thistletail,
whcthr1,Turdus aurantius,White-chinned Thrush,WCTH
whctin1,,,
whctit1,Aegithalos leucogenys,White-cheeked Bushtit,
whctur1,Tauraco leucotis,,
whctur2,Tauraco leucolophus,White-crested Turaco,
whctyr1,Serpophaga subcristata,White-crested Tyrannulet,
whcwoo1,Dendrocincla merula,White-chinned Woodcreeper,
whcyuh1,Parayuhina diademata,White-collared Yuhina,
wheant1,Epinecrophylla leucophthalma,White-eyed Stipplethroat,
whebar1,Stactolaema leucotis,White-eared Barbet,
whebul1,Pycnonotus leucotis,White-eared Bulbul,
whebuz1,Butastur teesa,White-eyed Buzzard,
whecat1,Ailuroedus buccoides,White-eared Catbird,
whecon1,Conirostrum leucogenys,White-eared Conebill,
whedov1,Phapitreron leucotis,White-eared Brown Dove,
wheduc1,Aythya australis,Hardhead,
whegul2,Ichthyaetus leucophthalmus,White-eyed Gull,
whehon1,Nesoptilotis leucotis,White-eared Honeyeater,
whehum,Basilinna leucotis,White-eared Hummingbird,WEHU
wheimp1,Ducula neglecta,Seram Imperial Pigeon,
wheimp2,Ducula perspicillata,Spectacled Imperial Pigeon,
whejac1,Galbalcyrhynchus leucotis,White-eared Jacamar,
whemon1,Carterornis leucotis,White-eared Monarch,
wheori1,Icterus graceannae,White-edged Oriole,
whepar2,Psittacara leucophthalmus,White-eyed Parakeet,
whephe1,,,
whepuf1,Nystalus chacuru,White-eared Puffbird,
wherob1,Pachycephalopsis poliosoma,White-eyed Robin,
whesib1,Heterophasia auricularis,White-eared Sibia,
wheslf1,Melaenornis fischeri,White-eyed Slaty Flycatcher,
whesol1,Entomodestes leucotis,White-eared Solitaire,
whesta2,Aplonis brunneicapillus,White-eyed Starling,
whetai1,Orthotomus cinereiceps,White-eared Tailorbird,
whethr1,Turdus jamaicensis,White-eyed Thrush,WETH
whevir,Vireo griseus,White-eyed Vireo,WEVI
whfant1,Formicivora grisea,Southern White-fringed Antwren,
whfant2,Myrmotherula axillaris,White-flanked Antwren,
whfant4,,,
whfant6,,,
whfcha1,Epthianura albifrons,White-fronted Chat,
whfdov2,Ptilinopus eugeniae,White-headed Fruit Dove,
whffal1,Microhierax latifrons,White-fronted Falconet,
whfher1,Egretta novaehollandiae,White-faced Heron,
whfhon1,Purnella albifrons,White-fronted Honeyeater,
whfibi,Plegadis chihi,White-faced Ibis,WFIB
whfman1,Lepidothrix serena,White-fronted Manakin,
whfnun1,Monasa morphoeus,White-fronted Nunbird,
whfnun2,Hapaloptila castanea,White-faced Nunbird,
whfpar1,Amazona albifrons,White-fronted Amazon,
whfplo1,Charadrius marginatus,,
whfred1,Myioborus albifacies,White-faced Whitestart,
whfred2,Myioborus albifrons,White-fronted Whitestart,
whfrob1,Tregellasia leucops,,
whfsta2,Sturnornis albofrontatus,White-faced Starling,
whfsun1,Aethopyga eximia,White-flanked Sunbird,
whfswi1,Cypseloides storeri,White-fronted Swift,
whfter1,Sterna striata,White-fronted Tern,
whftit2,Sittiparus semilarvatus,White-fronted Tit,
whfwoo1,Melanerpes cactorum,White-fronted Woodpecker,
whgfly1,Anthipes monileger,White-gorgeted Flycatcher,
whghon1,Stomiopera unicolor,White-gaped Honeyeater,
whgpig1,Treron formosae,Whistling Green Pigeon,
whhbab2,Gampsorhynchus rufulus,White-hooded Babbler,
whhbar1,Lybius leucocephalus,White-headed Barbet,
whhbul1,Hypsipetes thompsoni,White-headed Bulbul,
whhduc1,Oxyura leucocephala,White-headed Duck,
whhlap1,Vanellus albiceps,White-crowned Lapwing,
whhmou1,Colius leucocephalus,White-headed Mousebird,
whhmun1,Lonchura maja,White-headed Munia,
whhpet1,Pterodroma lessonii,White-headed Petrel,
whhpig1,Columba leucomela,White-headed Pigeon,
whhsaw1,Psalidoprocne albiceps,White-headed Saw-wing,
whhsta2,Sturnia erythropygia,White-headed Starling,
whhstd1,Tachyeres leucocephalus,Chubut Steamer Duck,
whhvan1,Artamella viridis,White-headed Vanga,
whhvul1,Trigonoceps occipitalis,White-headed Vulture,
whhwoo,Dryobates albolarvatus,,
whhwoo1,Phoeniculus bollei,White-headed Wood Hoopoe,
whhwre1,Campylorhynchus albobrunneus,White-headed Wren,
whiant1,Myrmoderus eowilsoni,Cordillera Azul Antbird,
whiauk,Aethia pygmaea,Whiskered Auklet,WHAU
whibel2,Procnias albus,White Bellbird,
whibro1,Calyptomena whiteheadi,Whitehead's Broadbill,
whicis1,Cisticola lateralis,Whistling Cisticola,
whicoc1,Cacatua alba,White Cockatoo,
whieap2,Crossoptilon harmani,Tibetan Eared Pheasant,
whiflo1,Dicaeum proprium,,
whifly1,Myiobius barbatus,Whiskered Myiobius,
whihaw1,Pseudastur albicollis,White Hawk,
whihel1,Prionops plumatus,White-crested Helmetshrike,
whiher1,Syrigma sibilatrix,Whistling Heron,
whiibi,Eudocimus albus,American White Ibis,WHIB
whiimp1,Ducula luctuosa,Silver-tipped Imperial Pigeon,
whikit1,Haliastur sphenurus,Whistling Kite,
whimbr,Numenius phaeopus,Eurasian Whimbrel,WHIM
whimbr3,,,
whimon1,Xolmis irupero,White Monjita,
whinch1,Saxicola rubetra,Whinchat,
whipit1,Erythropitta kochi,Whiskered Pitta,
whispi1,Arachnothera juliae,Whitehead's Spiderhunter,
whisto1,Ciconia ciconia,White Stork,
whiswi1,Aerodramus whiteheadi,Whitehead's Swiftlet,
whiteh1,Mohoua albicilla,Whitehead,
whiter,Gygis alba,Atlantic White Tern,WHTE
whiter2,Chlidonias hybrida,Whiskered Tern,WHIT
whitre1,Hemiprocne comata,Whiskered Treeswift,
whitro1,Harpactes whiteheadi,Whitehead's Trogon,
whiwag,Motacilla alba,White Wagtail,WHWA
whiwar1,Catharopeza bishopi,Whistling Warbler,
whiwar2,Phylloscopus whistleri,Whistler's Warbler,
whiwoo1,Melanerpes candidus,White Woodpecker,
whiwre1,Pheugopedius mystacalis,Whiskered Wren,
whiyuh1,Yuhina flavicollis,Whiskered Yuhina,
whlant1,Myrmoborus lophotes,White-lined Antbird,
whlant2,Myrmothera fulviventris,White-lored Antpitta,
whlgna2,Polioptila albiloris,White-lored Gnatcatcher,
whlgna3,Polioptila albiventris,Yucatan Gnatcatcher,
whlhon1,Territornis albilineata,,
whlori1,Oriolus albiloris,White-lored Oriole,
whlspi1,Synallaxis albilora,White-lored Spinetail,
whltan1,Tachyphonus rufus,White-lined Tanager,
whltyr1,Ornithion inerme,White-lored Tyrannulet,
whlwar1,Myiothlypis conspicillata,White-lored Warbler,
whmant2,Pithys castaneus,White-masked Antbird,
whmbar1,Capito hypoleucus,White-mantled Barbet,
whmtyr1,Arundinicola leucocephala,White-headed Marsh Tyrant,
whnbab1,Stachyris leucotis,White-necked Babbler,
whncra1,Antigone vipio,White-naped Crane,
whncro1,Corvus leucognaphalus,White-necked Crow,WNCR
whnfri1,Philemon albitorques,Manus Friarbird,
whnhaw2,Buteogallus lacernulatus,White-necked Hawk,
whnhon2,Melithreptus lunatus,White-naped Honeyeater,
whnhon3,Melithreptus chloropsis,Gilbert's Honeyeater,
whnjac1,Florisuga mellivora,White-necked Jacobin,
whnjay1,Cyanocorax cyanopogon,White-naped Jay,
whnlau1,Garrulax strepitans,White-necked Laughingthrush,
whnlor2,Lorius albidinucha,White-naped Lory,
whnmon1,Carterornis pileatus,White-naped Monarch,
whnmyn1,Streptocitta albicollis,White-necked Myna,
whnpar1,Pyrrhura albipectus,White-breasted Parakeet,
whnpar2,Arborophila gingica,White-necklaced Partridge,
whnpet,Pterodroma cervicalis,White-necked Petrel,
whnpig1,Columba albinucha,White-naped Pigeon,
whnpuf2,Notharchus hyperrhynchus,White-necked Puffbird,
whnrav1,Corvus albicollis,White-necked Raven,
whnrob1,Turdus albicollis,White-necked Thrush,
whnroc1,Picathartes gymnocephalus,White-necked Rockfowl,
whnsee1,Sporophila fringilloides,White-naped Seedeater,
whnswi1,Streptoprocne semicollaris,White-naped Swift,
whnwoo1,Chrysocolaptes festivus,White-naped Woodpecker,
whnxen1,Xenopsaris albinucha,White-naped Xenopsaris,
whnyuh1,Yuhina bakeri,White-naped Yuhina,
whocra,Grus americana,Whooping Crane,WHCR
whoswa,Cygnus cygnus,Whooper Swan,WHOS
whpant1,Pithys albifrons,White-plumed Antbird,
whphon1,Ptilotula penicillata,White-plumed Honeyeater,
whqbus1,Eupodotis afraoides,,
whrbab2,Turdoides leucopygia,White-rumped Babbler,
whrcha1,Cossypha heinrichi,White-headed Robin-Chat,
whrcus1,Coracina leucopygia,White-rumped Cuckooshrike,
whrfal1,Polihierax insignis,,
whrfly,Conopias albovittatus,White-ringed Flycatcher,
whrhaw1,Parabuteo leucorrhous,White-rumped Hawk,
whrkin1,Caridonax fulgidus,White-rumped Kingfisher,
whrman1,Corapipo altera,White-ruffed Manakin,
whrmon2,Xolmis velatus,White-rumped Monjita,
whrmun,Lonchura striata,White-rumped Munia,
whrnee1,Zoonavena sylvatica,White-rumped Spinetail,
whrrob2,Peneothello bimaculata,,
whrsan,Calidris fuscicollis,White-rumped Sandpiper,WRSA
whrsee,Crithagra leucopygia,White-rumped Seedeater,
whrsha,Copsychus malabaricus,White-rumped Shama,WRSH
whrsha2,,,
whrshr1,Eurocephalus ruppelli,Northern White-crowned Shrike,
whrsir1,Sirystes albocinereus,White-rumped Sirystes,
whrsno1,Montifringilla taczanowskii,,
whrswa1,Tachycineta leucorrhoa,White-rumped Swallow,
whrswi1,Apus caffer,White-rumped Swift,
whrswi2,Aerodramus spodiopygius,White-rumped Swiftlet,WRSW
whrtan1,Cypsnagra hirundinacea,White-rumped Tanager,
whrtri1,Lalage leucopygialis,White-rumped Triller,
whrvul1,Gyps bengalensis,White-rumped Vulture,
whsant1,Akletos melanoceps,White-shouldered Antbird,
whsant2,Thamnophilus aethiops,White-shouldered Antshrike,
whsant4,Dysithamnus leucostictus,White-streaked Antvireo,
whsblt1,Melaniparus guineensis,White-shouldered Black Tit,
whsbul1,Pycnonotus xanthopygos,White-spectacled Bulbul,
whsfai1,Malurus alboscapulatus,White-shouldered Fairywren,
whsflo1,Diglossa albilatera,White-sided Flowerpiercer,
whsflu1,Sarothrura pulchra,White-spotted Flufftail,
whsfri1,Melitograis gilolensis,White-streaked Friarbird,
whshil1,Oreotrochilus leucopleurus,White-sided Hillstar,
whshon1,Trichodere cockerelli,White-streaked Honeyeater,
whsibi1,Pseudibis davisoni,White-shouldered Ibis,
whsowl1,Megascops trichopsis,Whiskered Screech Owl,WHSO
whsrob1,Pogonocichla stellata,White-starred Robin,
whssta2,Sturnia sinensis,White-shouldered Starling,
whstan1,Loriotus luctuosus,White-shouldered Tanager,
whswar1,Phylloscopus intermedius,White-spectacled Warbler,
whswar2,Myiothlypis leucophrys,White-striped Warbler,
whswoo1,Lepidocolaptes leucogaster,White-striped Woodcreeper,
whswoo2,Dryobates spilogaster,,
whtant1,Oneillornis salvini,White-throated Antbird,
whtant2,Grallaria albigula,White-throated Antpitta,
whtbab1,Argya gularis,White-throated Babbler,
whtbar1,Premnoplex tatei,White-throated Barbtail,
whtblc1,Calyptorhynchus baudinii,,
whtbul1,Alophoixus flaveolus,White-throated Bulbul,
whtbus1,Saxicola insignis,White-throated Bush Chat,
whtcac2,Pseudoseisura gutturalis,White-throated Cacholote,
whtcan1,Crithagra albogularis,White-throated Canary,
whtcar1,Phalcoboenus albogularis,,
whtcis1,Cisticola anderseni,White-tailed Cisticola,
whtcot1,Xipholena lamellipennis,White-tailed Cotinga,
whtcra1,Laterallus albigularis,White-throated Crake,
whtdip1,Cinclus cinclus,White-throated Dipper,
whtdov,Leptotila verreauxi,White-tipped Dove,WTDO
whteag,Haliaeetus albicilla,White-tailed Eagle,
whtear1,Upucerthia albigula,White-throated Earthcreeper,
whteme1,Microchera chionura,White-tailed Emerald,
whtfan1,Rhipidura albicollis,White-throated Fantail,
whtflo1,Dicaeum vincens,,
whtfly1,Empidonax albigularis,White-throated Flycatcher,
whtfly2,Cyornis concretus,,
whtfra2,Campocolinus albogularis,White-throated Francolin,
whtger1,Gerygone olivacea,White-throated Gerygone,
whtgol1,Polytmus guainumbi,White-tailed Goldenthroat,
whtgra1,Amytornis woodwardi,White-throated Grasswren,
whtgre2,Phyllastrephus albigularis,White-throated Greenbul,
whtgre3,Rollandia rolland,White-tufted Grebe,
whthaw,Geranoaetus albicaudatus,White-tailed Hawk,WTHA
whthaw1,Buteo albigula,White-throated Hawk,
whthil2,Urochroa bougueri,Rufous-gaped Hillstar,
whthil3,Urochroa leucura,Green-backed Hillstar,
whthon1,Melithreptus albogularis,White-throated Honeyeater,
whthon2,Lichmera squamata,Scaly-breasted Honeyeater,
whthor1,Bycanistes albotibialis,White-thighed Hornbill,
whthum1,Eupherusa poliocerca,White-tailed Hummingbird,
whthum2,Leucochloris albicollis,White-throated Hummingbird,
whtior1,Aegithina nigrolutea,Marshall's Iora,
whtjac1,Brachygalba albogularis,White-throated Jacamar,
whtjay1,Cyanolyca mirabilis,White-throated Jay,
whtjay2,Cyanocorax mystacalis,White-tailed Jay,
whtkin1,Tyrannus albogularis,White-throated Kingbird,
whtkin2,Halcyon smyrnensis,White-throated Kingfisher,
whtkit,Elanus leucurus,White-tailed Kite,WTKI
whtlap1,Vanellus leucurus,White-tailed Lapwing,
whtlar1,Mirafra albicauda,White-tailed Lark,
whtlau1,Pterorhinus albogularis,White-throated Laughingthrush,
whtman1,Corapipo gutturalis,White-throated Manakin,
whtmog2,,,
whtmon1,Symposiachrus leucurus,Kai Monarch,
whtmon2,Symposiachrus everetti,Tanahjampea Monarch,
whtnee,Hirundapus caudacutus,White-throated Needletail,
whtnig1,Hydropsalis cayennensis,White-tailed Nightjar,
whtnig3,Eurostopodus mystacalis,White-throated Nightjar,
whtnut1,Sitta himalayensis,White-tailed Nuthatch,
whtoxy1,Oxylabes madagascariensis,White-throated Oxylabes,
whtpew1,Contopus albogularis,White-throated Pewee,
whtpla1,Phytotoma rutila,White-tipped Plantcutter,
whtpta1,Lagopus leucura,White-tailed Ptarmigan,
whtque1,Pharomachrus fulgidus,White-tipped Quetzal,
whtrai1,Dryolimnas cuvieri,White-throated Rail,
whtred1,Phoenicurus schisticeps,White-throated Redstart,
whtrob1,Turdus assimilis,White-throated Thrush,
whtrob2,Myiomela leucura,White-tailed Robin,
whtrob3,Irania gutturalis,White-throated Robin,
whtsab1,Campylopterus ensipennis,White-tailed Sabrewing,
whtsco1,Megascops albogularis,White-throated Screech Owl,
whtsee1,Sporophila albogularis,White-throated Seedeater,
whtshr1,Lanioturdus torquatus,White-tailed Shrike,
whtsic1,Eutoxeres aquila,White-tipped Sicklebill,
whtspa,Zonotrichia albicollis,White-throated Sparrow,WTSP
whtspa1,Platyrinchus mystaceus,White-throated Spadebill,
whtsta1,Coeligena phalerata,White-tailed Starfrontlet,
whtsto2,Saxicola leucurus,White-tailed Stonechat,
whtsun1,Aglaeactis castelnaudii,White-tufted Sunbeam,
whtswa1,Atticora tibialis,White-thighed Swallow,
whtswa2,Hirundo megaensis,White-tailed Swallow,
whtswa3,Hirundo albigularis,White-throated Swallow,
whtswi,Aeronautes saxatalis,White-throated Swift,WTSW
whtswi1,Aeronautes montivagus,White-tipped Swift,
whttap1,Scelorchilus albicollis,White-throated Tapaculo,
whtthr2,,,
whttin1,Tinamus guttatus,White-throated Tinamou,
whttit1,Aegithalos niveogularis,White-throated Bushtit,
whttou1,Ramphastos tucanus,White-throated Toucan,
whttow1,Melozone albicollis,White-throated Towhee,
whttre2,Pygarrhichas albogularis,White-throated Treerunner,
whttre3,Cormobates leucophaea,White-throated Treecreeper,
whttro,Phaethon lepturus,White-tailed Tropicbird,WTTR
whttro1,Trogon chionurus,White-tailed Trogon,
whttyr1,Mecocerculus poecilocercus,White-tailed Tyrannulet,
whttyr2,Mecocerculus leucophrys,White-throated Tyrannulet,
whtwar1,Poliolais lopezi,White-tailed Warbler,
whtwhe1,Oenanthe leucopyga,White-crowned Wheatear,
whtwoo1,Xiphocolaptes albicollis,White-throated Woodcreeper,
whtwoo2,Piculus leucolaemus,White-throated Woodpecker,
whtwrb1,Napothera pasquieri,White-throated Wren-Babbler,
whveup1,Euphonia minuta,White-vented Euphonia,
whvmyn,Acridotheres javanicus,Javan Myna,JAMY
whvmyn1,Acridotheres grandis,Great Myna,
whvplu1,Chalybura buffonii,White-vented Plumeleteer,
whvsha1,Copsychus niger,White-vented Shama,
whvwhi1,Pachycephala homeyeri,White-vented Whistler,
whwapa1,Apalis chariessa,White-winged Apalis,
whwbec1,Pachyramphus polychopterus,White-winged Becard,
whwblt1,Knipolegus aterrimus,White-winged Black Tyrant,
whwblt2,Knipolegus franciscanus,Sao Francisco Black Tyrant,
whwblt3,Melaniparus leucomelas,White-winged Black Tit,
whwcho1,Corcorax melanorhamphos,White-winged Chough,
whwcin1,Cinclodes atacamensis,White-winged Cinclodes,
whwcoo1,Fulica leucoptera,White-winged Coot,
whwcot1,Xipholena atropurpurea,White-winged Cotinga,
whwcro,Loxia leucoptera,Two-barred Crossbill,WWCR
whwcus1,Analisoma ostenta,,
whwdov,Zenaida asiatica,White-winged Dove,WWDO
whwduc1,Asarcornis scutulata,White-winged Duck,
whwfai1,Malurus leucopterus,White-winged Fairywren,
whwfan1,Rhipidura cockerelli,White-winged Fantail,
whwflu1,Sarothrura ayresi,White-winged Flufftail,
whwgro1,Mycerobas carnipes,White-winged Grosbeak,
whwgua1,Penelope albipennis,White-winged Guan,
whwher1,Phaethornis yaruqui,White-whiskered Hermit,
whwlar1,Alauda leucoptera,White-winged Lark,
whwlau1,Trochalopteron morrisonianum,White-whiskered Laughingthrush,
whwmag1,Urocissa whiteheadi,White-winged Magpie,
whwnig1,Eleothreptus candicans,White-winged Nightjar,
whwpar,Brotogeris versicolurus,White-winged Parakeet,WWPA
whwpic1,Picumnus albosquamatus,White-wedged Piculet,
whwpot1,Nyctibius leucopterus,White-winged Potoo,
whwpuf1,Malacoptila panamensis,White-whiskered Puffbird,
whwred2,Phoenicurus erythrogastrus,Güldenstädt's Redstart,
whwrob2,Peneothello sigillata,,
whwsan1,Prosobonia leucoptera,Tahiti Sandpiper,
whwsco,,,
whwsco1,Melanitta stejnegeri,Stejneger's Scoter,
whwsco4,,,
whwsno1,Montifringilla nivalis,White-winged Snowfinch,
whwspi1,Synallaxis candei,White-whiskered Spinetail,
whwswa1,Tachycineta albiventer,White-winged Swallow,
whwtan1,Piranga leucoptera,White-winged Tanager,
whwter,Chlidonias leucopterus,White-winged Tern,WWTE
whwtit2,Machlolophus nuchalis,White-naped Tit,
whwtri1,Lalage tricolor,White-winged Triller,
whwtri2,Lalage sueurii,White-shouldered Triller,
whwwar1,Xenoligea montana,White-winged Warbler,
whwwid1,Euplectes albonotatus,White-winged Widowbird,
whwwoo1,Dendrocopos leucopterus,White-winged Woodpecker,
whybar1,Stactolaema whytii,Whyte's Barbet,
wibant1,Myrmornis torquata,Wing-banded Antbird,
wibhor1,Furnarius figulus,Band-tailed Hornero,
wibpip1,Piprites chloris,Wing-barred Piprites,
wibsee1,Sporophila americana,Wing-barred Seedeater,
wibwre1,Microcerculus bambla,Wing-banded Wren,
wictho2,Discosura popelairii,Wire-crested Thorntail,
wilant1,Cercomacroides laeta,Willis's Antbird,
wilfin3,Nesospiza wilkinsi,Wilkins's Finch,
wilfly,Empidonax traillii,Willow Flycatcher,WIFL
wilhon2,Indicator willcocksi,Willcocks's Honeyguide,
willar1,Mirafra williamsi,Williams's Lark,
willet1,Tringa semipalmata,Willet,WILL
wilpha,Phalaropus tricolor,Wilson's Phalarope,WIPH
wilplo,Charadrius wilsonia,,
wilpta,Lagopus lagopus,Willow Ptarmigan,
wilsap,Sphyrapicus thyroideus,Williamson's Sapsucker,WISA
wilsni1,Gallinago delicata,Wilson's Snipe,WISN
wiltit1,Poecile montanus,Willow Tit,
wiltur,Meleagris gallopavo,Wild Turkey,
wilwag1,Rhipidura leucophrys,Willie Wagtail,
wincis1,,,
wincis3,Cisticola marginatus,Winding Cisticola,
wincis4,Cisticola haematocephalus,Coastal Cisticola,
wincis5,Cisticola luapula,Luapula Cisticola,
wincis6,Cisticola lugubris,Ethiopian Cisticola,
winwre3,Troglodytes hiemalis,Winter Wren,WIWR
winwre4,Troglodytes troglodytes,Eurasian Wren,
wisbou1,Laniarius willardi,Willard's Sooty Boubou,
wiscis1,Cisticola ayresii,Wing-snapping Cisticola,
wispet,Oceanites oceanicus,Wilson's Storm Petrel,WISP
withum1,Selasphorus ellioti,Wine-throated Hummingbird,
witman1,Neopelma aurifrons,Wied's Tyrant-Manakin,
witman2,Pipra filicauda,Wire-tailed Manakin,
witswa1,Hirundo smithii,Wire-tailed Swallow,
wiwduc1,Dendrocygna arborea,West Indian Whistling Duck,WIWD
wlswar,Cardellina pusilla,Wilson's Warbler,WIWA
wlwwar,Phylloscopus trochilus,Willow Warbler,
wnbfin1,Atlapetes albinucha,White-naped Brushfinch,
woewar1,Helmitheros vermivorum,Worm-eating Warbler,WEWA
wofdov1,Ptilinopus magnificus,,
wonpig1,Leucosarcia melanoleuca,Wonga Pigeon,
wonsto1,Ciconia episcopus,Asian Woolly-necked Stork,
wooant1,Parmoptila woodhousei,Woodhouse's Antpecker,
woobat1,Batis fratrum,Woodwards' Batis,
wooduc,Aix sponsa,Wood Duck,WODU
woofin1,Camarhynchus pallidus,Woodpecker Finch,
wookin1,Halcyon senegalensis,Woodland Kingfisher,
woolar1,Lullula arborea,Woodlark,
woopip1,Anthus nyassae,Wood Pipit,
woorai1,Gallirallus woodfordi,Woodford's Rail,
woosan,Tringa glareola,Wood Sandpiper,WOSA
wooscj2,Aphelocoma woodhouseii,Woodhouse's Scrub Jay,WOSJ
wooshr1,Lanius senator,Woodchat Shrike,
woosni1,Gallinago nemoricola,Wood Snipe,
woosto,Mycteria americana,Wood Stork,WOST
woothr,Hylocichla mustelina,Wood Thrush,WOTH
woowar,Phylloscopus sibilatrix,Wood Warbler,WOWA
worspa,Spizella wortheni,Worthen's Sparrow,WOSP
wqrpig1,Petrophassa albipennis,White-quilled Rock Pigeon,
wrbfin1,Atlapetes leucopis,White-rimmed Brushfinch,
wrbhor1,Rhabdotorrhinus waldeni,Walden's Hornbill,
wrbhor2,Tockus kempi,Western Red-billed Hornbill,
wrehor1,Rhyticeros undulatus,Wreathed Hornbill,
wrenth1,Zeledonia coronata,Wrenthrush,
wrenti,Chamaea fasciata,Wrentit,WREN
wrihor1,Rhabdotorrhinus corrugatus,Wrinkled Hornbill,
wrihor2,Rhabdotorrhinus leucocephalus,Writhed Hornbill,
wrlrus1,Phleocryptes melanops,Wren-like Rushbird,
wrspet,Hydrobates tethys,Wedge-rumped Storm Petrel,WRSP
wrybil1,Anarhynchus frontalis,Wrybill,
wsfeye1,Pyriglena leucoptera,White-shouldered Fire-eye,
wsfrai1,Rallina leucospila,,
wstdro1,Dicrurus occidentalis,,
wsweye1,Platysteira tonsa,,
wtathr1,Neocossyphus poensis,White-tailed Ant Thrush,
wtbeat1,Merops albicollis,White-throated Bee-eater,
wtbfly1,Elminia albicauda,White-tailed Blue Flycatcher,
wtbswa1,Hirundo nigrita,White-bibbed Swallow,
wtcfly1,Elminia albonotata,White-tailed Crested Flycatcher,
wtfgle1,Syndactyla roraimae,Tepui Foliage-gleaner,
wtgdov1,Alopecoenas xanthonurus,,
wtgfin1,Emberizoides herbicola,Wedge-tailed Grass Finch,
wtmbab1,Turdoides gilberti,White-throated Mountain Babbler,
wtmgem1,Lampornis castaneoventris,White-throated Mountaingem,
wtmjay1,Calocitta formosa,,
wtqdov1,Zentrygon frenata,White-throated Quail-Dove,
wtrcha1,Cossypha humeralis,,
wtrthr1,Monticola gularis,White-throated Rock Thrush,
wtsfin1,Idiopsar erythronotus,White-throated Sierra Finch,
wtstan1,Lanio leucothorax,White-throated Shrike-Tanager,
wtstyr1,Agriornis albicauda,White-tailed Shrike-Tyrant,
wtweye1,Zosterops meeki,Tagula White-eye,
wvbsun1,Anthreptes longuemarei,Western Violet-backed Sunbird,
wvspet1,Oceanites gracilis,Elliot's Storm Petrel,
wvvear1,Colibri serrirostris,White-vented Violetear,
wwbfin1,Atlapetes leucopterus,White-winged Brushfinch,
wwccha1,Thamnolaea semirufa,,
wwcdov1,Streptopelia reichenowi,White-winged Collared Dove,
wwdfin1,Idiopsar speculifer,Glacier Finch,
wwstan1,Lanio versicolor,White-winged Shrike-Tanager,
wwswar1,Bradypterus carpalis,White-winged Swamp Warbler,
wynlau1,Pterorhinus delesserti,Wayanad Laughingthrush,
xanhum,Basilinna xantusii,Xantus's Hummingbird,
xanmur1,Synthliboramphus hypoleucus,Guadalupe Murrelet,GUMU
xanmur2,Synthliboramphus scrippsi,Scripps's Murrelet,SCMU
xavgre1,Phyllastrephus xavieri,Xavier's Greenbul,
xigjay1,Podoces biddulphi,Xinjiang Ground Jay,
y00475,Fulica americana,American Coot,AMCO
y00478,Larus glaucoides,Iceland Gull,ICGU
y00599,Ramphocelus passerinii,Scarlet-rumped Tanager,
yaglor2,Saudareos meyeri,,
yapant1,Aprositornis disjuncta,Yapacana Antbird,
yapmon1,Monarcha godeffroyi,Yap Monarch,
yapwhe1,Zosterops oleagineus,Olive-colored White-eye,
ybbwar1,Horornis acanthizoides,Yellow-bellied Bush Warbler,
ybfdov1,Ptilinopus solomonensis,Yellow-bibbed Fruit Dove,
ybfdov2,Ptilinopus occipitalis,,
ybsvir1,Vireolanius eximius,Yellow-browed Shrike-Vireo,
ybtfly1,Todirostrum chrysocrotaphum,Yellow-browed Tody-Flycatcher,
ybttyr1,Anairetes flavirostris,Yellow-billed Tit-Tyrant,
ybweye1,Platysteira concreta,Yellow-bellied Wattle-eye,
ycnher,Nyctanassa violacea,Yellow-crowned Night Heron,YCNH
ycppar1,Micropsitta keiensis,Yellow-capped Pygmy Parrot,
yebant1,Grallaria flavotincta,Yellow-breasted Antpitta,
yebant2,Herpsilochmus axillaris,Yellow-breasted Antwren,
yebant3,Hypocnemis hypoxantha,Yellow-browed Antbird,
yebapa1,Apalis flavida,Yellow-breasted Apalis,
yebasi1,Neodrepanis hypoxantha,Yellow-bellied Sunbird-Asity,
yebbab1,Argya affinis,Yellow-billed Babbler,
yebbar1,Trachyphonus purpuratus,,
yebbar2,Trachyphonus margaritatus,Yellow-breasted Barbet,
yebboa1,Machaerirhynchus flaviventer,Yellow-breasted Boatbill,
yebbou1,Laniarius atroflavus,Yellow-breasted Boubou,
yebbow1,Chlamydera lauterbachi,Yellow-breasted Bowerbird,
yebbrf1,Atlapetes latinuchus,Yellow-breasted Brushfinch,
yebbru1,,,
yebbul2,Alophoixus phaeocephalus,Yellow-bellied Bulbul,
yebbul3,Iole indica,,
yebbun,Emberiza aureola,Yellow-breasted Bunting,
yebbun1,Emberiza chrysophrys,Yellow-browed Bunting,
yebbuw2,Horornis brunnescens,Hume's Bush Warbler,
yebcac1,Amblycercus holosericeus,Yellow-billed Cacique,
yebcam1,Camaroptera superciliaris,Yellow-browed Camaroptera,
yebcar,Paroaria capitata,Yellow-billed Cardinal,YBCA
yebcha,Icteria virens,Yellow-breasted Chat,YBCH
yebcho1,Pyrrhocorax graculus,Alpine Chough,
yebcht1,Ochthoeca diadema,,
yebcot1,Carpodectes antoniae,Yellow-billed Cotinga,
yebcra1,Hapalocrex flaviventer,,YBCR
yebcuc,Coccyzus americanus,Yellow-billed Cuckoo,YBCU
yebdac1,Dacnis flaviventer,Yellow-bellied Dacnis,
yebduc1,Anas undulata,Yellow-billed Duck,
yebela1,Elaenia flavogaster,Yellow-bellied Elaenia,YBEL
yebere1,Eremomela icteropygialis,Yellow-bellied Eremomela,
yebfan1,Chelidorhynx hypoxanthus,Yellow-bellied Fantail,
yebfin1,Melanodera xanthogramma,Yellow-bridled Finch,
yebflo1,Dicaeum melanozanthum,,
yebflo2,Prionochilus maculatus,Yellow-breasted Flowerpecker,
yebfly,Empidonax flaviventris,Yellow-bellied Flycatcher,YBFL
yebfly1,Tolmomyias flaviventris,Ochre-lored Flatbill,
yebfly2,Melaenornis ardesiacus,Yellow-eyed Black Flycatcher,
yebfly4,,,
yebger1,Gerygone chrysogaster,Yellow-bellied Gerygone,
yebgre1,Chlorocichla flaviventris,Yellow-bellied Greenbul,
yebgre3,Criniger olivaceus,Yellow-bearded Greenbul,
yebgre4,Chloris spinoides,Yellow-breasted Greenfinch,
yebgro1,Eophona migratoria,Chinese Grosbeak,
yebhyl1,Hyliota flavigaster,Yellow-bellied Hyliota,
yebjac1,Galbula albirostris,Yellow-billed Jacamar,
yebkin1,Syma torotoro,Yellow-billed Kingfisher,
yeblon1,Toxorhamphus novaeguineae,Yellow-bellied Longbill,
yebloo,Gavia adamsii,Yellow-billed Loon,YBLO
yeblor1,Lorius chlorocercus,Yellow-bibbed Lory,
yeblor2,Neopsittacus musschenbroekii,Yellow-billed Lorikeet,
yebmag,Pica nuttalli,,YBMA
yebmag1,Cissa hypoleuca,Indochinese Green Magpie,
yebmal1,Rhamphococcyx calyorhynchus,Yellow-billed Malkoha,
yebmel1,Melidectes rufocrissalis,Yellow-browed Melidectes,
yebnun1,Monasa flavirostris,Yellow-billed Nunbird,
yebnut1,Sitta solangiae,Yellow-billed Nuthatch,
yebori1,Icterus chrysater,Yellow-backed Oriole,
yeboxp1,Buphagus africanus,Yellow-billed Oxpecker,
yeboxy1,Crossleyia xanthophrys,Madagascar Yellowbrow,
yebpar1,Amazona collaria,Yellow-billed Amazon,
yebpin1,Anas georgica,Yellow-billed Pintail,
yebpip2,Hemimacronyx chloris,Yellow-breasted Pipit,
yebpri1,Prinia flaviventris,Yellow-bellied Prinia,
yebrat1,Prioniturus flavicans,Yellow-breasted Racket-tail,
yebrob1,Eopsaltria flaviventris,,
yebsap,Sphyrapicus varius,Yellow-bellied Sapsucker,YBSA
yebsat1,Loboparadisea sericea,Yellow-breasted Satinbird,
yebsee1,Sporophila nigricollis,Yellow-bellied Seedeater,YBSE
yebsee2,Crithagra whytii,Yellow-browed Seedeater,
yebshr1,Lanius corvinus,,
yebsis1,Spinus xanthogastrus,Yellow-bellied Siskin,
yebspa1,Ammodramus aurifrons,Yellow-browed Sparrow,
yebspo1,Platalea flavipes,Yellow-billed Spoonbill,
yebsto1,Mycteria ibis,Yellow-billed Stork,
yebtai1,Orthotomus samarensis,Yellow-breasted Tailorbird,
yebtan1,Hemithraupis flavicollis,Yellow-backed Tanager,
yebtan2,Ixothraupis xanthogastra,Yellow-bellied Tanager,
yebtea1,Anas flavirostris,Yellow-billed Teal,
yebter2,Sternula superciliaris,Yellow-billed Tern,
yebtit3,Sylviparus modestus,Yellow-browed Tit,
yebtit4,Periparus venustulus,Yellow-bellied Tit,
yebtou1,Aulacorhynchus huallagae,Yellow-browed Toucanet,
yebtur1,Tauraco macrorhynchus,Yellow-billed Turaco,
yebtyr1,Ornithion semiflavum,Yellow-bellied Tyrannulet,
yebtyr2,Satrapa icterophrys,Yellow-browed Tyrant,
yebwaa1,Hypocnemis subflava,Yellow-breasted Warbling Antbird,
yebwar1,Abroscopus superciliaris,Yellow-bellied Warbler,
yebwar2,Phylloscopus montis,Yellow-breasted Warbler,
yebwar3,Phylloscopus inornatus,Yellow-browed Warbler,
yebwax2,Coccopygia quartinia,Yellow-bellied Waxbill,
yebwhe1,Zosterops chloris,Lemon-bellied White-eye,
yebwhi1,Pachycephala philippinensis,Yellow-bellied Whistler,
yecbar1,Psilopogon henricii,Yellow-crowned Barbet,
yecbis,Euplectes afer,Yellow-crowned Bishop,YCBI
yeccan1,Serinus flavivertex,Yellow-crowned Canary,
yecchl1,Chlorophonia flavirostris,Yellow-collared Chlorophonia,
yeccoc1,Cacatua sulphurea,Yellow-crested Cockatoo,
yecela1,Myiopagis flavivertex,Yellow-crowned Elaenia,
yeceup1,Euphonia luteicapilla,Yellow-crowned Euphonia,
yechel1,Prionops alberti,Yellow-crested Helmetshrike,
yechor1,Ceratogymna elata,Yellow-casqued Hornbill,
yeclov,Agapornis personatus,Yellow-collared Lovebird,
yecmac,Primolius auricollis,Golden-collared Macaw,
yecman2,Heterocercus flavivertex,Yellow-crested Manakin,
yecpar,Brotogeris chiriri,Yellow-chevroned Parakeet,YCPA
yecred1,Myioborus flavivertex,Yellow-crowned Whitestart,
yecspi2,Certhiaxis cinnamomeus,Yellow-chinned Spinetail,
yectan1,Loriotus rufiventer,Yellow-crested Tanager,
yectit1,Machlolophus spilonotus,Yellow-cheeked Tit,
yectyr1,Tyrannulus elatus,Yellow-crowned Tyrannulet,
yecwea1,Ploceus dorsomaculatus,Yellow-capped Weaver,
yecwoo1,Leiopicus mahrattensis,Yellow-crowned Woodpecker,
yeebab1,Chrysomma sinense,Yellow-eyed Babbler,
yeebul1,Pycnonotus penicillatus,Yellow-eared Bulbul,
yeecus1,Coracina lineata,Barred Cuckooshrike,
yeehon1,Lichmera flavicans,Flame-eared Honeyeater,
yeejun,Junco phaeonotus,Yellow-eyed Junco,YEJU
yeejun2,Junco bairdi,Baird's Junco,
yeepar1,Ognorhynchus icterotis,Yellow-eared Parrot,
yeepen1,Megadyptes antipodes,Yellow-eyed Penguin,
yeespi1,Arachnothera chrysogenys,Yellow-eared Spiderhunter,
yeesta1,Aplonis mystacea,Yellow-eyed Starling,
yeetou1,Selenidera spectabilis,Yellow-eared Toucanet,
yeewoo1,Dryobates maculifrons,,
yefbar1,Psilopogon flavifrons,Yellow-fronted Barbet,
yefcan,Crithagra mozambica,Yellow-fronted Canary,YFCA
yeffla1,Chrysocolaptes xanthocephalus,Yellow-faced Flameback,
yeffly1,Muscicapa sethsmithi,Yellow-footed Flycatcher,
yefgra1,Tiaris olivaceus,Yellow-faced Grassquit,YFGR
yefgul,Larus livens,Yellow-footed Gull,YFGU
yefhon1,Caligavis chrysops,Yellow-faced Honeyeater,
yefhon2,Melignomon eisentrauti,Yellow-footed Honeyguide,
yefmyn1,Mino dumontii,Yellow-faced Myna,
yefpar2,Forpus xanthops,Yellow-faced Parrotlet,
yefpar3,Cyanoramphus auriceps,Yellow-crowned Parakeet,
yefpar4,Poicephalus flavifrons,Yellow-fronted Parrot,
yefpar5,Alipiopsitta xanthops,Yellow-faced Parrot,
yefpig1,Treron phoenicopterus,Yellow-footed Green Pigeon,
yefsis1,Spinus yarrellii,Yellow-faced Siskin,
yeftin1,Pogoniulus chrysoconus,Yellow-fronted Tinkerbird,
yefwoo1,Melanerpes flavifrons,Yellow-fronted Woodpecker,
yegfin1,Atlapetes luteoviridis,Yellow-green Brushfinch,
yeggro1,Caryothraustes canadensis,Yellow-green Grosbeak,
yeghon1,Microptilotis flavirictus,,
yegtyr1,Phylloscartes flavovirens,Panama Tyrannulet,
yegvir,Vireo flavoviridis,Yellow-green Vireo,YGVI
yehbla,Xanthocephalus xanthocephalus,Yellow-headed Blackbird,YHBL
yehbla2,Chrysomus icterocephalus,Yellow-hooded Blackbird,
yehbrf1,Atlapetes flaviceps,Yellow-headed Brushfinch,
yehcar1,Milvago chimachima,,
yehman2,Chloropipo flavicapilla,Yellow-headed Manakin,
yehpar,Amazona oratrix,Yellow-headed Amazon,
yehpar2,,,
yehwar1,Teretistris fernandinae,Yellow-headed Warbler,
yekcur1,Crax daubentoni,Yellow-knobbed Curassow,
yelbis1,Euplectes capensis,Yellow Bishop,
yelbit,Ixobrychus sinensis,,
yelbul1,Hypsipetes everetti,Yellowish Bulbul,
yelbun1,Emberiza sulphurata,Yellow Bunting,
yelbut1,Turnix tanki,Yellow-legged Buttonquail,
yelcan1,Crithagra flaviventris,Yellow Canary,
yelcar1,Gubernatrix cristata,Yellow Cardinal,
yelcha1,Epthianura crocea,Yellow Chat,
yelfly1,Empidonax flavescens,Yellowish Flycatcher,
yelfly2,Erythrocercus holochlorus,Little Yellow Flycatcher,
yelfly4,Microeca griseoceps,,
yelgro,Pheucticus chrysopeplus,Yellow Grosbeak,YEGR
yelgul1,Larus michahellis,Yellow-legged Gull,
yelhon1,Stomiopera flava,Yellow Honeyeater,
yellon1,Macrosphenus flavicans,Yellow Longbill,
yellow2,Emberiza citrinella,Yellowhammer,
yellow3,Mohoua ochrocephala,Yellowhead,
yellow5,Ceuthmochares aereus,Blue Malkoha,
yellow6,Ceuthmochares australis,Green Malkoha,
yelori1,Icterus nigrogularis,Yellow Oriole,
yelpar1,Amazona xantholora,Yucatan Amazon,
yelpig1,Columba pallidiceps,Yellow-legged Pigeon,
yelpip2,Anthus lutescens,,
yelpip3,Anthus peruvianus,Peruvian Pipit,
yelrai,Coturnicops noveboracensis,Yellow Rail,YERA
yelrob1,Eopsaltria australis,Eastern Yellow Robin,
yeltho1,Acanthiza nana,Yellow Thornbill,
yelthr1,Turdus flavipes,Yellow-legged Thrush,
yeltin1,Crypturellus noctivagus,Yellow-legged Tinamou,
yeltit2,Machlolophus holsti,Yellow Tit,
yeltyr1,Capsiempis flaveola,Yellow Tyrannulet,
yelwar,Setophaga petechia,Mangrove Warbler,YEWA
yelwar1,,,
yelwat1,Anthochaera paradoxa,Yellow Wattlebird,
yelwea1,Ploceus megarhynchus,Finn's Weaver,
yelwea2,Ploceus flavipes,Yellow-legged Weaver,
yelwhe1,Zosterops nigrorum,Yellowish White-eye,
yemacc1,Prunella fagani,,
yemfly1,Tolmomyias assimilis,Yellow-margined Flatbill,
yemfly2,,,
yemlin1,Linaria yemenensis,Yemen Linnet,
yemser1,Crithagra menachensis,Yemen Serin,
yemthr1,Turdus menachensis,Yemen Thrush,
yemwar1,Curruca buryi,Yemen Warbler,
yemwea1,Ploceus tricolor,Yellow-mantled Weaver,
yenalb,Thalassarche chlororhynchos,Atlantic Yellow-nosed Albatross,YNAL
yenalb3,,,
yengre1,Chlorocichla falkensteini,Falkenstein's Greenbul,
yenpar1,Amazona auropalliata,Yellow-naped Amazon,
yenspu1,Pternistis leucoscepus,Yellow-necked Spurfowl,
yeofly1,Tolmomyias sulphurescens,Yellow-olive Flatbill,
yephon1,Ptilotula ornata,Yellow-plumed Honeyeater,
yeptit1,Anthoscopus parvulus,Yellow Penduline Tit,
yerant1,Euchrepomis sharpei,Yellow-rumped Antwren,
yercac1,Cacicus cela,Yellow-rumped Cacique,
yerere1,Eremomela gregalis,Karoo Eremomela,
yerflo1,Prionochilus xanthopygius,Yellow-rumped Flowerpecker,
yerhon1,Indicator xanthonotus,Yellow-rumped Honeyguide,
yermar1,Pseudoleistes guirahuro,Yellow-rumped Marshbird,
yermun1,Lonchura flaviprymna,Yellow-rumped Mannikin,
yerser1,Crithagra xanthopygia,Yellow-rumped Seedeater,
yersis1,Spinus uropygialis,Yellow-rumped Siskin,
yertho1,Acanthiza chrysorrhoa,Yellow-rumped Thornbill,
yertin1,Pogoniulus bilineatus,Yellow-rumped Tinkerbird,
yerwar,Setophaga coronata,Yellow-rumped Warbler,UYRW
yerwar2,,,
yesbar1,Buccanodon duchaillui,Yellow-spotted Barbet,
yesbla1,Agelaius xanthomus,Yellow-shouldered Blackbird,YSBL
yesbul1,Phyllastrephus flavostriatus,Yellow-streaked Greenbul,
yesflo1,Dicaeum aureolimbatum,Yellow-sided Flowerpecker,
yesgra1,Loxipasser anoxanthus,Yellow-shouldered Grassquit,YSGR
yesgre2,,,
yesgro2,Parkerthraustes humeralis,Yellow-shouldered Grosbeak,
yeshon1,Meliphaga notata,Yellow-spotted Honeyeater,
yeslor1,Chalcopsitta scintillata,Yellow-streaked Lory,
yesnic1,Nicator chloris,Western Nicator,
yespar1,Amazona barbadensis,Yellow-shouldered Amazon,
yespet1,Gymnoris pyrgita,Yellow-spotted Bush Sparrow,
yestan1,Iridosornis reinhardti,Yellow-scarfed Tanager,
yeswar1,Phylloscopus armandii,Yellow-streaked Warbler,
yeswid2,Euplectes macroura,Yellow-mantled Widowbird,
yetant1,Myrmotherula ambigua,Yellow-throated Antwren,
yetbul1,Pycnonotus xantholaemus,Yellow-throated Bulbul,
yetbun1,Emberiza elegans,Yellow-throated Bunting,
yetcuc1,Chrysococcyx flavigularis,Yellow-throated Cuckoo,
yeteup1,Euphonia hirundinacea,Yellow-throated Euphonia,
yetfin1,Atlapetes tibialis,Yellow-thighed Brushfinch,
yetfly2,Conopias parvus,Yellow-throated Flycatcher,
yetful1,Schoeniparus cinereus,Yellow-throated Fulvetta,
yetgre1,Atimastillas flavicollis,Yellow-gorgeted Greenbul,
yethon1,Nesoptilotis flavicollis,Yellow-throated Honeyeater,
yethon2,Ptilotula flavescens,Yellow-tinted Honeyeater,
yethon3,Lichenostomus melanops,Yellow-tufted Honeyeater,
yetlau1,Pterorhinus galbanus,Yellow-throated Laughingthrush,
yetlea1,Chloropsis palawanensis,Yellow-throated Leafbird,
yetlon1,Macronyx croceus,Yellow-throated Longclaw,
yetmin1,Manorina flavigula,Yellow-throated Miner,
yetnic1,Nicator vireo,Yellow-throated Nicator,
yetori1,Icterus mesomelas,Yellow-tailed Oriole,
yetpet1,Gymnoris superciliaris,Yellow-throated Bush Sparrow,
yetpip1,Anthus crenatus,African Rock Pipit,
yetsan1,Pterocles gutturalis,Yellow-throated Sandgrouse,
yetscr1,Sericornis citreogularis,,
yetser1,Crithagra flavigula,Yellow-throated Seedeater,
yetspa1,Platyrinchus flavigularis,Yellow-throated Spadebill,
yettan1,Iridosornis analis,Yellow-throated Tanager,
yettin1,Pogoniulus subsulphureus,Yellow-throated Tinkerbird,
yetvir,Vireo flavifrons,Yellow-throated Vireo,YTVI
yetwar,Setophaga dominica,Yellow-throated Warbler,YTWA
yetwar3,Setophaga flavescens,Bahama Warbler,
yetwhi1,Pachycephala macrorhyncha,Yellow-throated Whistler,
yetwoo1,Piculus flavigula,Yellow-throated Woodpecker,
yetwoo2,Melanerpes cruentatus,Yellow-tufted Woodpecker,
yetwow1,Phylloscopus ruficapilla,Yellow-throated Woodland Warbler,
yevbul1,Pycnonotus goiavier,Yellow-vented Bulbul,
yevere1,Eremomela flavicrissalis,Yellow-vented Eremomela,
yevflo1,Dicaeum chrysorrheum,,
yevmyz1,Myzomela eichhorni,Crimson-rumped Myzomela,
yevpig1,Treron seimundi,Yellow-vented Green Pigeon,
yevwar1,Phylloscopus cantator,Yellow-vented Warbler,
yevwoo1,Dryobates dignus,,
yewbla2,Agelasticus thilius,Yellow-winged Blackbird,
yewbul1,Brachypodius urostictus,,
yewcac1,Cassiculus melanicterus,Mexican Cacique,
yewgre1,Eurillas latirostris,Yellow-whiskered Greenbul,
yewlap2,Vanellus malabaricus,Yellow-wattled Lapwing,
yewtan1,Thraupis abbas,Yellow-winged Tanager,
yewvir1,Vireo carmioli,Yellow-winged Vireo,
yfweye1,Zosterops flavifrons,Vanuatu White-eye,
ygbtan1,Bangsia flavovirens,Yellow-green Tanager,
ysbfin1,Atlapetes citrinellus,Yellow-striped Brushfinch,
ysweye1,Heleia wallacei,Yellow-spectacled Heleia,
ytbcoc1,Calyptorhynchus funereus,,
ytbtan1,Chlorospingus flavigularis,Yellow-throated Chlorospingus,
ythpar1,Loriculus pusillus,Yellow-throated Hanging Parrot,
ytweye1,Zosterops metcalfii,Yellow-throated White-eye,
yucfly1,Myiarchus yucatanensis,Yucatan Flycatcher,
yucjay1,Cyanocorax yucatanicus,Yucatan Jay,
yucnig1,Antrostomus badius,Yucatan Nightjar,
yucpoo1,Nyctiphrynus yucatanicus,Yucatan Poorwill,
yucvir,Vireo magister,Yucatan Vireo,
yucwoo,Melanerpes pygmaeus,Yucatan Woodpecker,
yucwre1,Campylorhynchus yucatanicus,Yucatan Wren,
yunman1,Chiroxiphia boliviana,Yungas Manakin,
yunnut1,Sitta yunnanensis,Yunnan Nuthatch,
yuntyr1,Phyllomyias weedeni,Yungas Tyrannulet,
yupowl1,Glaucidium bolivianum,Yungas Pygmy Owl,
yuttyr1,Hemitriccus spodiops,Yungas Tody-Tyrant,
ywcpar,Amazona ochrocephala,Yellow-crowned Amazon,
zambul1,Hypsipetes rufigularis,Zamboanga Bulbul,
zanbis1,Euplectes nigroventris,Zanzibar Red Bishop,
zanbou1,Laniarius sublacteus,East Coast Boubou,
zapfly1,Cyanoptila cumatilis,Zappey's Flycatcher,
zaprai1,Cyanolimnas cerverai,,
zapspa1,Torreornis inexpectata,Zapata Sparrow,
zapwre1,Ferminia cerverai,Zapata Wren,
zebdov,Geopelia striata,Zebra Dove,ZEBD
zebfin2,Taeniopygia guttata,Zebra Finch,
zebwax2,Amandava subflava,Orange-breasted Waxbill,
zelant1,Hafferia zeledoni,Zeledon's Antbird,
zendov,Zenaida aurita,Zenaida Dove,ZEND
zenhon1,Melignomon zenkeri,Zenker's Honeyguide,
zigher1,Zebrilus undulatus,Zigzag Heron,
zimant1,Sciaphylax castanea,Northern Chestnut-tailed Antbird,
zimtap1,Scytalopus zimmeri,Zimmer's Tapaculo,
zimwoo2,Dendroplex kienerii,Zimmer's Woodcreeper,
zitcis1,Cisticola juncidis,Zitting Cisticola,
zittyr1,Hemitriccus minimus,Zimmer's Tody-Tyrant,
zoeimp1,Ducula zoeae,Zoe's Imperial Pigeon,
zothaw,Buteo albonotatus,Zone-tailed Hawk,ZTHA
